customer_id,name,email,city,age,acquisition_channel,signup_date,customer_segment,high_engagement,total_orders,total_spend,last_order_date
CUST00001,Customer 1,customer1@example.com,Chennai,33,Google,2025-03-13,High Value,True,6.0,19790.0,2026-06-10
CUST00002,Customer 2,customer2@example.com,Bangalore,55,Referral,2025-01-17,Price Sensitive,False,1.0,6997.0,2026-01-04
CUST00003,Customer 3,customer3@example.com,Hyderabad,53,Google,2026-01-02,New Customer,False,1.0,9497.0,2026-02-27
CUST00004,Customer 4,customer4@example.com,Delhi,46,YouTube,2025-05-23,High Value,True,6.0,29185.0,2026-08-22
CUST00005,Customer 5,customer5@example.com,Mumbai,45,Organic,2025-05-23,Window Shopper,True,0.0,0.0,2025-05-23
CUST00006,Customer 6,customer6@example.com,Pune,24,Instagram,2025-07-14,New Customer,False,2.0,9996.0,2026-04-16
CUST00007,Customer 7,customer7@example.com,Chennai,20,Direct,2025-08-24,New Customer,False,1.0,3999.0,2025-12-29
CUST00008,Customer 8,customer8@example.com,Kolkata,23,YouTube,2025-05-31,High Value,False,2.0,7997.0,2026-03-05
CUST00009,Customer 9,customer9@example.com,Pune,54,Google,2025-12-27,Window Shopper,False,0.0,0.0,2025-12-27
CUST00010,Customer 10,customer10@example.com,Chennai,23,Google,2026-03-20,New Customer,False,1.0,2798.0,2025-04-30
CUST00011,Customer 11,customer11@example.com,Pune,28,Organic,2025-07-01,New Customer,False,1.0,3998.0,2025-07-16
CUST00012,Customer 12,customer12@example.com,Bangalore,28,YouTube,2026-01-09,New Customer,False,1.0,999.0,2025-05-25
CUST00013,Customer 13,customer13@example.com,Chennai,53,Google,2025-12-17,New Customer,False,0.0,0.0,2025-12-17
CUST00014,Customer 14,customer14@example.com,Hyderabad,32,Instagram,2026-02-17,Repeat Buyer,False,2.0,5997.0,2025-07-14
CUST00015,Customer 15,customer15@example.com,Delhi,54,Direct,2025-06-11,Repeat Buyer,True,4.0,19990.0,2026-08-11
CUST00016,Customer 16,customer16@example.com,Ahmedabad,27,Organic,2025-03-13,New Customer,False,1.0,2698.0,2025-11-24
CUST00017,Customer 17,customer17@example.com,Chennai,55,Referral,2026-04-05,New Customer,False,1.0,6397.0,2025-03-24
CUST00018,Customer 18,customer18@example.com,Mumbai,50,Referral,2025-02-16,High Value,True,5.0,15290.0,2025-12-09
CUST00019,Customer 19,customer19@example.com,Mumbai,28,Direct,2025-08-05,Price Sensitive,False,3.0,8495.0,2026-07-19
CUST00020,Customer 20,customer20@example.com,Ahmedabad,51,Organic,2026-05-13,High Value,True,5.0,23389.0,2025-10-11
CUST00021,Customer 21,customer21@example.com,Bangalore,52,Organic,2026-01-29,High Value,False,6.0,24688.0,2026-01-25
CUST00022,Customer 22,customer22@example.com,Kolkata,28,Referral,2025-01-02,High Value,True,6.0,18189.0,2026-07-05
CUST00023,Customer 23,customer23@example.com,Chennai,50,Google,2025-09-17,Dormant,False,0.0,0.0,2025-09-17
CUST00024,Customer 24,customer24@example.com,Chennai,50,YouTube,2025-04-12,Window Shopper,False,0.0,0.0,2025-04-12
CUST00025,Customer 25,customer25@example.com,Hyderabad,38,Referral,2025-01-10,New Customer,False,1.0,2499.0,2026-01-01
CUST00026,Customer 26,customer26@example.com,Chennai,33,Instagram,2025-05-04,New Customer,False,1.0,6797.0,2026-04-23
CUST00027,Customer 27,customer27@example.com,Bangalore,49,Instagram,2026-05-16,Window Shopper,False,0.0,0.0,2026-05-16
CUST00028,Customer 28,customer28@example.com,Mumbai,48,YouTube,2025-03-26,Price Sensitive,False,0.0,0.0,2025-03-26
CUST00029,Customer 29,customer29@example.com,Kolkata,31,YouTube,2026-01-22,New Customer,False,2.0,9796.0,2026-06-08
CUST00030,Customer 30,customer30@example.com,Chennai,43,Direct,2025-11-29,Price Sensitive,False,2.0,10696.0,2026-07-30
CUST00031,Customer 31,customer31@example.com,Ahmedabad,25,Google,2025-04-26,Repeat Buyer,False,2.0,8497.0,2026-01-01
CUST00032,Customer 32,customer32@example.com,Delhi,55,Google,2025-01-04,New Customer,True,1.0,1198.0,2026-03-06
CUST00033,Customer 33,customer33@example.com,Delhi,22,Instagram,2026-03-17,New Customer,False,1.0,3798.0,2026-06-26
CUST00034,Customer 34,customer34@example.com,Chennai,49,Google,2025-10-04,Repeat Buyer,True,5.0,14491.0,2026-02-18
CUST00035,Customer 35,customer35@example.com,Ahmedabad,33,Referral,2026-02-18,New Customer,False,1.0,5798.0,2026-02-14
CUST00036,Customer 36,customer36@example.com,Kolkata,40,Referral,2025-07-30,Repeat Buyer,True,3.0,6996.0,2026-03-19
CUST00037,Customer 37,customer37@example.com,Bangalore,21,Referral,2026-01-08,Repeat Buyer,False,4.0,19793.0,2026-07-14
CUST00038,Customer 38,customer38@example.com,Delhi,30,Google,2025-10-02,Repeat Buyer,False,4.0,15492.0,2026-05-13
CUST00039,Customer 39,customer39@example.com,Chennai,47,Google,2026-03-24,Repeat Buyer,True,3.0,8993.0,2026-03-09
CUST00040,Customer 40,customer40@example.com,Bangalore,21,Direct,2025-10-04,Dormant,False,1.0,4698.0,2026-04-30
CUST00041,Customer 41,customer41@example.com,Delhi,28,Referral,2025-09-06,Window Shopper,False,0.0,0.0,2025-09-06
CUST00042,Customer 42,customer42@example.com,Hyderabad,28,Referral,2025-01-02,Repeat Buyer,False,3.0,11095.0,2026-08-16
CUST00043,Customer 43,customer43@example.com,Ahmedabad,36,Referral,2025-12-23,Dormant,False,0.0,0.0,2025-12-23
CUST00044,Customer 44,customer44@example.com,Ahmedabad,27,Google,2025-06-01,Dormant,False,0.0,0.0,2025-06-01
CUST00045,Customer 45,customer45@example.com,Hyderabad,38,Instagram,2025-01-26,New Customer,True,0.0,0.0,2025-01-26
CUST00046,Customer 46,customer46@example.com,Mumbai,21,YouTube,2025-02-11,High Value,True,7.0,20589.0,2026-07-08
CUST00047,Customer 47,customer47@example.com,Bangalore,33,Referral,2025-03-03,Window Shopper,True,1.0,1499.0,2026-07-24
CUST00048,Customer 48,customer48@example.com,Hyderabad,23,Referral,2025-12-03,Dormant,False,1.0,2499.0,2025-06-14
CUST00049,Customer 49,customer49@example.com,Chennai,31,Direct,2026-01-02,High Value,True,4.0,12891.0,2026-04-01
CUST00050,Customer 50,customer50@example.com,Mumbai,37,Referral,2025-06-11,Repeat Buyer,True,3.0,7997.0,2026-06-17
CUST00051,Customer 51,customer51@example.com,Hyderabad,47,YouTube,2025-10-16,Dormant,False,1.0,899.0,2026-03-11
CUST00052,Customer 52,customer52@example.com,Delhi,50,Organic,2025-03-09,Dormant,True,0.0,0.0,2025-03-09
CUST00053,Customer 53,customer53@example.com,Delhi,41,Organic,2025-03-22,Dormant,False,1.0,5397.0,2026-03-12
CUST00054,Customer 54,customer54@example.com,Chennai,51,Instagram,2025-12-08,Repeat Buyer,True,5.0,17991.0,2026-03-22
CUST00055,Customer 55,customer55@example.com,Bangalore,26,Organic,2025-03-01,Window Shopper,False,0.0,0.0,2025-03-01
CUST00056,Customer 56,customer56@example.com,Mumbai,35,Organic,2025-11-06,Window Shopper,False,0.0,0.0,2025-11-06
CUST00057,Customer 57,customer57@example.com,Chennai,50,Referral,2025-05-09,New Customer,False,1.0,1799.0,2025-03-28
CUST00058,Customer 58,customer58@example.com,Bangalore,45,Organic,2025-01-23,Window Shopper,False,0.0,0.0,2025-01-23
CUST00059,Customer 59,customer59@example.com,Chennai,28,Direct,2025-08-15,New Customer,False,1.0,999.0,2025-05-15
CUST00060,Customer 60,customer60@example.com,Hyderabad,25,Instagram,2026-04-29,High Value,True,5.0,18389.0,2026-06-02
CUST00061,Customer 61,customer61@example.com,Hyderabad,41,YouTube,2025-10-10,Window Shopper,False,1.0,3798.0,2026-02-16
CUST00062,Customer 62,customer62@example.com,Chennai,41,Instagram,2026-04-06,New Customer,True,1.0,3999.0,2026-01-01
CUST00063,Customer 63,customer63@example.com,Bangalore,40,YouTube,2026-03-29,Repeat Buyer,True,5.0,13093.0,2026-08-14
CUST00064,Customer 64,customer64@example.com,Mumbai,33,Google,2026-05-15,Window Shopper,False,0.0,0.0,2026-05-15
CUST00065,Customer 65,customer65@example.com,Kolkata,19,Google,2026-01-13,Price Sensitive,True,3.0,6797.0,2026-05-26
CUST00066,Customer 66,customer66@example.com,Kolkata,33,Organic,2025-03-23,Dormant,False,0.0,0.0,2025-03-23
CUST00067,Customer 67,customer67@example.com,Hyderabad,48,Google,2025-04-13,Price Sensitive,True,1.0,3798.0,2025-07-05
CUST00068,Customer 68,customer68@example.com,Chennai,32,Google,2025-01-13,Window Shopper,False,1.0,2499.0,2025-12-20
CUST00069,Customer 69,customer69@example.com,Chennai,22,Organic,2025-06-29,Price Sensitive,False,1.0,1698.0,2025-07-25
CUST00070,Customer 70,customer70@example.com,Pune,19,Instagram,2026-03-26,High Value,True,6.0,16891.0,2025-11-27
CUST00071,Customer 71,customer71@example.com,Chennai,20,Instagram,2025-11-02,Dormant,True,0.0,0.0,2025-11-02
CUST00072,Customer 72,customer72@example.com,Pune,45,YouTube,2025-09-19,Repeat Buyer,False,2.0,7796.0,2026-05-09
CUST00073,Customer 73,customer73@example.com,Delhi,34,Instagram,2025-12-29,New Customer,False,1.0,1598.0,2026-04-23
CUST00074,Customer 74,customer74@example.com,Delhi,41,Referral,2025-02-05,Repeat Buyer,True,4.0,13792.0,2026-05-12
CUST00075,Customer 75,customer75@example.com,Pune,25,Direct,2026-04-06,Dormant,False,1.0,999.0,2025-05-09
CUST00076,Customer 76,customer76@example.com,Kolkata,38,Referral,2025-12-23,Repeat Buyer,True,3.0,7494.0,2026-06-02
CUST00077,Customer 77,customer77@example.com,Kolkata,42,Direct,2026-01-19,New Customer,True,1.0,3398.0,2026-05-11
CUST00078,Customer 78,customer78@example.com,Chennai,43,YouTube,2026-03-03,Window Shopper,False,0.0,0.0,2026-03-03
CUST00079,Customer 79,customer79@example.com,Kolkata,55,YouTube,2025-12-02,New Customer,False,1.0,9497.0,2025-07-16
CUST00080,Customer 80,customer80@example.com,Delhi,50,Referral,2026-02-11,Repeat Buyer,True,2.0,5996.0,2026-07-08
CUST00081,Customer 81,customer81@example.com,Mumbai,23,Organic,2025-09-21,Window Shopper,False,0.0,0.0,2025-09-21
CUST00082,Customer 82,customer82@example.com,Bangalore,33,Direct,2025-06-08,Price Sensitive,False,2.0,6896.0,2025-10-19
CUST00083,Customer 83,customer83@example.com,Hyderabad,20,Google,2025-09-01,New Customer,True,1.0,4498.0,2026-07-31
CUST00084,Customer 84,customer84@example.com,Ahmedabad,44,Direct,2025-10-22,High Value,False,7.0,27187.0,2026-06-25
CUST00085,Customer 85,customer85@example.com,Ahmedabad,43,Google,2025-03-17,New Customer,False,1.0,699.0,2025-10-18
CUST00086,Customer 86,customer86@example.com,Bangalore,45,Google,2025-04-01,Price Sensitive,True,2.0,4197.0,2026-06-26
CUST00087,Customer 87,customer87@example.com,Ahmedabad,21,YouTube,2025-05-08,Window Shopper,False,1.0,1299.0,2025-08-19
CUST00088,Customer 88,customer88@example.com,Mumbai,47,Direct,2025-09-29,Window Shopper,True,0.0,0.0,2025-09-29
CUST00089,Customer 89,customer89@example.com,Ahmedabad,50,Referral,2026-03-02,Dormant,False,0.0,0.0,2026-03-02
CUST00090,Customer 90,customer90@example.com,Mumbai,48,Referral,2025-05-13,Window Shopper,False,1.0,1498.0,2025-11-23
CUST00091,Customer 91,customer91@example.com,Chennai,51,Referral,2025-11-17,Price Sensitive,False,0.0,0.0,2025-11-17
CUST00092,Customer 92,customer92@example.com,Chennai,33,Organic,2025-06-21,New Customer,False,1.0,1299.0,2025-11-03
CUST00093,Customer 93,customer93@example.com,Mumbai,27,Google,2025-07-16,Repeat Buyer,True,3.0,9892.0,2026-08-17
CUST00094,Customer 94,customer94@example.com,Bangalore,44,Referral,2025-06-19,Price Sensitive,False,1.0,3398.0,2026-04-17
CUST00095,Customer 95,customer95@example.com,Delhi,44,Referral,2026-04-09,High Value,True,4.0,14493.0,2026-06-06
CUST00096,Customer 96,customer96@example.com,Hyderabad,54,Referral,2025-09-02,Price Sensitive,False,2.0,4397.0,2026-01-22
CUST00097,Customer 97,customer97@example.com,Kolkata,44,YouTube,2026-01-18,New Customer,False,1.0,1198.0,2025-10-13
CUST00098,Customer 98,customer98@example.com,Delhi,49,Google,2025-05-20,Price Sensitive,False,3.0,9296.0,2026-03-19
CUST00099,Customer 99,customer99@example.com,Pune,43,Direct,2025-03-26,Repeat Buyer,True,2.0,10796.0,2025-07-14
CUST00100,Customer 100,customer100@example.com,Hyderabad,43,YouTube,2025-10-16,Window Shopper,False,0.0,0.0,2025-10-16
CUST00101,Customer 101,customer101@example.com,Kolkata,26,Referral,2025-04-04,Price Sensitive,True,2.0,4998.0,2026-03-17
CUST00102,Customer 102,customer102@example.com,Delhi,47,Organic,2025-06-22,New Customer,False,1.0,5498.0,2026-08-12
CUST00103,Customer 103,customer103@example.com,Kolkata,34,Instagram,2025-08-29,Price Sensitive,False,3.0,13295.0,2026-08-10
CUST00104,Customer 104,customer104@example.com,Pune,32,Direct,2025-02-05,New Customer,False,1.0,5497.0,2026-05-15
CUST00105,Customer 105,customer105@example.com,Hyderabad,33,Google,2026-03-06,Price Sensitive,False,3.0,9995.0,2026-05-31
CUST00106,Customer 106,customer106@example.com,Mumbai,48,Direct,2025-02-28,New Customer,True,0.0,0.0,2025-02-28
CUST00107,Customer 107,customer107@example.com,Chennai,41,Google,2025-11-07,High Value,True,8.0,35184.0,2026-08-03
CUST00108,Customer 108,customer108@example.com,Bangalore,28,Organic,2025-02-25,High Value,False,5.0,24188.0,2026-08-22
CUST00109,Customer 109,customer109@example.com,Kolkata,43,Direct,2025-04-12,High Value,False,5.0,16592.0,2026-07-21
CUST00110,Customer 110,customer110@example.com,Delhi,24,Direct,2026-01-31,New Customer,False,1.0,2998.0,2025-06-08
CUST00111,Customer 111,customer111@example.com,Bangalore,54,Instagram,2025-06-27,Repeat Buyer,True,3.0,5895.0,2025-12-10
CUST00112,Customer 112,customer112@example.com,Bangalore,50,Direct,2025-06-24,High Value,True,5.0,16191.0,2026-08-11
CUST00113,Customer 113,customer113@example.com,Ahmedabad,24,Referral,2026-05-07,New Customer,False,2.0,8094.0,2025-10-09
CUST00114,Customer 114,customer114@example.com,Ahmedabad,27,Referral,2025-04-01,Repeat Buyer,False,2.0,6497.0,2026-04-07
CUST00115,Customer 115,customer115@example.com,Chennai,52,Referral,2025-08-27,Price Sensitive,False,1.0,2499.0,2025-05-18
CUST00116,Customer 116,customer116@example.com,Chennai,38,Google,2026-03-02,Repeat Buyer,False,5.0,23190.0,2026-03-28
CUST00117,Customer 117,customer117@example.com,Ahmedabad,33,Referral,2025-10-19,Dormant,False,1.0,499.0,2026-01-14
CUST00118,Customer 118,customer118@example.com,Hyderabad,49,Organic,2025-04-04,High Value,True,7.0,27986.0,2026-08-22
CUST00119,Customer 119,customer119@example.com,Chennai,39,Organic,2026-03-27,Repeat Buyer,True,5.0,13492.0,2026-01-24
CUST00120,Customer 120,customer120@example.com,Hyderabad,51,Google,2025-02-13,High Value,False,5.0,12193.0,2026-08-03
CUST00121,Customer 121,customer121@example.com,Delhi,48,Direct,2025-12-31,New Customer,False,1.0,499.0,2026-02-06
CUST00122,Customer 122,customer122@example.com,Bangalore,36,Google,2025-07-27,Repeat Buyer,False,4.0,11793.0,2026-08-14
CUST00123,Customer 123,customer123@example.com,Pune,48,YouTube,2025-09-29,Price Sensitive,False,0.0,0.0,2025-09-29
CUST00124,Customer 124,customer124@example.com,Pune,40,Direct,2025-08-21,Repeat Buyer,False,2.0,8896.0,2025-11-03
CUST00125,Customer 125,customer125@example.com,Bangalore,30,Organic,2025-03-03,New Customer,False,1.0,4498.0,2025-04-04
CUST00126,Customer 126,customer126@example.com,Mumbai,30,Google,2026-01-14,Price Sensitive,False,2.0,6695.0,2026-03-15
CUST00127,Customer 127,customer127@example.com,Chennai,24,Google,2025-06-01,Repeat Buyer,False,1.0,2499.0,2025-10-30
CUST00128,Customer 128,customer128@example.com,Hyderabad,52,Google,2025-05-21,New Customer,True,2.0,3498.0,2025-08-25
CUST00129,Customer 129,customer129@example.com,Chennai,26,Direct,2026-03-21,New Customer,True,2.0,6396.0,2025-09-14
CUST00130,Customer 130,customer130@example.com,Hyderabad,54,Organic,2025-08-29,Price Sensitive,True,3.0,6396.0,2026-07-03
CUST00131,Customer 131,customer131@example.com,Hyderabad,34,Referral,2025-02-28,Repeat Buyer,True,4.0,10993.0,2026-05-04
CUST00132,Customer 132,customer132@example.com,Bangalore,54,Direct,2025-12-18,Window Shopper,False,0.0,0.0,2025-12-18
CUST00133,Customer 133,customer133@example.com,Chennai,23,Google,2025-03-02,New Customer,True,0.0,0.0,2025-03-02
CUST00134,Customer 134,customer134@example.com,Delhi,51,Referral,2025-08-19,High Value,True,6.0,17788.0,2026-05-14
CUST00135,Customer 135,customer135@example.com,Kolkata,37,YouTube,2025-11-14,Window Shopper,False,0.0,0.0,2025-11-14
CUST00136,Customer 136,customer136@example.com,Bangalore,31,Direct,2025-04-19,New Customer,False,1.0,6497.0,2026-01-23
CUST00137,Customer 137,customer137@example.com,Delhi,29,YouTube,2025-02-08,New Customer,True,1.0,2198.0,2026-07-07
CUST00138,Customer 138,customer138@example.com,Ahmedabad,36,Instagram,2025-04-29,New Customer,False,1.0,2499.0,2025-03-17
CUST00139,Customer 139,customer139@example.com,Ahmedabad,22,Direct,2025-04-30,New Customer,False,1.0,3498.0,2025-08-20
CUST00140,Customer 140,customer140@example.com,Delhi,45,Instagram,2025-10-06,Dormant,False,0.0,0.0,2025-10-06
CUST00141,Customer 141,customer141@example.com,Chennai,27,Instagram,2025-01-31,New Customer,True,1.0,2499.0,2025-09-11
CUST00142,Customer 142,customer142@example.com,Chennai,46,Instagram,2025-08-28,New Customer,False,1.0,1799.0,2026-02-16
CUST00143,Customer 143,customer143@example.com,Chennai,50,YouTube,2025-09-10,Price Sensitive,False,2.0,6397.0,2025-11-16
CUST00144,Customer 144,customer144@example.com,Kolkata,38,YouTube,2025-05-09,Repeat Buyer,True,0.0,0.0,2025-05-09
CUST00145,Customer 145,customer145@example.com,Hyderabad,35,YouTube,2025-01-21,New Customer,False,1.0,5297.0,2025-03-15
CUST00146,Customer 146,customer146@example.com,Ahmedabad,35,Google,2025-10-27,Price Sensitive,True,0.0,0.0,2025-10-27
CUST00147,Customer 147,customer147@example.com,Bangalore,48,Organic,2025-07-29,Repeat Buyer,False,2.0,5696.0,2026-05-26
CUST00148,Customer 148,customer148@example.com,Mumbai,39,Referral,2025-12-22,Repeat Buyer,True,2.0,6297.0,2025-07-20
CUST00149,Customer 149,customer149@example.com,Kolkata,53,Instagram,2025-08-21,Repeat Buyer,True,4.0,10894.0,2026-08-08
CUST00150,Customer 150,customer150@example.com,Bangalore,43,YouTube,2026-02-27,New Customer,False,1.0,1499.0,2025-07-16
CUST00151,Customer 151,customer151@example.com,Ahmedabad,44,Instagram,2025-04-07,Dormant,False,0.0,0.0,2025-04-07
CUST00152,Customer 152,customer152@example.com,Ahmedabad,46,Instagram,2025-04-15,Repeat Buyer,True,6.0,16391.0,2026-04-03
CUST00153,Customer 153,customer153@example.com,Chennai,46,Direct,2025-09-06,New Customer,True,1.0,4797.0,2025-06-06
CUST00154,Customer 154,customer154@example.com,Delhi,28,Organic,2025-10-10,New Customer,False,1.0,3398.0,2025-12-28
CUST00155,Customer 155,customer155@example.com,Delhi,25,Referral,2026-04-30,New Customer,False,1.0,2999.0,2025-06-10
CUST00156,Customer 156,customer156@example.com,Ahmedabad,36,YouTube,2025-12-28,New Customer,False,1.0,3998.0,2026-03-17
CUST00157,Customer 157,customer157@example.com,Ahmedabad,33,Referral,2025-10-10,New Customer,False,1.0,3198.0,2026-07-29
CUST00158,Customer 158,customer158@example.com,Mumbai,22,Organic,2026-01-31,New Customer,True,1.0,1698.0,2025-12-03
CUST00159,Customer 159,customer159@example.com,Chennai,18,Organic,2026-01-07,Price Sensitive,False,3.0,4497.0,2026-05-31
CUST00160,Customer 160,customer160@example.com,Ahmedabad,27,Referral,2025-10-03,New Customer,False,0.0,0.0,2025-10-03
CUST00161,Customer 161,customer161@example.com,Kolkata,47,Organic,2026-03-22,Repeat Buyer,True,2.0,3997.0,2026-02-25
CUST00162,Customer 162,customer162@example.com,Kolkata,32,Referral,2025-01-23,New Customer,False,1.0,499.0,2025-09-09
CUST00163,Customer 163,customer163@example.com,Kolkata,42,Direct,2026-02-10,Repeat Buyer,True,2.0,7996.0,2026-02-03
CUST00164,Customer 164,customer164@example.com,Ahmedabad,20,Google,2025-09-15,Window Shopper,False,1.0,3999.0,2026-02-20
CUST00165,Customer 165,customer165@example.com,Bangalore,46,Instagram,2025-09-27,Dormant,False,0.0,0.0,2025-09-27
CUST00166,Customer 166,customer166@example.com,Mumbai,44,Direct,2026-05-12,Window Shopper,True,0.0,0.0,2026-05-12
CUST00167,Customer 167,customer167@example.com,Chennai,39,YouTube,2025-12-21,New Customer,False,1.0,2499.0,2026-03-24
CUST00168,Customer 168,customer168@example.com,Pune,52,Referral,2026-05-04,Repeat Buyer,True,4.0,8393.0,2025-12-04
CUST00169,Customer 169,customer169@example.com,Ahmedabad,52,Instagram,2025-11-13,Repeat Buyer,False,2.0,5197.0,2026-08-07
CUST00170,Customer 170,customer170@example.com,Chennai,32,Direct,2025-02-16,New Customer,False,1.0,2998.0,2026-04-10
CUST00171,Customer 171,customer171@example.com,Bangalore,46,Google,2025-12-22,Repeat Buyer,True,3.0,5096.0,2026-06-06
CUST00172,Customer 172,customer172@example.com,Pune,21,Organic,2025-07-03,New Customer,True,1.0,2498.0,2025-04-25
CUST00173,Customer 173,customer173@example.com,Kolkata,54,Direct,2026-02-10,Repeat Buyer,True,5.0,20989.0,2026-08-02
CUST00174,Customer 174,customer174@example.com,Kolkata,33,Referral,2026-04-13,New Customer,True,2.0,6396.0,2025-10-30
CUST00175,Customer 175,customer175@example.com,Chennai,47,Organic,2025-12-08,High Value,True,6.0,14791.0,2026-03-01
CUST00176,Customer 176,customer176@example.com,Chennai,52,Google,2025-02-07,New Customer,False,1.0,1698.0,2025-10-29
CUST00177,Customer 177,customer177@example.com,Chennai,45,Direct,2025-05-09,Repeat Buyer,True,4.0,8693.0,2026-04-25
CUST00178,Customer 178,customer178@example.com,Kolkata,48,Instagram,2025-05-02,Repeat Buyer,True,3.0,8796.0,2026-05-29
CUST00179,Customer 179,customer179@example.com,Chennai,36,Instagram,2026-05-16,Repeat Buyer,True,4.0,16392.0,2026-07-01
CUST00180,Customer 180,customer180@example.com,Hyderabad,54,Direct,2026-02-03,Window Shopper,False,1.0,2499.0,2026-05-02
CUST00181,Customer 181,customer181@example.com,Ahmedabad,36,Google,2025-11-07,Price Sensitive,True,3.0,8296.0,2026-06-18
CUST00182,Customer 182,customer182@example.com,Delhi,34,Direct,2026-01-22,Window Shopper,False,0.0,0.0,2026-01-22
CUST00183,Customer 183,customer183@example.com,Mumbai,24,Direct,2025-11-27,Price Sensitive,False,0.0,0.0,2025-11-27
CUST00184,Customer 184,customer184@example.com,Hyderabad,55,Organic,2026-01-10,New Customer,False,1.0,3498.0,2025-07-19
CUST00185,Customer 185,customer185@example.com,Pune,44,Google,2025-04-13,New Customer,False,1.0,3798.0,2025-08-07
CUST00186,Customer 186,customer186@example.com,Pune,51,YouTube,2026-04-13,New Customer,False,2.0,6795.0,2025-10-09
CUST00187,Customer 187,customer187@example.com,Ahmedabad,36,Direct,2026-03-22,New Customer,True,0.0,0.0,2026-03-22
CUST00188,Customer 188,customer188@example.com,Bangalore,27,Google,2026-03-17,Repeat Buyer,True,2.0,6797.0,2026-03-22
CUST00189,Customer 189,customer189@example.com,Kolkata,53,Organic,2025-02-16,Price Sensitive,False,1.0,5497.0,2025-05-16
CUST00190,Customer 190,customer190@example.com,Bangalore,47,Organic,2025-12-11,Price Sensitive,True,2.0,10095.0,2025-07-26
CUST00191,Customer 191,customer191@example.com,Kolkata,41,Instagram,2025-12-12,Price Sensitive,False,3.0,16393.0,2026-03-11
CUST00192,Customer 192,customer192@example.com,Pune,32,Direct,2025-02-02,New Customer,True,1.0,7297.0,2025-04-29
CUST00193,Customer 193,customer193@example.com,Chennai,44,Instagram,2025-03-13,High Value,True,4.0,12594.0,2026-06-07
CUST00194,Customer 194,customer194@example.com,Ahmedabad,25,Instagram,2025-05-01,New Customer,True,1.0,4497.0,2025-12-01
CUST00195,Customer 195,customer195@example.com,Ahmedabad,41,Direct,2026-05-02,Window Shopper,True,1.0,2897.0,2026-01-11
CUST00196,Customer 196,customer196@example.com,Kolkata,55,Direct,2026-01-08,Price Sensitive,False,1.0,3498.0,2025-04-27
CUST00197,Customer 197,customer197@example.com,Bangalore,49,YouTube,2025-07-28,New Customer,False,1.0,5498.0,2026-03-24
CUST00198,Customer 198,customer198@example.com,Pune,31,Referral,2025-08-16,Dormant,False,0.0,0.0,2025-08-16
CUST00199,Customer 199,customer199@example.com,Bangalore,41,YouTube,2026-04-07,Dormant,False,0.0,0.0,2026-04-07
CUST00200,Customer 200,customer200@example.com,Kolkata,35,Google,2026-05-11,Dormant,False,1.0,3998.0,2025-05-30
CUST00201,Customer 201,customer201@example.com,Ahmedabad,23,Direct,2025-04-19,New Customer,False,1.0,2499.0,2026-08-11
CUST00202,Customer 202,customer202@example.com,Hyderabad,21,Organic,2025-05-05,High Value,True,7.0,17189.0,2025-10-01
CUST00203,Customer 203,customer203@example.com,Delhi,22,YouTube,2025-04-17,Dormant,False,0.0,0.0,2025-04-17
CUST00204,Customer 204,customer204@example.com,Delhi,39,Google,2026-02-08,High Value,False,5.0,13991.0,2026-07-25
CUST00205,Customer 205,customer205@example.com,Mumbai,26,YouTube,2025-05-09,Window Shopper,True,0.0,0.0,2025-05-09
CUST00206,Customer 206,customer206@example.com,Hyderabad,26,Instagram,2025-07-03,Price Sensitive,True,0.0,0.0,2025-07-03
CUST00207,Customer 207,customer207@example.com,Pune,19,Google,2025-05-16,Price Sensitive,False,2.0,7497.0,2026-08-23
CUST00208,Customer 208,customer208@example.com,Bangalore,22,Referral,2025-08-18,New Customer,False,1.0,1499.0,2025-03-29
CUST00209,Customer 209,customer209@example.com,Bangalore,46,YouTube,2025-04-24,Price Sensitive,False,3.0,7295.0,2025-10-24
CUST00210,Customer 210,customer210@example.com,Chennai,47,Direct,2026-05-09,Dormant,True,1.0,2499.0,2025-06-16
CUST00211,Customer 211,customer211@example.com,Kolkata,45,Direct,2025-02-25,New Customer,False,1.0,4998.0,2025-09-07
CUST00212,Customer 212,customer212@example.com,Bangalore,23,Organic,2025-11-08,Repeat Buyer,False,2.0,3997.0,2026-02-19
CUST00213,Customer 213,customer213@example.com,Pune,42,YouTube,2025-09-29,New Customer,True,1.0,4997.0,2026-02-10
CUST00214,Customer 214,customer214@example.com,Kolkata,24,Direct,2025-02-28,New Customer,False,1.0,699.0,2026-04-04
CUST00215,Customer 215,customer215@example.com,Delhi,45,Referral,2026-03-31,Window Shopper,False,0.0,0.0,2026-03-31
CUST00216,Customer 216,customer216@example.com,Ahmedabad,43,Referral,2026-01-09,New Customer,False,2.0,6797.0,2025-12-19
CUST00217,Customer 217,customer217@example.com,Chennai,41,Google,2025-12-18,New Customer,False,1.0,2498.0,2025-10-01
CUST00218,Customer 218,customer218@example.com,Bangalore,23,Referral,2025-02-19,Dormant,True,0.0,0.0,2025-02-19
CUST00219,Customer 219,customer219@example.com,Mumbai,53,Instagram,2025-10-28,Price Sensitive,False,2.0,5796.0,2026-02-10
CUST00220,Customer 220,customer220@example.com,Bangalore,44,Organic,2026-03-24,Dormant,False,0.0,0.0,2026-03-24
CUST00221,Customer 221,customer221@example.com,Hyderabad,36,YouTube,2025-06-09,Price Sensitive,False,1.0,3698.0,2026-04-21
CUST00222,Customer 222,customer222@example.com,Delhi,27,Direct,2025-09-04,Repeat Buyer,True,5.0,9292.0,2026-07-25
CUST00223,Customer 223,customer223@example.com,Pune,25,Organic,2025-10-21,New Customer,True,1.0,1799.0,2026-05-06
CUST00224,Customer 224,customer224@example.com,Hyderabad,35,Instagram,2025-04-03,New Customer,False,1.0,4697.0,2026-02-15
CUST00225,Customer 225,customer225@example.com,Pune,40,Instagram,2025-04-03,New Customer,False,1.0,7797.0,2026-07-25
CUST00226,Customer 226,customer226@example.com,Kolkata,22,Google,2026-01-15,Window Shopper,False,0.0,0.0,2026-01-15
CUST00227,Customer 227,customer227@example.com,Delhi,42,Referral,2025-08-21,High Value,True,8.0,26686.0,2026-04-18
CUST00228,Customer 228,customer228@example.com,Pune,54,YouTube,2025-02-13,Repeat Buyer,True,2.0,7596.0,2026-03-26
CUST00229,Customer 229,customer229@example.com,Hyderabad,23,Organic,2025-08-15,Window Shopper,True,0.0,0.0,2025-08-15
CUST00230,Customer 230,customer230@example.com,Ahmedabad,44,Organic,2025-04-21,Price Sensitive,False,1.0,2499.0,2026-01-26
CUST00231,Customer 231,customer231@example.com,Kolkata,25,Organic,2025-12-14,Price Sensitive,True,2.0,8796.0,2026-05-28
CUST00232,Customer 232,customer232@example.com,Chennai,20,Google,2025-07-22,Price Sensitive,False,1.0,2999.0,2026-07-26
CUST00233,Customer 233,customer233@example.com,Delhi,37,Google,2026-01-28,Dormant,True,0.0,0.0,2026-01-28
CUST00234,Customer 234,customer234@example.com,Pune,25,Instagram,2025-09-12,New Customer,False,1.0,2498.0,2025-09-06
CUST00235,Customer 235,customer235@example.com,Kolkata,52,Direct,2025-04-28,Price Sensitive,True,2.0,2998.0,2026-03-30
CUST00236,Customer 236,customer236@example.com,Pune,22,Referral,2026-03-18,Repeat Buyer,False,4.0,13792.0,2025-12-22
CUST00237,Customer 237,customer237@example.com,Ahmedabad,22,Organic,2025-10-22,Price Sensitive,False,0.0,0.0,2025-10-22
CUST00238,Customer 238,customer238@example.com,Kolkata,36,Instagram,2025-07-27,Repeat Buyer,True,2.0,7295.0,2025-09-23
CUST00239,Customer 239,customer239@example.com,Ahmedabad,41,Instagram,2025-08-12,New Customer,False,1.0,1299.0,2026-04-30
CUST00240,Customer 240,customer240@example.com,Kolkata,51,Instagram,2025-07-22,Window Shopper,False,0.0,0.0,2025-07-22
CUST00241,Customer 241,customer241@example.com,Delhi,39,Google,2025-02-09,Window Shopper,False,0.0,0.0,2025-02-09
CUST00242,Customer 242,customer242@example.com,Delhi,40,Organic,2026-01-08,Repeat Buyer,True,6.0,21289.0,2026-08-23
CUST00243,Customer 243,customer243@example.com,Mumbai,33,Instagram,2025-03-16,Dormant,False,0.0,0.0,2025-03-16
CUST00244,Customer 244,customer244@example.com,Mumbai,22,Google,2026-05-03,New Customer,True,2.0,9796.0,2026-07-09
CUST00245,Customer 245,customer245@example.com,Ahmedabad,54,Direct,2025-11-22,Price Sensitive,False,3.0,10294.0,2026-07-18
CUST00246,Customer 246,customer246@example.com,Pune,27,Referral,2025-02-04,Dormant,False,1.0,2499.0,2026-03-22
CUST00247,Customer 247,customer247@example.com,Chennai,55,Instagram,2025-06-30,Repeat Buyer,True,2.0,6797.0,2026-07-29
CUST00248,Customer 248,customer248@example.com,Ahmedabad,20,Instagram,2025-07-08,Repeat Buyer,True,5.0,11191.0,2026-08-18
CUST00249,Customer 249,customer249@example.com,Bangalore,50,Referral,2025-08-25,Window Shopper,True,1.0,2198.0,2025-11-05
CUST00250,Customer 250,customer250@example.com,Hyderabad,46,YouTube,2025-11-30,High Value,False,4.0,11992.0,2026-05-13
CUST00251,Customer 251,customer251@example.com,Mumbai,21,Referral,2025-02-22,New Customer,False,1.0,3497.0,2026-04-26
CUST00252,Customer 252,customer252@example.com,Bangalore,50,Direct,2025-03-30,Window Shopper,False,1.0,1299.0,2025-06-09
CUST00253,Customer 253,customer253@example.com,Ahmedabad,51,YouTube,2025-11-09,New Customer,False,1.0,2698.0,2025-10-20
CUST00254,Customer 254,customer254@example.com,Chennai,42,Referral,2026-02-01,New Customer,False,1.0,1499.0,2025-07-03
CUST00255,Customer 255,customer255@example.com,Pune,22,Organic,2025-02-18,Repeat Buyer,True,2.0,9696.0,2026-03-24
CUST00256,Customer 256,customer256@example.com,Chennai,27,Organic,2025-02-11,High Value,True,4.0,14392.0,2026-06-06
CUST00257,Customer 257,customer257@example.com,Pune,37,Direct,2025-12-24,High Value,True,6.0,24787.0,2026-01-17
CUST00258,Customer 258,customer258@example.com,Bangalore,37,YouTube,2025-07-12,Price Sensitive,True,2.0,9196.0,2026-08-23
CUST00259,Customer 259,customer259@example.com,Mumbai,51,Instagram,2025-11-27,High Value,True,6.0,20289.0,2026-06-03
CUST00260,Customer 260,customer260@example.com,Hyderabad,41,Organic,2025-04-03,Price Sensitive,False,2.0,7594.0,2026-01-03
CUST00261,Customer 261,customer261@example.com,Ahmedabad,30,Google,2025-03-12,Dormant,False,1.0,4498.0,2026-04-20
CUST00262,Customer 262,customer262@example.com,Bangalore,50,YouTube,2026-03-04,New Customer,False,1.0,1799.0,2026-04-29
CUST00263,Customer 263,customer263@example.com,Pune,26,YouTube,2025-07-12,Price Sensitive,False,1.0,2499.0,2026-02-13
CUST00264,Customer 264,customer264@example.com,Mumbai,46,Instagram,2025-07-30,New Customer,True,2.0,3198.0,2026-07-13
CUST00265,Customer 265,customer265@example.com,Ahmedabad,36,Direct,2026-02-06,Repeat Buyer,False,3.0,8795.0,2025-07-02
CUST00266,Customer 266,customer266@example.com,Chennai,48,Google,2025-07-08,Repeat Buyer,True,1.0,3498.0,2026-07-08
CUST00267,Customer 267,customer267@example.com,Ahmedabad,47,Organic,2026-02-03,Price Sensitive,False,2.0,4897.0,2026-04-24
CUST00268,Customer 268,customer268@example.com,Mumbai,30,YouTube,2025-03-12,Repeat Buyer,True,5.0,22487.0,2026-07-30
CUST00269,Customer 269,customer269@example.com,Ahmedabad,41,YouTube,2026-04-24,Window Shopper,True,0.0,0.0,2026-04-24
CUST00270,Customer 270,customer270@example.com,Bangalore,36,Instagram,2026-01-26,New Customer,False,2.0,4397.0,2026-07-24
CUST00271,Customer 271,customer271@example.com,Mumbai,45,Instagram,2026-04-30,New Customer,False,1.0,1998.0,2025-10-08
CUST00272,Customer 272,customer272@example.com,Pune,19,Referral,2025-01-28,Window Shopper,False,0.0,0.0,2025-01-28
CUST00273,Customer 273,customer273@example.com,Kolkata,23,Organic,2025-04-25,Repeat Buyer,True,2.0,6296.0,2025-10-19
CUST00274,Customer 274,customer274@example.com,Pune,27,Google,2025-01-20,New Customer,False,1.0,3897.0,2026-03-12
CUST00275,Customer 275,customer275@example.com,Mumbai,48,Referral,2025-11-12,New Customer,False,1.0,899.0,2025-10-01
CUST00276,Customer 276,customer276@example.com,Chennai,31,Google,2025-10-08,New Customer,True,1.0,2499.0,2025-07-18
CUST00277,Customer 277,customer277@example.com,Kolkata,25,Organic,2025-05-02,Dormant,False,1.0,2998.0,2026-02-27
CUST00278,Customer 278,customer278@example.com,Kolkata,47,Instagram,2025-02-26,Repeat Buyer,True,3.0,7996.0,2025-10-25
CUST00279,Customer 279,customer279@example.com,Hyderabad,50,YouTube,2025-05-04,Window Shopper,False,1.0,2499.0,2025-03-12
CUST00280,Customer 280,customer280@example.com,Hyderabad,40,Google,2025-10-20,Price Sensitive,False,2.0,5197.0,2026-08-09
CUST00281,Customer 281,customer281@example.com,Bangalore,51,Organic,2025-02-04,Repeat Buyer,True,3.0,12593.0,2026-08-19
CUST00282,Customer 282,customer282@example.com,Hyderabad,42,Referral,2025-01-23,Dormant,False,0.0,0.0,2025-01-23
CUST00283,Customer 283,customer283@example.com,Chennai,19,Organic,2026-02-08,High Value,False,5.0,14392.0,2026-08-17
CUST00284,Customer 284,customer284@example.com,Bangalore,55,Direct,2026-01-23,New Customer,False,1.0,3998.0,2025-03-12
CUST00285,Customer 285,customer285@example.com,Pune,29,Direct,2025-08-26,Repeat Buyer,True,2.0,7797.0,2025-09-06
CUST00286,Customer 286,customer286@example.com,Mumbai,26,Instagram,2026-01-02,Dormant,False,1.0,3297.0,2026-01-28
CUST00287,Customer 287,customer287@example.com,Chennai,30,Instagram,2026-02-10,Price Sensitive,False,0.0,0.0,2026-02-10
CUST00288,Customer 288,customer288@example.com,Chennai,50,Referral,2026-02-22,New Customer,True,2.0,5498.0,2026-06-25
CUST00289,Customer 289,customer289@example.com,Delhi,36,Organic,2026-03-18,High Value,True,3.0,4195.0,2026-02-23
CUST00290,Customer 290,customer290@example.com,Pune,35,Instagram,2026-02-14,Price Sensitive,False,3.0,11093.0,2026-08-14
CUST00291,Customer 291,customer291@example.com,Ahmedabad,42,Organic,2026-05-14,Repeat Buyer,False,6.0,20489.0,2026-04-29
CUST00292,Customer 292,customer292@example.com,Pune,51,Organic,2026-02-15,New Customer,False,1.0,2499.0,2026-07-29
CUST00293,Customer 293,customer293@example.com,Kolkata,29,YouTube,2025-05-31,New Customer,False,1.0,2298.0,2025-04-16
CUST00294,Customer 294,customer294@example.com,Chennai,37,Referral,2025-11-05,Repeat Buyer,True,3.0,8396.0,2026-07-30
CUST00295,Customer 295,customer295@example.com,Ahmedabad,40,Referral,2025-01-22,Price Sensitive,True,1.0,3398.0,2026-01-12
CUST00296,Customer 296,customer296@example.com,Kolkata,35,Direct,2026-02-10,Price Sensitive,False,1.0,1898.0,2026-07-02
CUST00297,Customer 297,customer297@example.com,Kolkata,41,YouTube,2026-02-15,Dormant,True,0.0,0.0,2026-02-15
CUST00298,Customer 298,customer298@example.com,Hyderabad,27,YouTube,2025-12-14,Price Sensitive,True,3.0,10994.0,2026-05-11
CUST00299,Customer 299,customer299@example.com,Bangalore,33,Direct,2025-07-07,Price Sensitive,True,1.0,999.0,2026-03-17
CUST00300,Customer 300,customer300@example.com,Hyderabad,27,Direct,2025-08-19,Repeat Buyer,False,5.0,15293.0,2026-07-07
CUST00301,Customer 301,customer301@example.com,Bangalore,54,Google,2025-09-29,Dormant,False,1.0,1799.0,2026-05-23
CUST00302,Customer 302,customer302@example.com,Chennai,33,Instagram,2025-01-14,Repeat Buyer,True,2.0,7296.0,2025-06-12
CUST00303,Customer 303,customer303@example.com,Kolkata,53,Instagram,2025-05-15,Price Sensitive,False,2.0,4998.0,2025-07-22
CUST00304,Customer 304,customer304@example.com,Delhi,36,Direct,2026-04-15,Price Sensitive,False,1.0,2499.0,2026-06-03
CUST00305,Customer 305,customer305@example.com,Mumbai,22,Referral,2025-03-30,Dormant,False,1.0,2998.0,2026-04-29
CUST00306,Customer 306,customer306@example.com,Bangalore,38,Direct,2025-06-27,Window Shopper,False,0.0,0.0,2025-06-27
CUST00307,Customer 307,customer307@example.com,Chennai,37,Google,2025-12-31,Price Sensitive,False,1.0,6498.0,2025-06-29
CUST00308,Customer 308,customer308@example.com,Mumbai,41,YouTube,2025-04-25,Price Sensitive,False,2.0,4196.0,2025-10-22
CUST00309,Customer 309,customer309@example.com,Mumbai,33,Referral,2025-01-14,New Customer,False,1.0,5497.0,2025-08-02
CUST00310,Customer 310,customer310@example.com,Ahmedabad,53,Google,2025-11-10,Repeat Buyer,True,4.0,19892.0,2026-05-07
CUST00311,Customer 311,customer311@example.com,Kolkata,48,YouTube,2025-07-30,Window Shopper,True,0.0,0.0,2025-07-30
CUST00312,Customer 312,customer312@example.com,Bangalore,26,Organic,2025-11-25,Price Sensitive,False,3.0,8595.0,2026-06-11
CUST00313,Customer 313,customer313@example.com,Pune,26,YouTube,2025-11-24,New Customer,False,2.0,5197.0,2025-07-25
CUST00314,Customer 314,customer314@example.com,Mumbai,45,YouTube,2026-04-12,High Value,False,5.0,16293.0,2026-01-18
CUST00315,Customer 315,customer315@example.com,Mumbai,37,Google,2025-03-24,Window Shopper,False,1.0,999.0,2026-04-01
CUST00316,Customer 316,customer316@example.com,Pune,51,Organic,2026-03-10,Repeat Buyer,False,2.0,7495.0,2026-01-10
CUST00317,Customer 317,customer317@example.com,Chennai,26,Direct,2025-06-05,New Customer,True,1.0,1299.0,2025-05-04
CUST00318,Customer 318,customer318@example.com,Mumbai,55,YouTube,2025-03-20,High Value,True,6.0,17390.0,2025-10-20
CUST00319,Customer 319,customer319@example.com,Pune,54,Instagram,2026-02-27,New Customer,False,0.0,0.0,2026-02-27
CUST00320,Customer 320,customer320@example.com,Chennai,31,YouTube,2025-08-02,Window Shopper,True,0.0,0.0,2025-08-02
CUST00321,Customer 321,customer321@example.com,Chennai,37,Referral,2025-05-06,High Value,True,6.0,18089.0,2026-07-19
CUST00322,Customer 322,customer322@example.com,Chennai,47,Instagram,2025-12-19,Window Shopper,False,0.0,0.0,2025-12-19
CUST00323,Customer 323,customer323@example.com,Ahmedabad,47,Google,2025-06-24,New Customer,False,2.0,6497.0,2026-02-03
CUST00324,Customer 324,customer324@example.com,Pune,40,Referral,2025-03-08,High Value,True,5.0,23788.0,2026-01-23
CUST00325,Customer 325,customer325@example.com,Bangalore,38,Google,2025-08-27,Price Sensitive,False,2.0,4996.0,2026-03-07
CUST00326,Customer 326,customer326@example.com,Mumbai,24,Instagram,2025-05-29,New Customer,False,1.0,1198.0,2025-03-30
CUST00327,Customer 327,customer327@example.com,Kolkata,33,Google,2026-02-21,Dormant,False,0.0,0.0,2026-02-21
CUST00328,Customer 328,customer328@example.com,Pune,30,Google,2025-09-13,Repeat Buyer,True,3.0,13293.0,2026-08-19
CUST00329,Customer 329,customer329@example.com,Chennai,49,Instagram,2025-02-16,Dormant,False,0.0,0.0,2025-02-16
CUST00330,Customer 330,customer330@example.com,Delhi,31,YouTube,2025-06-30,Dormant,False,0.0,0.0,2025-06-30
CUST00331,Customer 331,customer331@example.com,Ahmedabad,36,YouTube,2025-01-05,New Customer,False,2.0,7996.0,2025-08-12
CUST00332,Customer 332,customer332@example.com,Chennai,41,Referral,2025-07-07,Window Shopper,False,0.0,0.0,2025-07-07
CUST00333,Customer 333,customer333@example.com,Delhi,41,YouTube,2025-05-28,New Customer,True,1.0,699.0,2026-06-18
CUST00334,Customer 334,customer334@example.com,Chennai,25,Google,2026-05-15,New Customer,False,2.0,2498.0,2026-06-04
CUST00335,Customer 335,customer335@example.com,Pune,53,Organic,2026-01-22,New Customer,False,1.0,5497.0,2025-09-02
CUST00336,Customer 336,customer336@example.com,Kolkata,50,Instagram,2025-01-24,New Customer,False,1.0,3697.0,2026-07-06
CUST00337,Customer 337,customer337@example.com,Ahmedabad,51,Referral,2025-03-18,New Customer,False,1.0,3898.0,2025-09-19
CUST00338,Customer 338,customer338@example.com,Pune,38,Google,2025-07-21,High Value,True,7.0,31187.0,2026-08-16
CUST00339,Customer 339,customer339@example.com,Chennai,55,Organic,2025-09-17,Dormant,False,0.0,0.0,2025-09-17
CUST00340,Customer 340,customer340@example.com,Chennai,48,Instagram,2025-07-08,Window Shopper,False,0.0,0.0,2025-07-08
CUST00341,Customer 341,customer341@example.com,Kolkata,55,Organic,2026-02-12,Repeat Buyer,True,2.0,10395.0,2026-05-10
CUST00342,Customer 342,customer342@example.com,Hyderabad,48,Organic,2026-05-11,Window Shopper,False,1.0,499.0,2025-12-30
CUST00343,Customer 343,customer343@example.com,Delhi,21,YouTube,2025-09-03,Price Sensitive,False,1.0,2499.0,2026-07-15
CUST00344,Customer 344,customer344@example.com,Kolkata,27,Direct,2025-05-05,New Customer,False,1.0,3198.0,2025-05-16
CUST00345,Customer 345,customer345@example.com,Bangalore,30,Instagram,2025-08-14,New Customer,False,1.0,3098.0,2025-09-04
CUST00346,Customer 346,customer346@example.com,Delhi,44,YouTube,2026-02-01,Repeat Buyer,True,3.0,9294.0,2025-11-12
CUST00347,Customer 347,customer347@example.com,Hyderabad,26,YouTube,2025-04-17,High Value,True,4.0,12191.0,2026-06-24
CUST00348,Customer 348,customer348@example.com,Ahmedabad,51,Referral,2025-06-10,High Value,False,8.0,33882.0,2026-08-03
CUST00349,Customer 349,customer349@example.com,Pune,52,Organic,2025-12-13,Dormant,False,0.0,0.0,2025-12-13
CUST00350,Customer 350,customer350@example.com,Chennai,48,Google,2026-05-06,Price Sensitive,False,1.0,4697.0,2026-03-09
CUST00351,Customer 351,customer351@example.com,Delhi,37,Organic,2025-12-27,New Customer,False,1.0,2999.0,2026-01-17
CUST00352,Customer 352,customer352@example.com,Pune,48,Organic,2025-10-14,New Customer,False,1.0,3998.0,2026-05-26
CUST00353,Customer 353,customer353@example.com,Chennai,36,Instagram,2025-10-21,Dormant,False,0.0,0.0,2025-10-21
CUST00354,Customer 354,customer354@example.com,Kolkata,40,Google,2025-05-29,Price Sensitive,False,3.0,5596.0,2025-10-22
CUST00355,Customer 355,customer355@example.com,Bangalore,40,Referral,2025-12-02,New Customer,False,1.0,699.0,2025-03-02
CUST00356,Customer 356,customer356@example.com,Delhi,52,Organic,2026-04-23,New Customer,False,1.0,2498.0,2025-06-14
CUST00357,Customer 357,customer357@example.com,Bangalore,55,Google,2025-05-05,High Value,True,6.0,13391.0,2026-05-17
CUST00358,Customer 358,customer358@example.com,Delhi,32,Instagram,2025-02-21,New Customer,False,2.0,3897.0,2026-03-16
CUST00359,Customer 359,customer359@example.com,Bangalore,26,Instagram,2026-05-09,Repeat Buyer,False,1.0,4798.0,2025-03-30
CUST00360,Customer 360,customer360@example.com,Kolkata,48,Referral,2025-11-30,High Value,False,8.0,29286.0,2026-07-17
CUST00361,Customer 361,customer361@example.com,Pune,36,Direct,2025-01-31,New Customer,False,1.0,3798.0,2025-12-24
CUST00362,Customer 362,customer362@example.com,Delhi,52,Direct,2026-01-06,Window Shopper,True,0.0,0.0,2026-01-06
CUST00363,Customer 363,customer363@example.com,Mumbai,44,Google,2026-04-24,Window Shopper,True,0.0,0.0,2026-04-24
CUST00364,Customer 364,customer364@example.com,Kolkata,49,Google,2026-04-25,Window Shopper,False,1.0,5497.0,2026-06-06
CUST00365,Customer 365,customer365@example.com,Chennai,20,Instagram,2025-06-02,Price Sensitive,False,1.0,4697.0,2026-08-14
CUST00366,Customer 366,customer366@example.com,Pune,36,Referral,2025-11-25,High Value,True,5.0,16192.0,2026-02-14
CUST00367,Customer 367,customer367@example.com,Mumbai,50,Referral,2025-05-20,High Value,True,2.0,7296.0,2025-12-03
CUST00368,Customer 368,customer368@example.com,Mumbai,47,Direct,2025-05-12,New Customer,True,2.0,4596.0,2026-03-19
CUST00369,Customer 369,customer369@example.com,Pune,36,YouTube,2025-12-12,Price Sensitive,True,1.0,9497.0,2026-06-22
CUST00370,Customer 370,customer370@example.com,Kolkata,45,YouTube,2025-06-17,Price Sensitive,True,3.0,5494.0,2026-08-08
CUST00371,Customer 371,customer371@example.com,Mumbai,26,Referral,2025-06-15,New Customer,False,1.0,3898.0,2026-02-04
CUST00372,Customer 372,customer372@example.com,Kolkata,33,Referral,2026-01-21,Dormant,True,0.0,0.0,2026-01-21
CUST00373,Customer 373,customer373@example.com,Hyderabad,34,Direct,2025-07-04,New Customer,False,1.0,3798.0,2026-03-13
CUST00374,Customer 374,customer374@example.com,Bangalore,47,Organic,2025-03-23,Price Sensitive,True,2.0,4796.0,2026-03-14
CUST00375,Customer 375,customer375@example.com,Chennai,25,Direct,2026-04-15,Repeat Buyer,True,3.0,10694.0,2025-12-17
CUST00376,Customer 376,customer376@example.com,Delhi,32,Google,2025-09-02,Dormant,False,1.0,2499.0,2026-02-01
CUST00377,Customer 377,customer377@example.com,Pune,44,Direct,2025-10-09,New Customer,False,2.0,5497.0,2026-07-16
CUST00378,Customer 378,customer378@example.com,Delhi,33,Direct,2026-01-22,Window Shopper,False,0.0,0.0,2026-01-22
CUST00379,Customer 379,customer379@example.com,Ahmedabad,51,Direct,2025-07-05,High Value,False,3.0,8894.0,2026-07-09
CUST00380,Customer 380,customer380@example.com,Hyderabad,53,YouTube,2025-04-14,New Customer,False,0.0,0.0,2025-04-14
CUST00381,Customer 381,customer381@example.com,Pune,51,Referral,2025-03-01,High Value,True,5.0,19691.0,2026-06-11
CUST00382,Customer 382,customer382@example.com,Ahmedabad,23,YouTube,2025-08-17,Price Sensitive,False,1.0,1398.0,2025-10-30
CUST00383,Customer 383,customer383@example.com,Kolkata,47,YouTube,2025-01-30,Window Shopper,False,0.0,0.0,2025-01-30
CUST00384,Customer 384,customer384@example.com,Chennai,19,Referral,2025-05-11,High Value,True,8.0,17088.0,2026-06-07
CUST00385,Customer 385,customer385@example.com,Bangalore,20,Referral,2025-06-26,Window Shopper,False,0.0,0.0,2025-06-26
CUST00386,Customer 386,customer386@example.com,Hyderabad,22,Referral,2025-01-17,Price Sensitive,False,2.0,3896.0,2026-04-02
CUST00387,Customer 387,customer387@example.com,Mumbai,44,Organic,2026-04-02,New Customer,True,2.0,8096.0,2026-04-02
CUST00388,Customer 388,customer388@example.com,Kolkata,42,Instagram,2025-12-16,Repeat Buyer,False,5.0,20687.0,2026-02-01
CUST00389,Customer 389,customer389@example.com,Mumbai,40,Instagram,2025-04-02,Dormant,False,0.0,0.0,2025-04-02
CUST00390,Customer 390,customer390@example.com,Mumbai,32,Instagram,2026-01-23,Dormant,False,1.0,1998.0,2025-06-18
CUST00391,Customer 391,customer391@example.com,Kolkata,52,Referral,2026-02-26,New Customer,False,1.0,1698.0,2025-12-24
CUST00392,Customer 392,customer392@example.com,Mumbai,35,Google,2026-04-25,New Customer,False,1.0,7997.0,2026-03-13
CUST00393,Customer 393,customer393@example.com,Hyderabad,44,YouTube,2026-01-28,Window Shopper,False,0.0,0.0,2026-01-28
CUST00394,Customer 394,customer394@example.com,Delhi,31,Instagram,2025-02-21,Dormant,False,0.0,0.0,2025-02-21
CUST00395,Customer 395,customer395@example.com,Hyderabad,33,Direct,2025-01-23,High Value,True,6.0,19787.0,2026-02-12
CUST00396,Customer 396,customer396@example.com,Delhi,21,Google,2025-09-15,Repeat Buyer,True,4.0,14694.0,2026-06-28
CUST00397,Customer 397,customer397@example.com,Pune,54,YouTube,2026-01-31,Dormant,False,1.0,2998.0,2025-06-21
CUST00398,Customer 398,customer398@example.com,Chennai,27,Direct,2025-09-24,Price Sensitive,False,3.0,8795.0,2026-05-29
CUST00399,Customer 399,customer399@example.com,Hyderabad,53,YouTube,2026-03-27,New Customer,False,2.0,7096.0,2026-04-19
CUST00400,Customer 400,customer400@example.com,Kolkata,53,Referral,2025-01-25,Price Sensitive,True,2.0,2598.0,2026-03-28
CUST00401,Customer 401,customer401@example.com,Kolkata,51,Organic,2025-12-23,Dormant,False,0.0,0.0,2025-12-23
CUST00402,Customer 402,customer402@example.com,Kolkata,29,YouTube,2025-08-31,Repeat Buyer,True,6.0,19091.0,2026-08-23
CUST00403,Customer 403,customer403@example.com,Mumbai,47,Instagram,2025-10-15,New Customer,False,1.0,499.0,2025-12-17
CUST00404,Customer 404,customer404@example.com,Mumbai,42,Google,2025-05-11,Repeat Buyer,True,3.0,7196.0,2026-06-03
CUST00405,Customer 405,customer405@example.com,Ahmedabad,41,Instagram,2025-10-02,New Customer,False,1.0,899.0,2026-05-26
CUST00406,Customer 406,customer406@example.com,Chennai,42,Direct,2025-11-06,Price Sensitive,True,1.0,5498.0,2026-03-19
CUST00407,Customer 407,customer407@example.com,Delhi,55,Direct,2025-12-10,High Value,False,5.0,19390.0,2026-04-06
CUST00408,Customer 408,customer408@example.com,Pune,37,Instagram,2025-04-19,High Value,True,3.0,12794.0,2026-03-28
CUST00409,Customer 409,customer409@example.com,Bangalore,48,Google,2025-12-23,Dormant,False,0.0,0.0,2025-12-23
CUST00410,Customer 410,customer410@example.com,Delhi,53,Organic,2026-02-02,High Value,True,7.0,27286.0,2026-06-20
CUST00411,Customer 411,customer411@example.com,Pune,37,Organic,2025-07-04,New Customer,False,2.0,9095.0,2026-07-25
CUST00412,Customer 412,customer412@example.com,Bangalore,48,Organic,2026-04-14,Repeat Buyer,True,3.0,10395.0,2026-07-16
CUST00413,Customer 413,customer413@example.com,Hyderabad,54,Google,2026-01-15,New Customer,False,1.0,2499.0,2026-03-14
CUST00414,Customer 414,customer414@example.com,Kolkata,36,Google,2025-04-11,New Customer,False,1.0,3098.0,2025-10-08
CUST00415,Customer 415,customer415@example.com,Delhi,49,YouTube,2025-12-02,Repeat Buyer,True,5.0,16590.0,2026-06-15
CUST00416,Customer 416,customer416@example.com,Ahmedabad,49,Referral,2025-03-28,Dormant,False,0.0,0.0,2025-03-28
CUST00417,Customer 417,customer417@example.com,Mumbai,52,Referral,2025-04-05,Price Sensitive,False,2.0,11296.0,2026-01-18
CUST00418,Customer 418,customer418@example.com,Hyderabad,51,Instagram,2026-03-06,Window Shopper,False,0.0,0.0,2026-03-06
CUST00419,Customer 419,customer419@example.com,Hyderabad,18,Referral,2025-03-12,Window Shopper,False,1.0,2999.0,2025-11-09
CUST00420,Customer 420,customer420@example.com,Mumbai,18,Google,2025-09-16,Window Shopper,False,1.0,2998.0,2026-06-14
CUST00421,Customer 421,customer421@example.com,Ahmedabad,49,Instagram,2025-01-04,Repeat Buyer,True,6.0,19289.0,2026-08-20
CUST00422,Customer 422,customer422@example.com,Hyderabad,51,Direct,2025-05-21,High Value,True,7.0,24587.0,2026-02-13
CUST00423,Customer 423,customer423@example.com,Kolkata,29,Instagram,2026-04-16,High Value,True,4.0,10893.0,2026-03-02
CUST00424,Customer 424,customer424@example.com,Delhi,51,Organic,2026-02-22,New Customer,True,1.0,7997.0,2025-07-22
CUST00425,Customer 425,customer425@example.com,Bangalore,41,Referral,2025-08-24,Repeat Buyer,False,6.0,20889.0,2026-05-24
CUST00426,Customer 426,customer426@example.com,Delhi,37,Direct,2026-02-28,High Value,False,3.0,5095.0,2026-04-17
CUST00427,Customer 427,customer427@example.com,Hyderabad,23,Referral,2025-07-14,Window Shopper,False,0.0,0.0,2025-07-14
CUST00428,Customer 428,customer428@example.com,Hyderabad,28,Instagram,2025-09-13,Repeat Buyer,True,4.0,6095.0,2026-04-09
CUST00429,Customer 429,customer429@example.com,Pune,54,Instagram,2026-04-04,Window Shopper,False,1.0,1299.0,2025-07-21
CUST00430,Customer 430,customer430@example.com,Delhi,54,Referral,2025-05-19,High Value,True,7.0,21887.0,2026-06-25
CUST00431,Customer 431,customer431@example.com,Chennai,52,YouTube,2025-12-03,New Customer,True,1.0,5797.0,2025-10-26
CUST00432,Customer 432,customer432@example.com,Pune,19,Google,2025-10-28,New Customer,False,2.0,4496.0,2026-07-03
CUST00433,Customer 433,customer433@example.com,Kolkata,22,Organic,2025-03-25,New Customer,False,0.0,0.0,2025-03-25
CUST00434,Customer 434,customer434@example.com,Kolkata,52,Organic,2025-07-16,High Value,True,7.0,22788.0,2026-03-22
CUST00435,Customer 435,customer435@example.com,Bangalore,50,Direct,2026-05-14,Price Sensitive,True,1.0,2998.0,2026-07-23
CUST00436,Customer 436,customer436@example.com,Delhi,22,Organic,2025-11-06,Repeat Buyer,True,4.0,11393.0,2026-08-21
CUST00437,Customer 437,customer437@example.com,Kolkata,38,Instagram,2025-11-21,Price Sensitive,False,3.0,6695.0,2026-07-29
CUST00438,Customer 438,customer438@example.com,Ahmedabad,32,Organic,2025-10-11,New Customer,False,2.0,7197.0,2026-05-02
CUST00439,Customer 439,customer439@example.com,Kolkata,23,YouTube,2025-06-01,Dormant,False,0.0,0.0,2025-06-01
CUST00440,Customer 440,customer440@example.com,Bangalore,35,Google,2025-07-14,Price Sensitive,False,1.0,5498.0,2026-06-02
CUST00441,Customer 441,customer441@example.com,Kolkata,38,Organic,2025-02-24,Price Sensitive,False,1.0,4298.0,2025-09-13
CUST00442,Customer 442,customer442@example.com,Ahmedabad,41,Organic,2025-02-22,New Customer,False,0.0,0.0,2025-02-22
CUST00443,Customer 443,customer443@example.com,Ahmedabad,53,YouTube,2025-09-20,New Customer,True,2.0,9496.0,2025-12-27
CUST00444,Customer 444,customer444@example.com,Pune,53,Instagram,2025-11-02,Repeat Buyer,True,5.0,16889.0,2026-08-01
CUST00445,Customer 445,customer445@example.com,Kolkata,18,Organic,2025-07-31,High Value,True,6.0,29985.0,2026-07-27
CUST00446,Customer 446,customer446@example.com,Delhi,54,YouTube,2025-03-28,Repeat Buyer,True,4.0,14291.0,2026-08-11
CUST00447,Customer 447,customer447@example.com,Chennai,37,Organic,2025-09-10,Price Sensitive,True,1.0,1799.0,2025-12-09
CUST00448,Customer 448,customer448@example.com,Chennai,44,Organic,2025-09-05,New Customer,True,1.0,4298.0,2025-08-25
CUST00449,Customer 449,customer449@example.com,Delhi,49,YouTube,2025-11-12,Price Sensitive,False,0.0,0.0,2025-11-12
CUST00450,Customer 450,customer450@example.com,Chennai,18,Referral,2025-06-20,New Customer,True,1.0,3999.0,2025-11-20
CUST00451,Customer 451,customer451@example.com,Pune,46,Organic,2025-08-09,Window Shopper,False,0.0,0.0,2025-08-09
CUST00452,Customer 452,customer452@example.com,Mumbai,37,Organic,2025-11-05,Window Shopper,False,0.0,0.0,2025-11-05
CUST00453,Customer 453,customer453@example.com,Pune,29,Referral,2026-05-11,Dormant,False,1.0,499.0,2026-07-28
CUST00454,Customer 454,customer454@example.com,Ahmedabad,54,Google,2025-06-16,Repeat Buyer,False,5.0,11491.0,2026-06-19
CUST00455,Customer 455,customer455@example.com,Kolkata,41,Instagram,2026-04-23,Repeat Buyer,False,4.0,9794.0,2026-03-12
CUST00456,Customer 456,customer456@example.com,Mumbai,53,Instagram,2026-05-03,High Value,True,5.0,12093.0,2026-06-24
CUST00457,Customer 457,customer457@example.com,Delhi,46,Organic,2026-03-02,Price Sensitive,False,3.0,6996.0,2026-01-13
CUST00458,Customer 458,customer458@example.com,Kolkata,49,Google,2025-11-21,Price Sensitive,False,1.0,1499.0,2026-02-01
CUST00459,Customer 459,customer459@example.com,Mumbai,45,Referral,2025-02-07,Repeat Buyer,True,5.0,15293.0,2026-08-03
CUST00460,Customer 460,customer460@example.com,Kolkata,52,YouTube,2026-04-18,Repeat Buyer,True,4.0,18290.0,2026-07-22
CUST00461,Customer 461,customer461@example.com,Hyderabad,41,Direct,2026-04-04,Dormant,False,0.0,0.0,2026-04-04
CUST00462,Customer 462,customer462@example.com,Bangalore,24,Google,2025-12-03,Window Shopper,False,0.0,0.0,2025-12-03
CUST00463,Customer 463,customer463@example.com,Hyderabad,54,Direct,2025-12-13,Price Sensitive,True,1.0,2998.0,2025-03-22
CUST00464,Customer 464,customer464@example.com,Pune,45,Instagram,2025-01-06,High Value,False,7.0,22685.0,2026-06-23
CUST00465,Customer 465,customer465@example.com,Delhi,46,Organic,2025-07-20,New Customer,False,2.0,8997.0,2026-08-02
CUST00466,Customer 466,customer466@example.com,Mumbai,40,Instagram,2025-09-05,Repeat Buyer,True,2.0,5496.0,2025-06-13
CUST00467,Customer 467,customer467@example.com,Bangalore,25,Direct,2025-03-14,New Customer,False,1.0,2298.0,2026-04-03
CUST00468,Customer 468,customer468@example.com,Delhi,51,Referral,2025-06-28,Repeat Buyer,True,5.0,18091.0,2026-07-02
CUST00469,Customer 469,customer469@example.com,Ahmedabad,38,Instagram,2025-06-03,Repeat Buyer,True,3.0,4395.0,2026-07-22
CUST00470,Customer 470,customer470@example.com,Hyderabad,39,Direct,2025-02-25,New Customer,False,2.0,7397.0,2026-06-22
CUST00471,Customer 471,customer471@example.com,Delhi,51,Google,2025-10-10,Price Sensitive,True,2.0,8695.0,2025-09-14
CUST00472,Customer 472,customer472@example.com,Ahmedabad,32,Referral,2025-11-19,New Customer,False,1.0,4298.0,2025-03-01
CUST00473,Customer 473,customer473@example.com,Kolkata,43,Instagram,2026-01-13,New Customer,False,1.0,2999.0,2025-07-03
CUST00474,Customer 474,customer474@example.com,Kolkata,42,Instagram,2025-12-27,High Value,True,7.0,15289.0,2026-06-15
CUST00475,Customer 475,customer475@example.com,Bangalore,54,Instagram,2026-02-14,New Customer,False,1.0,1799.0,2026-04-27
CUST00476,Customer 476,customer476@example.com,Pune,30,Referral,2025-02-28,Window Shopper,True,0.0,0.0,2025-02-28
CUST00477,Customer 477,customer477@example.com,Pune,42,YouTube,2025-07-20,New Customer,False,1.0,1299.0,2026-02-11
CUST00478,Customer 478,customer478@example.com,Ahmedabad,29,Direct,2025-12-28,High Value,True,5.0,15090.0,2026-05-04
CUST00479,Customer 479,customer479@example.com,Bangalore,26,Organic,2025-03-02,Window Shopper,False,1.0,2999.0,2025-10-28
CUST00480,Customer 480,customer480@example.com,Pune,27,YouTube,2025-07-18,New Customer,True,2.0,3097.0,2026-06-28
CUST00481,Customer 481,customer481@example.com,Kolkata,45,Google,2025-09-07,Repeat Buyer,True,5.0,20791.0,2026-05-24
CUST00482,Customer 482,customer482@example.com,Mumbai,53,Google,2025-09-08,High Value,True,4.0,8894.0,2025-07-24
CUST00483,Customer 483,customer483@example.com,Ahmedabad,21,Organic,2026-05-03,New Customer,True,0.0,0.0,2026-05-03
CUST00484,Customer 484,customer484@example.com,Kolkata,53,YouTube,2025-12-01,New Customer,True,2.0,9296.0,2026-05-30
CUST00485,Customer 485,customer485@example.com,Kolkata,46,Referral,2025-03-27,Repeat Buyer,True,3.0,13094.0,2026-05-22
CUST00486,Customer 486,customer486@example.com,Delhi,36,Instagram,2025-05-21,New Customer,True,1.0,2798.0,2025-11-12
CUST00487,Customer 487,customer487@example.com,Ahmedabad,54,Direct,2026-01-31,New Customer,False,1.0,2499.0,2025-11-20
CUST00488,Customer 488,customer488@example.com,Bangalore,54,Instagram,2025-05-18,Price Sensitive,False,3.0,6596.0,2025-12-22
CUST00489,Customer 489,customer489@example.com,Pune,52,Instagram,2026-01-25,Price Sensitive,False,1.0,2798.0,2026-03-08
CUST00490,Customer 490,customer490@example.com,Kolkata,24,Direct,2026-03-01,Price Sensitive,False,1.0,899.0,2025-12-29
CUST00491,Customer 491,customer491@example.com,Hyderabad,46,Organic,2025-06-28,Price Sensitive,False,1.0,2798.0,2026-04-16
CUST00492,Customer 492,customer492@example.com,Bangalore,33,Google,2026-02-20,Window Shopper,True,1.0,5297.0,2026-02-25
CUST00493,Customer 493,customer493@example.com,Kolkata,28,YouTube,2025-03-13,Price Sensitive,False,2.0,7996.0,2025-07-16
CUST00494,Customer 494,customer494@example.com,Hyderabad,54,Organic,2025-09-30,Price Sensitive,False,3.0,9194.0,2026-06-22
CUST00495,Customer 495,customer495@example.com,Pune,36,Organic,2025-10-21,New Customer,False,2.0,8495.0,2026-02-15
CUST00496,Customer 496,customer496@example.com,Bangalore,26,Referral,2026-04-16,New Customer,False,1.0,3997.0,2025-05-16
CUST00497,Customer 497,customer497@example.com,Mumbai,26,Google,2025-03-16,New Customer,False,1.0,1398.0,2025-11-03
CUST00498,Customer 498,customer498@example.com,Kolkata,49,Google,2025-10-23,Price Sensitive,False,3.0,10993.0,2026-05-06
CUST00499,Customer 499,customer499@example.com,Kolkata,46,Instagram,2025-11-21,High Value,True,6.0,22989.0,2026-07-20
CUST00500,Customer 500,customer500@example.com,Kolkata,50,Direct,2025-05-23,Price Sensitive,False,1.0,2499.0,2025-12-20
CUST00501,Customer 501,customer501@example.com,Ahmedabad,49,Organic,2025-10-25,Price Sensitive,False,2.0,4796.0,2025-12-09
CUST00502,Customer 502,customer502@example.com,Bangalore,47,Direct,2025-12-07,New Customer,False,1.0,899.0,2025-04-20
CUST00503,Customer 503,customer503@example.com,Kolkata,31,Referral,2026-02-27,Price Sensitive,False,2.0,6697.0,2025-11-27
CUST00504,Customer 504,customer504@example.com,Chennai,39,YouTube,2025-10-23,New Customer,False,2.0,6696.0,2026-06-30
CUST00505,Customer 505,customer505@example.com,Pune,21,Instagram,2025-02-20,New Customer,False,1.0,3498.0,2025-05-06
CUST00506,Customer 506,customer506@example.com,Hyderabad,25,Google,2025-08-14,High Value,False,6.0,19989.0,2026-07-30
CUST00507,Customer 507,customer507@example.com,Kolkata,30,Direct,2026-04-11,Repeat Buyer,False,5.0,19190.0,2026-01-17
CUST00508,Customer 508,customer508@example.com,Mumbai,35,Instagram,2025-12-02,New Customer,False,1.0,3998.0,2026-04-12
CUST00509,Customer 509,customer509@example.com,Mumbai,21,Referral,2025-11-17,Repeat Buyer,True,5.0,14991.0,2026-07-07
CUST00510,Customer 510,customer510@example.com,Delhi,45,Direct,2025-02-16,Repeat Buyer,True,2.0,8696.0,2025-12-29
CUST00511,Customer 511,customer511@example.com,Ahmedabad,22,Google,2025-10-31,Price Sensitive,True,1.0,3898.0,2026-04-10
CUST00512,Customer 512,customer512@example.com,Hyderabad,18,Direct,2025-06-25,New Customer,False,2.0,4797.0,2026-04-09
CUST00513,Customer 513,customer513@example.com,Kolkata,26,Referral,2025-02-06,Window Shopper,False,1.0,4698.0,2025-08-11
CUST00514,Customer 514,customer514@example.com,Bangalore,24,Organic,2025-07-08,New Customer,True,0.0,0.0,2025-07-08
CUST00515,Customer 515,customer515@example.com,Mumbai,27,Instagram,2025-09-29,Window Shopper,True,0.0,0.0,2025-09-29
CUST00516,Customer 516,customer516@example.com,Mumbai,46,Organic,2026-01-05,High Value,True,4.0,11494.0,2026-04-11
CUST00517,Customer 517,customer517@example.com,Kolkata,46,Google,2025-02-14,New Customer,False,1.0,1698.0,2025-04-03
CUST00518,Customer 518,customer518@example.com,Bangalore,55,Direct,2025-07-16,Window Shopper,True,0.0,0.0,2025-07-16
CUST00519,Customer 519,customer519@example.com,Mumbai,33,Organic,2025-11-27,Repeat Buyer,True,2.0,5795.0,2025-10-04
CUST00520,Customer 520,customer520@example.com,Chennai,19,Direct,2026-03-25,New Customer,False,1.0,3197.0,2026-05-23
CUST00521,Customer 521,customer521@example.com,Delhi,43,Organic,2025-11-27,Repeat Buyer,True,3.0,7294.0,2025-09-05
CUST00522,Customer 522,customer522@example.com,Delhi,49,Referral,2025-02-27,New Customer,False,1.0,4397.0,2026-06-02
CUST00523,Customer 523,customer523@example.com,Bangalore,51,Instagram,2025-07-04,New Customer,False,1.0,3498.0,2025-11-02
CUST00524,Customer 524,customer524@example.com,Kolkata,41,YouTube,2025-12-16,Dormant,True,0.0,0.0,2025-12-16
CUST00525,Customer 525,customer525@example.com,Bangalore,19,YouTube,2025-02-04,New Customer,False,2.0,4296.0,2026-03-23
CUST00526,Customer 526,customer526@example.com,Hyderabad,43,YouTube,2025-05-27,New Customer,False,1.0,1398.0,2025-11-12
CUST00527,Customer 527,customer527@example.com,Kolkata,45,Direct,2025-07-25,High Value,True,3.0,7095.0,2026-01-01
CUST00528,Customer 528,customer528@example.com,Mumbai,35,Instagram,2025-06-08,New Customer,False,2.0,5996.0,2025-08-29
CUST00529,Customer 529,customer529@example.com,Mumbai,52,Organic,2025-07-20,New Customer,False,1.0,899.0,2026-07-09
CUST00530,Customer 530,customer530@example.com,Bangalore,37,Direct,2025-08-12,High Value,False,5.0,21890.0,2025-07-23
CUST00531,Customer 531,customer531@example.com,Hyderabad,33,Instagram,2026-04-19,Price Sensitive,False,1.0,1499.0,2025-04-17
CUST00532,Customer 532,customer532@example.com,Hyderabad,37,Direct,2026-01-15,Repeat Buyer,True,3.0,10394.0,2025-12-15
CUST00533,Customer 533,customer533@example.com,Hyderabad,26,Direct,2025-01-06,Price Sensitive,True,3.0,10496.0,2026-03-05
CUST00534,Customer 534,customer534@example.com,Chennai,28,Organic,2025-03-06,New Customer,False,1.0,3798.0,2026-06-23
CUST00535,Customer 535,customer535@example.com,Bangalore,19,Organic,2026-02-18,Price Sensitive,False,2.0,10096.0,2025-08-22
CUST00536,Customer 536,customer536@example.com,Chennai,54,Direct,2025-02-09,Repeat Buyer,True,1.0,6197.0,2025-05-16
CUST00537,Customer 537,customer537@example.com,Hyderabad,49,YouTube,2025-03-27,Repeat Buyer,True,5.0,15193.0,2026-08-05
CUST00538,Customer 538,customer538@example.com,Bangalore,54,Direct,2026-01-06,Repeat Buyer,True,4.0,10194.0,2026-06-15
CUST00539,Customer 539,customer539@example.com,Hyderabad,20,Instagram,2025-05-06,New Customer,False,2.0,7396.0,2025-12-30
CUST00540,Customer 540,customer540@example.com,Mumbai,29,Instagram,2025-10-11,New Customer,False,1.0,3998.0,2025-07-06
CUST00541,Customer 541,customer541@example.com,Kolkata,32,Organic,2025-05-08,Window Shopper,False,0.0,0.0,2025-05-08
CUST00542,Customer 542,customer542@example.com,Chennai,22,YouTube,2025-07-10,Repeat Buyer,False,5.0,13294.0,2026-06-19
CUST00543,Customer 543,customer543@example.com,Hyderabad,29,Google,2026-02-16,New Customer,False,1.0,4697.0,2025-09-11
CUST00544,Customer 544,customer544@example.com,Kolkata,22,Referral,2026-03-20,Repeat Buyer,True,5.0,21088.0,2026-08-19
CUST00545,Customer 545,customer545@example.com,Pune,23,YouTube,2025-08-22,New Customer,False,1.0,2998.0,2025-11-10
CUST00546,Customer 546,customer546@example.com,Chennai,33,Referral,2025-07-08,New Customer,False,1.0,2998.0,2025-04-27
CUST00547,Customer 547,customer547@example.com,Delhi,52,Google,2025-03-19,High Value,True,4.0,14892.0,2026-03-09
CUST00548,Customer 548,customer548@example.com,Delhi,52,Organic,2025-11-22,New Customer,False,1.0,999.0,2026-01-01
CUST00549,Customer 549,customer549@example.com,Pune,18,Direct,2025-07-12,Window Shopper,False,0.0,0.0,2025-07-12
CUST00550,Customer 550,customer550@example.com,Bangalore,31,YouTube,2025-05-02,Window Shopper,False,0.0,0.0,2025-05-02
CUST00551,Customer 551,customer551@example.com,Mumbai,35,Instagram,2025-01-23,Repeat Buyer,False,6.0,21487.0,2026-06-20
CUST00552,Customer 552,customer552@example.com,Kolkata,41,Referral,2026-05-14,Dormant,False,1.0,2499.0,2026-07-29
CUST00553,Customer 553,customer553@example.com,Mumbai,43,Instagram,2025-10-31,Price Sensitive,False,2.0,3297.0,2026-03-22
CUST00554,Customer 554,customer554@example.com,Mumbai,33,Organic,2025-05-14,High Value,True,4.0,11095.0,2025-07-29
CUST00555,Customer 555,customer555@example.com,Kolkata,38,Organic,2025-08-20,Window Shopper,False,0.0,0.0,2025-08-20
CUST00556,Customer 556,customer556@example.com,Delhi,26,YouTube,2025-02-25,New Customer,True,1.0,1499.0,2026-07-06
CUST00557,Customer 557,customer557@example.com,Ahmedabad,38,Referral,2025-03-03,New Customer,True,0.0,0.0,2025-03-03
CUST00558,Customer 558,customer558@example.com,Delhi,46,Organic,2025-08-26,High Value,False,8.0,41383.0,2026-07-31
CUST00559,Customer 559,customer559@example.com,Mumbai,37,Direct,2025-12-23,New Customer,True,0.0,0.0,2025-12-23
CUST00560,Customer 560,customer560@example.com,Pune,27,Instagram,2025-12-31,High Value,True,6.0,17491.0,2026-04-24
CUST00561,Customer 561,customer561@example.com,Hyderabad,37,Organic,2026-02-24,New Customer,False,2.0,10795.0,2026-06-08
CUST00562,Customer 562,customer562@example.com,Kolkata,46,YouTube,2026-01-19,Dormant,True,1.0,2498.0,2025-08-22
CUST00563,Customer 563,customer563@example.com,Bangalore,26,Instagram,2025-01-07,High Value,True,8.0,30383.0,2026-05-19
CUST00564,Customer 564,customer564@example.com,Delhi,26,Google,2026-02-26,New Customer,False,1.0,2298.0,2026-08-21
CUST00565,Customer 565,customer565@example.com,Bangalore,55,YouTube,2025-05-13,Repeat Buyer,True,3.0,11493.0,2026-03-29
CUST00566,Customer 566,customer566@example.com,Bangalore,30,Direct,2025-08-16,Window Shopper,True,0.0,0.0,2025-08-16
CUST00567,Customer 567,customer567@example.com,Pune,25,Instagram,2026-04-28,Window Shopper,True,1.0,4497.0,2025-03-17
CUST00568,Customer 568,customer568@example.com,Kolkata,43,Referral,2025-01-16,Repeat Buyer,True,4.0,17692.0,2026-06-18
CUST00569,Customer 569,customer569@example.com,Pune,31,Google,2025-05-21,Repeat Buyer,True,6.0,20188.0,2026-05-22
CUST00570,Customer 570,customer570@example.com,Hyderabad,33,Direct,2025-06-01,New Customer,False,1.0,3998.0,2025-11-11
CUST00571,Customer 571,customer571@example.com,Ahmedabad,21,Instagram,2025-05-24,Repeat Buyer,False,2.0,10694.0,2026-02-17
CUST00572,Customer 572,customer572@example.com,Delhi,52,Instagram,2025-07-15,Repeat Buyer,True,1.0,1998.0,2026-01-16
CUST00573,Customer 573,customer573@example.com,Ahmedabad,40,YouTube,2025-09-15,Price Sensitive,False,2.0,3198.0,2026-07-21
CUST00574,Customer 574,customer574@example.com,Hyderabad,38,YouTube,2025-04-23,Repeat Buyer,True,2.0,9995.0,2026-07-13
CUST00575,Customer 575,customer575@example.com,Chennai,21,Referral,2025-09-29,New Customer,False,1.0,6498.0,2026-07-29
CUST00576,Customer 576,customer576@example.com,Delhi,28,Instagram,2025-05-07,Repeat Buyer,True,3.0,10494.0,2026-03-30
CUST00577,Customer 577,customer577@example.com,Hyderabad,32,YouTube,2026-03-10,Price Sensitive,False,2.0,5796.0,2026-07-28
CUST00578,Customer 578,customer578@example.com,Mumbai,29,Google,2025-10-31,Dormant,False,0.0,0.0,2025-10-31
CUST00579,Customer 579,customer579@example.com,Pune,55,Instagram,2025-12-27,Repeat Buyer,False,4.0,11893.0,2026-04-29
CUST00580,Customer 580,customer580@example.com,Mumbai,54,Google,2026-03-05,Price Sensitive,False,3.0,6495.0,2026-08-02
CUST00581,Customer 581,customer581@example.com,Ahmedabad,52,Organic,2025-03-31,Dormant,False,0.0,0.0,2025-03-31
CUST00582,Customer 582,customer582@example.com,Delhi,32,Instagram,2025-09-27,Repeat Buyer,True,2.0,7696.0,2025-10-16
CUST00583,Customer 583,customer583@example.com,Delhi,26,Organic,2026-01-03,Repeat Buyer,True,1.0,3998.0,2026-04-04
CUST00584,Customer 584,customer584@example.com,Pune,21,Instagram,2025-03-17,New Customer,False,1.0,2998.0,2025-03-05
CUST00585,Customer 585,customer585@example.com,Bangalore,51,Organic,2026-05-07,High Value,False,4.0,13091.0,2026-06-25
CUST00586,Customer 586,customer586@example.com,Kolkata,55,Instagram,2025-06-22,New Customer,False,1.0,4397.0,2026-08-10
CUST00587,Customer 587,customer587@example.com,Mumbai,45,Direct,2026-05-07,Repeat Buyer,True,5.0,18490.0,2026-08-02
CUST00588,Customer 588,customer588@example.com,Pune,32,Direct,2025-10-29,Repeat Buyer,True,2.0,9796.0,2025-10-17
CUST00589,Customer 589,customer589@example.com,Chennai,26,Google,2026-01-09,Window Shopper,False,0.0,0.0,2026-01-09
CUST00590,Customer 590,customer590@example.com,Kolkata,54,Instagram,2025-04-04,New Customer,False,1.0,499.0,2025-06-09
CUST00591,Customer 591,customer591@example.com,Delhi,54,Instagram,2026-04-25,High Value,False,5.0,14591.0,2026-04-17
CUST00592,Customer 592,customer592@example.com,Bangalore,33,Organic,2025-06-13,Repeat Buyer,True,5.0,13592.0,2026-05-22
CUST00593,Customer 593,customer593@example.com,Bangalore,39,Referral,2025-01-06,New Customer,False,1.0,3798.0,2026-04-24
CUST00594,Customer 594,customer594@example.com,Bangalore,40,Organic,2026-02-07,New Customer,False,0.0,0.0,2026-02-07
CUST00595,Customer 595,customer595@example.com,Kolkata,46,Direct,2025-08-03,New Customer,True,2.0,5297.0,2026-05-28
CUST00596,Customer 596,customer596@example.com,Ahmedabad,42,Organic,2025-10-07,Dormant,False,0.0,0.0,2025-10-07
CUST00597,Customer 597,customer597@example.com,Delhi,28,Referral,2025-02-07,Repeat Buyer,False,6.0,25587.0,2026-07-21
CUST00598,Customer 598,customer598@example.com,Hyderabad,38,Organic,2026-05-03,Price Sensitive,True,1.0,3398.0,2025-06-01
CUST00599,Customer 599,customer599@example.com,Kolkata,28,Direct,2025-02-08,New Customer,False,0.0,0.0,2025-02-08
CUST00600,Customer 600,customer600@example.com,Bangalore,39,YouTube,2025-11-11,High Value,False,4.0,8893.0,2026-04-16
CUST00601,Customer 601,customer601@example.com,Kolkata,28,YouTube,2026-04-01,Window Shopper,False,1.0,2499.0,2025-08-27
CUST00602,Customer 602,customer602@example.com,Pune,31,Google,2025-07-29,Repeat Buyer,True,6.0,16088.0,2026-08-05
CUST00603,Customer 603,customer603@example.com,Chennai,36,Organic,2025-05-02,Price Sensitive,False,2.0,8497.0,2026-06-27
CUST00604,Customer 604,customer604@example.com,Ahmedabad,27,Instagram,2025-07-04,New Customer,False,2.0,5297.0,2026-05-23
CUST00605,Customer 605,customer605@example.com,Ahmedabad,30,Instagram,2025-01-14,New Customer,True,2.0,6096.0,2025-12-02
CUST00606,Customer 606,customer606@example.com,Bangalore,48,Instagram,2025-06-07,New Customer,False,1.0,5298.0,2025-03-14
CUST00607,Customer 607,customer607@example.com,Chennai,23,Direct,2025-10-06,Price Sensitive,False,3.0,10696.0,2026-01-18
CUST00608,Customer 608,customer608@example.com,Kolkata,41,Google,2025-08-17,Repeat Buyer,True,3.0,9896.0,2026-08-16
CUST00609,Customer 609,customer609@example.com,Chennai,32,Organic,2025-10-16,New Customer,False,1.0,2999.0,2026-05-13
CUST00610,Customer 610,customer610@example.com,Bangalore,23,Direct,2025-06-26,New Customer,False,0.0,0.0,2025-06-26
CUST00611,Customer 611,customer611@example.com,Delhi,53,Instagram,2026-03-07,Window Shopper,False,1.0,3298.0,2025-11-21
CUST00612,Customer 612,customer612@example.com,Ahmedabad,54,Google,2025-09-01,Repeat Buyer,True,2.0,7396.0,2026-02-11
CUST00613,Customer 613,customer613@example.com,Hyderabad,50,YouTube,2026-04-07,New Customer,False,2.0,4797.0,2026-03-22
CUST00614,Customer 614,customer614@example.com,Mumbai,25,Referral,2025-03-30,Repeat Buyer,True,4.0,17492.0,2026-06-24
CUST00615,Customer 615,customer615@example.com,Delhi,30,Google,2025-01-22,Dormant,True,0.0,0.0,2025-01-22
CUST00616,Customer 616,customer616@example.com,Kolkata,30,Direct,2025-03-17,Repeat Buyer,False,4.0,16390.0,2026-03-25
CUST00617,Customer 617,customer617@example.com,Bangalore,23,Referral,2025-10-12,Window Shopper,False,0.0,0.0,2025-10-12
CUST00618,Customer 618,customer618@example.com,Chennai,51,Referral,2026-04-15,Repeat Buyer,True,6.0,14890.0,2026-04-11
CUST00619,Customer 619,customer619@example.com,Kolkata,25,Referral,2025-03-18,Window Shopper,False,0.0,0.0,2025-03-18
CUST00620,Customer 620,customer620@example.com,Bangalore,24,YouTube,2026-02-04,New Customer,False,1.0,4997.0,2025-09-29
CUST00621,Customer 621,customer621@example.com,Pune,44,Organic,2025-07-16,New Customer,False,1.0,2998.0,2025-06-01
CUST00622,Customer 622,customer622@example.com,Ahmedabad,20,Google,2025-05-22,Price Sensitive,False,2.0,5497.0,2026-05-16
CUST00623,Customer 623,customer623@example.com,Kolkata,20,Referral,2026-04-01,Repeat Buyer,True,5.0,20290.0,2026-03-27
CUST00624,Customer 624,customer624@example.com,Hyderabad,48,Organic,2026-04-05,Window Shopper,False,1.0,2498.0,2026-05-01
CUST00625,Customer 625,customer625@example.com,Chennai,37,Organic,2026-03-08,Repeat Buyer,True,3.0,5696.0,2026-08-20
CUST00626,Customer 626,customer626@example.com,Bangalore,32,Google,2025-06-03,Repeat Buyer,True,3.0,12995.0,2026-05-30
CUST00627,Customer 627,customer627@example.com,Pune,35,Direct,2025-08-02,Dormant,False,0.0,0.0,2025-08-02
CUST00628,Customer 628,customer628@example.com,Ahmedabad,31,Referral,2026-01-15,High Value,True,5.0,13191.0,2026-05-26
CUST00629,Customer 629,customer629@example.com,Pune,21,YouTube,2026-02-10,Repeat Buyer,True,4.0,18390.0,2026-08-20
CUST00630,Customer 630,customer630@example.com,Kolkata,26,YouTube,2026-03-27,New Customer,False,2.0,9195.0,2026-01-17
CUST00631,Customer 631,customer631@example.com,Delhi,21,Google,2025-01-17,High Value,True,7.0,11990.0,2026-06-26
CUST00632,Customer 632,customer632@example.com,Delhi,35,Organic,2026-02-26,Repeat Buyer,False,2.0,10394.0,2026-04-10
CUST00633,Customer 633,customer633@example.com,Bangalore,19,Google,2025-07-10,Repeat Buyer,True,2.0,4996.0,2026-08-10
CUST00634,Customer 634,customer634@example.com,Ahmedabad,55,YouTube,2025-06-29,Repeat Buyer,True,5.0,17789.0,2026-01-12
CUST00635,Customer 635,customer635@example.com,Chennai,23,Organic,2025-01-15,Repeat Buyer,False,3.0,8395.0,2026-08-14
CUST00636,Customer 636,customer636@example.com,Delhi,32,Direct,2025-04-26,Repeat Buyer,True,4.0,13794.0,2026-07-28
CUST00637,Customer 637,customer637@example.com,Kolkata,50,Instagram,2026-03-19,Price Sensitive,False,1.0,5298.0,2026-01-30
CUST00638,Customer 638,customer638@example.com,Hyderabad,48,Google,2025-11-28,Price Sensitive,False,1.0,899.0,2026-08-04
CUST00639,Customer 639,customer639@example.com,Delhi,34,YouTube,2026-02-17,New Customer,False,2.0,7496.0,2025-09-14
CUST00640,Customer 640,customer640@example.com,Chennai,45,Referral,2026-03-13,Dormant,False,0.0,0.0,2026-03-13
CUST00641,Customer 641,customer641@example.com,Ahmedabad,37,Direct,2025-09-24,Repeat Buyer,True,2.0,8996.0,2026-05-20
CUST00642,Customer 642,customer642@example.com,Bangalore,18,YouTube,2025-12-06,Window Shopper,False,0.0,0.0,2025-12-06
CUST00643,Customer 643,customer643@example.com,Chennai,37,Direct,2025-02-25,Dormant,False,0.0,0.0,2025-02-25
CUST00644,Customer 644,customer644@example.com,Chennai,38,Organic,2025-05-14,Repeat Buyer,True,5.0,18388.0,2026-05-30
CUST00645,Customer 645,customer645@example.com,Chennai,30,Google,2025-09-22,Price Sensitive,False,2.0,3197.0,2026-07-21
CUST00646,Customer 646,customer646@example.com,Kolkata,38,Direct,2025-03-13,Price Sensitive,False,2.0,3697.0,2026-06-30
CUST00647,Customer 647,customer647@example.com,Chennai,34,Referral,2025-07-27,Price Sensitive,False,1.0,3098.0,2025-06-10
CUST00648,Customer 648,customer648@example.com,Delhi,39,Direct,2026-01-01,Repeat Buyer,True,3.0,11193.0,2026-05-23
CUST00649,Customer 649,customer649@example.com,Ahmedabad,40,YouTube,2025-06-03,New Customer,False,0.0,0.0,2025-06-03
CUST00650,Customer 650,customer650@example.com,Mumbai,36,Instagram,2025-08-30,Window Shopper,False,0.0,0.0,2025-08-30
CUST00651,Customer 651,customer651@example.com,Mumbai,39,Direct,2025-02-15,New Customer,False,1.0,4498.0,2026-02-20
CUST00652,Customer 652,customer652@example.com,Chennai,44,Organic,2025-07-10,New Customer,False,1.0,999.0,2026-05-06
CUST00653,Customer 653,customer653@example.com,Bangalore,48,Instagram,2026-03-20,New Customer,False,1.0,4297.0,2026-03-29
CUST00654,Customer 654,customer654@example.com,Bangalore,48,Google,2025-09-14,High Value,True,5.0,13792.0,2026-04-05
CUST00655,Customer 655,customer655@example.com,Chennai,44,Instagram,2026-03-22,New Customer,False,1.0,1499.0,2025-03-13
CUST00656,Customer 656,customer656@example.com,Delhi,39,Referral,2025-10-19,Window Shopper,True,0.0,0.0,2025-10-19
CUST00657,Customer 657,customer657@example.com,Mumbai,38,Direct,2025-04-03,Window Shopper,False,0.0,0.0,2025-04-03
CUST00658,Customer 658,customer658@example.com,Mumbai,38,Direct,2025-01-30,Price Sensitive,False,1.0,3998.0,2026-06-07
CUST00659,Customer 659,customer659@example.com,Mumbai,54,Google,2025-09-08,New Customer,False,1.0,3999.0,2026-03-01
CUST00660,Customer 660,customer660@example.com,Mumbai,45,Direct,2025-08-08,Price Sensitive,False,2.0,7695.0,2025-08-08
CUST00661,Customer 661,customer661@example.com,Kolkata,18,Instagram,2025-10-01,Repeat Buyer,False,4.0,20292.0,2026-06-30
CUST00662,Customer 662,customer662@example.com,Hyderabad,38,YouTube,2025-04-08,New Customer,False,1.0,6498.0,2026-05-08
CUST00663,Customer 663,customer663@example.com,Delhi,32,Direct,2026-03-26,New Customer,True,1.0,5498.0,2026-03-21
CUST00664,Customer 664,customer664@example.com,Kolkata,50,YouTube,2025-06-06,Repeat Buyer,True,3.0,5596.0,2025-07-23
CUST00665,Customer 665,customer665@example.com,Chennai,36,Referral,2026-01-08,New Customer,False,1.0,3999.0,2026-01-04
CUST00666,Customer 666,customer666@example.com,Kolkata,26,Organic,2026-04-07,High Value,True,7.0,23088.0,2026-08-19
CUST00667,Customer 667,customer667@example.com,Mumbai,43,Instagram,2025-04-27,Repeat Buyer,False,5.0,17792.0,2026-05-04
CUST00668,Customer 668,customer668@example.com,Delhi,19,YouTube,2025-09-16,New Customer,False,0.0,0.0,2025-09-16
CUST00669,Customer 669,customer669@example.com,Hyderabad,42,Direct,2025-05-11,New Customer,False,1.0,3898.0,2025-09-07
CUST00670,Customer 670,customer670@example.com,Hyderabad,24,Direct,2026-03-05,Price Sensitive,False,2.0,9195.0,2026-01-23
CUST00671,Customer 671,customer671@example.com,Kolkata,46,Referral,2025-03-05,New Customer,False,1.0,5298.0,2026-08-10
CUST00672,Customer 672,customer672@example.com,Mumbai,31,Direct,2025-12-18,High Value,True,4.0,10894.0,2026-06-25
CUST00673,Customer 673,customer673@example.com,Bangalore,51,Organic,2025-11-15,High Value,True,7.0,18989.0,2026-08-09
CUST00674,Customer 674,customer674@example.com,Bangalore,50,Direct,2025-11-13,High Value,True,4.0,11594.0,2026-06-11
CUST00675,Customer 675,customer675@example.com,Bangalore,49,Google,2025-11-08,New Customer,True,1.0,5498.0,2026-08-16
CUST00676,Customer 676,customer676@example.com,Delhi,40,Direct,2025-07-29,New Customer,False,2.0,6195.0,2025-08-28
CUST00677,Customer 677,customer677@example.com,Ahmedabad,31,Direct,2026-04-23,New Customer,True,1.0,2498.0,2025-11-08
CUST00678,Customer 678,customer678@example.com,Hyderabad,23,Instagram,2026-03-04,Repeat Buyer,True,2.0,9196.0,2026-06-29
CUST00679,Customer 679,customer679@example.com,Bangalore,50,Instagram,2026-01-06,High Value,True,7.0,21988.0,2026-06-19
CUST00680,Customer 680,customer680@example.com,Delhi,47,Organic,2025-05-16,Price Sensitive,False,3.0,7395.0,2026-04-12
CUST00681,Customer 681,customer681@example.com,Mumbai,20,Organic,2025-07-04,Repeat Buyer,True,2.0,5997.0,2026-02-21
CUST00682,Customer 682,customer682@example.com,Bangalore,24,Instagram,2025-01-05,Window Shopper,False,0.0,0.0,2025-01-05
CUST00683,Customer 683,customer683@example.com,Mumbai,39,Organic,2026-04-03,Window Shopper,False,0.0,0.0,2026-04-03
CUST00684,Customer 684,customer684@example.com,Bangalore,41,Organic,2025-04-04,Repeat Buyer,True,3.0,12795.0,2025-10-09
CUST00685,Customer 685,customer685@example.com,Ahmedabad,35,Referral,2025-12-20,New Customer,False,1.0,5297.0,2025-04-06
CUST00686,Customer 686,customer686@example.com,Mumbai,25,Google,2025-12-23,Window Shopper,False,0.0,0.0,2025-12-23
CUST00687,Customer 687,customer687@example.com,Mumbai,24,Referral,2026-04-12,Price Sensitive,False,2.0,6997.0,2026-06-29
CUST00688,Customer 688,customer688@example.com,Ahmedabad,29,YouTube,2025-07-14,High Value,False,7.0,21387.0,2026-05-31
CUST00689,Customer 689,customer689@example.com,Mumbai,48,Referral,2025-02-27,Price Sensitive,False,1.0,5298.0,2025-03-17
CUST00690,Customer 690,customer690@example.com,Bangalore,34,Direct,2025-06-10,Window Shopper,False,0.0,0.0,2025-06-10
CUST00691,Customer 691,customer691@example.com,Delhi,39,YouTube,2025-09-25,New Customer,False,1.0,3998.0,2025-05-19
CUST00692,Customer 692,customer692@example.com,Kolkata,33,Referral,2025-06-27,Price Sensitive,False,2.0,6695.0,2026-06-15
CUST00693,Customer 693,customer693@example.com,Mumbai,53,YouTube,2025-01-28,Price Sensitive,False,1.0,4898.0,2025-09-03
CUST00694,Customer 694,customer694@example.com,Ahmedabad,49,Google,2025-02-08,New Customer,False,1.0,5498.0,2025-08-08
CUST00695,Customer 695,customer695@example.com,Pune,35,Instagram,2025-09-17,Price Sensitive,False,2.0,4397.0,2026-07-07
CUST00696,Customer 696,customer696@example.com,Kolkata,33,Instagram,2025-08-24,New Customer,False,1.0,2798.0,2026-05-21
CUST00697,Customer 697,customer697@example.com,Bangalore,49,Referral,2025-06-11,Repeat Buyer,True,5.0,16890.0,2026-08-21
CUST00698,Customer 698,customer698@example.com,Hyderabad,24,Referral,2025-07-31,New Customer,False,1.0,3999.0,2026-06-09
CUST00699,Customer 699,customer699@example.com,Bangalore,37,YouTube,2025-10-15,New Customer,False,1.0,4298.0,2026-02-25
CUST00700,Customer 700,customer700@example.com,Pune,41,Instagram,2026-02-23,New Customer,False,1.0,9497.0,2026-01-12
CUST00701,Customer 701,customer701@example.com,Ahmedabad,41,Direct,2025-08-20,New Customer,False,1.0,1898.0,2025-06-20
CUST00702,Customer 702,customer702@example.com,Delhi,18,Organic,2025-07-01,New Customer,False,1.0,3998.0,2025-11-15
CUST00703,Customer 703,customer703@example.com,Chennai,53,YouTube,2025-07-11,Window Shopper,False,1.0,1498.0,2025-09-15
CUST00704,Customer 704,customer704@example.com,Mumbai,49,Google,2026-02-25,Price Sensitive,True,3.0,4896.0,2026-01-02
CUST00705,Customer 705,customer705@example.com,Bangalore,34,YouTube,2025-04-11,Price Sensitive,False,3.0,9295.0,2025-11-06
CUST00706,Customer 706,customer706@example.com,Kolkata,31,Referral,2026-02-27,New Customer,False,1.0,999.0,2026-07-12
CUST00707,Customer 707,customer707@example.com,Bangalore,44,Instagram,2026-04-20,Price Sensitive,False,3.0,10093.0,2026-03-09
CUST00708,Customer 708,customer708@example.com,Bangalore,46,Referral,2025-12-04,High Value,True,6.0,16391.0,2026-07-04
CUST00709,Customer 709,customer709@example.com,Ahmedabad,18,YouTube,2026-01-12,High Value,True,7.0,20890.0,2026-08-10
CUST00710,Customer 710,customer710@example.com,Ahmedabad,50,Google,2025-12-21,New Customer,False,1.0,4298.0,2025-05-23
CUST00711,Customer 711,customer711@example.com,Mumbai,24,Referral,2025-12-03,High Value,False,6.0,25888.0,2026-08-17
CUST00712,Customer 712,customer712@example.com,Kolkata,44,YouTube,2026-04-14,High Value,False,5.0,19491.0,2026-04-23
CUST00713,Customer 713,customer713@example.com,Kolkata,39,Organic,2025-08-20,Price Sensitive,False,2.0,4597.0,2026-04-28
CUST00714,Customer 714,customer714@example.com,Chennai,53,Organic,2025-12-31,Window Shopper,True,0.0,0.0,2025-12-31
CUST00715,Customer 715,customer715@example.com,Delhi,30,Google,2025-11-16,Price Sensitive,False,3.0,12094.0,2026-01-28
CUST00716,Customer 716,customer716@example.com,Mumbai,29,YouTube,2025-10-05,Price Sensitive,False,1.0,3398.0,2025-12-19
CUST00717,Customer 717,customer717@example.com,Bangalore,40,YouTube,2025-09-03,Price Sensitive,False,2.0,6196.0,2026-04-20
CUST00718,Customer 718,customer718@example.com,Kolkata,52,Organic,2026-03-26,High Value,False,4.0,14592.0,2026-05-26
CUST00719,Customer 719,customer719@example.com,Bangalore,19,Referral,2025-03-16,Window Shopper,False,1.0,6997.0,2026-01-06
CUST00720,Customer 720,customer720@example.com,Chennai,28,Organic,2025-12-16,New Customer,True,1.0,2897.0,2025-05-06
CUST00721,Customer 721,customer721@example.com,Chennai,31,YouTube,2025-01-17,New Customer,False,1.0,5498.0,2026-04-16
CUST00722,Customer 722,customer722@example.com,Delhi,53,Referral,2025-05-02,Repeat Buyer,True,2.0,4997.0,2026-01-18
CUST00723,Customer 723,customer723@example.com,Chennai,21,Referral,2025-07-18,Repeat Buyer,False,1.0,499.0,2025-04-22
CUST00724,Customer 724,customer724@example.com,Pune,53,Instagram,2025-01-07,Repeat Buyer,False,6.0,15291.0,2026-07-31
CUST00725,Customer 725,customer725@example.com,Ahmedabad,32,Direct,2025-12-27,Price Sensitive,False,1.0,5298.0,2026-07-21
CUST00726,Customer 726,customer726@example.com,Delhi,30,Organic,2025-08-18,Price Sensitive,False,2.0,8495.0,2026-06-02
CUST00727,Customer 727,customer727@example.com,Mumbai,29,Direct,2025-09-21,New Customer,False,2.0,5298.0,2026-03-13
CUST00728,Customer 728,customer728@example.com,Chennai,53,Organic,2025-03-08,New Customer,True,1.0,2298.0,2025-09-13
CUST00729,Customer 729,customer729@example.com,Hyderabad,39,Referral,2025-12-30,New Customer,False,1.0,2499.0,2025-12-14
CUST00730,Customer 730,customer730@example.com,Pune,21,Direct,2025-11-12,Dormant,True,0.0,0.0,2025-11-12
CUST00731,Customer 731,customer731@example.com,Pune,22,Direct,2025-06-12,Window Shopper,False,0.0,0.0,2025-06-12
CUST00732,Customer 732,customer732@example.com,Bangalore,50,Google,2025-08-01,High Value,False,3.0,10595.0,2026-02-24
CUST00733,Customer 733,customer733@example.com,Pune,32,Google,2025-12-06,High Value,True,7.0,26485.0,2026-05-24
CUST00734,Customer 734,customer734@example.com,Delhi,51,Referral,2025-10-15,Repeat Buyer,True,4.0,6995.0,2026-06-04
CUST00735,Customer 735,customer735@example.com,Hyderabad,25,Direct,2025-06-27,Window Shopper,False,0.0,0.0,2025-06-27
CUST00736,Customer 736,customer736@example.com,Delhi,20,Direct,2026-03-30,Repeat Buyer,False,6.0,25089.0,2026-07-26
CUST00737,Customer 737,customer737@example.com,Bangalore,42,Organic,2025-10-04,Repeat Buyer,False,3.0,8995.0,2026-07-20
CUST00738,Customer 738,customer738@example.com,Pune,50,YouTube,2025-08-17,Price Sensitive,True,2.0,4997.0,2026-04-10
CUST00739,Customer 739,customer739@example.com,Delhi,38,YouTube,2025-02-12,Repeat Buyer,True,2.0,6496.0,2025-08-15
CUST00740,Customer 740,customer740@example.com,Hyderabad,22,Google,2025-12-10,Dormant,True,0.0,0.0,2025-12-10
CUST00741,Customer 741,customer741@example.com,Kolkata,24,Google,2025-10-03,High Value,True,6.0,23186.0,2025-12-29
CUST00742,Customer 742,customer742@example.com,Kolkata,22,Direct,2025-12-18,Window Shopper,False,1.0,3498.0,2026-04-14
CUST00743,Customer 743,customer743@example.com,Pune,20,Instagram,2025-02-07,New Customer,False,1.0,2298.0,2025-03-18
CUST00744,Customer 744,customer744@example.com,Bangalore,54,Google,2026-04-12,New Customer,False,1.0,3398.0,2025-03-14
CUST00745,Customer 745,customer745@example.com,Kolkata,45,Organic,2025-01-09,New Customer,False,1.0,2499.0,2025-06-27
CUST00746,Customer 746,customer746@example.com,Hyderabad,22,Direct,2025-10-27,Repeat Buyer,True,4.0,13692.0,2026-04-02
CUST00747,Customer 747,customer747@example.com,Pune,50,Instagram,2025-05-29,New Customer,False,2.0,4697.0,2025-06-28
CUST00748,Customer 748,customer748@example.com,Bangalore,36,Referral,2025-07-15,Price Sensitive,False,1.0,2499.0,2025-03-30
CUST00749,Customer 749,customer749@example.com,Ahmedabad,28,YouTube,2025-04-23,Repeat Buyer,True,2.0,3998.0,2026-04-27
CUST00750,Customer 750,customer750@example.com,Chennai,27,Organic,2025-12-13,New Customer,False,1.0,2499.0,2025-09-03
CUST00751,Customer 751,customer751@example.com,Pune,18,YouTube,2026-03-24,Window Shopper,False,0.0,0.0,2026-03-24
CUST00752,Customer 752,customer752@example.com,Hyderabad,54,YouTube,2025-07-21,High Value,True,7.0,28186.0,2026-08-22
CUST00753,Customer 753,customer753@example.com,Chennai,31,Direct,2026-01-15,High Value,False,6.0,24990.0,2026-06-06
CUST00754,Customer 754,customer754@example.com,Kolkata,50,Google,2025-03-24,Window Shopper,False,1.0,3999.0,2026-05-23
CUST00755,Customer 755,customer755@example.com,Chennai,30,Instagram,2025-04-03,New Customer,False,2.0,5697.0,2026-06-28
CUST00756,Customer 756,customer756@example.com,Hyderabad,53,Referral,2025-11-27,Price Sensitive,False,3.0,8194.0,2026-08-23
CUST00757,Customer 757,customer757@example.com,Bangalore,34,Instagram,2025-04-12,High Value,True,6.0,26387.0,2026-08-22
CUST00758,Customer 758,customer758@example.com,Pune,40,Google,2025-12-10,Price Sensitive,False,3.0,14793.0,2026-05-17
CUST00759,Customer 759,customer759@example.com,Bangalore,30,Organic,2025-09-06,Price Sensitive,True,2.0,9795.0,2025-12-01
CUST00760,Customer 760,customer760@example.com,Chennai,55,Google,2025-10-17,Repeat Buyer,True,1.0,4697.0,2026-04-04
CUST00761,Customer 761,customer761@example.com,Kolkata,28,Instagram,2025-06-10,High Value,False,6.0,16391.0,2026-08-08
CUST00762,Customer 762,customer762@example.com,Kolkata,35,Organic,2025-03-10,New Customer,False,2.0,6096.0,2025-09-23
CUST00763,Customer 763,customer763@example.com,Ahmedabad,47,Referral,2025-07-03,Price Sensitive,False,1.0,2198.0,2025-06-23
CUST00764,Customer 764,customer764@example.com,Bangalore,29,Direct,2025-11-07,Price Sensitive,False,3.0,10494.0,2026-07-20
CUST00765,Customer 765,customer765@example.com,Mumbai,52,Google,2025-05-15,New Customer,False,1.0,2998.0,2025-11-01
CUST00766,Customer 766,customer766@example.com,Bangalore,19,YouTube,2025-11-20,Price Sensitive,False,1.0,2499.0,2025-06-15
CUST00767,Customer 767,customer767@example.com,Kolkata,55,Google,2026-04-10,New Customer,False,0.0,0.0,2026-04-10
CUST00768,Customer 768,customer768@example.com,Ahmedabad,27,Organic,2025-07-20,New Customer,False,1.0,1799.0,2025-09-29
CUST00769,Customer 769,customer769@example.com,Chennai,26,Referral,2025-09-14,New Customer,False,1.0,1299.0,2025-06-23
CUST00770,Customer 770,customer770@example.com,Hyderabad,33,YouTube,2025-12-17,Repeat Buyer,True,5.0,19089.0,2026-01-15
CUST00771,Customer 771,customer771@example.com,Ahmedabad,28,Google,2025-10-17,New Customer,False,0.0,0.0,2025-10-17
CUST00772,Customer 772,customer772@example.com,Mumbai,48,Organic,2025-01-21,Dormant,False,0.0,0.0,2025-01-21
CUST00773,Customer 773,customer773@example.com,Bangalore,34,Organic,2025-04-30,New Customer,False,1.0,3998.0,2025-11-26
CUST00774,Customer 774,customer774@example.com,Pune,42,Referral,2026-04-15,New Customer,False,0.0,0.0,2026-04-15
CUST00775,Customer 775,customer775@example.com,Pune,24,Direct,2026-05-11,Repeat Buyer,True,2.0,6597.0,2026-07-06
CUST00776,Customer 776,customer776@example.com,Chennai,55,YouTube,2025-10-19,High Value,False,7.0,22987.0,2026-07-18
CUST00777,Customer 777,customer777@example.com,Pune,55,Direct,2026-04-05,New Customer,False,1.0,5498.0,2025-07-01
CUST00778,Customer 778,customer778@example.com,Kolkata,32,YouTube,2025-07-27,Window Shopper,False,1.0,7397.0,2025-10-26
CUST00779,Customer 779,customer779@example.com,Ahmedabad,48,YouTube,2025-01-04,Repeat Buyer,False,6.0,21488.0,2026-07-04
CUST00780,Customer 780,customer780@example.com,Mumbai,32,Instagram,2025-09-21,Repeat Buyer,True,4.0,12693.0,2026-08-14
CUST00781,Customer 781,customer781@example.com,Mumbai,28,Organic,2025-11-05,High Value,True,5.0,12293.0,2026-06-25
CUST00782,Customer 782,customer782@example.com,Delhi,44,Organic,2026-01-04,Price Sensitive,True,1.0,6498.0,2026-04-16
CUST00783,Customer 783,customer783@example.com,Ahmedabad,31,YouTube,2025-03-24,New Customer,False,1.0,5797.0,2025-12-25
CUST00784,Customer 784,customer784@example.com,Delhi,20,Google,2025-10-21,High Value,True,3.0,7893.0,2026-07-29
CUST00785,Customer 785,customer785@example.com,Hyderabad,54,Google,2025-01-29,High Value,True,8.0,27884.0,2026-07-10
CUST00786,Customer 786,customer786@example.com,Kolkata,54,Direct,2025-01-10,New Customer,False,1.0,699.0,2025-03-19
CUST00787,Customer 787,customer787@example.com,Chennai,23,Google,2025-08-18,Window Shopper,False,1.0,2998.0,2026-06-13
CUST00788,Customer 788,customer788@example.com,Ahmedabad,28,Google,2026-03-02,High Value,True,5.0,13092.0,2026-06-25
CUST00789,Customer 789,customer789@example.com,Mumbai,50,Organic,2025-03-27,Repeat Buyer,True,2.0,3697.0,2026-02-27
CUST00790,Customer 790,customer790@example.com,Ahmedabad,55,Instagram,2025-04-28,Price Sensitive,False,1.0,5297.0,2025-08-28
CUST00791,Customer 791,customer791@example.com,Hyderabad,30,YouTube,2026-03-17,Repeat Buyer,True,5.0,17791.0,2026-07-05
CUST00792,Customer 792,customer792@example.com,Mumbai,24,Google,2025-09-01,Window Shopper,False,0.0,0.0,2025-09-01
CUST00793,Customer 793,customer793@example.com,Bangalore,23,Referral,2025-12-04,Window Shopper,False,0.0,0.0,2025-12-04
CUST00794,Customer 794,customer794@example.com,Hyderabad,45,YouTube,2025-08-04,New Customer,False,0.0,0.0,2025-08-04
CUST00795,Customer 795,customer795@example.com,Kolkata,32,Referral,2026-02-09,Repeat Buyer,True,4.0,11292.0,2026-03-12
CUST00796,Customer 796,customer796@example.com,Bangalore,45,Google,2025-05-11,Price Sensitive,False,2.0,5497.0,2026-04-15
CUST00797,Customer 797,customer797@example.com,Bangalore,36,YouTube,2026-03-25,Repeat Buyer,True,2.0,8494.0,2026-05-29
CUST00798,Customer 798,customer798@example.com,Hyderabad,18,YouTube,2025-09-25,High Value,True,8.0,15789.0,2026-07-05
CUST00799,Customer 799,customer799@example.com,Delhi,38,Referral,2025-07-05,New Customer,True,2.0,9995.0,2025-06-02
CUST00800,Customer 800,customer800@example.com,Chennai,34,YouTube,2025-08-05,New Customer,False,1.0,499.0,2025-06-15
CUST00801,Customer 801,customer801@example.com,Kolkata,31,Referral,2025-10-10,High Value,True,7.0,19288.0,2026-07-07
CUST00802,Customer 802,customer802@example.com,Pune,53,YouTube,2025-09-05,Price Sensitive,False,3.0,6795.0,2026-06-27
CUST00803,Customer 803,customer803@example.com,Pune,43,Direct,2025-03-12,New Customer,False,2.0,3998.0,2026-07-24
CUST00804,Customer 804,customer804@example.com,Delhi,46,Direct,2026-05-02,Window Shopper,False,0.0,0.0,2026-05-02
CUST00805,Customer 805,customer805@example.com,Kolkata,39,YouTube,2025-11-11,New Customer,False,1.0,3898.0,2025-04-26
CUST00806,Customer 806,customer806@example.com,Mumbai,42,Direct,2025-01-03,Price Sensitive,False,2.0,8995.0,2025-12-03
CUST00807,Customer 807,customer807@example.com,Ahmedabad,45,Instagram,2025-02-02,Window Shopper,False,0.0,0.0,2025-02-02
CUST00808,Customer 808,customer808@example.com,Hyderabad,42,Referral,2025-11-11,New Customer,False,2.0,8996.0,2026-07-19
CUST00809,Customer 809,customer809@example.com,Hyderabad,29,Direct,2025-09-11,Price Sensitive,False,2.0,4497.0,2026-08-05
CUST00810,Customer 810,customer810@example.com,Chennai,30,Instagram,2026-02-06,Repeat Buyer,True,1.0,2998.0,2026-04-05
CUST00811,Customer 811,customer811@example.com,Delhi,28,Direct,2025-01-19,High Value,True,6.0,18590.0,2026-06-14
CUST00812,Customer 812,customer812@example.com,Mumbai,23,Organic,2026-02-04,Repeat Buyer,True,5.0,14190.0,2026-03-02
CUST00813,Customer 813,customer813@example.com,Kolkata,55,Google,2025-09-23,Repeat Buyer,True,3.0,11394.0,2026-02-19
CUST00814,Customer 814,customer814@example.com,Bangalore,53,Organic,2026-01-07,New Customer,False,1.0,5997.0,2026-05-24
CUST00815,Customer 815,customer815@example.com,Pune,40,Organic,2025-04-26,Window Shopper,False,1.0,3498.0,2025-06-29
CUST00816,Customer 816,customer816@example.com,Kolkata,54,Instagram,2025-05-14,High Value,True,6.0,19890.0,2026-08-10
CUST00817,Customer 817,customer817@example.com,Bangalore,50,Organic,2025-06-24,New Customer,False,1.0,1499.0,2026-07-16
CUST00818,Customer 818,customer818@example.com,Chennai,52,YouTube,2025-05-09,Dormant,False,1.0,2499.0,2025-09-01
CUST00819,Customer 819,customer819@example.com,Ahmedabad,33,Organic,2026-05-08,Price Sensitive,False,1.0,1299.0,2025-03-03
CUST00820,Customer 820,customer820@example.com,Hyderabad,48,Instagram,2025-05-13,Price Sensitive,False,0.0,0.0,2025-05-13
CUST00821,Customer 821,customer821@example.com,Delhi,32,Organic,2025-07-31,New Customer,False,1.0,5797.0,2025-09-10
CUST00822,Customer 822,customer822@example.com,Hyderabad,34,Google,2025-05-28,Dormant,False,0.0,0.0,2025-05-28
CUST00823,Customer 823,customer823@example.com,Pune,22,YouTube,2026-04-22,New Customer,False,1.0,7197.0,2025-03-14
CUST00824,Customer 824,customer824@example.com,Delhi,54,Organic,2025-04-04,New Customer,False,1.0,1299.0,2026-03-03
CUST00825,Customer 825,customer825@example.com,Delhi,49,Direct,2025-04-13,Dormant,False,1.0,2999.0,2026-07-18
CUST00826,Customer 826,customer826@example.com,Chennai,31,Google,2025-04-14,New Customer,False,1.0,499.0,2026-05-13
CUST00827,Customer 827,customer827@example.com,Pune,27,Instagram,2025-03-03,Window Shopper,False,0.0,0.0,2025-03-03
CUST00828,Customer 828,customer828@example.com,Ahmedabad,18,YouTube,2026-05-06,Dormant,False,0.0,0.0,2026-05-06
CUST00829,Customer 829,customer829@example.com,Pune,49,YouTube,2026-03-21,New Customer,False,1.0,4097.0,2026-04-21
CUST00830,Customer 830,customer830@example.com,Chennai,43,Google,2026-01-20,New Customer,True,1.0,899.0,2026-08-06
CUST00831,Customer 831,customer831@example.com,Kolkata,48,YouTube,2025-01-17,High Value,True,4.0,11394.0,2026-07-02
CUST00832,Customer 832,customer832@example.com,Mumbai,47,Instagram,2025-12-24,Repeat Buyer,True,6.0,18191.0,2026-07-21
CUST00833,Customer 833,customer833@example.com,Hyderabad,18,Direct,2025-04-18,Repeat Buyer,True,3.0,7495.0,2026-07-29
CUST00834,Customer 834,customer834@example.com,Pune,34,Google,2025-10-08,Repeat Buyer,True,4.0,10995.0,2026-06-19
CUST00835,Customer 835,customer835@example.com,Pune,41,Google,2025-09-13,New Customer,False,1.0,1499.0,2025-03-12
CUST00836,Customer 836,customer836@example.com,Pune,41,Referral,2025-05-24,Repeat Buyer,True,4.0,11194.0,2026-07-12
CUST00837,Customer 837,customer837@example.com,Delhi,24,Direct,2025-05-19,Repeat Buyer,True,2.0,8095.0,2025-11-08
CUST00838,Customer 838,customer838@example.com,Kolkata,30,Google,2026-02-14,Window Shopper,False,0.0,0.0,2026-02-14
CUST00839,Customer 839,customer839@example.com,Hyderabad,29,Referral,2025-09-13,Dormant,True,0.0,0.0,2025-09-13
CUST00840,Customer 840,customer840@example.com,Pune,49,Organic,2025-05-09,New Customer,False,2.0,7996.0,2026-07-24
CUST00841,Customer 841,customer841@example.com,Kolkata,24,Direct,2025-03-25,High Value,True,7.0,21989.0,2026-08-16
CUST00842,Customer 842,customer842@example.com,Ahmedabad,24,Referral,2026-01-17,New Customer,False,1.0,2198.0,2026-02-06
CUST00843,Customer 843,customer843@example.com,Chennai,40,Instagram,2025-07-30,Repeat Buyer,True,4.0,11092.0,2026-08-20
CUST00844,Customer 844,customer844@example.com,Delhi,54,YouTube,2025-11-29,New Customer,False,2.0,5697.0,2026-04-16
CUST00845,Customer 845,customer845@example.com,Chennai,40,Organic,2025-12-11,High Value,True,4.0,10492.0,2026-05-19
CUST00846,Customer 846,customer846@example.com,Ahmedabad,23,Referral,2025-11-11,Repeat Buyer,False,2.0,8996.0,2025-12-31
CUST00847,Customer 847,customer847@example.com,Mumbai,28,Direct,2026-02-18,New Customer,False,1.0,2298.0,2026-02-12
CUST00848,Customer 848,customer848@example.com,Kolkata,22,Instagram,2025-03-24,Dormant,False,1.0,3898.0,2025-09-20
CUST00849,Customer 849,customer849@example.com,Chennai,35,YouTube,2025-11-27,Repeat Buyer,True,2.0,4797.0,2026-07-20
CUST00850,Customer 850,customer850@example.com,Pune,55,YouTube,2026-05-10,Repeat Buyer,False,5.0,14789.0,2026-04-26
CUST00851,Customer 851,customer851@example.com,Hyderabad,26,Direct,2025-05-01,Repeat Buyer,True,3.0,3996.0,2025-07-16
CUST00852,Customer 852,customer852@example.com,Bangalore,31,Google,2025-07-23,Price Sensitive,False,2.0,4597.0,2025-07-27
CUST00853,Customer 853,customer853@example.com,Ahmedabad,53,Instagram,2025-01-14,New Customer,True,1.0,2798.0,2026-04-07
CUST00854,Customer 854,customer854@example.com,Bangalore,24,Organic,2025-11-13,Price Sensitive,False,2.0,8696.0,2026-05-27
CUST00855,Customer 855,customer855@example.com,Kolkata,37,Google,2025-05-07,New Customer,False,1.0,2499.0,2026-03-24
CUST00856,Customer 856,customer856@example.com,Mumbai,26,YouTube,2026-03-06,Price Sensitive,False,2.0,5897.0,2026-08-11
CUST00857,Customer 857,customer857@example.com,Pune,38,Referral,2025-08-28,New Customer,True,1.0,6297.0,2025-11-23
CUST00858,Customer 858,customer858@example.com,Chennai,53,Referral,2025-03-11,Dormant,False,0.0,0.0,2025-03-11
CUST00859,Customer 859,customer859@example.com,Mumbai,55,YouTube,2025-08-22,Dormant,False,0.0,0.0,2025-08-22
CUST00860,Customer 860,customer860@example.com,Kolkata,51,Direct,2025-11-24,High Value,True,6.0,13591.0,2026-06-27
CUST00861,Customer 861,customer861@example.com,Ahmedabad,52,Google,2026-02-17,High Value,False,7.0,21987.0,2026-05-12
CUST00862,Customer 862,customer862@example.com,Kolkata,34,Google,2025-06-05,New Customer,False,1.0,4797.0,2026-02-03
CUST00863,Customer 863,customer863@example.com,Mumbai,40,Organic,2025-08-29,New Customer,False,1.0,4998.0,2025-12-31
CUST00864,Customer 864,customer864@example.com,Ahmedabad,48,Organic,2025-01-05,High Value,True,7.0,22787.0,2026-06-22
CUST00865,Customer 865,customer865@example.com,Delhi,18,YouTube,2025-07-11,Price Sensitive,False,1.0,6997.0,2025-07-16
CUST00866,Customer 866,customer866@example.com,Kolkata,43,Google,2025-03-25,New Customer,False,1.0,2499.0,2025-11-13
CUST00867,Customer 867,customer867@example.com,Kolkata,32,Organic,2025-02-10,Price Sensitive,False,3.0,8795.0,2025-12-02
CUST00868,Customer 868,customer868@example.com,Chennai,36,Direct,2026-01-16,Repeat Buyer,True,3.0,19692.0,2026-03-18
CUST00869,Customer 869,customer869@example.com,Delhi,22,Google,2025-03-11,High Value,True,6.0,17890.0,2026-08-15
CUST00870,Customer 870,customer870@example.com,Ahmedabad,35,Direct,2025-11-15,New Customer,False,1.0,2198.0,2025-03-13
CUST00871,Customer 871,customer871@example.com,Mumbai,21,YouTube,2025-01-12,Repeat Buyer,True,3.0,8294.0,2026-08-23
CUST00872,Customer 872,customer872@example.com,Chennai,26,Direct,2025-08-13,New Customer,True,1.0,2698.0,2025-12-01
CUST00873,Customer 873,customer873@example.com,Mumbai,18,Referral,2025-04-22,Price Sensitive,False,1.0,1799.0,2025-06-15
CUST00874,Customer 874,customer874@example.com,Ahmedabad,41,Referral,2025-12-23,Repeat Buyer,True,3.0,10094.0,2026-06-07
CUST00875,Customer 875,customer875@example.com,Mumbai,21,Organic,2026-02-02,Price Sensitive,False,3.0,9995.0,2026-05-25
CUST00876,Customer 876,customer876@example.com,Mumbai,30,Organic,2026-02-23,Repeat Buyer,True,1.0,4297.0,2026-05-05
CUST00877,Customer 877,customer877@example.com,Delhi,42,Referral,2025-05-07,Repeat Buyer,True,2.0,6595.0,2025-05-04
CUST00878,Customer 878,customer878@example.com,Ahmedabad,24,YouTube,2025-12-07,Price Sensitive,True,1.0,7497.0,2025-03-22
CUST00879,Customer 879,customer879@example.com,Chennai,38,Google,2025-11-19,Dormant,False,0.0,0.0,2025-11-19
CUST00880,Customer 880,customer880@example.com,Bangalore,34,Referral,2025-11-23,Price Sensitive,False,2.0,1698.0,2026-07-02
CUST00881,Customer 881,customer881@example.com,Hyderabad,31,Instagram,2025-05-01,New Customer,False,1.0,6997.0,2026-04-24
CUST00882,Customer 882,customer882@example.com,Mumbai,35,YouTube,2025-03-03,High Value,True,4.0,6794.0,2026-07-09
CUST00883,Customer 883,customer883@example.com,Hyderabad,55,Direct,2025-09-01,Repeat Buyer,True,2.0,5597.0,2026-03-07
CUST00884,Customer 884,customer884@example.com,Bangalore,33,Google,2025-09-13,Price Sensitive,True,1.0,2499.0,2026-01-08
CUST00885,Customer 885,customer885@example.com,Hyderabad,21,Organic,2025-11-27,New Customer,False,1.0,1499.0,2026-03-15
CUST00886,Customer 886,customer886@example.com,Bangalore,26,Referral,2025-04-30,New Customer,False,2.0,9497.0,2025-12-09
CUST00887,Customer 887,customer887@example.com,Pune,46,Direct,2025-04-09,Repeat Buyer,True,4.0,14593.0,2026-06-17
CUST00888,Customer 888,customer888@example.com,Mumbai,34,Instagram,2025-09-06,New Customer,False,1.0,4498.0,2026-03-18
CUST00889,Customer 889,customer889@example.com,Ahmedabad,30,YouTube,2025-04-06,Price Sensitive,False,1.0,3298.0,2026-08-13
CUST00890,Customer 890,customer890@example.com,Ahmedabad,35,YouTube,2026-04-14,High Value,True,7.0,25685.0,2026-08-19
CUST00891,Customer 891,customer891@example.com,Mumbai,46,Organic,2026-02-24,Window Shopper,True,0.0,0.0,2026-02-24
CUST00892,Customer 892,customer892@example.com,Hyderabad,50,Referral,2026-01-11,New Customer,False,1.0,4298.0,2026-04-03
CUST00893,Customer 893,customer893@example.com,Pune,33,Organic,2026-01-05,New Customer,True,1.0,1498.0,2025-08-21
CUST00894,Customer 894,customer894@example.com,Kolkata,30,YouTube,2025-12-16,New Customer,False,1.0,3999.0,2025-07-13
CUST00895,Customer 895,customer895@example.com,Chennai,38,Referral,2025-11-25,Repeat Buyer,True,4.0,13692.0,2026-06-02
CUST00896,Customer 896,customer896@example.com,Bangalore,20,Google,2025-04-02,Repeat Buyer,True,6.0,25188.0,2026-07-31
CUST00897,Customer 897,customer897@example.com,Ahmedabad,30,Instagram,2025-01-17,Window Shopper,False,0.0,0.0,2025-01-17
CUST00898,Customer 898,customer898@example.com,Ahmedabad,51,YouTube,2025-12-26,High Value,False,4.0,12094.0,2026-08-07
CUST00899,Customer 899,customer899@example.com,Delhi,22,Instagram,2026-04-22,High Value,True,6.0,15891.0,2026-07-15
CUST00900,Customer 900,customer900@example.com,Bangalore,47,Direct,2025-02-01,Dormant,False,0.0,0.0,2025-02-01
CUST00901,Customer 901,customer901@example.com,Kolkata,41,Direct,2025-01-30,Repeat Buyer,False,5.0,19390.0,2026-04-17
CUST00902,Customer 902,customer902@example.com,Hyderabad,22,Organic,2025-02-09,Window Shopper,False,1.0,1499.0,2025-12-15
CUST00903,Customer 903,customer903@example.com,Bangalore,24,Direct,2025-04-29,Dormant,False,1.0,499.0,2025-09-26
CUST00904,Customer 904,customer904@example.com,Delhi,54,Direct,2026-05-01,High Value,True,4.0,20292.0,2026-03-07
CUST00905,Customer 905,customer905@example.com,Kolkata,24,Direct,2025-10-23,New Customer,False,1.0,4497.0,2026-04-29
CUST00906,Customer 906,customer906@example.com,Kolkata,24,Google,2026-02-10,Repeat Buyer,True,3.0,11495.0,2026-01-12
CUST00907,Customer 907,customer907@example.com,Pune,28,YouTube,2025-11-04,New Customer,False,1.0,2499.0,2026-04-02
CUST00908,Customer 908,customer908@example.com,Pune,53,Organic,2026-03-09,Repeat Buyer,True,6.0,19090.0,2026-08-17
CUST00909,Customer 909,customer909@example.com,Kolkata,38,YouTube,2025-05-04,Repeat Buyer,False,2.0,5996.0,2025-10-19
CUST00910,Customer 910,customer910@example.com,Chennai,41,Referral,2025-08-18,High Value,True,8.0,22286.0,2026-06-25
CUST00911,Customer 911,customer911@example.com,Hyderabad,36,YouTube,2025-01-09,Dormant,True,0.0,0.0,2025-01-09
CUST00912,Customer 912,customer912@example.com,Chennai,18,Organic,2025-04-24,Repeat Buyer,False,2.0,9996.0,2026-05-31
CUST00913,Customer 913,customer913@example.com,Chennai,53,YouTube,2025-10-12,New Customer,False,2.0,7497.0,2026-05-08
CUST00914,Customer 914,customer914@example.com,Bangalore,20,Referral,2025-07-02,High Value,True,5.0,16891.0,2026-08-16
CUST00915,Customer 915,customer915@example.com,Delhi,32,Organic,2026-02-20,New Customer,False,1.0,1499.0,2025-06-29
CUST00916,Customer 916,customer916@example.com,Delhi,22,Direct,2025-06-16,Repeat Buyer,True,5.0,22490.0,2026-07-15
CUST00917,Customer 917,customer917@example.com,Bangalore,37,Instagram,2026-01-10,Price Sensitive,True,0.0,0.0,2026-01-10
CUST00918,Customer 918,customer918@example.com,Hyderabad,39,Organic,2026-03-27,Window Shopper,False,1.0,2198.0,2026-08-05
CUST00919,Customer 919,customer919@example.com,Bangalore,32,Direct,2025-12-01,Window Shopper,False,1.0,5797.0,2026-01-20
CUST00920,Customer 920,customer920@example.com,Kolkata,21,Organic,2025-09-26,Window Shopper,False,0.0,0.0,2025-09-26
CUST00921,Customer 921,customer921@example.com,Mumbai,38,YouTube,2025-12-24,New Customer,False,1.0,1799.0,2026-03-22
CUST00922,Customer 922,customer922@example.com,Kolkata,46,YouTube,2025-10-22,New Customer,True,1.0,4498.0,2026-01-29
CUST00923,Customer 923,customer923@example.com,Chennai,43,Google,2025-03-09,Repeat Buyer,True,4.0,6494.0,2026-05-13
CUST00924,Customer 924,customer924@example.com,Hyderabad,53,Referral,2025-05-15,Repeat Buyer,True,4.0,14094.0,2026-07-07
CUST00925,Customer 925,customer925@example.com,Mumbai,26,Referral,2025-10-14,New Customer,False,1.0,1799.0,2026-02-21
CUST00926,Customer 926,customer926@example.com,Delhi,53,YouTube,2026-01-12,New Customer,False,1.0,899.0,2025-06-09
CUST00927,Customer 927,customer927@example.com,Chennai,45,Organic,2025-12-17,High Value,True,4.0,13992.0,2026-05-18
CUST00928,Customer 928,customer928@example.com,Kolkata,45,Organic,2025-06-28,Dormant,True,0.0,0.0,2025-06-28
CUST00929,Customer 929,customer929@example.com,Hyderabad,37,Google,2025-06-29,New Customer,False,1.0,4298.0,2025-05-07
CUST00930,Customer 930,customer930@example.com,Ahmedabad,27,Referral,2025-01-23,High Value,False,4.0,11894.0,2025-09-23
CUST00931,Customer 931,customer931@example.com,Pune,27,Direct,2026-03-13,Dormant,False,0.0,0.0,2026-03-13
CUST00932,Customer 932,customer932@example.com,Delhi,27,Organic,2025-01-08,New Customer,False,1.0,3999.0,2025-09-19
CUST00933,Customer 933,customer933@example.com,Chennai,46,Referral,2025-01-12,Repeat Buyer,False,3.0,10793.0,2026-06-30
CUST00934,Customer 934,customer934@example.com,Delhi,31,YouTube,2025-09-25,Repeat Buyer,False,4.0,13991.0,2026-08-05
CUST00935,Customer 935,customer935@example.com,Mumbai,19,Referral,2025-10-26,Price Sensitive,False,2.0,5696.0,2026-05-10
CUST00936,Customer 936,customer936@example.com,Chennai,28,Instagram,2025-05-26,Window Shopper,False,1.0,499.0,2026-02-12
CUST00937,Customer 937,customer937@example.com,Chennai,21,Referral,2025-12-02,New Customer,False,1.0,4298.0,2026-07-24
CUST00938,Customer 938,customer938@example.com,Chennai,41,Instagram,2025-01-10,Dormant,True,1.0,2499.0,2025-12-09
CUST00939,Customer 939,customer939@example.com,Kolkata,32,Referral,2025-09-18,New Customer,False,1.0,2998.0,2025-12-27
CUST00940,Customer 940,customer940@example.com,Pune,49,YouTube,2025-09-30,Dormant,True,0.0,0.0,2025-09-30
CUST00941,Customer 941,customer941@example.com,Ahmedabad,53,Direct,2025-01-12,New Customer,True,1.0,999.0,2025-12-17
CUST00942,Customer 942,customer942@example.com,Chennai,39,Referral,2025-07-21,New Customer,False,1.0,4498.0,2026-06-03
CUST00943,Customer 943,customer943@example.com,Pune,40,Direct,2025-06-04,Price Sensitive,True,1.0,899.0,2025-05-07
CUST00944,Customer 944,customer944@example.com,Chennai,21,Direct,2025-05-12,New Customer,False,1.0,2498.0,2026-03-04
CUST00945,Customer 945,customer945@example.com,Hyderabad,53,Organic,2025-04-26,Window Shopper,False,0.0,0.0,2025-04-26
CUST00946,Customer 946,customer946@example.com,Mumbai,23,Direct,2025-07-15,New Customer,False,1.0,3498.0,2026-04-30
CUST00947,Customer 947,customer947@example.com,Delhi,44,Google,2025-10-21,High Value,True,4.0,24089.0,2026-08-02
CUST00948,Customer 948,customer948@example.com,Pune,46,YouTube,2025-03-09,New Customer,False,1.0,2998.0,2025-03-03
CUST00949,Customer 949,customer949@example.com,Delhi,26,Organic,2025-12-19,New Customer,True,2.0,6196.0,2025-07-02
CUST00950,Customer 950,customer950@example.com,Mumbai,45,Google,2025-12-02,Price Sensitive,False,2.0,6197.0,2026-07-28
CUST00951,Customer 951,customer951@example.com,Pune,22,YouTube,2025-09-30,Dormant,False,0.0,0.0,2025-09-30
CUST00952,Customer 952,customer952@example.com,Pune,27,Direct,2025-01-16,Dormant,True,0.0,0.0,2025-01-16
CUST00953,Customer 953,customer953@example.com,Kolkata,44,Organic,2025-08-15,Price Sensitive,False,1.0,4697.0,2025-05-07
CUST00954,Customer 954,customer954@example.com,Chennai,27,Google,2025-02-24,Price Sensitive,False,3.0,9296.0,2026-02-15
CUST00955,Customer 955,customer955@example.com,Chennai,54,YouTube,2025-04-29,New Customer,True,1.0,2698.0,2025-12-26
CUST00956,Customer 956,customer956@example.com,Hyderabad,40,Instagram,2025-12-19,High Value,True,6.0,19189.0,2026-08-22
CUST00957,Customer 957,customer957@example.com,Ahmedabad,41,Google,2026-03-13,Price Sensitive,True,2.0,2198.0,2026-06-04
CUST00958,Customer 958,customer958@example.com,Mumbai,30,Google,2025-01-17,Repeat Buyer,True,3.0,6496.0,2025-09-06
CUST00959,Customer 959,customer959@example.com,Chennai,44,Google,2026-01-16,Repeat Buyer,False,3.0,12093.0,2026-04-13
CUST00960,Customer 960,customer960@example.com,Delhi,22,Google,2026-04-20,Price Sensitive,False,2.0,8995.0,2026-02-06
CUST00961,Customer 961,customer961@example.com,Ahmedabad,38,Referral,2026-03-31,Dormant,False,0.0,0.0,2026-03-31
CUST00962,Customer 962,customer962@example.com,Hyderabad,42,Direct,2025-06-10,New Customer,False,1.0,4397.0,2026-04-01
CUST00963,Customer 963,customer963@example.com,Hyderabad,51,Instagram,2025-08-20,Repeat Buyer,False,4.0,7493.0,2026-08-13
CUST00964,Customer 964,customer964@example.com,Delhi,51,YouTube,2025-07-22,Repeat Buyer,False,4.0,17892.0,2026-07-20
CUST00965,Customer 965,customer965@example.com,Kolkata,51,Direct,2026-05-08,Dormant,True,0.0,0.0,2026-05-08
CUST00966,Customer 966,customer966@example.com,Kolkata,37,Organic,2025-08-25,New Customer,False,2.0,5997.0,2026-04-21
CUST00967,Customer 967,customer967@example.com,Hyderabad,51,Google,2025-08-26,New Customer,False,2.0,7095.0,2025-10-25
CUST00968,Customer 968,customer968@example.com,Bangalore,29,YouTube,2026-04-26,Window Shopper,False,0.0,0.0,2026-04-26
CUST00969,Customer 969,customer969@example.com,Kolkata,44,Organic,2025-08-19,Window Shopper,False,0.0,0.0,2025-08-19
CUST00970,Customer 970,customer970@example.com,Delhi,47,Instagram,2025-05-09,New Customer,False,1.0,2698.0,2025-11-14
CUST00971,Customer 971,customer971@example.com,Mumbai,25,Instagram,2025-02-28,Repeat Buyer,True,5.0,13692.0,2026-02-08
CUST00972,Customer 972,customer972@example.com,Bangalore,51,Direct,2025-07-16,Price Sensitive,False,0.0,0.0,2025-07-16
CUST00973,Customer 973,customer973@example.com,Mumbai,42,YouTube,2025-07-14,Price Sensitive,False,3.0,5296.0,2026-07-05
CUST00974,Customer 974,customer974@example.com,Pune,54,Direct,2026-03-18,New Customer,True,2.0,4197.0,2025-10-31
CUST00975,Customer 975,customer975@example.com,Mumbai,21,Referral,2025-06-07,New Customer,False,2.0,5498.0,2025-12-14
CUST00976,Customer 976,customer976@example.com,Ahmedabad,36,Direct,2025-04-03,Repeat Buyer,False,6.0,18889.0,2026-05-15
CUST00977,Customer 977,customer977@example.com,Delhi,18,YouTube,2026-01-27,New Customer,True,1.0,5798.0,2025-11-10
CUST00978,Customer 978,customer978@example.com,Ahmedabad,52,Instagram,2025-11-08,New Customer,False,1.0,5498.0,2025-04-14
CUST00979,Customer 979,customer979@example.com,Ahmedabad,47,Referral,2025-08-15,Window Shopper,False,0.0,0.0,2025-08-15
CUST00980,Customer 980,customer980@example.com,Delhi,53,Organic,2025-11-14,New Customer,False,1.0,3198.0,2025-07-20
CUST00981,Customer 981,customer981@example.com,Delhi,21,Google,2025-03-17,High Value,False,7.0,16989.0,2026-02-21
CUST00982,Customer 982,customer982@example.com,Mumbai,20,Direct,2025-10-23,New Customer,False,1.0,2298.0,2026-07-23
CUST00983,Customer 983,customer983@example.com,Bangalore,21,Instagram,2025-08-02,Window Shopper,False,0.0,0.0,2025-08-02
CUST00984,Customer 984,customer984@example.com,Chennai,54,YouTube,2025-04-01,Dormant,True,0.0,0.0,2025-04-01
CUST00985,Customer 985,customer985@example.com,Pune,20,Instagram,2026-01-29,Dormant,False,1.0,2499.0,2025-12-22
CUST00986,Customer 986,customer986@example.com,Kolkata,22,Referral,2026-03-08,New Customer,False,1.0,1499.0,2026-05-30
CUST00987,Customer 987,customer987@example.com,Mumbai,25,Direct,2026-03-17,High Value,True,5.0,22687.0,2026-07-07
CUST00988,Customer 988,customer988@example.com,Delhi,31,YouTube,2025-01-30,New Customer,False,1.0,4797.0,2026-04-14
CUST00989,Customer 989,customer989@example.com,Bangalore,48,Direct,2025-12-19,New Customer,False,2.0,5596.0,2025-10-28
CUST00990,Customer 990,customer990@example.com,Chennai,45,YouTube,2026-03-11,High Value,False,6.0,19292.0,2026-04-30
CUST00991,Customer 991,customer991@example.com,Pune,26,YouTube,2025-10-16,Repeat Buyer,True,5.0,12191.0,2026-07-16
CUST00992,Customer 992,customer992@example.com,Ahmedabad,49,Google,2026-03-29,Repeat Buyer,False,4.0,19890.0,2026-06-11
CUST00993,Customer 993,customer993@example.com,Delhi,18,Instagram,2025-01-13,High Value,False,7.0,20188.0,2026-02-21
CUST00994,Customer 994,customer994@example.com,Delhi,44,Referral,2025-01-24,Repeat Buyer,False,5.0,15792.0,2026-02-05
CUST00995,Customer 995,customer995@example.com,Delhi,18,Direct,2025-04-14,Repeat Buyer,True,3.0,9294.0,2026-06-14
CUST00996,Customer 996,customer996@example.com,Bangalore,37,Organic,2025-09-17,Price Sensitive,False,3.0,10893.0,2026-02-23
CUST00997,Customer 997,customer997@example.com,Bangalore,39,Organic,2025-07-22,High Value,False,4.0,14891.0,2026-08-04
CUST00998,Customer 998,customer998@example.com,Hyderabad,29,Google,2025-06-19,Price Sensitive,False,3.0,8695.0,2026-04-21
CUST00999,Customer 999,customer999@example.com,Ahmedabad,48,Instagram,2025-11-27,Window Shopper,False,1.0,6797.0,2026-08-23
CUST01000,Customer 1000,customer1000@example.com,Ahmedabad,52,Organic,2025-08-25,New Customer,True,2.0,4497.0,2026-05-23
CUST01001,Customer 1001,customer1001@example.com,Hyderabad,51,Organic,2025-10-17,Price Sensitive,False,1.0,2798.0,2026-08-16
CUST01002,Customer 1002,customer1002@example.com,Hyderabad,31,YouTube,2025-12-17,Price Sensitive,False,3.0,13694.0,2026-05-10
CUST01003,Customer 1003,customer1003@example.com,Pune,22,Google,2025-05-24,Repeat Buyer,False,5.0,11991.0,2026-04-30
CUST01004,Customer 1004,customer1004@example.com,Kolkata,52,Google,2025-10-20,Window Shopper,False,0.0,0.0,2025-10-20
CUST01005,Customer 1005,customer1005@example.com,Bangalore,37,Direct,2026-03-16,High Value,True,5.0,25789.0,2026-06-30
CUST01006,Customer 1006,customer1006@example.com,Kolkata,23,Referral,2026-03-26,Repeat Buyer,True,3.0,13392.0,2026-04-17
CUST01007,Customer 1007,customer1007@example.com,Chennai,31,YouTube,2025-06-04,New Customer,False,2.0,8296.0,2025-11-06
CUST01008,Customer 1008,customer1008@example.com,Hyderabad,30,Instagram,2025-08-16,New Customer,False,0.0,0.0,2025-08-16
CUST01009,Customer 1009,customer1009@example.com,Mumbai,30,Organic,2026-04-18,Repeat Buyer,False,3.0,8096.0,2025-08-05
CUST01010,Customer 1010,customer1010@example.com,Chennai,38,Google,2026-01-29,Repeat Buyer,False,3.0,12492.0,2026-04-23
CUST01011,Customer 1011,customer1011@example.com,Mumbai,31,Direct,2025-01-19,Window Shopper,False,1.0,4297.0,2025-12-01
CUST01012,Customer 1012,customer1012@example.com,Bangalore,18,Organic,2026-04-23,Repeat Buyer,False,4.0,9194.0,2026-03-07
CUST01013,Customer 1013,customer1013@example.com,Bangalore,39,Referral,2026-04-01,New Customer,False,1.0,3798.0,2026-05-13
CUST01014,Customer 1014,customer1014@example.com,Chennai,19,YouTube,2026-01-24,New Customer,False,1.0,4698.0,2026-08-03
CUST01015,Customer 1015,customer1015@example.com,Pune,30,Google,2025-05-27,Repeat Buyer,False,5.0,9693.0,2026-06-28
CUST01016,Customer 1016,customer1016@example.com,Ahmedabad,25,Organic,2025-03-18,New Customer,False,1.0,1499.0,2025-03-14
CUST01017,Customer 1017,customer1017@example.com,Bangalore,31,YouTube,2025-06-29,New Customer,True,2.0,7495.0,2025-10-03
CUST01018,Customer 1018,customer1018@example.com,Chennai,54,Google,2025-03-29,High Value,True,4.0,11993.0,2025-10-04
CUST01019,Customer 1019,customer1019@example.com,Pune,52,Referral,2025-01-26,New Customer,False,1.0,2499.0,2026-07-31
CUST01020,Customer 1020,customer1020@example.com,Hyderabad,24,Referral,2025-01-28,New Customer,False,1.0,1799.0,2025-08-08
CUST01021,Customer 1021,customer1021@example.com,Ahmedabad,40,Organic,2025-06-20,New Customer,False,1.0,5497.0,2026-03-04
CUST01022,Customer 1022,customer1022@example.com,Bangalore,47,YouTube,2025-03-09,Window Shopper,False,1.0,1499.0,2026-03-29
CUST01023,Customer 1023,customer1023@example.com,Ahmedabad,24,Referral,2025-06-08,New Customer,False,1.0,499.0,2026-01-12
CUST01024,Customer 1024,customer1024@example.com,Ahmedabad,48,Google,2026-05-01,Price Sensitive,False,2.0,3396.0,2026-05-30
CUST01025,Customer 1025,customer1025@example.com,Chennai,41,Referral,2025-04-04,New Customer,False,1.0,3198.0,2026-06-10
CUST01026,Customer 1026,customer1026@example.com,Pune,47,Referral,2025-01-16,Price Sensitive,False,3.0,8795.0,2026-04-08
CUST01027,Customer 1027,customer1027@example.com,Ahmedabad,47,Google,2025-05-25,New Customer,True,2.0,8096.0,2025-12-21
CUST01028,Customer 1028,customer1028@example.com,Mumbai,50,Instagram,2025-07-27,Price Sensitive,False,1.0,2398.0,2025-11-26
CUST01029,Customer 1029,customer1029@example.com,Pune,53,Direct,2025-02-06,Window Shopper,False,0.0,0.0,2025-02-06
CUST01030,Customer 1030,customer1030@example.com,Kolkata,55,Referral,2025-05-03,Price Sensitive,False,0.0,0.0,2025-05-03
CUST01031,Customer 1031,customer1031@example.com,Ahmedabad,42,Instagram,2025-06-24,High Value,True,3.0,11093.0,2026-04-29
CUST01032,Customer 1032,customer1032@example.com,Kolkata,45,YouTube,2026-02-08,New Customer,False,1.0,7297.0,2025-03-29
CUST01033,Customer 1033,customer1033@example.com,Mumbai,22,Direct,2026-04-22,Repeat Buyer,True,5.0,13291.0,2026-05-08
CUST01034,Customer 1034,customer1034@example.com,Bangalore,55,YouTube,2025-08-26,Price Sensitive,False,1.0,3398.0,2026-06-20
CUST01035,Customer 1035,customer1035@example.com,Ahmedabad,29,Organic,2026-05-05,Repeat Buyer,True,2.0,5997.0,2025-11-18
CUST01036,Customer 1036,customer1036@example.com,Kolkata,38,Referral,2025-11-27,Repeat Buyer,True,4.0,14193.0,2026-03-11
CUST01037,Customer 1037,customer1037@example.com,Mumbai,55,Direct,2026-02-19,Price Sensitive,True,2.0,8696.0,2026-08-02
CUST01038,Customer 1038,customer1038@example.com,Mumbai,46,YouTube,2025-05-30,New Customer,True,2.0,5996.0,2025-11-18
CUST01039,Customer 1039,customer1039@example.com,Delhi,31,Direct,2026-03-26,Repeat Buyer,True,3.0,8195.0,2026-04-20
CUST01040,Customer 1040,customer1040@example.com,Chennai,45,Direct,2026-04-14,Repeat Buyer,True,5.0,20589.0,2026-04-27
CUST01041,Customer 1041,customer1041@example.com,Hyderabad,50,Referral,2026-03-10,Repeat Buyer,True,6.0,21289.0,2026-04-12
CUST01042,Customer 1042,customer1042@example.com,Pune,53,Instagram,2025-01-01,New Customer,False,1.0,3798.0,2025-08-07
CUST01043,Customer 1043,customer1043@example.com,Pune,25,Organic,2026-03-20,Price Sensitive,False,1.0,1798.0,2025-06-07
CUST01044,Customer 1044,customer1044@example.com,Kolkata,38,Direct,2025-07-15,New Customer,False,1.0,2999.0,2026-07-14
CUST01045,Customer 1045,customer1045@example.com,Delhi,29,Referral,2025-03-13,Repeat Buyer,True,2.0,6396.0,2026-04-22
CUST01046,Customer 1046,customer1046@example.com,Pune,44,Google,2025-05-28,New Customer,False,1.0,999.0,2025-04-10
CUST01047,Customer 1047,customer1047@example.com,Mumbai,18,Instagram,2025-11-28,Dormant,False,0.0,0.0,2025-11-28
CUST01048,Customer 1048,customer1048@example.com,Ahmedabad,45,Google,2025-02-13,New Customer,False,1.0,999.0,2026-07-15
CUST01049,Customer 1049,customer1049@example.com,Ahmedabad,45,YouTube,2025-04-03,New Customer,False,1.0,2698.0,2025-12-24
CUST01050,Customer 1050,customer1050@example.com,Ahmedabad,42,Organic,2025-04-26,Repeat Buyer,True,6.0,15291.0,2026-05-17
CUST01051,Customer 1051,customer1051@example.com,Ahmedabad,33,Direct,2025-09-14,New Customer,False,1.0,1398.0,2026-02-20
CUST01052,Customer 1052,customer1052@example.com,Pune,20,Instagram,2025-10-18,New Customer,False,2.0,6896.0,2026-08-03
CUST01053,Customer 1053,customer1053@example.com,Ahmedabad,23,Google,2026-01-09,Repeat Buyer,True,6.0,20888.0,2026-06-13
CUST01054,Customer 1054,customer1054@example.com,Chennai,47,YouTube,2025-02-10,Price Sensitive,False,2.0,5397.0,2026-03-13
CUST01055,Customer 1055,customer1055@example.com,Delhi,48,Direct,2026-01-15,High Value,True,8.0,26586.0,2026-05-07
CUST01056,Customer 1056,customer1056@example.com,Chennai,21,Organic,2025-10-01,Price Sensitive,False,3.0,11494.0,2026-05-23
CUST01057,Customer 1057,customer1057@example.com,Ahmedabad,54,Direct,2025-06-19,Price Sensitive,False,1.0,3999.0,2026-04-06
CUST01058,Customer 1058,customer1058@example.com,Chennai,36,Google,2025-01-19,Repeat Buyer,False,4.0,14592.0,2026-01-09
CUST01059,Customer 1059,customer1059@example.com,Chennai,54,Organic,2025-02-01,Price Sensitive,False,2.0,12295.0,2026-02-20
CUST01060,Customer 1060,customer1060@example.com,Hyderabad,36,Direct,2025-11-16,High Value,True,5.0,18792.0,2026-02-20
CUST01061,Customer 1061,customer1061@example.com,Mumbai,50,Instagram,2026-03-12,New Customer,False,1.0,3198.0,2025-05-16
CUST01062,Customer 1062,customer1062@example.com,Chennai,35,Organic,2025-01-08,Price Sensitive,False,0.0,0.0,2025-01-08
CUST01063,Customer 1063,customer1063@example.com,Mumbai,46,Organic,2026-02-18,Price Sensitive,False,2.0,6497.0,2026-01-20
CUST01064,Customer 1064,customer1064@example.com,Delhi,49,Google,2026-02-14,New Customer,False,0.0,0.0,2026-02-14
CUST01065,Customer 1065,customer1065@example.com,Bangalore,27,YouTube,2026-04-24,High Value,True,4.0,12793.0,2026-08-11
CUST01066,Customer 1066,customer1066@example.com,Kolkata,42,Google,2025-12-05,Window Shopper,False,0.0,0.0,2025-12-05
CUST01067,Customer 1067,customer1067@example.com,Delhi,54,Direct,2026-03-08,Repeat Buyer,True,5.0,18690.0,2026-07-18
CUST01068,Customer 1068,customer1068@example.com,Bangalore,21,Google,2025-08-26,Repeat Buyer,True,3.0,15392.0,2025-12-03
CUST01069,Customer 1069,customer1069@example.com,Delhi,42,Direct,2025-12-28,Repeat Buyer,True,3.0,12193.0,2026-04-05
CUST01070,Customer 1070,customer1070@example.com,Kolkata,18,Organic,2026-04-20,Repeat Buyer,True,4.0,13392.0,2025-11-23
CUST01071,Customer 1071,customer1071@example.com,Pune,51,Direct,2026-05-05,Price Sensitive,False,2.0,9496.0,2026-05-20
CUST01072,Customer 1072,customer1072@example.com,Pune,45,YouTube,2026-04-16,New Customer,False,1.0,3798.0,2025-09-20
CUST01073,Customer 1073,customer1073@example.com,Chennai,35,Instagram,2025-05-11,Price Sensitive,False,3.0,10995.0,2026-03-12
CUST01074,Customer 1074,customer1074@example.com,Delhi,55,Google,2025-09-24,Price Sensitive,False,1.0,6498.0,2025-12-17
CUST01075,Customer 1075,customer1075@example.com,Mumbai,38,YouTube,2025-01-06,Repeat Buyer,True,5.0,17091.0,2026-07-28
CUST01076,Customer 1076,customer1076@example.com,Hyderabad,44,Instagram,2025-09-26,Price Sensitive,False,3.0,10594.0,2026-03-26
CUST01077,Customer 1077,customer1077@example.com,Delhi,36,Organic,2025-04-09,New Customer,False,1.0,1398.0,2026-03-28
CUST01078,Customer 1078,customer1078@example.com,Hyderabad,31,YouTube,2025-11-23,New Customer,False,1.0,1499.0,2025-12-07
CUST01079,Customer 1079,customer1079@example.com,Bangalore,26,Referral,2025-12-03,New Customer,False,1.0,4698.0,2025-10-25
CUST01080,Customer 1080,customer1080@example.com,Mumbai,25,Direct,2025-04-05,Price Sensitive,False,1.0,1799.0,2025-10-16
CUST01081,Customer 1081,customer1081@example.com,Bangalore,47,Organic,2026-01-29,New Customer,False,1.0,2999.0,2025-04-07
CUST01082,Customer 1082,customer1082@example.com,Pune,34,Google,2026-02-04,Repeat Buyer,False,4.0,13892.0,2026-01-08
CUST01083,Customer 1083,customer1083@example.com,Kolkata,42,Organic,2025-01-31,New Customer,False,2.0,8695.0,2026-01-12
CUST01084,Customer 1084,customer1084@example.com,Mumbai,46,Instagram,2025-09-09,New Customer,False,1.0,3698.0,2025-11-12
CUST01085,Customer 1085,customer1085@example.com,Kolkata,29,Direct,2025-09-09,Dormant,False,1.0,4197.0,2026-04-13
CUST01086,Customer 1086,customer1086@example.com,Kolkata,31,YouTube,2025-11-26,New Customer,False,1.0,2298.0,2025-11-19
CUST01087,Customer 1087,customer1087@example.com,Chennai,24,Instagram,2025-02-07,New Customer,False,1.0,4498.0,2025-09-04
CUST01088,Customer 1088,customer1088@example.com,Ahmedabad,19,Referral,2025-03-18,New Customer,False,1.0,899.0,2025-03-18
CUST01089,Customer 1089,customer1089@example.com,Hyderabad,42,Organic,2025-03-19,Price Sensitive,True,3.0,15093.0,2026-08-22
CUST01090,Customer 1090,customer1090@example.com,Hyderabad,50,Direct,2026-04-27,Price Sensitive,False,3.0,7696.0,2026-06-01
CUST01091,Customer 1091,customer1091@example.com,Kolkata,22,YouTube,2025-04-26,Price Sensitive,False,3.0,9594.0,2026-07-09
CUST01092,Customer 1092,customer1092@example.com,Ahmedabad,25,YouTube,2025-10-02,New Customer,False,2.0,7295.0,2026-02-14
CUST01093,Customer 1093,customer1093@example.com,Chennai,43,Instagram,2025-11-20,Dormant,False,1.0,2499.0,2025-05-01
CUST01094,Customer 1094,customer1094@example.com,Pune,52,Organic,2025-02-11,Dormant,False,1.0,2499.0,2025-11-17
CUST01095,Customer 1095,customer1095@example.com,Chennai,30,Google,2025-10-11,Window Shopper,False,0.0,0.0,2025-10-11
CUST01096,Customer 1096,customer1096@example.com,Delhi,37,Direct,2025-07-19,New Customer,False,1.0,3998.0,2026-01-30
CUST01097,Customer 1097,customer1097@example.com,Pune,49,Instagram,2026-03-30,Window Shopper,False,0.0,0.0,2026-03-30
CUST01098,Customer 1098,customer1098@example.com,Mumbai,20,Google,2025-01-13,High Value,False,3.0,14594.0,2026-08-15
CUST01099,Customer 1099,customer1099@example.com,Ahmedabad,42,Instagram,2026-02-10,Price Sensitive,False,1.0,3698.0,2026-04-02
CUST01100,Customer 1100,customer1100@example.com,Ahmedabad,19,Instagram,2025-06-23,High Value,True,3.0,8894.0,2026-02-01
CUST01101,Customer 1101,customer1101@example.com,Hyderabad,43,Instagram,2025-04-19,New Customer,False,1.0,5597.0,2025-05-03
CUST01102,Customer 1102,customer1102@example.com,Ahmedabad,52,Google,2026-01-15,Window Shopper,False,1.0,699.0,2026-08-13
CUST01103,Customer 1103,customer1103@example.com,Hyderabad,27,Referral,2025-12-01,High Value,False,5.0,20589.0,2026-05-09
CUST01104,Customer 1104,customer1104@example.com,Hyderabad,33,Direct,2025-11-29,New Customer,False,1.0,1799.0,2025-07-04
CUST01105,Customer 1105,customer1105@example.com,Hyderabad,37,Instagram,2025-08-22,New Customer,True,1.0,2998.0,2026-06-29
CUST01106,Customer 1106,customer1106@example.com,Bangalore,24,Instagram,2025-09-12,High Value,False,5.0,22788.0,2026-07-05
CUST01107,Customer 1107,customer1107@example.com,Bangalore,30,Referral,2025-06-22,High Value,True,8.0,31487.0,2026-07-03
CUST01108,Customer 1108,customer1108@example.com,Kolkata,38,Instagram,2026-05-15,Window Shopper,False,0.0,0.0,2026-05-15
CUST01109,Customer 1109,customer1109@example.com,Pune,31,Instagram,2025-10-31,Price Sensitive,False,3.0,9795.0,2026-03-05
CUST01110,Customer 1110,customer1110@example.com,Chennai,27,Referral,2025-03-28,New Customer,True,1.0,2298.0,2025-06-06
CUST01111,Customer 1111,customer1111@example.com,Ahmedabad,33,YouTube,2025-01-21,Price Sensitive,False,2.0,4497.0,2026-08-05
CUST01112,Customer 1112,customer1112@example.com,Kolkata,28,Instagram,2026-03-27,New Customer,False,0.0,0.0,2026-03-27
CUST01113,Customer 1113,customer1113@example.com,Mumbai,23,Direct,2025-11-30,Repeat Buyer,True,6.0,12990.0,2026-08-06
CUST01114,Customer 1114,customer1114@example.com,Ahmedabad,26,Google,2025-03-15,High Value,True,7.0,21588.0,2026-06-29
CUST01115,Customer 1115,customer1115@example.com,Kolkata,33,Google,2025-11-09,High Value,True,5.0,13690.0,2026-08-15
CUST01116,Customer 1116,customer1116@example.com,Ahmedabad,23,Direct,2026-02-28,Price Sensitive,False,2.0,5997.0,2026-06-05
CUST01117,Customer 1117,customer1117@example.com,Hyderabad,53,Google,2025-04-09,Price Sensitive,False,1.0,3897.0,2026-03-14
CUST01118,Customer 1118,customer1118@example.com,Bangalore,41,YouTube,2025-09-17,New Customer,False,1.0,2999.0,2026-04-14
CUST01119,Customer 1119,customer1119@example.com,Delhi,35,Instagram,2025-04-10,New Customer,False,1.0,5297.0,2025-11-22
CUST01120,Customer 1120,customer1120@example.com,Ahmedabad,49,Google,2025-03-23,New Customer,True,1.0,2499.0,2026-07-09
CUST01121,Customer 1121,customer1121@example.com,Pune,36,Google,2025-08-11,Price Sensitive,True,3.0,8297.0,2026-06-11
CUST01122,Customer 1122,customer1122@example.com,Ahmedabad,20,Instagram,2026-01-15,New Customer,False,1.0,6498.0,2025-03-23
CUST01123,Customer 1123,customer1123@example.com,Mumbai,19,Referral,2025-09-21,New Customer,False,2.0,14295.0,2025-05-13
CUST01124,Customer 1124,customer1124@example.com,Ahmedabad,55,YouTube,2025-06-16,New Customer,False,2.0,10495.0,2026-01-29
CUST01125,Customer 1125,customer1125@example.com,Pune,32,Instagram,2025-06-16,Repeat Buyer,False,6.0,20889.0,2025-12-04
CUST01126,Customer 1126,customer1126@example.com,Kolkata,30,Referral,2026-04-02,New Customer,False,2.0,4496.0,2026-06-09
CUST01127,Customer 1127,customer1127@example.com,Ahmedabad,21,Referral,2025-03-16,New Customer,False,1.0,5597.0,2025-11-02
CUST01128,Customer 1128,customer1128@example.com,Mumbai,42,Organic,2025-03-11,New Customer,False,0.0,0.0,2025-03-11
CUST01129,Customer 1129,customer1129@example.com,Pune,35,Google,2025-06-21,Repeat Buyer,True,2.0,3797.0,2026-05-21
CUST01130,Customer 1130,customer1130@example.com,Hyderabad,35,Google,2025-02-26,New Customer,False,1.0,3398.0,2026-07-27
CUST01131,Customer 1131,customer1131@example.com,Mumbai,39,Google,2026-03-30,Window Shopper,False,0.0,0.0,2026-03-30
CUST01132,Customer 1132,customer1132@example.com,Mumbai,54,YouTube,2026-03-14,New Customer,True,1.0,2298.0,2026-01-14
CUST01133,Customer 1133,customer1133@example.com,Ahmedabad,31,YouTube,2025-08-31,New Customer,False,1.0,3198.0,2026-01-20
CUST01134,Customer 1134,customer1134@example.com,Kolkata,33,Google,2025-06-17,Window Shopper,False,1.0,4697.0,2026-08-20
CUST01135,Customer 1135,customer1135@example.com,Mumbai,54,Instagram,2025-08-02,Repeat Buyer,True,3.0,11294.0,2025-07-28
CUST01136,Customer 1136,customer1136@example.com,Ahmedabad,50,Instagram,2025-08-06,Dormant,True,0.0,0.0,2025-08-06
CUST01137,Customer 1137,customer1137@example.com,Bangalore,46,Referral,2025-05-04,High Value,True,3.0,12094.0,2025-12-14
CUST01138,Customer 1138,customer1138@example.com,Kolkata,31,Google,2025-07-03,New Customer,False,0.0,0.0,2025-07-03
CUST01139,Customer 1139,customer1139@example.com,Bangalore,19,Referral,2025-12-09,New Customer,False,1.0,1898.0,2025-05-19
CUST01140,Customer 1140,customer1140@example.com,Hyderabad,47,Referral,2026-01-31,Repeat Buyer,False,2.0,5697.0,2026-06-01
CUST01141,Customer 1141,customer1141@example.com,Mumbai,41,Direct,2025-08-26,New Customer,False,0.0,0.0,2025-08-26
CUST01142,Customer 1142,customer1142@example.com,Bangalore,42,Direct,2025-06-20,Price Sensitive,True,3.0,8395.0,2026-04-20
CUST01143,Customer 1143,customer1143@example.com,Chennai,52,YouTube,2026-02-11,High Value,True,7.0,24986.0,2026-05-31
CUST01144,Customer 1144,customer1144@example.com,Pune,21,YouTube,2026-04-30,New Customer,False,1.0,4797.0,2026-08-19
CUST01145,Customer 1145,customer1145@example.com,Hyderabad,25,Referral,2025-07-07,Window Shopper,False,0.0,0.0,2025-07-07
CUST01146,Customer 1146,customer1146@example.com,Pune,29,Direct,2025-10-14,Repeat Buyer,True,3.0,14793.0,2026-07-21
CUST01147,Customer 1147,customer1147@example.com,Delhi,26,Organic,2025-05-03,Price Sensitive,False,1.0,3698.0,2025-05-02
CUST01148,Customer 1148,customer1148@example.com,Delhi,32,Organic,2025-06-30,High Value,True,8.0,23187.0,2026-07-24
CUST01149,Customer 1149,customer1149@example.com,Kolkata,35,Instagram,2025-02-02,Window Shopper,False,0.0,0.0,2025-02-02
CUST01150,Customer 1150,customer1150@example.com,Bangalore,48,Direct,2025-09-30,Repeat Buyer,True,4.0,15392.0,2026-07-17
CUST01151,Customer 1151,customer1151@example.com,Chennai,46,YouTube,2025-07-08,Price Sensitive,False,3.0,4496.0,2026-08-18
CUST01152,Customer 1152,customer1152@example.com,Bangalore,30,Referral,2025-02-14,Price Sensitive,False,3.0,10694.0,2026-07-11
CUST01153,Customer 1153,customer1153@example.com,Chennai,22,Instagram,2025-03-26,New Customer,False,1.0,3999.0,2026-07-28
CUST01154,Customer 1154,customer1154@example.com,Ahmedabad,27,Google,2025-09-24,New Customer,False,2.0,4797.0,2025-10-14
CUST01155,Customer 1155,customer1155@example.com,Kolkata,52,Google,2025-08-31,Dormant,True,0.0,0.0,2025-08-31
CUST01156,Customer 1156,customer1156@example.com,Hyderabad,36,Google,2025-02-02,Repeat Buyer,True,4.0,11293.0,2026-04-13
CUST01157,Customer 1157,customer1157@example.com,Pune,44,YouTube,2025-06-25,New Customer,False,1.0,5297.0,2025-12-30
CUST01158,Customer 1158,customer1158@example.com,Ahmedabad,55,Direct,2025-12-23,Price Sensitive,False,0.0,0.0,2025-12-23
CUST01159,Customer 1159,customer1159@example.com,Ahmedabad,37,YouTube,2025-03-09,High Value,True,5.0,14090.0,2026-04-18
CUST01160,Customer 1160,customer1160@example.com,Chennai,32,Referral,2025-07-10,Window Shopper,False,1.0,1799.0,2025-06-25
CUST01161,Customer 1161,customer1161@example.com,Hyderabad,27,Organic,2025-05-26,Dormant,False,0.0,0.0,2025-05-26
CUST01162,Customer 1162,customer1162@example.com,Mumbai,52,Organic,2025-04-04,Repeat Buyer,True,3.0,11992.0,2026-04-20
CUST01163,Customer 1163,customer1163@example.com,Mumbai,28,Google,2025-03-01,Dormant,False,0.0,0.0,2025-03-01
CUST01164,Customer 1164,customer1164@example.com,Mumbai,46,Organic,2025-07-09,New Customer,False,1.0,699.0,2025-03-15
CUST01165,Customer 1165,customer1165@example.com,Hyderabad,38,Organic,2025-03-17,New Customer,False,1.0,2499.0,2025-09-16
CUST01166,Customer 1166,customer1166@example.com,Mumbai,52,Organic,2025-03-04,Repeat Buyer,True,2.0,4997.0,2026-07-06
CUST01167,Customer 1167,customer1167@example.com,Ahmedabad,27,Referral,2026-04-21,Dormant,False,0.0,0.0,2026-04-21
CUST01168,Customer 1168,customer1168@example.com,Pune,36,Referral,2026-04-04,Repeat Buyer,True,2.0,6496.0,2025-12-13
CUST01169,Customer 1169,customer1169@example.com,Mumbai,54,Direct,2026-04-10,New Customer,False,1.0,2499.0,2025-10-14
CUST01170,Customer 1170,customer1170@example.com,Bangalore,48,Instagram,2025-03-13,Dormant,False,0.0,0.0,2025-03-13
CUST01171,Customer 1171,customer1171@example.com,Hyderabad,43,YouTube,2026-03-07,Price Sensitive,True,1.0,899.0,2026-06-27
CUST01172,Customer 1172,customer1172@example.com,Pune,21,YouTube,2025-11-25,New Customer,False,1.0,5197.0,2025-07-26
CUST01173,Customer 1173,customer1173@example.com,Chennai,30,Instagram,2025-02-12,New Customer,False,1.0,899.0,2026-07-24
CUST01174,Customer 1174,customer1174@example.com,Bangalore,50,Referral,2025-04-10,High Value,True,6.0,20089.0,2026-07-28
CUST01175,Customer 1175,customer1175@example.com,Hyderabad,41,Referral,2025-03-17,Repeat Buyer,True,3.0,7496.0,2025-11-15
CUST01176,Customer 1176,customer1176@example.com,Kolkata,41,Instagram,2025-05-26,Price Sensitive,False,2.0,8497.0,2026-04-13
CUST01177,Customer 1177,customer1177@example.com,Ahmedabad,53,Instagram,2025-04-21,Repeat Buyer,True,4.0,18291.0,2026-03-23
CUST01178,Customer 1178,customer1178@example.com,Kolkata,46,Organic,2025-03-25,Price Sensitive,False,3.0,6896.0,2026-06-05
CUST01179,Customer 1179,customer1179@example.com,Kolkata,44,Google,2026-03-04,Window Shopper,False,0.0,0.0,2026-03-04
CUST01180,Customer 1180,customer1180@example.com,Delhi,37,Referral,2026-03-21,High Value,True,5.0,13892.0,2026-07-05
CUST01181,Customer 1181,customer1181@example.com,Kolkata,23,Instagram,2025-07-29,High Value,True,5.0,14191.0,2026-06-29
CUST01182,Customer 1182,customer1182@example.com,Mumbai,53,Referral,2025-12-30,High Value,True,6.0,18489.0,2026-05-14
CUST01183,Customer 1183,customer1183@example.com,Delhi,29,Referral,2025-05-29,High Value,False,6.0,21387.0,2026-06-21
CUST01184,Customer 1184,customer1184@example.com,Chennai,55,Organic,2025-09-10,High Value,True,8.0,25585.0,2026-04-19
CUST01185,Customer 1185,customer1185@example.com,Hyderabad,18,Google,2025-05-15,High Value,True,4.0,17591.0,2026-04-27
CUST01186,Customer 1186,customer1186@example.com,Ahmedabad,25,Direct,2025-12-07,Repeat Buyer,True,5.0,12793.0,2026-05-27
CUST01187,Customer 1187,customer1187@example.com,Ahmedabad,33,Instagram,2025-03-03,Window Shopper,False,0.0,0.0,2025-03-03
CUST01188,Customer 1188,customer1188@example.com,Bangalore,41,YouTube,2025-09-04,Price Sensitive,False,1.0,7797.0,2026-04-22
CUST01189,Customer 1189,customer1189@example.com,Ahmedabad,25,Organic,2025-09-20,High Value,False,6.0,16190.0,2026-07-20
CUST01190,Customer 1190,customer1190@example.com,Chennai,28,YouTube,2025-01-30,Price Sensitive,True,2.0,4797.0,2025-11-16
CUST01191,Customer 1191,customer1191@example.com,Mumbai,40,Google,2025-01-28,New Customer,False,1.0,3498.0,2025-06-11
CUST01192,Customer 1192,customer1192@example.com,Pune,21,Organic,2025-05-30,New Customer,False,0.0,0.0,2025-05-30
CUST01193,Customer 1193,customer1193@example.com,Delhi,29,Instagram,2025-11-03,High Value,False,6.0,19288.0,2026-07-04
CUST01194,Customer 1194,customer1194@example.com,Pune,37,Organic,2025-12-17,Price Sensitive,False,1.0,499.0,2025-03-26
CUST01195,Customer 1195,customer1195@example.com,Pune,27,Instagram,2025-03-12,Price Sensitive,False,1.0,3198.0,2026-05-30
CUST01196,Customer 1196,customer1196@example.com,Ahmedabad,44,Organic,2026-04-17,Repeat Buyer,True,2.0,5298.0,2026-04-03
CUST01197,Customer 1197,customer1197@example.com,Mumbai,50,Google,2026-03-02,Window Shopper,True,0.0,0.0,2026-03-02
CUST01198,Customer 1198,customer1198@example.com,Bangalore,44,Referral,2026-04-15,New Customer,False,1.0,4597.0,2026-03-08
CUST01199,Customer 1199,customer1199@example.com,Hyderabad,48,Organic,2025-06-09,New Customer,False,1.0,3998.0,2025-12-03
CUST01200,Customer 1200,customer1200@example.com,Ahmedabad,51,Organic,2025-03-30,Price Sensitive,True,2.0,8296.0,2025-09-10
CUST01201,Customer 1201,customer1201@example.com,Bangalore,32,Google,2026-03-15,Price Sensitive,True,1.0,3999.0,2025-04-23
CUST01202,Customer 1202,customer1202@example.com,Chennai,26,Google,2025-03-08,Price Sensitive,False,1.0,6998.0,2026-06-08
CUST01203,Customer 1203,customer1203@example.com,Bangalore,22,Instagram,2026-02-01,Dormant,False,0.0,0.0,2026-02-01
CUST01204,Customer 1204,customer1204@example.com,Delhi,24,Instagram,2026-02-11,Repeat Buyer,True,2.0,6295.0,2025-10-06
CUST01205,Customer 1205,customer1205@example.com,Ahmedabad,25,Organic,2025-01-23,Price Sensitive,False,1.0,499.0,2025-08-16
CUST01206,Customer 1206,customer1206@example.com,Bangalore,25,YouTube,2025-04-16,New Customer,False,2.0,8595.0,2026-03-09
CUST01207,Customer 1207,customer1207@example.com,Pune,19,Instagram,2025-03-16,High Value,True,3.0,12293.0,2026-05-22
CUST01208,Customer 1208,customer1208@example.com,Pune,40,Google,2026-03-14,Window Shopper,False,0.0,0.0,2026-03-14
CUST01209,Customer 1209,customer1209@example.com,Delhi,50,YouTube,2025-02-04,Repeat Buyer,False,2.0,6596.0,2026-04-27
CUST01210,Customer 1210,customer1210@example.com,Hyderabad,51,Google,2026-01-02,New Customer,False,1.0,1698.0,2026-03-01
CUST01211,Customer 1211,customer1211@example.com,Hyderabad,24,Google,2026-04-17,New Customer,False,1.0,4697.0,2026-04-04
CUST01212,Customer 1212,customer1212@example.com,Pune,55,Google,2025-08-14,Repeat Buyer,False,3.0,5496.0,2025-09-01
CUST01213,Customer 1213,customer1213@example.com,Pune,42,Referral,2025-04-20,Price Sensitive,True,1.0,2498.0,2026-03-23
CUST01214,Customer 1214,customer1214@example.com,Pune,25,Referral,2025-02-26,Repeat Buyer,True,6.0,21687.0,2026-07-22
CUST01215,Customer 1215,customer1215@example.com,Pune,36,YouTube,2026-01-05,Repeat Buyer,True,5.0,29287.0,2026-06-07
CUST01216,Customer 1216,customer1216@example.com,Bangalore,42,Organic,2025-08-22,New Customer,False,1.0,4397.0,2026-06-02
CUST01217,Customer 1217,customer1217@example.com,Ahmedabad,32,YouTube,2025-07-28,High Value,True,5.0,18487.0,2026-05-20
CUST01218,Customer 1218,customer1218@example.com,Delhi,22,Referral,2026-04-26,New Customer,False,2.0,8696.0,2026-06-24
CUST01219,Customer 1219,customer1219@example.com,Ahmedabad,24,Referral,2025-08-13,Price Sensitive,True,2.0,7797.0,2026-07-23
CUST01220,Customer 1220,customer1220@example.com,Bangalore,27,Referral,2025-07-25,High Value,True,4.0,13593.0,2026-08-05
CUST01221,Customer 1221,customer1221@example.com,Mumbai,22,Organic,2026-05-15,Price Sensitive,False,3.0,11195.0,2026-04-30
CUST01222,Customer 1222,customer1222@example.com,Kolkata,25,Google,2026-03-06,New Customer,False,2.0,6997.0,2025-09-07
CUST01223,Customer 1223,customer1223@example.com,Chennai,43,Organic,2025-09-01,Repeat Buyer,True,4.0,13692.0,2026-07-18
CUST01224,Customer 1224,customer1224@example.com,Ahmedabad,50,Organic,2025-03-17,Price Sensitive,False,1.0,3798.0,2025-12-20
CUST01225,Customer 1225,customer1225@example.com,Chennai,49,Referral,2025-04-29,Price Sensitive,True,3.0,9493.0,2026-02-09
CUST01226,Customer 1226,customer1226@example.com,Bangalore,21,Instagram,2025-09-13,High Value,True,7.0,21585.0,2026-08-12
CUST01227,Customer 1227,customer1227@example.com,Kolkata,38,Google,2025-06-05,Price Sensitive,False,1.0,2499.0,2026-08-22
CUST01228,Customer 1228,customer1228@example.com,Bangalore,51,Referral,2026-02-10,High Value,True,6.0,28586.0,2026-06-30
CUST01229,Customer 1229,customer1229@example.com,Ahmedabad,49,YouTube,2025-05-14,Repeat Buyer,True,3.0,6894.0,2026-05-30
CUST01230,Customer 1230,customer1230@example.com,Hyderabad,20,Referral,2026-03-27,High Value,False,6.0,19289.0,2025-11-16
CUST01231,Customer 1231,customer1231@example.com,Pune,42,Referral,2025-08-24,Window Shopper,False,0.0,0.0,2025-08-24
CUST01232,Customer 1232,customer1232@example.com,Chennai,28,Referral,2025-08-09,New Customer,True,1.0,4397.0,2025-12-13
CUST01233,Customer 1233,customer1233@example.com,Ahmedabad,25,YouTube,2025-12-12,New Customer,False,1.0,3999.0,2026-02-28
CUST01234,Customer 1234,customer1234@example.com,Ahmedabad,48,YouTube,2026-03-14,Repeat Buyer,True,4.0,12592.0,2026-07-18
CUST01235,Customer 1235,customer1235@example.com,Chennai,49,YouTube,2026-05-13,New Customer,True,2.0,3996.0,2026-04-25
CUST01236,Customer 1236,customer1236@example.com,Chennai,38,Instagram,2025-01-15,Repeat Buyer,True,6.0,22988.0,2026-04-21
CUST01237,Customer 1237,customer1237@example.com,Pune,40,Direct,2025-10-26,High Value,True,8.0,26482.0,2026-07-18
CUST01238,Customer 1238,customer1238@example.com,Pune,42,Instagram,2025-08-08,New Customer,False,1.0,4298.0,2025-06-03
CUST01239,Customer 1239,customer1239@example.com,Pune,21,Direct,2025-05-06,Repeat Buyer,True,2.0,9295.0,2025-06-04
CUST01240,Customer 1240,customer1240@example.com,Bangalore,22,Organic,2025-02-28,New Customer,False,1.0,3398.0,2026-05-12
CUST01241,Customer 1241,customer1241@example.com,Pune,20,Referral,2025-12-03,Repeat Buyer,True,5.0,16090.0,2026-06-07
CUST01242,Customer 1242,customer1242@example.com,Kolkata,35,Instagram,2025-12-23,Window Shopper,False,1.0,899.0,2025-08-10
CUST01243,Customer 1243,customer1243@example.com,Pune,42,YouTube,2025-07-19,Repeat Buyer,True,6.0,13891.0,2026-03-12
CUST01244,Customer 1244,customer1244@example.com,Ahmedabad,24,Direct,2025-12-12,Repeat Buyer,True,2.0,5296.0,2026-04-26
CUST01245,Customer 1245,customer1245@example.com,Pune,28,YouTube,2025-06-03,New Customer,False,1.0,5197.0,2026-01-11
CUST01246,Customer 1246,customer1246@example.com,Ahmedabad,22,YouTube,2025-04-20,Repeat Buyer,True,3.0,13495.0,2026-04-12
CUST01247,Customer 1247,customer1247@example.com,Kolkata,32,YouTube,2026-01-16,New Customer,True,0.0,0.0,2026-01-16
CUST01248,Customer 1248,customer1248@example.com,Bangalore,55,Organic,2025-05-20,Dormant,False,1.0,2999.0,2025-10-10
CUST01249,Customer 1249,customer1249@example.com,Ahmedabad,45,Google,2025-06-27,New Customer,False,1.0,2698.0,2025-03-06
CUST01250,Customer 1250,customer1250@example.com,Chennai,50,Organic,2025-08-10,Price Sensitive,False,3.0,8795.0,2025-08-01
CUST01251,Customer 1251,customer1251@example.com,Kolkata,43,Organic,2025-11-16,Price Sensitive,False,1.0,3998.0,2025-11-15
CUST01252,Customer 1252,customer1252@example.com,Mumbai,19,Direct,2025-12-27,Repeat Buyer,True,5.0,19487.0,2026-08-20
CUST01253,Customer 1253,customer1253@example.com,Ahmedabad,31,Direct,2026-05-08,Repeat Buyer,True,6.0,15289.0,2026-03-23
CUST01254,Customer 1254,customer1254@example.com,Chennai,52,YouTube,2026-03-13,Window Shopper,False,0.0,0.0,2026-03-13
CUST01255,Customer 1255,customer1255@example.com,Hyderabad,51,Google,2025-07-06,Price Sensitive,False,0.0,0.0,2025-07-06
CUST01256,Customer 1256,customer1256@example.com,Chennai,45,Referral,2025-06-13,Repeat Buyer,True,4.0,9092.0,2026-03-22
CUST01257,Customer 1257,customer1257@example.com,Delhi,44,Organic,2026-02-26,Window Shopper,False,0.0,0.0,2026-02-26
CUST01258,Customer 1258,customer1258@example.com,Delhi,43,Google,2025-02-28,New Customer,True,1.0,2498.0,2026-04-01
CUST01259,Customer 1259,customer1259@example.com,Chennai,47,Referral,2025-10-14,New Customer,True,2.0,3498.0,2026-03-13
CUST01260,Customer 1260,customer1260@example.com,Hyderabad,30,Google,2025-05-20,Dormant,False,0.0,0.0,2025-05-20
CUST01261,Customer 1261,customer1261@example.com,Chennai,53,Google,2025-11-26,New Customer,False,1.0,3999.0,2026-03-10
CUST01262,Customer 1262,customer1262@example.com,Ahmedabad,19,Instagram,2026-03-17,Window Shopper,False,1.0,999.0,2026-02-28
CUST01263,Customer 1263,customer1263@example.com,Chennai,22,Referral,2026-04-05,Window Shopper,False,1.0,1499.0,2025-05-10
CUST01264,Customer 1264,customer1264@example.com,Bangalore,43,Direct,2026-03-08,Repeat Buyer,True,5.0,14194.0,2026-05-24
CUST01265,Customer 1265,customer1265@example.com,Bangalore,51,Direct,2026-03-01,New Customer,True,1.0,4497.0,2025-12-22
CUST01266,Customer 1266,customer1266@example.com,Chennai,49,Instagram,2025-05-02,High Value,False,3.0,6695.0,2025-12-08
CUST01267,Customer 1267,customer1267@example.com,Pune,39,YouTube,2026-01-13,High Value,False,8.0,28286.0,2026-05-31
CUST01268,Customer 1268,customer1268@example.com,Delhi,45,Google,2025-03-15,Repeat Buyer,False,3.0,7296.0,2026-06-09
CUST01269,Customer 1269,customer1269@example.com,Chennai,46,Referral,2025-05-11,New Customer,False,1.0,1799.0,2026-03-03
CUST01270,Customer 1270,customer1270@example.com,Pune,25,Organic,2025-10-07,Window Shopper,True,0.0,0.0,2025-10-07
CUST01271,Customer 1271,customer1271@example.com,Chennai,27,Organic,2025-09-01,Repeat Buyer,True,3.0,8095.0,2026-07-01
CUST01272,Customer 1272,customer1272@example.com,Hyderabad,20,Direct,2025-12-06,Price Sensitive,False,1.0,4497.0,2026-08-08
CUST01273,Customer 1273,customer1273@example.com,Delhi,34,YouTube,2025-07-16,Price Sensitive,True,2.0,3997.0,2025-08-10
CUST01274,Customer 1274,customer1274@example.com,Pune,25,YouTube,2026-03-20,Repeat Buyer,False,3.0,15693.0,2026-07-01
CUST01275,Customer 1275,customer1275@example.com,Hyderabad,43,Organic,2025-06-04,New Customer,False,1.0,5197.0,2026-08-13
CUST01276,Customer 1276,customer1276@example.com,Delhi,37,Google,2026-03-17,New Customer,False,1.0,2198.0,2025-05-25
CUST01277,Customer 1277,customer1277@example.com,Pune,44,Instagram,2025-05-21,Window Shopper,False,1.0,2998.0,2026-04-01
CUST01278,Customer 1278,customer1278@example.com,Ahmedabad,48,Direct,2025-07-31,Window Shopper,False,0.0,0.0,2025-07-31
CUST01279,Customer 1279,customer1279@example.com,Kolkata,24,Google,2025-12-24,Dormant,False,1.0,2798.0,2025-08-21
CUST01280,Customer 1280,customer1280@example.com,Kolkata,53,Direct,2025-06-17,New Customer,True,1.0,4497.0,2026-05-12
CUST01281,Customer 1281,customer1281@example.com,Hyderabad,29,Direct,2025-08-16,Repeat Buyer,True,6.0,16990.0,2026-05-05
CUST01282,Customer 1282,customer1282@example.com,Kolkata,30,Direct,2025-06-06,Price Sensitive,True,2.0,8995.0,2025-10-01
CUST01283,Customer 1283,customer1283@example.com,Mumbai,33,YouTube,2026-01-01,Repeat Buyer,True,3.0,7693.0,2026-01-20
CUST01284,Customer 1284,customer1284@example.com,Mumbai,44,Organic,2025-08-20,Dormant,False,0.0,0.0,2025-08-20
CUST01285,Customer 1285,customer1285@example.com,Chennai,29,Direct,2025-10-31,Repeat Buyer,False,3.0,8395.0,2026-03-06
CUST01286,Customer 1286,customer1286@example.com,Delhi,23,Referral,2025-07-08,Window Shopper,False,0.0,0.0,2025-07-08
CUST01287,Customer 1287,customer1287@example.com,Delhi,19,Instagram,2026-04-18,New Customer,False,2.0,3697.0,2026-05-25
CUST01288,Customer 1288,customer1288@example.com,Delhi,23,Referral,2025-04-12,High Value,True,4.0,8794.0,2026-05-21
CUST01289,Customer 1289,customer1289@example.com,Hyderabad,43,YouTube,2025-08-08,New Customer,False,2.0,8196.0,2026-08-14
CUST01290,Customer 1290,customer1290@example.com,Pune,28,YouTube,2025-03-02,High Value,True,5.0,13690.0,2026-07-31
CUST01291,Customer 1291,customer1291@example.com,Ahmedabad,49,Instagram,2025-04-25,New Customer,False,2.0,5796.0,2026-07-04
CUST01292,Customer 1292,customer1292@example.com,Chennai,36,Direct,2025-09-11,Price Sensitive,True,1.0,4498.0,2025-10-31
CUST01293,Customer 1293,customer1293@example.com,Delhi,31,Organic,2026-01-08,Repeat Buyer,True,3.0,9193.0,2026-05-06
CUST01294,Customer 1294,customer1294@example.com,Kolkata,27,Instagram,2025-05-29,Price Sensitive,False,3.0,10693.0,2026-08-15
CUST01295,Customer 1295,customer1295@example.com,Ahmedabad,33,Organic,2025-10-26,Dormant,False,0.0,0.0,2025-10-26
CUST01296,Customer 1296,customer1296@example.com,Hyderabad,48,Google,2026-03-23,Price Sensitive,False,1.0,2398.0,2026-06-30
CUST01297,Customer 1297,customer1297@example.com,Delhi,42,Direct,2025-08-05,Repeat Buyer,True,4.0,7693.0,2026-07-26
CUST01298,Customer 1298,customer1298@example.com,Bangalore,53,Instagram,2025-01-27,Price Sensitive,False,0.0,0.0,2025-01-27
CUST01299,Customer 1299,customer1299@example.com,Pune,20,Instagram,2025-05-10,Repeat Buyer,True,2.0,5497.0,2025-07-22
CUST01300,Customer 1300,customer1300@example.com,Kolkata,41,Google,2026-05-11,Repeat Buyer,True,5.0,13891.0,2026-04-21
CUST01301,Customer 1301,customer1301@example.com,Mumbai,34,Google,2025-09-15,Window Shopper,True,0.0,0.0,2025-09-15
CUST01302,Customer 1302,customer1302@example.com,Ahmedabad,26,Instagram,2025-06-12,Repeat Buyer,True,3.0,5697.0,2026-08-15
CUST01303,Customer 1303,customer1303@example.com,Chennai,25,Organic,2025-01-23,Price Sensitive,False,2.0,1698.0,2026-05-25
CUST01304,Customer 1304,customer1304@example.com,Chennai,41,Referral,2025-05-25,Dormant,False,0.0,0.0,2025-05-25
CUST01305,Customer 1305,customer1305@example.com,Chennai,51,Organic,2025-08-12,Window Shopper,False,1.0,2897.0,2026-07-05
CUST01306,Customer 1306,customer1306@example.com,Ahmedabad,27,YouTube,2026-03-13,Window Shopper,False,1.0,1998.0,2025-04-05
CUST01307,Customer 1307,customer1307@example.com,Ahmedabad,21,Google,2025-03-18,Dormant,False,0.0,0.0,2025-03-18
CUST01308,Customer 1308,customer1308@example.com,Ahmedabad,34,Google,2025-12-28,New Customer,True,1.0,4197.0,2025-05-22
CUST01309,Customer 1309,customer1309@example.com,Ahmedabad,20,Referral,2025-07-02,Repeat Buyer,True,3.0,6096.0,2026-05-27
CUST01310,Customer 1310,customer1310@example.com,Ahmedabad,49,Instagram,2026-03-10,Dormant,False,0.0,0.0,2026-03-10
CUST01311,Customer 1311,customer1311@example.com,Pune,23,Google,2026-03-21,Price Sensitive,True,3.0,7694.0,2026-03-24
CUST01312,Customer 1312,customer1312@example.com,Chennai,54,Direct,2025-10-27,New Customer,False,1.0,499.0,2025-09-04
CUST01313,Customer 1313,customer1313@example.com,Hyderabad,51,YouTube,2025-04-03,New Customer,False,2.0,7395.0,2026-01-09
CUST01314,Customer 1314,customer1314@example.com,Ahmedabad,24,Organic,2025-01-14,Repeat Buyer,True,2.0,6996.0,2025-12-04
CUST01315,Customer 1315,customer1315@example.com,Bangalore,43,Organic,2025-10-30,New Customer,False,1.0,3498.0,2026-03-31
CUST01316,Customer 1316,customer1316@example.com,Pune,27,Instagram,2025-02-11,Dormant,True,1.0,3498.0,2026-06-15
CUST01317,Customer 1317,customer1317@example.com,Ahmedabad,47,Direct,2026-05-05,Repeat Buyer,False,5.0,19290.0,2026-07-17
CUST01318,Customer 1318,customer1318@example.com,Pune,20,Direct,2025-11-15,New Customer,False,1.0,6998.0,2026-04-13
CUST01319,Customer 1319,customer1319@example.com,Mumbai,31,Instagram,2026-02-15,Dormant,False,0.0,0.0,2026-02-15
CUST01320,Customer 1320,customer1320@example.com,Hyderabad,22,YouTube,2026-05-03,High Value,True,7.0,21986.0,2026-07-16
CUST01321,Customer 1321,customer1321@example.com,Chennai,29,Google,2026-05-10,High Value,True,6.0,21088.0,2026-06-27
CUST01322,Customer 1322,customer1322@example.com,Hyderabad,31,Google,2025-07-18,Price Sensitive,False,1.0,1898.0,2026-08-20
CUST01323,Customer 1323,customer1323@example.com,Mumbai,25,Organic,2025-09-09,Price Sensitive,False,1.0,6498.0,2025-11-30
CUST01324,Customer 1324,customer1324@example.com,Chennai,26,Organic,2025-12-07,Window Shopper,False,0.0,0.0,2025-12-07
CUST01325,Customer 1325,customer1325@example.com,Delhi,49,Referral,2026-03-30,New Customer,False,1.0,3898.0,2026-01-12
CUST01326,Customer 1326,customer1326@example.com,Kolkata,23,Referral,2026-02-20,Repeat Buyer,True,4.0,13490.0,2026-03-08
CUST01327,Customer 1327,customer1327@example.com,Kolkata,23,Instagram,2025-09-20,Repeat Buyer,True,5.0,16291.0,2026-08-11
CUST01328,Customer 1328,customer1328@example.com,Delhi,27,Referral,2025-09-27,Repeat Buyer,True,4.0,14293.0,2026-03-18
CUST01329,Customer 1329,customer1329@example.com,Chennai,47,Referral,2025-02-10,High Value,True,5.0,19190.0,2025-12-24
CUST01330,Customer 1330,customer1330@example.com,Mumbai,26,Direct,2026-04-08,Window Shopper,False,1.0,3997.0,2025-05-09
CUST01331,Customer 1331,customer1331@example.com,Kolkata,36,YouTube,2025-01-25,Repeat Buyer,True,3.0,14194.0,2026-06-14
CUST01332,Customer 1332,customer1332@example.com,Bangalore,50,Referral,2025-07-31,High Value,False,4.0,16192.0,2026-07-10
CUST01333,Customer 1333,customer1333@example.com,Chennai,40,Organic,2025-10-27,New Customer,False,2.0,4397.0,2026-07-13
CUST01334,Customer 1334,customer1334@example.com,Bangalore,47,Google,2026-02-07,New Customer,False,1.0,1799.0,2025-03-28
CUST01335,Customer 1335,customer1335@example.com,Bangalore,44,Direct,2025-06-02,New Customer,False,1.0,3999.0,2025-09-08
CUST01336,Customer 1336,customer1336@example.com,Ahmedabad,34,Organic,2026-05-10,Repeat Buyer,False,6.0,22790.0,2026-07-16
CUST01337,Customer 1337,customer1337@example.com,Delhi,29,Instagram,2026-01-18,Window Shopper,False,0.0,0.0,2026-01-18
CUST01338,Customer 1338,customer1338@example.com,Bangalore,45,YouTube,2025-01-10,Dormant,False,0.0,0.0,2025-01-10
CUST01339,Customer 1339,customer1339@example.com,Mumbai,48,Referral,2025-12-21,New Customer,True,1.0,3198.0,2026-03-17
CUST01340,Customer 1340,customer1340@example.com,Ahmedabad,37,YouTube,2026-02-21,Repeat Buyer,True,3.0,11993.0,2026-06-08
CUST01341,Customer 1341,customer1341@example.com,Kolkata,37,Instagram,2025-03-06,Dormant,False,1.0,4298.0,2025-06-04
CUST01342,Customer 1342,customer1342@example.com,Hyderabad,30,Instagram,2025-04-18,New Customer,True,1.0,2999.0,2026-05-13
CUST01343,Customer 1343,customer1343@example.com,Delhi,45,Direct,2026-03-16,Repeat Buyer,True,5.0,16892.0,2026-08-22
CUST01344,Customer 1344,customer1344@example.com,Chennai,47,Google,2025-08-31,Price Sensitive,True,2.0,5796.0,2025-06-25
CUST01345,Customer 1345,customer1345@example.com,Mumbai,46,Referral,2025-08-30,Repeat Buyer,True,2.0,5796.0,2026-07-08
CUST01346,Customer 1346,customer1346@example.com,Delhi,30,Organic,2025-10-19,New Customer,False,1.0,1198.0,2026-02-18
CUST01347,Customer 1347,customer1347@example.com,Pune,18,Instagram,2025-11-19,Window Shopper,False,0.0,0.0,2025-11-19
CUST01348,Customer 1348,customer1348@example.com,Kolkata,49,Direct,2025-10-24,Window Shopper,False,0.0,0.0,2025-10-24
CUST01349,Customer 1349,customer1349@example.com,Chennai,20,Referral,2025-07-24,High Value,True,5.0,21890.0,2026-08-01
CUST01350,Customer 1350,customer1350@example.com,Ahmedabad,32,Direct,2025-02-01,Repeat Buyer,True,3.0,13694.0,2026-05-11
CUST01351,Customer 1351,customer1351@example.com,Pune,53,Instagram,2025-05-18,High Value,True,5.0,17792.0,2026-07-12
CUST01352,Customer 1352,customer1352@example.com,Ahmedabad,25,Referral,2025-11-15,Window Shopper,False,1.0,3198.0,2026-05-11
CUST01353,Customer 1353,customer1353@example.com,Kolkata,19,Google,2025-05-28,Dormant,False,0.0,0.0,2025-05-28
CUST01354,Customer 1354,customer1354@example.com,Ahmedabad,32,YouTube,2025-04-23,Price Sensitive,False,3.0,15793.0,2026-03-27
CUST01355,Customer 1355,customer1355@example.com,Ahmedabad,26,Organic,2026-01-06,High Value,True,5.0,8992.0,2026-08-06
CUST01356,Customer 1356,customer1356@example.com,Pune,48,Google,2025-11-15,Price Sensitive,False,1.0,999.0,2026-05-19
CUST01357,Customer 1357,customer1357@example.com,Bangalore,48,Google,2025-03-30,New Customer,False,1.0,2998.0,2026-06-13
CUST01358,Customer 1358,customer1358@example.com,Bangalore,44,Referral,2025-06-05,New Customer,False,1.0,3198.0,2025-11-20
CUST01359,Customer 1359,customer1359@example.com,Hyderabad,40,Organic,2025-07-02,New Customer,False,2.0,9194.0,2025-12-21
CUST01360,Customer 1360,customer1360@example.com,Hyderabad,22,Organic,2025-08-09,Price Sensitive,True,3.0,7695.0,2026-01-02
CUST01361,Customer 1361,customer1361@example.com,Delhi,49,Organic,2025-06-24,New Customer,False,1.0,3999.0,2026-05-30
CUST01362,Customer 1362,customer1362@example.com,Chennai,27,Direct,2026-03-24,Price Sensitive,False,3.0,12695.0,2026-08-11
CUST01363,Customer 1363,customer1363@example.com,Hyderabad,46,Referral,2026-05-08,Repeat Buyer,True,3.0,8994.0,2026-08-01
CUST01364,Customer 1364,customer1364@example.com,Bangalore,24,YouTube,2025-01-22,Window Shopper,True,1.0,999.0,2025-09-17
CUST01365,Customer 1365,customer1365@example.com,Bangalore,31,Organic,2025-03-22,Repeat Buyer,True,2.0,7797.0,2026-01-23
CUST01366,Customer 1366,customer1366@example.com,Ahmedabad,24,Google,2025-11-28,Price Sensitive,False,2.0,9296.0,2026-03-08
CUST01367,Customer 1367,customer1367@example.com,Bangalore,30,Referral,2026-05-12,Repeat Buyer,False,3.0,12594.0,2025-11-26
CUST01368,Customer 1368,customer1368@example.com,Delhi,48,Organic,2025-05-27,Repeat Buyer,False,6.0,23188.0,2026-05-30
CUST01369,Customer 1369,customer1369@example.com,Pune,44,Organic,2025-11-19,Repeat Buyer,True,4.0,10891.0,2025-12-23
CUST01370,Customer 1370,customer1370@example.com,Kolkata,32,Google,2026-02-15,Price Sensitive,True,1.0,2499.0,2026-06-07
CUST01371,Customer 1371,customer1371@example.com,Ahmedabad,51,Direct,2025-07-05,Repeat Buyer,False,3.0,11694.0,2026-06-16
CUST01372,Customer 1372,customer1372@example.com,Hyderabad,51,Instagram,2025-02-13,Dormant,False,0.0,0.0,2025-02-13
CUST01373,Customer 1373,customer1373@example.com,Mumbai,45,Instagram,2025-07-21,Repeat Buyer,True,5.0,24890.0,2026-05-18
CUST01374,Customer 1374,customer1374@example.com,Mumbai,54,Instagram,2026-05-16,Price Sensitive,False,1.0,2298.0,2025-11-03
CUST01375,Customer 1375,customer1375@example.com,Chennai,44,Referral,2026-03-30,High Value,False,6.0,19689.0,2026-08-23
CUST01376,Customer 1376,customer1376@example.com,Chennai,38,Organic,2025-01-05,Price Sensitive,False,2.0,8295.0,2025-11-21
CUST01377,Customer 1377,customer1377@example.com,Mumbai,43,Referral,2025-11-26,Window Shopper,False,1.0,2499.0,2026-01-20
CUST01378,Customer 1378,customer1378@example.com,Ahmedabad,40,Direct,2025-07-27,New Customer,False,1.0,2499.0,2025-06-29
CUST01379,Customer 1379,customer1379@example.com,Bangalore,20,YouTube,2025-06-21,Price Sensitive,False,3.0,9995.0,2026-07-24
CUST01380,Customer 1380,customer1380@example.com,Mumbai,51,YouTube,2025-05-26,Repeat Buyer,False,2.0,3697.0,2026-04-27
CUST01381,Customer 1381,customer1381@example.com,Chennai,51,Organic,2026-01-23,New Customer,False,1.0,1498.0,2025-05-17
CUST01382,Customer 1382,customer1382@example.com,Chennai,33,Organic,2026-01-07,High Value,True,7.0,21888.0,2026-05-18
CUST01383,Customer 1383,customer1383@example.com,Hyderabad,41,Organic,2025-11-18,Repeat Buyer,True,4.0,12592.0,2026-06-07
CUST01384,Customer 1384,customer1384@example.com,Bangalore,46,Organic,2025-10-21,Repeat Buyer,True,5.0,15793.0,2026-06-14
CUST01385,Customer 1385,customer1385@example.com,Delhi,55,YouTube,2026-01-01,Price Sensitive,False,0.0,0.0,2026-01-01
CUST01386,Customer 1386,customer1386@example.com,Delhi,40,Organic,2025-05-26,Window Shopper,False,1.0,999.0,2025-05-26
CUST01387,Customer 1387,customer1387@example.com,Mumbai,42,YouTube,2026-01-13,Price Sensitive,False,1.0,3998.0,2025-08-21
CUST01388,Customer 1388,customer1388@example.com,Delhi,41,Referral,2025-02-20,New Customer,False,1.0,2499.0,2026-05-08
CUST01389,Customer 1389,customer1389@example.com,Kolkata,23,Instagram,2025-02-01,New Customer,False,1.0,3999.0,2026-07-08
CUST01390,Customer 1390,customer1390@example.com,Delhi,46,Instagram,2025-07-09,Repeat Buyer,True,2.0,5097.0,2026-02-02
CUST01391,Customer 1391,customer1391@example.com,Kolkata,34,YouTube,2025-09-13,Price Sensitive,False,1.0,3998.0,2025-08-04
CUST01392,Customer 1392,customer1392@example.com,Ahmedabad,44,Google,2025-03-15,High Value,False,6.0,20989.0,2025-11-02
CUST01393,Customer 1393,customer1393@example.com,Ahmedabad,26,Direct,2025-09-20,Repeat Buyer,True,3.0,8696.0,2026-05-23
CUST01394,Customer 1394,customer1394@example.com,Delhi,47,Referral,2025-01-17,Window Shopper,True,0.0,0.0,2025-01-17
CUST01395,Customer 1395,customer1395@example.com,Pune,25,YouTube,2026-03-13,Price Sensitive,False,2.0,4097.0,2026-05-26
CUST01396,Customer 1396,customer1396@example.com,Chennai,20,YouTube,2025-03-20,Repeat Buyer,True,1.0,2499.0,2025-11-26
CUST01397,Customer 1397,customer1397@example.com,Pune,37,Organic,2025-09-06,New Customer,False,1.0,3698.0,2026-08-01
CUST01398,Customer 1398,customer1398@example.com,Kolkata,21,Organic,2026-04-01,New Customer,True,1.0,4697.0,2025-11-04
CUST01399,Customer 1399,customer1399@example.com,Ahmedabad,18,Instagram,2025-10-08,New Customer,True,1.0,3498.0,2025-07-10
CUST01400,Customer 1400,customer1400@example.com,Kolkata,48,YouTube,2025-06-08,Repeat Buyer,False,5.0,17692.0,2026-08-21
CUST01401,Customer 1401,customer1401@example.com,Kolkata,48,Direct,2026-03-03,High Value,False,5.0,17791.0,2026-07-24
CUST01402,Customer 1402,customer1402@example.com,Ahmedabad,46,Direct,2025-08-18,High Value,False,7.0,17390.0,2026-08-12
CUST01403,Customer 1403,customer1403@example.com,Bangalore,44,Referral,2025-04-30,New Customer,False,1.0,6498.0,2025-10-06
CUST01404,Customer 1404,customer1404@example.com,Hyderabad,46,Direct,2025-05-23,Window Shopper,False,1.0,3497.0,2026-04-02
CUST01405,Customer 1405,customer1405@example.com,Hyderabad,54,Direct,2026-02-12,High Value,False,4.0,13293.0,2026-08-17
CUST01406,Customer 1406,customer1406@example.com,Bangalore,53,Instagram,2025-04-09,Price Sensitive,False,0.0,0.0,2025-04-09
CUST01407,Customer 1407,customer1407@example.com,Hyderabad,54,YouTube,2025-04-07,Dormant,False,0.0,0.0,2025-04-07
CUST01408,Customer 1408,customer1408@example.com,Hyderabad,25,Direct,2026-04-25,Price Sensitive,False,3.0,10794.0,2026-05-23
CUST01409,Customer 1409,customer1409@example.com,Chennai,31,Google,2026-03-01,High Value,False,6.0,20490.0,2026-08-08
CUST01410,Customer 1410,customer1410@example.com,Ahmedabad,23,YouTube,2025-11-07,Price Sensitive,False,1.0,2998.0,2026-08-11
CUST01411,Customer 1411,customer1411@example.com,Ahmedabad,19,Organic,2025-08-12,Repeat Buyer,True,3.0,7495.0,2025-07-05
CUST01412,Customer 1412,customer1412@example.com,Pune,42,Organic,2025-02-16,New Customer,True,2.0,7997.0,2026-06-04
CUST01413,Customer 1413,customer1413@example.com,Mumbai,36,Google,2025-04-04,New Customer,True,1.0,2198.0,2026-08-11
CUST01414,Customer 1414,customer1414@example.com,Chennai,44,Direct,2025-03-28,New Customer,True,1.0,4498.0,2025-07-15
CUST01415,Customer 1415,customer1415@example.com,Mumbai,19,Direct,2025-01-30,New Customer,False,1.0,4097.0,2026-06-30
CUST01416,Customer 1416,customer1416@example.com,Mumbai,44,Organic,2025-05-13,New Customer,True,2.0,5596.0,2025-11-27
CUST01417,Customer 1417,customer1417@example.com,Bangalore,21,Google,2025-05-03,Repeat Buyer,False,3.0,15994.0,2026-06-27
CUST01418,Customer 1418,customer1418@example.com,Ahmedabad,50,YouTube,2025-07-17,Price Sensitive,False,2.0,4697.0,2025-08-26
CUST01419,Customer 1419,customer1419@example.com,Pune,47,YouTube,2025-07-28,Dormant,False,0.0,0.0,2025-07-28
CUST01420,Customer 1420,customer1420@example.com,Delhi,19,Organic,2025-10-11,New Customer,True,1.0,2298.0,2026-04-04
CUST01421,Customer 1421,customer1421@example.com,Delhi,53,Direct,2026-02-07,Dormant,False,0.0,0.0,2026-02-07
CUST01422,Customer 1422,customer1422@example.com,Ahmedabad,23,Direct,2025-09-14,New Customer,False,1.0,499.0,2026-04-25
CUST01423,Customer 1423,customer1423@example.com,Pune,52,Google,2026-02-05,New Customer,False,1.0,2498.0,2025-11-03
CUST01424,Customer 1424,customer1424@example.com,Ahmedabad,20,Instagram,2026-02-21,New Customer,False,1.0,2597.0,2025-08-30
CUST01425,Customer 1425,customer1425@example.com,Chennai,28,Instagram,2025-01-31,Repeat Buyer,False,2.0,5396.0,2025-06-13
CUST01426,Customer 1426,customer1426@example.com,Chennai,42,Organic,2026-03-08,Dormant,False,0.0,0.0,2026-03-08
CUST01427,Customer 1427,customer1427@example.com,Chennai,20,Google,2026-01-14,High Value,True,7.0,28384.0,2026-06-14
CUST01428,Customer 1428,customer1428@example.com,Bangalore,43,Direct,2025-03-04,High Value,True,8.0,26784.0,2026-03-20
CUST01429,Customer 1429,customer1429@example.com,Chennai,45,Google,2025-11-09,Window Shopper,False,0.0,0.0,2025-11-09
CUST01430,Customer 1430,customer1430@example.com,Pune,34,Direct,2025-08-20,Repeat Buyer,False,3.0,10494.0,2026-07-23
CUST01431,Customer 1431,customer1431@example.com,Pune,39,Google,2025-08-24,New Customer,False,1.0,1498.0,2026-04-18
CUST01432,Customer 1432,customer1432@example.com,Mumbai,18,YouTube,2025-09-01,Dormant,False,0.0,0.0,2025-09-01
CUST01433,Customer 1433,customer1433@example.com,Mumbai,44,YouTube,2026-04-04,New Customer,True,1.0,499.0,2026-04-19
CUST01434,Customer 1434,customer1434@example.com,Kolkata,52,Instagram,2026-02-08,Price Sensitive,False,2.0,8496.0,2025-05-05
CUST01435,Customer 1435,customer1435@example.com,Hyderabad,46,Direct,2025-03-05,Window Shopper,False,0.0,0.0,2025-03-05
CUST01436,Customer 1436,customer1436@example.com,Pune,42,Google,2026-03-06,Repeat Buyer,False,4.0,14594.0,2026-07-11
CUST01437,Customer 1437,customer1437@example.com,Hyderabad,25,Referral,2025-07-09,Price Sensitive,False,1.0,5298.0,2025-10-31
CUST01438,Customer 1438,customer1438@example.com,Delhi,19,Organic,2025-12-15,Dormant,False,1.0,3398.0,2025-05-22
CUST01439,Customer 1439,customer1439@example.com,Bangalore,37,Direct,2025-04-24,Dormant,False,0.0,0.0,2025-04-24
CUST01440,Customer 1440,customer1440@example.com,Pune,20,Organic,2025-09-10,New Customer,False,1.0,2499.0,2025-10-08
CUST01441,Customer 1441,customer1441@example.com,Delhi,18,Google,2026-02-25,Window Shopper,False,1.0,3198.0,2025-11-24
CUST01442,Customer 1442,customer1442@example.com,Chennai,54,YouTube,2025-09-10,High Value,True,4.0,13192.0,2026-05-01
CUST01443,Customer 1443,customer1443@example.com,Mumbai,22,YouTube,2025-03-07,New Customer,True,1.0,3798.0,2025-07-24
CUST01444,Customer 1444,customer1444@example.com,Delhi,51,Direct,2026-02-05,Price Sensitive,True,1.0,1499.0,2025-11-07
CUST01445,Customer 1445,customer1445@example.com,Hyderabad,52,YouTube,2025-05-10,New Customer,False,1.0,6498.0,2025-07-25
CUST01446,Customer 1446,customer1446@example.com,Hyderabad,45,Direct,2025-12-11,Price Sensitive,False,1.0,7997.0,2025-05-20
CUST01447,Customer 1447,customer1447@example.com,Pune,45,Referral,2025-05-21,Dormant,True,0.0,0.0,2025-05-21
CUST01448,Customer 1448,customer1448@example.com,Ahmedabad,41,YouTube,2026-01-24,New Customer,False,1.0,1299.0,2025-05-19
CUST01449,Customer 1449,customer1449@example.com,Hyderabad,35,Referral,2025-09-30,New Customer,False,1.0,2198.0,2025-03-28
CUST01450,Customer 1450,customer1450@example.com,Delhi,39,Instagram,2026-03-27,Repeat Buyer,True,5.0,16290.0,2026-07-06
CUST01451,Customer 1451,customer1451@example.com,Delhi,45,Instagram,2026-04-15,High Value,True,3.0,11894.0,2026-06-22
CUST01452,Customer 1452,customer1452@example.com,Chennai,22,Direct,2025-11-17,New Customer,True,1.0,5297.0,2025-06-14
CUST01453,Customer 1453,customer1453@example.com,Hyderabad,55,Direct,2026-04-24,New Customer,False,1.0,4397.0,2025-04-12
CUST01454,Customer 1454,customer1454@example.com,Bangalore,48,Google,2026-05-06,Repeat Buyer,True,5.0,13793.0,2026-07-16
CUST01455,Customer 1455,customer1455@example.com,Pune,51,Google,2026-04-29,Repeat Buyer,True,2.0,8195.0,2026-01-15
CUST01456,Customer 1456,customer1456@example.com,Ahmedabad,24,Direct,2025-08-17,New Customer,False,1.0,2499.0,2026-02-17
CUST01457,Customer 1457,customer1457@example.com,Hyderabad,20,Referral,2025-06-10,High Value,True,3.0,5597.0,2025-10-28
CUST01458,Customer 1458,customer1458@example.com,Mumbai,21,Referral,2025-01-29,Window Shopper,False,1.0,2499.0,2026-05-09
CUST01459,Customer 1459,customer1459@example.com,Bangalore,24,Direct,2025-01-29,Repeat Buyer,True,2.0,10396.0,2026-06-25
CUST01460,Customer 1460,customer1460@example.com,Kolkata,43,Instagram,2025-11-13,High Value,True,6.0,19390.0,2026-08-10
CUST01461,Customer 1461,customer1461@example.com,Hyderabad,47,Referral,2025-08-26,Price Sensitive,False,2.0,3798.0,2025-11-02
CUST01462,Customer 1462,customer1462@example.com,Bangalore,39,Direct,2026-04-26,Price Sensitive,False,2.0,8297.0,2026-06-16
CUST01463,Customer 1463,customer1463@example.com,Pune,55,Google,2025-02-25,Price Sensitive,True,3.0,11894.0,2026-08-03
CUST01464,Customer 1464,customer1464@example.com,Bangalore,55,Google,2026-04-09,New Customer,False,0.0,0.0,2026-04-09
CUST01465,Customer 1465,customer1465@example.com,Chennai,40,Referral,2025-09-04,High Value,True,4.0,13993.0,2026-08-01
CUST01466,Customer 1466,customer1466@example.com,Delhi,26,Instagram,2025-01-31,Price Sensitive,False,2.0,1498.0,2025-05-07
CUST01467,Customer 1467,customer1467@example.com,Pune,37,YouTube,2026-03-30,New Customer,False,1.0,3999.0,2025-12-27
CUST01468,Customer 1468,customer1468@example.com,Ahmedabad,37,YouTube,2025-06-25,High Value,True,4.0,16691.0,2026-05-03
CUST01469,Customer 1469,customer1469@example.com,Mumbai,21,Google,2025-09-17,New Customer,False,1.0,1498.0,2025-10-30
CUST01470,Customer 1470,customer1470@example.com,Hyderabad,45,Organic,2025-04-11,Window Shopper,False,1.0,2398.0,2025-11-24
CUST01471,Customer 1471,customer1471@example.com,Delhi,22,Organic,2025-04-07,Dormant,False,1.0,3498.0,2026-08-11
CUST01472,Customer 1472,customer1472@example.com,Ahmedabad,39,YouTube,2025-10-17,Price Sensitive,False,1.0,1998.0,2026-01-19
CUST01473,Customer 1473,customer1473@example.com,Kolkata,39,Google,2025-02-23,Dormant,False,0.0,0.0,2025-02-23
CUST01474,Customer 1474,customer1474@example.com,Hyderabad,49,Google,2026-04-17,Repeat Buyer,False,2.0,9295.0,2026-05-01
CUST01475,Customer 1475,customer1475@example.com,Delhi,47,YouTube,2025-04-20,New Customer,False,1.0,3998.0,2025-11-16
CUST01476,Customer 1476,customer1476@example.com,Pune,42,Google,2025-07-24,New Customer,False,1.0,1499.0,2026-06-07
CUST01477,Customer 1477,customer1477@example.com,Pune,18,Instagram,2025-07-03,New Customer,False,1.0,499.0,2025-04-18
CUST01478,Customer 1478,customer1478@example.com,Chennai,46,Google,2025-11-20,New Customer,True,1.0,5798.0,2025-05-31
CUST01479,Customer 1479,customer1479@example.com,Hyderabad,19,Google,2025-04-12,High Value,False,4.0,15693.0,2026-07-24
CUST01480,Customer 1480,customer1480@example.com,Chennai,29,Organic,2026-03-10,New Customer,False,1.0,5298.0,2025-06-20
CUST01481,Customer 1481,customer1481@example.com,Hyderabad,29,Organic,2026-04-12,High Value,True,6.0,22786.0,2026-06-12
CUST01482,Customer 1482,customer1482@example.com,Mumbai,42,Direct,2026-02-08,New Customer,False,0.0,0.0,2026-02-08
CUST01483,Customer 1483,customer1483@example.com,Delhi,37,Referral,2025-05-03,Window Shopper,False,1.0,3998.0,2026-07-16
CUST01484,Customer 1484,customer1484@example.com,Mumbai,51,YouTube,2026-03-28,Repeat Buyer,True,4.0,12292.0,2026-06-17
CUST01485,Customer 1485,customer1485@example.com,Bangalore,27,Google,2026-02-11,Repeat Buyer,False,5.0,20189.0,2026-07-24
CUST01486,Customer 1486,customer1486@example.com,Pune,38,YouTube,2025-08-08,New Customer,False,1.0,4697.0,2025-12-26
CUST01487,Customer 1487,customer1487@example.com,Hyderabad,55,Google,2026-03-14,Dormant,False,0.0,0.0,2026-03-14
CUST01488,Customer 1488,customer1488@example.com,Pune,33,Instagram,2025-11-19,High Value,False,5.0,15491.0,2026-07-13
CUST01489,Customer 1489,customer1489@example.com,Ahmedabad,31,Direct,2025-02-11,Price Sensitive,False,3.0,6696.0,2026-07-01
CUST01490,Customer 1490,customer1490@example.com,Bangalore,28,YouTube,2025-07-18,Price Sensitive,False,3.0,10995.0,2026-07-08
CUST01491,Customer 1491,customer1491@example.com,Pune,49,YouTube,2025-08-26,Price Sensitive,False,3.0,13993.0,2026-01-30
CUST01492,Customer 1492,customer1492@example.com,Ahmedabad,49,Referral,2025-05-18,New Customer,False,1.0,2499.0,2025-12-27
CUST01493,Customer 1493,customer1493@example.com,Hyderabad,31,Google,2026-04-04,High Value,True,5.0,21087.0,2026-04-28
CUST01494,Customer 1494,customer1494@example.com,Kolkata,31,Organic,2025-08-06,New Customer,False,1.0,2197.0,2026-01-01
CUST01495,Customer 1495,customer1495@example.com,Pune,34,YouTube,2025-02-13,Window Shopper,False,1.0,2998.0,2025-06-09
CUST01496,Customer 1496,customer1496@example.com,Ahmedabad,51,Organic,2025-04-28,New Customer,True,1.0,2499.0,2026-03-28
CUST01497,Customer 1497,customer1497@example.com,Pune,45,Referral,2025-08-28,High Value,True,6.0,15791.0,2026-06-04
CUST01498,Customer 1498,customer1498@example.com,Ahmedabad,38,Organic,2025-07-15,Repeat Buyer,True,5.0,17788.0,2026-06-01
CUST01499,Customer 1499,customer1499@example.com,Chennai,22,Organic,2026-04-07,New Customer,False,1.0,2998.0,2025-08-10
CUST01500,Customer 1500,customer1500@example.com,Bangalore,35,Google,2025-02-20,New Customer,False,1.0,2499.0,2025-08-10
CUST01501,Customer 1501,customer1501@example.com,Delhi,39,Google,2025-12-12,New Customer,False,1.0,4698.0,2025-12-12
CUST01502,Customer 1502,customer1502@example.com,Chennai,30,Direct,2025-11-06,Repeat Buyer,True,5.0,10793.0,2026-07-08
CUST01503,Customer 1503,customer1503@example.com,Chennai,18,Organic,2025-05-25,Dormant,False,0.0,0.0,2025-05-25
CUST01504,Customer 1504,customer1504@example.com,Kolkata,43,YouTube,2026-01-23,Window Shopper,False,1.0,5498.0,2026-06-05
CUST01505,Customer 1505,customer1505@example.com,Mumbai,43,Google,2025-04-27,Price Sensitive,False,1.0,5798.0,2025-08-25
CUST01506,Customer 1506,customer1506@example.com,Delhi,51,YouTube,2026-02-07,Price Sensitive,False,3.0,9595.0,2026-08-14
CUST01507,Customer 1507,customer1507@example.com,Ahmedabad,39,Instagram,2025-06-10,High Value,True,6.0,17889.0,2026-07-28
CUST01508,Customer 1508,customer1508@example.com,Kolkata,31,Referral,2025-08-19,Window Shopper,False,0.0,0.0,2025-08-19
CUST01509,Customer 1509,customer1509@example.com,Mumbai,54,Google,2025-06-06,Window Shopper,True,0.0,0.0,2025-06-06
CUST01510,Customer 1510,customer1510@example.com,Pune,39,Google,2025-08-03,Dormant,True,0.0,0.0,2025-08-03
CUST01511,Customer 1511,customer1511@example.com,Chennai,38,YouTube,2025-01-12,Repeat Buyer,False,4.0,15991.0,2026-08-05
CUST01512,Customer 1512,customer1512@example.com,Mumbai,27,Organic,2025-10-18,High Value,True,3.0,6296.0,2026-04-20
CUST01513,Customer 1513,customer1513@example.com,Kolkata,42,Google,2026-05-01,High Value,True,5.0,15392.0,2026-06-25
CUST01514,Customer 1514,customer1514@example.com,Delhi,48,Instagram,2025-06-18,Repeat Buyer,True,4.0,20790.0,2026-07-01
CUST01515,Customer 1515,customer1515@example.com,Chennai,23,Google,2025-02-23,High Value,True,6.0,21189.0,2026-07-12
CUST01516,Customer 1516,customer1516@example.com,Ahmedabad,19,Google,2025-04-12,Price Sensitive,True,2.0,6496.0,2025-12-20
CUST01517,Customer 1517,customer1517@example.com,Chennai,31,Google,2025-05-30,New Customer,False,1.0,6498.0,2026-08-11
CUST01518,Customer 1518,customer1518@example.com,Hyderabad,41,YouTube,2025-01-06,Price Sensitive,True,1.0,899.0,2026-03-14
CUST01519,Customer 1519,customer1519@example.com,Kolkata,43,Google,2025-02-26,New Customer,False,1.0,5397.0,2026-03-27
CUST01520,Customer 1520,customer1520@example.com,Bangalore,42,Google,2025-03-08,New Customer,False,1.0,3998.0,2025-05-27
CUST01521,Customer 1521,customer1521@example.com,Ahmedabad,28,YouTube,2025-10-22,Window Shopper,False,0.0,0.0,2025-10-22
CUST01522,Customer 1522,customer1522@example.com,Ahmedabad,35,Google,2025-01-04,Dormant,False,0.0,0.0,2025-01-04
CUST01523,Customer 1523,customer1523@example.com,Kolkata,33,YouTube,2025-06-18,Dormant,False,0.0,0.0,2025-06-18
CUST01524,Customer 1524,customer1524@example.com,Ahmedabad,47,YouTube,2025-01-21,Window Shopper,False,0.0,0.0,2025-01-21
CUST01525,Customer 1525,customer1525@example.com,Ahmedabad,40,Direct,2026-03-08,Price Sensitive,False,1.0,2499.0,2025-05-22
CUST01526,Customer 1526,customer1526@example.com,Mumbai,44,Google,2025-04-02,Price Sensitive,False,1.0,1798.0,2026-08-20
CUST01527,Customer 1527,customer1527@example.com,Ahmedabad,42,Direct,2025-04-04,Window Shopper,False,0.0,0.0,2025-04-04
CUST01528,Customer 1528,customer1528@example.com,Hyderabad,33,Google,2025-05-21,Price Sensitive,True,2.0,5498.0,2026-06-18
CUST01529,Customer 1529,customer1529@example.com,Bangalore,31,Referral,2025-07-30,Window Shopper,False,1.0,3498.0,2026-07-28
CUST01530,Customer 1530,customer1530@example.com,Pune,22,Instagram,2025-09-16,Dormant,False,0.0,0.0,2025-09-16
CUST01531,Customer 1531,customer1531@example.com,Ahmedabad,28,Organic,2025-04-17,Price Sensitive,False,1.0,2798.0,2025-07-21
CUST01532,Customer 1532,customer1532@example.com,Bangalore,47,Referral,2025-06-25,Repeat Buyer,True,4.0,17792.0,2026-02-10
CUST01533,Customer 1533,customer1533@example.com,Kolkata,20,Instagram,2025-05-09,Price Sensitive,False,1.0,3498.0,2025-10-09
CUST01534,Customer 1534,customer1534@example.com,Pune,47,Referral,2025-08-25,New Customer,False,1.0,3798.0,2026-07-11
CUST01535,Customer 1535,customer1535@example.com,Delhi,46,Google,2025-08-30,New Customer,False,1.0,2698.0,2025-06-15
CUST01536,Customer 1536,customer1536@example.com,Mumbai,19,YouTube,2025-02-21,Window Shopper,False,0.0,0.0,2025-02-21
CUST01537,Customer 1537,customer1537@example.com,Kolkata,28,Instagram,2025-12-10,New Customer,True,2.0,8896.0,2026-05-23
CUST01538,Customer 1538,customer1538@example.com,Mumbai,46,Organic,2025-04-02,Price Sensitive,False,2.0,10796.0,2025-10-21
CUST01539,Customer 1539,customer1539@example.com,Delhi,46,Direct,2025-01-25,New Customer,True,2.0,6297.0,2026-02-15
CUST01540,Customer 1540,customer1540@example.com,Bangalore,42,Direct,2025-06-07,Window Shopper,False,1.0,2499.0,2025-10-05
CUST01541,Customer 1541,customer1541@example.com,Hyderabad,42,Google,2026-04-21,Repeat Buyer,True,4.0,13193.0,2026-04-29
CUST01542,Customer 1542,customer1542@example.com,Delhi,23,Instagram,2025-08-04,New Customer,False,1.0,2497.0,2026-08-04
CUST01543,Customer 1543,customer1543@example.com,Delhi,22,Google,2026-05-06,New Customer,True,2.0,8296.0,2026-03-29
CUST01544,Customer 1544,customer1544@example.com,Mumbai,28,Instagram,2025-08-01,Window Shopper,False,0.0,0.0,2025-08-01
CUST01545,Customer 1545,customer1545@example.com,Pune,53,Direct,2025-04-08,Repeat Buyer,False,4.0,12794.0,2026-01-06
CUST01546,Customer 1546,customer1546@example.com,Kolkata,45,Instagram,2025-04-29,High Value,False,3.0,4296.0,2026-06-04
CUST01547,Customer 1547,customer1547@example.com,Mumbai,18,Referral,2025-12-01,New Customer,False,1.0,4697.0,2025-05-10
CUST01548,Customer 1548,customer1548@example.com,Ahmedabad,32,Instagram,2025-12-03,Repeat Buyer,True,2.0,1798.0,2026-05-06
CUST01549,Customer 1549,customer1549@example.com,Pune,20,Instagram,2026-03-30,Window Shopper,False,0.0,0.0,2026-03-30
CUST01550,Customer 1550,customer1550@example.com,Ahmedabad,24,Direct,2025-10-02,New Customer,False,1.0,3198.0,2025-05-19
CUST01551,Customer 1551,customer1551@example.com,Mumbai,34,Instagram,2025-11-04,Price Sensitive,False,2.0,9595.0,2025-09-22
CUST01552,Customer 1552,customer1552@example.com,Kolkata,26,Organic,2025-03-31,Repeat Buyer,True,3.0,9695.0,2026-04-24
CUST01553,Customer 1553,customer1553@example.com,Pune,48,Instagram,2025-06-21,High Value,False,7.0,30682.0,2026-06-08
CUST01554,Customer 1554,customer1554@example.com,Ahmedabad,42,YouTube,2025-11-24,New Customer,False,1.0,999.0,2025-12-02
CUST01555,Customer 1555,customer1555@example.com,Hyderabad,32,Instagram,2025-11-12,Price Sensitive,False,2.0,7595.0,2025-10-03
CUST01556,Customer 1556,customer1556@example.com,Delhi,45,Google,2025-11-14,Price Sensitive,True,3.0,9394.0,2026-07-04
CUST01557,Customer 1557,customer1557@example.com,Ahmedabad,36,Google,2025-03-19,New Customer,True,1.0,4498.0,2025-03-14
CUST01558,Customer 1558,customer1558@example.com,Delhi,46,Direct,2026-03-26,Repeat Buyer,True,5.0,15692.0,2026-07-31
CUST01559,Customer 1559,customer1559@example.com,Hyderabad,51,Referral,2025-11-28,Repeat Buyer,True,2.0,6397.0,2025-09-26
CUST01560,Customer 1560,customer1560@example.com,Delhi,39,Organic,2025-05-05,Window Shopper,False,0.0,0.0,2025-05-05
CUST01561,Customer 1561,customer1561@example.com,Delhi,32,YouTube,2026-03-23,New Customer,True,2.0,6596.0,2026-08-15
CUST01562,Customer 1562,customer1562@example.com,Ahmedabad,18,Instagram,2026-03-22,Repeat Buyer,True,2.0,8295.0,2025-09-23
CUST01563,Customer 1563,customer1563@example.com,Hyderabad,27,Google,2025-03-06,Repeat Buyer,False,4.0,10695.0,2026-02-22
CUST01564,Customer 1564,customer1564@example.com,Delhi,33,YouTube,2025-02-10,New Customer,False,1.0,3198.0,2025-11-30
CUST01565,Customer 1565,customer1565@example.com,Mumbai,30,Google,2025-08-06,Repeat Buyer,True,2.0,7497.0,2025-09-01
CUST01566,Customer 1566,customer1566@example.com,Chennai,54,Referral,2026-05-11,New Customer,False,1.0,2999.0,2025-08-05
CUST01567,Customer 1567,customer1567@example.com,Ahmedabad,23,Organic,2025-07-23,High Value,True,3.0,9495.0,2026-08-18
CUST01568,Customer 1568,customer1568@example.com,Kolkata,50,YouTube,2026-01-12,Repeat Buyer,True,5.0,18689.0,2026-06-29
CUST01569,Customer 1569,customer1569@example.com,Ahmedabad,19,Referral,2025-08-07,Repeat Buyer,True,3.0,6995.0,2026-08-18
CUST01570,Customer 1570,customer1570@example.com,Chennai,52,Google,2025-10-11,Window Shopper,False,1.0,6197.0,2025-09-21
CUST01571,Customer 1571,customer1571@example.com,Ahmedabad,37,Referral,2025-05-26,Price Sensitive,False,1.0,499.0,2026-01-10
CUST01572,Customer 1572,customer1572@example.com,Bangalore,39,Google,2026-01-02,Repeat Buyer,True,2.0,2997.0,2026-01-12
CUST01573,Customer 1573,customer1573@example.com,Delhi,18,Instagram,2026-03-18,Repeat Buyer,True,4.0,9394.0,2026-05-04
CUST01574,Customer 1574,customer1574@example.com,Ahmedabad,43,Referral,2026-04-27,Repeat Buyer,False,4.0,15194.0,2025-11-30
CUST01575,Customer 1575,customer1575@example.com,Kolkata,49,Organic,2025-11-25,Repeat Buyer,False,6.0,13291.0,2026-06-16
CUST01576,Customer 1576,customer1576@example.com,Hyderabad,25,Referral,2026-04-23,Dormant,True,0.0,0.0,2026-04-23
CUST01577,Customer 1577,customer1577@example.com,Kolkata,34,Direct,2025-06-28,High Value,True,6.0,16689.0,2026-08-12
CUST01578,Customer 1578,customer1578@example.com,Pune,21,Direct,2025-07-17,Repeat Buyer,True,3.0,4897.0,2026-06-27
CUST01579,Customer 1579,customer1579@example.com,Delhi,48,Instagram,2026-04-17,Dormant,False,0.0,0.0,2026-04-17
CUST01580,Customer 1580,customer1580@example.com,Hyderabad,27,Organic,2025-11-06,Window Shopper,False,0.0,0.0,2025-11-06
CUST01581,Customer 1581,customer1581@example.com,Chennai,33,YouTube,2025-10-24,Repeat Buyer,True,2.0,2998.0,2025-10-20
CUST01582,Customer 1582,customer1582@example.com,Hyderabad,25,Instagram,2025-11-26,Dormant,False,0.0,0.0,2025-11-26
CUST01583,Customer 1583,customer1583@example.com,Bangalore,51,Google,2026-03-25,Price Sensitive,False,2.0,3497.0,2025-11-16
CUST01584,Customer 1584,customer1584@example.com,Chennai,37,YouTube,2026-05-11,Repeat Buyer,False,2.0,6896.0,2025-07-08
CUST01585,Customer 1585,customer1585@example.com,Chennai,44,Direct,2026-03-22,High Value,False,4.0,16292.0,2026-07-03
CUST01586,Customer 1586,customer1586@example.com,Pune,27,Organic,2026-01-19,New Customer,False,1.0,2998.0,2025-10-10
CUST01587,Customer 1587,customer1587@example.com,Chennai,18,Google,2026-02-22,New Customer,False,1.0,2499.0,2025-10-14
CUST01588,Customer 1588,customer1588@example.com,Kolkata,51,Referral,2025-12-02,Repeat Buyer,True,5.0,19390.0,2026-07-24
CUST01589,Customer 1589,customer1589@example.com,Mumbai,41,Google,2025-12-27,New Customer,False,1.0,1898.0,2025-08-05
CUST01590,Customer 1590,customer1590@example.com,Bangalore,46,YouTube,2026-02-21,New Customer,False,1.0,1299.0,2025-04-06
CUST01591,Customer 1591,customer1591@example.com,Mumbai,30,Organic,2026-04-07,New Customer,False,1.0,2298.0,2025-07-15
CUST01592,Customer 1592,customer1592@example.com,Bangalore,28,Instagram,2025-05-31,Window Shopper,False,0.0,0.0,2025-05-31
CUST01593,Customer 1593,customer1593@example.com,Bangalore,39,Instagram,2025-10-27,New Customer,True,1.0,2499.0,2025-04-25
CUST01594,Customer 1594,customer1594@example.com,Bangalore,18,Instagram,2025-05-17,New Customer,False,1.0,2798.0,2026-05-31
CUST01595,Customer 1595,customer1595@example.com,Hyderabad,24,Google,2025-09-25,Price Sensitive,True,1.0,3198.0,2025-11-09
CUST01596,Customer 1596,customer1596@example.com,Chennai,49,Referral,2026-01-23,Price Sensitive,False,1.0,2499.0,2026-08-03
CUST01597,Customer 1597,customer1597@example.com,Pune,39,Organic,2026-02-23,Repeat Buyer,True,2.0,2798.0,2026-07-13
CUST01598,Customer 1598,customer1598@example.com,Kolkata,42,YouTube,2025-01-30,New Customer,False,1.0,4298.0,2025-03-10
CUST01599,Customer 1599,customer1599@example.com,Bangalore,18,Referral,2026-03-22,Dormant,False,0.0,0.0,2026-03-22
CUST01600,Customer 1600,customer1600@example.com,Mumbai,19,YouTube,2025-03-04,Price Sensitive,False,2.0,8496.0,2026-05-26
CUST01601,Customer 1601,customer1601@example.com,Delhi,41,Referral,2025-11-13,Window Shopper,False,1.0,1799.0,2026-07-24
CUST01602,Customer 1602,customer1602@example.com,Kolkata,30,Instagram,2025-11-23,Price Sensitive,False,3.0,9695.0,2026-05-14
CUST01603,Customer 1603,customer1603@example.com,Hyderabad,41,Instagram,2026-05-12,Dormant,False,0.0,0.0,2026-05-12
CUST01604,Customer 1604,customer1604@example.com,Ahmedabad,32,YouTube,2025-09-06,Window Shopper,False,0.0,0.0,2025-09-06
CUST01605,Customer 1605,customer1605@example.com,Bangalore,40,Referral,2026-04-26,Repeat Buyer,True,3.0,7994.0,2026-04-01
CUST01606,Customer 1606,customer1606@example.com,Bangalore,42,Organic,2025-11-07,Dormant,False,0.0,0.0,2025-11-07
CUST01607,Customer 1607,customer1607@example.com,Hyderabad,26,Referral,2026-02-12,New Customer,True,1.0,2998.0,2026-05-25
CUST01608,Customer 1608,customer1608@example.com,Ahmedabad,28,Referral,2026-05-04,New Customer,False,1.0,3698.0,2026-07-30
CUST01609,Customer 1609,customer1609@example.com,Delhi,33,Google,2025-03-29,New Customer,False,1.0,4298.0,2025-03-17
CUST01610,Customer 1610,customer1610@example.com,Bangalore,24,Referral,2026-01-02,Price Sensitive,False,3.0,9095.0,2026-05-02
CUST01611,Customer 1611,customer1611@example.com,Pune,42,Organic,2025-04-23,New Customer,False,1.0,3198.0,2026-05-26
CUST01612,Customer 1612,customer1612@example.com,Bangalore,26,YouTube,2025-11-21,Price Sensitive,False,0.0,0.0,2025-11-21
CUST01613,Customer 1613,customer1613@example.com,Pune,32,YouTube,2026-01-28,Price Sensitive,True,3.0,10594.0,2026-07-23
CUST01614,Customer 1614,customer1614@example.com,Pune,42,Direct,2026-01-16,Dormant,True,0.0,0.0,2026-01-16
CUST01615,Customer 1615,customer1615@example.com,Kolkata,32,Google,2025-05-13,Price Sensitive,False,1.0,1499.0,2025-03-24
CUST01616,Customer 1616,customer1616@example.com,Bangalore,39,Direct,2025-10-31,New Customer,True,1.0,3198.0,2026-08-13
CUST01617,Customer 1617,customer1617@example.com,Bangalore,54,Organic,2025-03-07,Dormant,False,0.0,0.0,2025-03-07
CUST01618,Customer 1618,customer1618@example.com,Hyderabad,37,Instagram,2025-10-30,Window Shopper,False,0.0,0.0,2025-10-30
CUST01619,Customer 1619,customer1619@example.com,Kolkata,38,Organic,2026-02-13,High Value,False,4.0,11592.0,2026-02-22
CUST01620,Customer 1620,customer1620@example.com,Delhi,24,Referral,2025-01-05,Price Sensitive,False,3.0,11895.0,2026-07-18
CUST01621,Customer 1621,customer1621@example.com,Mumbai,36,Google,2025-09-13,High Value,True,5.0,26087.0,2026-07-12
CUST01622,Customer 1622,customer1622@example.com,Chennai,27,Direct,2025-12-07,Price Sensitive,True,2.0,4897.0,2026-02-22
CUST01623,Customer 1623,customer1623@example.com,Hyderabad,38,Organic,2025-09-15,Window Shopper,False,1.0,5597.0,2025-06-13
CUST01624,Customer 1624,customer1624@example.com,Ahmedabad,31,Referral,2025-05-30,Dormant,True,0.0,0.0,2025-05-30
CUST01625,Customer 1625,customer1625@example.com,Pune,27,Direct,2025-04-18,Price Sensitive,False,1.0,1898.0,2025-08-05
CUST01626,Customer 1626,customer1626@example.com,Delhi,21,Google,2026-03-15,Window Shopper,False,0.0,0.0,2026-03-15
CUST01627,Customer 1627,customer1627@example.com,Mumbai,19,YouTube,2025-07-20,Repeat Buyer,True,4.0,12393.0,2026-08-08
CUST01628,Customer 1628,customer1628@example.com,Pune,43,Referral,2025-02-06,Repeat Buyer,True,2.0,6297.0,2025-08-26
CUST01629,Customer 1629,customer1629@example.com,Delhi,53,Referral,2025-02-19,High Value,True,7.0,23986.0,2026-06-14
CUST01630,Customer 1630,customer1630@example.com,Hyderabad,37,Referral,2025-12-02,New Customer,False,1.0,999.0,2025-08-31
CUST01631,Customer 1631,customer1631@example.com,Ahmedabad,36,Google,2025-04-18,New Customer,True,1.0,2499.0,2025-07-17
CUST01632,Customer 1632,customer1632@example.com,Hyderabad,41,Direct,2026-03-15,New Customer,False,1.0,999.0,2026-07-13
CUST01633,Customer 1633,customer1633@example.com,Mumbai,42,Referral,2025-12-14,High Value,True,6.0,22288.0,2026-05-04
CUST01634,Customer 1634,customer1634@example.com,Bangalore,40,Referral,2025-04-02,Window Shopper,False,1.0,1799.0,2026-08-02
CUST01635,Customer 1635,customer1635@example.com,Pune,55,Referral,2026-05-12,Dormant,True,0.0,0.0,2026-05-12
CUST01636,Customer 1636,customer1636@example.com,Delhi,20,Instagram,2025-05-04,New Customer,False,1.0,3698.0,2025-05-25
CUST01637,Customer 1637,customer1637@example.com,Mumbai,42,Direct,2026-02-12,Repeat Buyer,True,3.0,12393.0,2026-04-29
CUST01638,Customer 1638,customer1638@example.com,Ahmedabad,42,Organic,2025-11-20,Price Sensitive,True,1.0,3397.0,2026-02-16
CUST01639,Customer 1639,customer1639@example.com,Bangalore,25,Instagram,2025-03-04,Price Sensitive,False,1.0,1299.0,2026-03-12
CUST01640,Customer 1640,customer1640@example.com,Delhi,19,YouTube,2025-10-21,Repeat Buyer,True,6.0,19688.0,2026-07-10
CUST01641,Customer 1641,customer1641@example.com,Bangalore,55,Google,2025-07-16,Dormant,False,0.0,0.0,2025-07-16
CUST01642,Customer 1642,customer1642@example.com,Kolkata,37,YouTube,2025-03-06,Repeat Buyer,True,4.0,9893.0,2025-09-27
CUST01643,Customer 1643,customer1643@example.com,Mumbai,43,Direct,2025-01-11,New Customer,True,2.0,2498.0,2026-06-19
CUST01644,Customer 1644,customer1644@example.com,Ahmedabad,22,YouTube,2026-03-05,Repeat Buyer,False,2.0,3498.0,2026-06-16
CUST01645,Customer 1645,customer1645@example.com,Bangalore,31,Direct,2026-04-05,High Value,False,4.0,11592.0,2026-01-26
CUST01646,Customer 1646,customer1646@example.com,Mumbai,18,YouTube,2025-08-17,New Customer,False,1.0,3498.0,2026-08-21
CUST01647,Customer 1647,customer1647@example.com,Mumbai,54,Google,2025-12-01,Window Shopper,True,1.0,899.0,2025-05-09
CUST01648,Customer 1648,customer1648@example.com,Hyderabad,23,Instagram,2025-09-17,New Customer,False,1.0,5498.0,2026-02-20
CUST01649,Customer 1649,customer1649@example.com,Mumbai,45,Direct,2025-01-01,New Customer,False,1.0,2698.0,2025-05-25
CUST01650,Customer 1650,customer1650@example.com,Chennai,52,Referral,2025-03-13,New Customer,True,0.0,0.0,2025-03-13
CUST01651,Customer 1651,customer1651@example.com,Pune,52,YouTube,2025-04-18,High Value,True,4.0,11793.0,2026-04-22
CUST01652,Customer 1652,customer1652@example.com,Hyderabad,33,Instagram,2025-04-07,Price Sensitive,False,3.0,5396.0,2026-02-03
CUST01653,Customer 1653,customer1653@example.com,Delhi,26,YouTube,2025-10-10,New Customer,False,2.0,2698.0,2025-10-08
CUST01654,Customer 1654,customer1654@example.com,Mumbai,45,Instagram,2025-10-09,New Customer,False,1.0,4297.0,2025-03-10
CUST01655,Customer 1655,customer1655@example.com,Mumbai,43,Referral,2025-02-12,New Customer,False,1.0,1299.0,2026-02-05
CUST01656,Customer 1656,customer1656@example.com,Mumbai,52,Google,2025-02-06,Dormant,False,0.0,0.0,2025-02-06
CUST01657,Customer 1657,customer1657@example.com,Delhi,41,YouTube,2025-12-03,High Value,True,7.0,20088.0,2026-07-20
CUST01658,Customer 1658,customer1658@example.com,Mumbai,44,Google,2025-06-11,High Value,True,8.0,24786.0,2026-05-20
CUST01659,Customer 1659,customer1659@example.com,Hyderabad,33,Instagram,2025-05-19,Dormant,False,0.0,0.0,2025-05-19
CUST01660,Customer 1660,customer1660@example.com,Kolkata,22,Organic,2025-11-24,New Customer,True,1.0,699.0,2025-12-07
CUST01661,Customer 1661,customer1661@example.com,Chennai,27,Google,2025-05-21,New Customer,False,1.0,2298.0,2025-10-14
CUST01662,Customer 1662,customer1662@example.com,Delhi,42,Instagram,2026-02-05,New Customer,False,1.0,1498.0,2025-11-15
CUST01663,Customer 1663,customer1663@example.com,Chennai,55,Referral,2025-02-18,Dormant,True,0.0,0.0,2025-02-18
CUST01664,Customer 1664,customer1664@example.com,Chennai,53,Organic,2025-11-08,High Value,False,3.0,12393.0,2026-06-22
CUST01665,Customer 1665,customer1665@example.com,Pune,42,Google,2025-06-26,New Customer,True,1.0,1499.0,2025-11-06
CUST01666,Customer 1666,customer1666@example.com,Kolkata,48,YouTube,2025-03-07,Window Shopper,False,1.0,2998.0,2026-01-14
CUST01667,Customer 1667,customer1667@example.com,Mumbai,26,Google,2025-07-13,New Customer,False,1.0,3498.0,2026-04-24
CUST01668,Customer 1668,customer1668@example.com,Pune,33,Direct,2025-11-08,High Value,True,8.0,16589.0,2026-04-29
CUST01669,Customer 1669,customer1669@example.com,Ahmedabad,40,Referral,2025-09-15,Repeat Buyer,True,2.0,5496.0,2026-06-06
CUST01670,Customer 1670,customer1670@example.com,Delhi,37,Direct,2026-03-16,New Customer,False,1.0,3198.0,2026-05-28
CUST01671,Customer 1671,customer1671@example.com,Pune,23,Direct,2025-02-10,New Customer,False,1.0,1799.0,2025-05-08
CUST01672,Customer 1672,customer1672@example.com,Bangalore,28,YouTube,2025-01-30,New Customer,False,2.0,7997.0,2026-07-20
CUST01673,Customer 1673,customer1673@example.com,Ahmedabad,18,Referral,2025-12-13,New Customer,False,2.0,6896.0,2026-03-03
CUST01674,Customer 1674,customer1674@example.com,Ahmedabad,49,YouTube,2025-12-17,Repeat Buyer,False,4.0,20590.0,2026-02-01
CUST01675,Customer 1675,customer1675@example.com,Bangalore,43,Instagram,2025-11-12,Dormant,False,1.0,2298.0,2025-07-11
CUST01676,Customer 1676,customer1676@example.com,Hyderabad,45,Direct,2025-10-01,New Customer,False,2.0,8595.0,2026-06-03
CUST01677,Customer 1677,customer1677@example.com,Hyderabad,46,Google,2025-12-12,Price Sensitive,False,1.0,1799.0,2025-09-30
CUST01678,Customer 1678,customer1678@example.com,Delhi,29,Instagram,2025-07-07,Dormant,False,0.0,0.0,2025-07-07
CUST01679,Customer 1679,customer1679@example.com,Hyderabad,45,Referral,2025-07-14,Window Shopper,False,1.0,4298.0,2026-08-14
CUST01680,Customer 1680,customer1680@example.com,Pune,33,YouTube,2026-03-12,New Customer,False,1.0,1799.0,2025-10-31
CUST01681,Customer 1681,customer1681@example.com,Chennai,48,Organic,2025-05-16,Price Sensitive,True,2.0,3498.0,2026-08-17
CUST01682,Customer 1682,customer1682@example.com,Kolkata,31,Organic,2026-04-21,New Customer,False,1.0,1898.0,2025-09-03
CUST01683,Customer 1683,customer1683@example.com,Hyderabad,47,YouTube,2026-03-11,Dormant,False,0.0,0.0,2026-03-11
CUST01684,Customer 1684,customer1684@example.com,Ahmedabad,39,Organic,2025-07-01,Repeat Buyer,True,2.0,5497.0,2026-07-16
CUST01685,Customer 1685,customer1685@example.com,Mumbai,43,Organic,2025-01-05,New Customer,False,1.0,1299.0,2025-04-16
CUST01686,Customer 1686,customer1686@example.com,Bangalore,51,YouTube,2026-04-06,New Customer,False,0.0,0.0,2026-04-06
CUST01687,Customer 1687,customer1687@example.com,Ahmedabad,18,Google,2026-01-29,New Customer,True,1.0,2999.0,2026-01-03
CUST01688,Customer 1688,customer1688@example.com,Kolkata,41,Organic,2025-07-06,Price Sensitive,False,1.0,1498.0,2025-07-07
CUST01689,Customer 1689,customer1689@example.com,Chennai,24,Referral,2025-12-03,Repeat Buyer,True,2.0,4097.0,2026-01-23
CUST01690,Customer 1690,customer1690@example.com,Pune,45,Instagram,2025-07-03,Window Shopper,True,0.0,0.0,2025-07-03
CUST01691,Customer 1691,customer1691@example.com,Bangalore,30,Organic,2025-01-21,Window Shopper,False,0.0,0.0,2025-01-21
CUST01692,Customer 1692,customer1692@example.com,Pune,20,Google,2025-12-08,New Customer,False,1.0,2998.0,2026-01-23
CUST01693,Customer 1693,customer1693@example.com,Chennai,25,Referral,2025-09-08,New Customer,False,1.0,4997.0,2026-01-14
CUST01694,Customer 1694,customer1694@example.com,Mumbai,38,Referral,2025-09-14,High Value,False,4.0,14993.0,2026-05-03
CUST01695,Customer 1695,customer1695@example.com,Kolkata,26,Instagram,2026-05-06,Price Sensitive,False,3.0,10195.0,2025-10-13
CUST01696,Customer 1696,customer1696@example.com,Mumbai,40,YouTube,2025-01-07,New Customer,True,1.0,1198.0,2025-12-05
CUST01697,Customer 1697,customer1697@example.com,Pune,45,YouTube,2026-01-13,Price Sensitive,False,2.0,4396.0,2026-03-27
CUST01698,Customer 1698,customer1698@example.com,Chennai,49,Instagram,2026-01-25,New Customer,False,1.0,2998.0,2026-02-10
CUST01699,Customer 1699,customer1699@example.com,Mumbai,33,Organic,2026-01-28,Repeat Buyer,True,2.0,7496.0,2026-04-05
CUST01700,Customer 1700,customer1700@example.com,Delhi,45,Google,2025-08-31,New Customer,False,1.0,2499.0,2025-11-15
CUST01701,Customer 1701,customer1701@example.com,Mumbai,30,YouTube,2025-11-19,Price Sensitive,False,1.0,699.0,2026-06-17
CUST01702,Customer 1702,customer1702@example.com,Mumbai,43,Instagram,2025-05-21,High Value,True,5.0,14993.0,2026-07-27
CUST01703,Customer 1703,customer1703@example.com,Kolkata,19,YouTube,2025-04-13,Dormant,False,0.0,0.0,2025-04-13
CUST01704,Customer 1704,customer1704@example.com,Kolkata,51,Organic,2025-12-25,New Customer,True,1.0,2298.0,2025-06-28
CUST01705,Customer 1705,customer1705@example.com,Pune,45,Referral,2025-02-01,High Value,True,5.0,16892.0,2026-06-03
CUST01706,Customer 1706,customer1706@example.com,Chennai,25,Organic,2025-07-06,Repeat Buyer,True,1.0,3897.0,2025-05-22
CUST01707,Customer 1707,customer1707@example.com,Kolkata,33,Organic,2026-04-04,New Customer,False,1.0,3697.0,2026-04-06
CUST01708,Customer 1708,customer1708@example.com,Hyderabad,38,Google,2025-05-27,New Customer,True,1.0,6997.0,2025-06-22
CUST01709,Customer 1709,customer1709@example.com,Bangalore,45,Google,2025-05-10,Repeat Buyer,False,6.0,25388.0,2026-05-17
CUST01710,Customer 1710,customer1710@example.com,Chennai,25,Instagram,2025-12-09,Dormant,False,0.0,0.0,2025-12-09
CUST01711,Customer 1711,customer1711@example.com,Mumbai,39,Organic,2026-01-15,New Customer,False,1.0,999.0,2025-03-23
CUST01712,Customer 1712,customer1712@example.com,Pune,33,Direct,2025-05-22,Window Shopper,False,0.0,0.0,2025-05-22
CUST01713,Customer 1713,customer1713@example.com,Bangalore,26,Direct,2026-01-16,New Customer,False,1.0,1798.0,2026-05-23
CUST01714,Customer 1714,customer1714@example.com,Delhi,30,Direct,2025-08-17,High Value,True,4.0,8394.0,2026-06-04
CUST01715,Customer 1715,customer1715@example.com,Pune,37,Direct,2025-08-31,Dormant,True,0.0,0.0,2025-08-31
CUST01716,Customer 1716,customer1716@example.com,Mumbai,20,Google,2025-04-09,Dormant,False,0.0,0.0,2025-04-09
CUST01717,Customer 1717,customer1717@example.com,Pune,41,Referral,2025-11-19,Repeat Buyer,False,6.0,18089.0,2026-07-17
CUST01718,Customer 1718,customer1718@example.com,Bangalore,48,Referral,2025-09-26,Price Sensitive,False,2.0,8294.0,2026-06-29
CUST01719,Customer 1719,customer1719@example.com,Hyderabad,28,YouTube,2025-05-21,Dormant,False,0.0,0.0,2025-05-21
CUST01720,Customer 1720,customer1720@example.com,Hyderabad,54,Instagram,2026-02-11,Price Sensitive,True,2.0,6896.0,2025-05-29
CUST01721,Customer 1721,customer1721@example.com,Kolkata,49,Direct,2025-09-30,Dormant,True,0.0,0.0,2025-09-30
CUST01722,Customer 1722,customer1722@example.com,Mumbai,46,YouTube,2025-07-16,Window Shopper,False,1.0,3999.0,2026-01-22
CUST01723,Customer 1723,customer1723@example.com,Chennai,31,Google,2025-01-02,High Value,True,7.0,23487.0,2026-01-11
CUST01724,Customer 1724,customer1724@example.com,Hyderabad,50,Referral,2025-09-15,New Customer,False,2.0,4498.0,2025-10-07
CUST01725,Customer 1725,customer1725@example.com,Chennai,32,Organic,2025-12-29,Price Sensitive,False,3.0,5997.0,2025-11-01
CUST01726,Customer 1726,customer1726@example.com,Delhi,20,YouTube,2025-05-02,New Customer,True,1.0,5798.0,2025-08-09
CUST01727,Customer 1727,customer1727@example.com,Chennai,26,Organic,2026-03-24,New Customer,False,1.0,3797.0,2026-04-29
CUST01728,Customer 1728,customer1728@example.com,Delhi,31,YouTube,2025-03-01,Price Sensitive,False,3.0,10195.0,2026-04-01
CUST01729,Customer 1729,customer1729@example.com,Pune,38,Instagram,2026-04-30,New Customer,False,1.0,3998.0,2025-06-30
CUST01730,Customer 1730,customer1730@example.com,Mumbai,44,YouTube,2025-05-31,Price Sensitive,False,1.0,6497.0,2026-01-12
CUST01731,Customer 1731,customer1731@example.com,Hyderabad,40,Google,2026-01-10,Repeat Buyer,True,5.0,21193.0,2026-08-19
CUST01732,Customer 1732,customer1732@example.com,Hyderabad,52,Direct,2026-03-21,Dormant,True,0.0,0.0,2026-03-21
CUST01733,Customer 1733,customer1733@example.com,Bangalore,42,Direct,2025-05-12,Price Sensitive,False,2.0,3498.0,2026-07-05
CUST01734,Customer 1734,customer1734@example.com,Delhi,46,Google,2025-06-16,Window Shopper,False,0.0,0.0,2025-06-16
CUST01735,Customer 1735,customer1735@example.com,Kolkata,27,Referral,2025-04-29,New Customer,False,2.0,2498.0,2026-01-12
CUST01736,Customer 1736,customer1736@example.com,Mumbai,48,Instagram,2025-09-11,Price Sensitive,False,3.0,9893.0,2026-01-09
CUST01737,Customer 1737,customer1737@example.com,Mumbai,30,YouTube,2025-09-09,New Customer,True,1.0,2999.0,2025-05-23
CUST01738,Customer 1738,customer1738@example.com,Chennai,19,Organic,2025-03-25,Dormant,True,0.0,0.0,2025-03-25
CUST01739,Customer 1739,customer1739@example.com,Delhi,22,Google,2025-02-06,Window Shopper,False,1.0,5297.0,2025-03-04
CUST01740,Customer 1740,customer1740@example.com,Kolkata,24,Direct,2025-09-27,Repeat Buyer,True,2.0,4497.0,2026-02-08
CUST01741,Customer 1741,customer1741@example.com,Hyderabad,24,Referral,2025-07-16,New Customer,False,1.0,3198.0,2025-03-10
CUST01742,Customer 1742,customer1742@example.com,Hyderabad,26,Google,2026-01-30,New Customer,False,1.0,3198.0,2026-06-04
CUST01743,Customer 1743,customer1743@example.com,Hyderabad,18,Instagram,2025-10-05,New Customer,True,1.0,4998.0,2025-05-17
CUST01744,Customer 1744,customer1744@example.com,Bangalore,30,Google,2025-09-03,Price Sensitive,False,3.0,8894.0,2025-10-12
CUST01745,Customer 1745,customer1745@example.com,Mumbai,37,Organic,2025-09-03,Price Sensitive,False,3.0,5796.0,2025-08-27
CUST01746,Customer 1746,customer1746@example.com,Chennai,52,Instagram,2025-01-11,New Customer,True,1.0,7497.0,2026-01-15
CUST01747,Customer 1747,customer1747@example.com,Chennai,24,YouTube,2026-03-30,Window Shopper,True,0.0,0.0,2026-03-30
CUST01748,Customer 1748,customer1748@example.com,Delhi,19,Google,2025-08-07,Window Shopper,True,0.0,0.0,2025-08-07
CUST01749,Customer 1749,customer1749@example.com,Chennai,32,Direct,2025-07-16,Repeat Buyer,True,1.0,699.0,2025-04-16
CUST01750,Customer 1750,customer1750@example.com,Bangalore,49,Google,2025-02-26,Price Sensitive,False,2.0,9296.0,2026-02-18
CUST01751,Customer 1751,customer1751@example.com,Chennai,40,Instagram,2025-11-12,New Customer,False,1.0,899.0,2025-12-11
CUST01752,Customer 1752,customer1752@example.com,Bangalore,20,YouTube,2025-03-19,Repeat Buyer,True,5.0,12891.0,2026-05-01
CUST01753,Customer 1753,customer1753@example.com,Mumbai,45,Google,2026-04-03,New Customer,False,1.0,2499.0,2025-11-25
CUST01754,Customer 1754,customer1754@example.com,Chennai,40,Instagram,2025-05-19,Price Sensitive,False,2.0,7296.0,2026-01-01
CUST01755,Customer 1755,customer1755@example.com,Chennai,22,Instagram,2026-03-18,Window Shopper,False,0.0,0.0,2026-03-18
CUST01756,Customer 1756,customer1756@example.com,Mumbai,38,Google,2025-07-19,Dormant,True,0.0,0.0,2025-07-19
CUST01757,Customer 1757,customer1757@example.com,Ahmedabad,22,Instagram,2025-10-23,Repeat Buyer,False,5.0,14691.0,2026-02-05
CUST01758,Customer 1758,customer1758@example.com,Mumbai,23,Organic,2025-03-07,Repeat Buyer,False,3.0,5895.0,2026-03-11
CUST01759,Customer 1759,customer1759@example.com,Pune,49,Referral,2025-09-04,New Customer,False,1.0,3998.0,2026-08-02
CUST01760,Customer 1760,customer1760@example.com,Pune,26,Direct,2026-04-17,Price Sensitive,False,1.0,1798.0,2025-11-15
CUST01761,Customer 1761,customer1761@example.com,Ahmedabad,52,YouTube,2025-09-10,New Customer,False,1.0,2499.0,2025-04-17
CUST01762,Customer 1762,customer1762@example.com,Kolkata,23,YouTube,2026-01-02,High Value,False,7.0,22188.0,2026-08-07
CUST01763,Customer 1763,customer1763@example.com,Delhi,23,Google,2025-07-05,Repeat Buyer,True,5.0,17091.0,2025-12-25
CUST01764,Customer 1764,customer1764@example.com,Hyderabad,41,YouTube,2025-08-31,New Customer,False,1.0,1498.0,2025-11-26
CUST01765,Customer 1765,customer1765@example.com,Hyderabad,40,Organic,2026-03-11,Dormant,False,0.0,0.0,2026-03-11
CUST01766,Customer 1766,customer1766@example.com,Mumbai,36,Referral,2025-03-15,Window Shopper,False,0.0,0.0,2025-03-15
CUST01767,Customer 1767,customer1767@example.com,Kolkata,33,Google,2026-02-28,Window Shopper,False,0.0,0.0,2026-02-28
CUST01768,Customer 1768,customer1768@example.com,Bangalore,27,Referral,2026-01-11,New Customer,False,2.0,3398.0,2025-12-12
CUST01769,Customer 1769,customer1769@example.com,Pune,21,Direct,2025-02-24,New Customer,False,2.0,4497.0,2026-04-05
CUST01770,Customer 1770,customer1770@example.com,Mumbai,19,Google,2025-07-07,Price Sensitive,True,1.0,2198.0,2026-06-09
CUST01771,Customer 1771,customer1771@example.com,Hyderabad,54,Referral,2025-03-18,New Customer,False,1.0,4998.0,2025-05-02
CUST01772,Customer 1772,customer1772@example.com,Mumbai,51,Direct,2026-05-01,Price Sensitive,False,1.0,4298.0,2025-09-07
CUST01773,Customer 1773,customer1773@example.com,Pune,46,Direct,2025-12-22,New Customer,False,1.0,1299.0,2025-05-08
CUST01774,Customer 1774,customer1774@example.com,Hyderabad,20,YouTube,2026-01-20,New Customer,True,1.0,5297.0,2026-02-13
CUST01775,Customer 1775,customer1775@example.com,Kolkata,45,Direct,2026-05-01,New Customer,True,2.0,5296.0,2026-05-20
CUST01776,Customer 1776,customer1776@example.com,Chennai,54,YouTube,2025-06-06,Window Shopper,False,1.0,4797.0,2025-05-18
CUST01777,Customer 1777,customer1777@example.com,Mumbai,35,Instagram,2025-09-25,Price Sensitive,False,0.0,0.0,2025-09-25
CUST01778,Customer 1778,customer1778@example.com,Delhi,43,YouTube,2025-01-29,Repeat Buyer,False,3.0,7095.0,2026-08-21
CUST01779,Customer 1779,customer1779@example.com,Bangalore,47,Referral,2025-06-10,New Customer,True,2.0,3696.0,2026-06-11
CUST01780,Customer 1780,customer1780@example.com,Kolkata,28,Instagram,2026-02-16,Price Sensitive,False,2.0,5095.0,2025-10-23
CUST01781,Customer 1781,customer1781@example.com,Chennai,24,Instagram,2025-02-09,Repeat Buyer,True,1.0,3998.0,2025-03-19
CUST01782,Customer 1782,customer1782@example.com,Pune,19,Google,2025-05-25,Repeat Buyer,False,2.0,3798.0,2026-03-18
CUST01783,Customer 1783,customer1783@example.com,Delhi,18,Organic,2025-04-07,New Customer,True,1.0,1299.0,2025-03-04
CUST01784,Customer 1784,customer1784@example.com,Hyderabad,33,Organic,2025-02-13,High Value,True,4.0,19390.0,2026-05-18
CUST01785,Customer 1785,customer1785@example.com,Ahmedabad,20,Instagram,2025-06-11,Dormant,False,0.0,0.0,2025-06-11
CUST01786,Customer 1786,customer1786@example.com,Pune,36,Referral,2025-09-14,New Customer,False,1.0,1799.0,2025-03-27
CUST01787,Customer 1787,customer1787@example.com,Pune,26,Direct,2025-12-12,New Customer,False,1.0,2999.0,2025-07-15
CUST01788,Customer 1788,customer1788@example.com,Bangalore,50,Google,2025-01-13,New Customer,False,1.0,4898.0,2026-06-14
CUST01789,Customer 1789,customer1789@example.com,Hyderabad,36,Google,2025-03-19,High Value,True,7.0,23087.0,2026-06-02
CUST01790,Customer 1790,customer1790@example.com,Bangalore,32,Google,2026-02-18,Price Sensitive,True,3.0,10894.0,2026-03-15
CUST01791,Customer 1791,customer1791@example.com,Mumbai,50,YouTube,2026-01-09,Price Sensitive,True,3.0,8993.0,2026-06-07
CUST01792,Customer 1792,customer1792@example.com,Pune,46,Google,2025-06-23,High Value,True,7.0,19287.0,2026-08-10
CUST01793,Customer 1793,customer1793@example.com,Kolkata,20,Direct,2026-02-01,New Customer,False,1.0,899.0,2025-10-15
CUST01794,Customer 1794,customer1794@example.com,Bangalore,27,YouTube,2025-11-18,Price Sensitive,False,3.0,6696.0,2026-01-17
CUST01795,Customer 1795,customer1795@example.com,Hyderabad,27,Organic,2025-10-08,Dormant,True,0.0,0.0,2025-10-08
CUST01796,Customer 1796,customer1796@example.com,Bangalore,49,Instagram,2025-08-21,Window Shopper,False,0.0,0.0,2025-08-21
CUST01797,Customer 1797,customer1797@example.com,Mumbai,22,Organic,2025-10-23,Repeat Buyer,False,5.0,24691.0,2026-07-30
CUST01798,Customer 1798,customer1798@example.com,Mumbai,47,Organic,2025-08-31,Repeat Buyer,True,2.0,8096.0,2026-06-19
CUST01799,Customer 1799,customer1799@example.com,Ahmedabad,26,Instagram,2026-05-13,Dormant,False,0.0,0.0,2026-05-13
CUST01800,Customer 1800,customer1800@example.com,Chennai,43,Referral,2026-03-15,High Value,True,5.0,16992.0,2026-07-25
CUST01801,Customer 1801,customer1801@example.com,Ahmedabad,41,YouTube,2026-03-09,High Value,True,6.0,18390.0,2026-04-14
CUST01802,Customer 1802,customer1802@example.com,Bangalore,44,YouTube,2025-08-19,High Value,True,8.0,36881.0,2026-07-22
CUST01803,Customer 1803,customer1803@example.com,Hyderabad,21,Direct,2026-02-09,New Customer,False,1.0,699.0,2026-01-06
CUST01804,Customer 1804,customer1804@example.com,Hyderabad,27,Instagram,2025-05-29,New Customer,False,1.0,3698.0,2025-06-08
CUST01805,Customer 1805,customer1805@example.com,Bangalore,32,Referral,2026-03-24,Repeat Buyer,True,5.0,15294.0,2026-07-07
CUST01806,Customer 1806,customer1806@example.com,Ahmedabad,47,Direct,2025-10-01,Repeat Buyer,True,2.0,5197.0,2026-05-30
CUST01807,Customer 1807,customer1807@example.com,Bangalore,29,Direct,2025-02-25,Window Shopper,False,1.0,2798.0,2025-11-13
CUST01808,Customer 1808,customer1808@example.com,Kolkata,30,Referral,2025-06-18,Window Shopper,False,1.0,499.0,2026-03-28
CUST01809,Customer 1809,customer1809@example.com,Ahmedabad,31,Direct,2026-01-15,New Customer,False,1.0,3998.0,2025-04-05
CUST01810,Customer 1810,customer1810@example.com,Hyderabad,52,Google,2026-05-01,Repeat Buyer,True,4.0,11593.0,2026-06-16
CUST01811,Customer 1811,customer1811@example.com,Pune,54,Instagram,2025-11-04,Repeat Buyer,True,4.0,13691.0,2026-04-21
CUST01812,Customer 1812,customer1812@example.com,Pune,45,Referral,2025-04-20,Price Sensitive,True,2.0,11296.0,2025-06-06
CUST01813,Customer 1813,customer1813@example.com,Kolkata,35,Organic,2025-11-22,New Customer,False,1.0,699.0,2026-05-21
CUST01814,Customer 1814,customer1814@example.com,Chennai,43,Instagram,2025-06-02,New Customer,True,2.0,8096.0,2026-04-09
CUST01815,Customer 1815,customer1815@example.com,Kolkata,51,Google,2025-12-09,Window Shopper,False,1.0,3498.0,2026-04-07
CUST01816,Customer 1816,customer1816@example.com,Hyderabad,23,Referral,2025-06-25,Window Shopper,True,0.0,0.0,2025-06-25
CUST01817,Customer 1817,customer1817@example.com,Delhi,40,Referral,2025-09-04,Dormant,False,0.0,0.0,2025-09-04
CUST01818,Customer 1818,customer1818@example.com,Mumbai,45,Organic,2026-04-13,Repeat Buyer,True,5.0,20786.0,2026-07-30
CUST01819,Customer 1819,customer1819@example.com,Hyderabad,53,YouTube,2025-04-12,Price Sensitive,False,3.0,10495.0,2026-03-23
CUST01820,Customer 1820,customer1820@example.com,Mumbai,38,Direct,2026-02-26,New Customer,False,1.0,3198.0,2026-05-04
CUST01821,Customer 1821,customer1821@example.com,Pune,18,Google,2026-04-05,Dormant,False,0.0,0.0,2026-04-05
CUST01822,Customer 1822,customer1822@example.com,Pune,25,Direct,2025-07-28,Repeat Buyer,True,2.0,7095.0,2025-07-10
CUST01823,Customer 1823,customer1823@example.com,Ahmedabad,26,Direct,2025-08-19,New Customer,False,1.0,2499.0,2025-07-07
CUST01824,Customer 1824,customer1824@example.com,Hyderabad,31,Direct,2025-04-07,High Value,True,7.0,25488.0,2026-04-30
CUST01825,Customer 1825,customer1825@example.com,Mumbai,42,Google,2025-06-28,Repeat Buyer,True,2.0,8495.0,2026-08-20
CUST01826,Customer 1826,customer1826@example.com,Hyderabad,41,Organic,2025-01-09,New Customer,True,2.0,3496.0,2025-12-15
CUST01827,Customer 1827,customer1827@example.com,Bangalore,49,Direct,2025-08-22,Repeat Buyer,True,4.0,10995.0,2026-03-14
CUST01828,Customer 1828,customer1828@example.com,Kolkata,51,Organic,2025-02-28,Repeat Buyer,True,6.0,16489.0,2026-08-18
CUST01829,Customer 1829,customer1829@example.com,Pune,29,YouTube,2025-11-01,Dormant,False,0.0,0.0,2025-11-01
CUST01830,Customer 1830,customer1830@example.com,Chennai,45,Direct,2025-05-26,New Customer,False,1.0,2499.0,2025-05-22
CUST01831,Customer 1831,customer1831@example.com,Bangalore,23,Instagram,2025-02-15,Price Sensitive,False,2.0,7796.0,2026-07-25
CUST01832,Customer 1832,customer1832@example.com,Kolkata,24,Referral,2026-01-19,High Value,True,5.0,15192.0,2026-07-11
CUST01833,Customer 1833,customer1833@example.com,Bangalore,46,YouTube,2025-10-25,Price Sensitive,False,2.0,2998.0,2026-07-30
CUST01834,Customer 1834,customer1834@example.com,Kolkata,31,Google,2026-02-02,Window Shopper,False,0.0,0.0,2026-02-02
CUST01835,Customer 1835,customer1835@example.com,Delhi,48,Instagram,2025-06-29,Repeat Buyer,True,5.0,14893.0,2026-06-28
CUST01836,Customer 1836,customer1836@example.com,Kolkata,43,Instagram,2026-04-27,Dormant,False,0.0,0.0,2026-04-27
CUST01837,Customer 1837,customer1837@example.com,Chennai,35,Direct,2025-05-16,Repeat Buyer,True,2.0,8896.0,2026-01-08
CUST01838,Customer 1838,customer1838@example.com,Kolkata,33,Instagram,2026-04-06,Repeat Buyer,False,4.0,16293.0,2026-07-09
CUST01839,Customer 1839,customer1839@example.com,Hyderabad,27,Organic,2026-03-07,Window Shopper,True,1.0,3999.0,2026-03-21
CUST01840,Customer 1840,customer1840@example.com,Pune,39,Google,2026-05-07,Window Shopper,False,0.0,0.0,2026-05-07
CUST01841,Customer 1841,customer1841@example.com,Kolkata,30,YouTube,2025-11-26,High Value,True,5.0,15190.0,2026-05-29
CUST01842,Customer 1842,customer1842@example.com,Kolkata,26,Direct,2025-07-19,Repeat Buyer,True,5.0,22891.0,2026-06-25
CUST01843,Customer 1843,customer1843@example.com,Pune,51,Google,2025-08-12,Dormant,True,0.0,0.0,2025-08-12
CUST01844,Customer 1844,customer1844@example.com,Mumbai,50,Instagram,2025-11-20,New Customer,False,1.0,2398.0,2025-12-03
CUST01845,Customer 1845,customer1845@example.com,Chennai,53,Google,2026-05-01,High Value,True,5.0,21489.0,2026-07-16
CUST01846,Customer 1846,customer1846@example.com,Hyderabad,45,Instagram,2025-11-18,Repeat Buyer,True,6.0,22189.0,2026-05-16
CUST01847,Customer 1847,customer1847@example.com,Bangalore,54,Referral,2025-01-13,Price Sensitive,True,1.0,4898.0,2025-11-24
CUST01848,Customer 1848,customer1848@example.com,Ahmedabad,40,Google,2025-05-03,Price Sensitive,True,0.0,0.0,2025-05-03
CUST01849,Customer 1849,customer1849@example.com,Delhi,52,Google,2026-01-07,Price Sensitive,False,3.0,6796.0,2026-05-16
CUST01850,Customer 1850,customer1850@example.com,Chennai,21,Organic,2025-02-12,Price Sensitive,False,2.0,7696.0,2026-07-07
CUST01851,Customer 1851,customer1851@example.com,Bangalore,25,Referral,2026-04-20,Dormant,False,0.0,0.0,2026-04-20
CUST01852,Customer 1852,customer1852@example.com,Chennai,34,Google,2025-02-17,High Value,True,5.0,12390.0,2026-08-19
CUST01853,Customer 1853,customer1853@example.com,Delhi,43,Instagram,2025-09-09,New Customer,False,1.0,6998.0,2025-11-23
CUST01854,Customer 1854,customer1854@example.com,Ahmedabad,22,Google,2025-12-18,Price Sensitive,False,1.0,2499.0,2025-08-22
CUST01855,Customer 1855,customer1855@example.com,Ahmedabad,28,Google,2025-06-02,Repeat Buyer,False,3.0,11292.0,2026-06-03
CUST01856,Customer 1856,customer1856@example.com,Hyderabad,25,Organic,2025-06-27,New Customer,True,1.0,6498.0,2026-03-13
CUST01857,Customer 1857,customer1857@example.com,Hyderabad,28,YouTube,2026-01-15,Repeat Buyer,True,5.0,13392.0,2026-05-12
CUST01858,Customer 1858,customer1858@example.com,Hyderabad,52,Instagram,2025-09-23,New Customer,True,2.0,4395.0,2026-07-04
CUST01859,Customer 1859,customer1859@example.com,Pune,25,Google,2025-01-16,Repeat Buyer,True,3.0,10095.0,2026-02-25
CUST01860,Customer 1860,customer1860@example.com,Mumbai,35,Organic,2025-09-04,Repeat Buyer,True,5.0,15191.0,2026-08-11
CUST01861,Customer 1861,customer1861@example.com,Chennai,47,Direct,2026-02-19,New Customer,True,1.0,2499.0,2025-10-08
CUST01862,Customer 1862,customer1862@example.com,Kolkata,30,Organic,2025-03-30,Repeat Buyer,True,4.0,15593.0,2025-09-11
CUST01863,Customer 1863,customer1863@example.com,Chennai,43,Instagram,2025-10-26,New Customer,False,0.0,0.0,2025-10-26
CUST01864,Customer 1864,customer1864@example.com,Mumbai,31,Direct,2025-09-07,Price Sensitive,False,1.0,2998.0,2026-08-07
CUST01865,Customer 1865,customer1865@example.com,Chennai,38,YouTube,2025-02-25,Repeat Buyer,True,4.0,12492.0,2026-05-07
CUST01866,Customer 1866,customer1866@example.com,Pune,41,Direct,2026-02-24,High Value,True,5.0,12292.0,2026-04-19
CUST01867,Customer 1867,customer1867@example.com,Hyderabad,50,Organic,2025-10-28,New Customer,True,0.0,0.0,2025-10-28
CUST01868,Customer 1868,customer1868@example.com,Pune,43,Instagram,2025-02-28,Repeat Buyer,True,6.0,25486.0,2026-07-19
CUST01869,Customer 1869,customer1869@example.com,Mumbai,40,Google,2025-02-07,New Customer,False,1.0,2499.0,2025-10-18
CUST01870,Customer 1870,customer1870@example.com,Mumbai,38,Instagram,2025-01-05,New Customer,False,1.0,3898.0,2025-12-30
CUST01871,Customer 1871,customer1871@example.com,Pune,31,Referral,2025-10-18,Repeat Buyer,True,2.0,4997.0,2026-06-17
CUST01872,Customer 1872,customer1872@example.com,Bangalore,42,Organic,2025-11-05,Price Sensitive,False,1.0,2499.0,2025-03-18
CUST01873,Customer 1873,customer1873@example.com,Chennai,22,YouTube,2026-04-03,New Customer,False,2.0,3798.0,2026-05-15
CUST01874,Customer 1874,customer1874@example.com,Kolkata,38,Organic,2025-04-12,High Value,True,7.0,18789.0,2026-07-23
CUST01875,Customer 1875,customer1875@example.com,Ahmedabad,20,Organic,2025-08-04,New Customer,False,1.0,4797.0,2025-12-02
CUST01876,Customer 1876,customer1876@example.com,Pune,55,Referral,2025-05-02,New Customer,False,1.0,3998.0,2025-10-27
CUST01877,Customer 1877,customer1877@example.com,Hyderabad,47,Organic,2025-03-09,High Value,True,2.0,6396.0,2026-08-16
CUST01878,Customer 1878,customer1878@example.com,Hyderabad,39,Direct,2025-01-09,Window Shopper,False,0.0,0.0,2025-01-09
CUST01879,Customer 1879,customer1879@example.com,Kolkata,37,Organic,2025-06-12,New Customer,True,1.0,3298.0,2026-04-03
CUST01880,Customer 1880,customer1880@example.com,Pune,49,YouTube,2025-01-25,Price Sensitive,False,1.0,2999.0,2026-04-10
CUST01881,Customer 1881,customer1881@example.com,Ahmedabad,49,Direct,2026-05-11,Repeat Buyer,True,5.0,15291.0,2026-05-13
CUST01882,Customer 1882,customer1882@example.com,Bangalore,19,Google,2025-01-25,Window Shopper,False,0.0,0.0,2025-01-25
CUST01883,Customer 1883,customer1883@example.com,Pune,45,Google,2025-03-29,Window Shopper,True,0.0,0.0,2025-03-29
CUST01884,Customer 1884,customer1884@example.com,Pune,52,Instagram,2026-04-24,New Customer,False,1.0,1398.0,2025-04-25
CUST01885,Customer 1885,customer1885@example.com,Hyderabad,25,Instagram,2026-04-30,Price Sensitive,True,3.0,12394.0,2026-03-03
CUST01886,Customer 1886,customer1886@example.com,Kolkata,35,Direct,2025-03-29,Repeat Buyer,True,3.0,9994.0,2025-09-01
CUST01887,Customer 1887,customer1887@example.com,Bangalore,26,Organic,2026-03-18,Dormant,False,0.0,0.0,2026-03-18
CUST01888,Customer 1888,customer1888@example.com,Kolkata,46,Direct,2025-03-04,New Customer,False,1.0,3498.0,2026-07-03
CUST01889,Customer 1889,customer1889@example.com,Ahmedabad,49,Organic,2025-06-14,High Value,True,5.0,12493.0,2026-04-28
CUST01890,Customer 1890,customer1890@example.com,Bangalore,34,Organic,2025-12-31,Price Sensitive,False,3.0,7795.0,2026-07-27
CUST01891,Customer 1891,customer1891@example.com,Delhi,31,Direct,2025-02-09,New Customer,False,1.0,5798.0,2026-03-16
CUST01892,Customer 1892,customer1892@example.com,Delhi,18,Direct,2025-04-21,New Customer,False,1.0,3498.0,2025-10-23
CUST01893,Customer 1893,customer1893@example.com,Ahmedabad,24,Organic,2025-04-17,Repeat Buyer,True,3.0,8095.0,2025-08-29
CUST01894,Customer 1894,customer1894@example.com,Pune,37,Direct,2025-08-21,Window Shopper,False,1.0,6397.0,2025-04-26
CUST01895,Customer 1895,customer1895@example.com,Bangalore,26,Google,2026-04-15,Price Sensitive,False,2.0,7396.0,2026-07-05
CUST01896,Customer 1896,customer1896@example.com,Delhi,43,Google,2025-02-05,Repeat Buyer,False,5.0,13991.0,2026-08-09
CUST01897,Customer 1897,customer1897@example.com,Chennai,54,Direct,2025-02-22,New Customer,True,2.0,9296.0,2025-07-03
CUST01898,Customer 1898,customer1898@example.com,Bangalore,33,Instagram,2026-04-03,New Customer,False,1.0,4997.0,2026-05-10
CUST01899,Customer 1899,customer1899@example.com,Ahmedabad,51,Referral,2025-06-30,Repeat Buyer,True,3.0,10895.0,2025-10-01
CUST01900,Customer 1900,customer1900@example.com,Bangalore,40,Referral,2025-04-19,New Customer,False,1.0,2998.0,2025-10-06
CUST01901,Customer 1901,customer1901@example.com,Pune,21,Referral,2025-05-20,New Customer,False,1.0,4298.0,2025-12-25
CUST01902,Customer 1902,customer1902@example.com,Kolkata,45,Google,2025-05-31,Repeat Buyer,True,2.0,14295.0,2026-04-21
CUST01903,Customer 1903,customer1903@example.com,Chennai,51,YouTube,2025-09-10,New Customer,True,2.0,3798.0,2026-07-05
CUST01904,Customer 1904,customer1904@example.com,Hyderabad,33,Instagram,2025-04-23,Repeat Buyer,True,4.0,18790.0,2025-12-16
CUST01905,Customer 1905,customer1905@example.com,Chennai,33,Instagram,2025-09-30,New Customer,False,2.0,13395.0,2026-06-18
CUST01906,Customer 1906,customer1906@example.com,Kolkata,43,Referral,2025-02-21,New Customer,False,1.0,4998.0,2025-11-23
CUST01907,Customer 1907,customer1907@example.com,Chennai,49,Google,2025-03-29,New Customer,False,1.0,4297.0,2026-05-18
CUST01908,Customer 1908,customer1908@example.com,Chennai,36,Direct,2025-01-02,Price Sensitive,False,1.0,5297.0,2026-05-10
CUST01909,Customer 1909,customer1909@example.com,Ahmedabad,37,Direct,2025-05-03,New Customer,False,1.0,9497.0,2026-01-01
CUST01910,Customer 1910,customer1910@example.com,Mumbai,29,Organic,2026-04-06,New Customer,False,1.0,5498.0,2026-08-09
CUST01911,Customer 1911,customer1911@example.com,Ahmedabad,45,Organic,2025-01-11,Repeat Buyer,False,3.0,12594.0,2026-04-18
CUST01912,Customer 1912,customer1912@example.com,Bangalore,28,Direct,2026-01-25,New Customer,False,1.0,5498.0,2025-10-12
CUST01913,Customer 1913,customer1913@example.com,Ahmedabad,55,Instagram,2025-09-08,Window Shopper,False,1.0,1299.0,2026-05-07
CUST01914,Customer 1914,customer1914@example.com,Hyderabad,19,YouTube,2025-12-15,Window Shopper,False,0.0,0.0,2025-12-15
CUST01915,Customer 1915,customer1915@example.com,Mumbai,27,Instagram,2025-02-21,Dormant,False,1.0,1998.0,2025-05-03
CUST01916,Customer 1916,customer1916@example.com,Ahmedabad,49,Direct,2025-06-29,Repeat Buyer,False,0.0,0.0,2025-06-29
CUST01917,Customer 1917,customer1917@example.com,Ahmedabad,34,Organic,2025-08-23,Dormant,False,0.0,0.0,2025-08-23
CUST01918,Customer 1918,customer1918@example.com,Pune,51,Direct,2026-03-15,New Customer,False,1.0,3898.0,2026-05-11
CUST01919,Customer 1919,customer1919@example.com,Ahmedabad,25,Organic,2025-12-18,Window Shopper,False,0.0,0.0,2025-12-18
CUST01920,Customer 1920,customer1920@example.com,Mumbai,44,Google,2025-12-04,Repeat Buyer,True,2.0,5297.0,2026-05-30
CUST01921,Customer 1921,customer1921@example.com,Hyderabad,33,YouTube,2026-01-15,Dormant,False,0.0,0.0,2026-01-15
CUST01922,Customer 1922,customer1922@example.com,Delhi,23,Google,2026-04-17,Price Sensitive,False,2.0,9496.0,2026-04-15
CUST01923,Customer 1923,customer1923@example.com,Chennai,52,Referral,2026-05-06,Dormant,False,1.0,1799.0,2025-04-22
CUST01924,Customer 1924,customer1924@example.com,Pune,39,Referral,2025-10-29,Window Shopper,True,0.0,0.0,2025-10-29
CUST01925,Customer 1925,customer1925@example.com,Chennai,30,Instagram,2025-10-24,Repeat Buyer,False,4.0,9794.0,2026-07-13
CUST01926,Customer 1926,customer1926@example.com,Bangalore,45,Referral,2025-10-18,High Value,True,2.0,2697.0,2026-01-18
CUST01927,Customer 1927,customer1927@example.com,Chennai,25,Instagram,2025-09-13,Dormant,False,1.0,1499.0,2025-03-25
CUST01928,Customer 1928,customer1928@example.com,Mumbai,51,Organic,2025-11-16,Dormant,True,0.0,0.0,2025-11-16
CUST01929,Customer 1929,customer1929@example.com,Ahmedabad,36,Instagram,2026-02-14,High Value,True,5.0,16390.0,2026-05-01
CUST01930,Customer 1930,customer1930@example.com,Delhi,36,YouTube,2025-03-05,New Customer,False,0.0,0.0,2025-03-05
CUST01931,Customer 1931,customer1931@example.com,Kolkata,40,Direct,2026-03-04,New Customer,False,1.0,699.0,2026-04-01
CUST01932,Customer 1932,customer1932@example.com,Pune,36,YouTube,2025-12-07,New Customer,False,1.0,2999.0,2026-05-20
CUST01933,Customer 1933,customer1933@example.com,Bangalore,35,Google,2026-01-11,Dormant,False,1.0,7197.0,2025-05-11
CUST01934,Customer 1934,customer1934@example.com,Bangalore,36,Google,2025-01-17,New Customer,False,1.0,6498.0,2025-06-12
CUST01935,Customer 1935,customer1935@example.com,Kolkata,45,Referral,2026-05-11,Repeat Buyer,True,5.0,18090.0,2026-05-21
CUST01936,Customer 1936,customer1936@example.com,Chennai,37,Google,2025-10-16,Window Shopper,False,0.0,0.0,2025-10-16
CUST01937,Customer 1937,customer1937@example.com,Mumbai,30,Organic,2025-03-11,Repeat Buyer,False,5.0,20390.0,2026-07-02
CUST01938,Customer 1938,customer1938@example.com,Chennai,23,Organic,2025-10-18,Repeat Buyer,True,3.0,10794.0,2025-12-30
CUST01939,Customer 1939,customer1939@example.com,Mumbai,42,Referral,2025-02-19,Dormant,False,0.0,0.0,2025-02-19
CUST01940,Customer 1940,customer1940@example.com,Pune,50,Direct,2025-12-31,New Customer,False,1.0,5498.0,2025-11-25
CUST01941,Customer 1941,customer1941@example.com,Ahmedabad,44,Referral,2025-08-25,Repeat Buyer,True,6.0,20287.0,2026-08-05
CUST01942,Customer 1942,customer1942@example.com,Kolkata,23,Google,2025-11-11,New Customer,False,1.0,2499.0,2026-04-13
CUST01943,Customer 1943,customer1943@example.com,Pune,26,YouTube,2025-10-06,Window Shopper,False,0.0,0.0,2025-10-06
CUST01944,Customer 1944,customer1944@example.com,Hyderabad,43,Google,2025-07-26,Window Shopper,False,0.0,0.0,2025-07-26
CUST01945,Customer 1945,customer1945@example.com,Ahmedabad,21,Instagram,2025-01-29,Price Sensitive,False,3.0,15394.0,2026-07-06
CUST01946,Customer 1946,customer1946@example.com,Bangalore,39,YouTube,2025-02-19,New Customer,False,1.0,3999.0,2026-01-23
CUST01947,Customer 1947,customer1947@example.com,Pune,21,Instagram,2026-01-15,Window Shopper,False,1.0,2999.0,2026-07-23
CUST01948,Customer 1948,customer1948@example.com,Hyderabad,31,YouTube,2025-03-15,High Value,True,4.0,12492.0,2026-05-24
CUST01949,Customer 1949,customer1949@example.com,Mumbai,32,Direct,2025-11-24,High Value,False,4.0,14191.0,2025-09-22
CUST01950,Customer 1950,customer1950@example.com,Chennai,18,Referral,2025-11-16,Window Shopper,False,0.0,0.0,2025-11-16
CUST01951,Customer 1951,customer1951@example.com,Hyderabad,27,YouTube,2026-03-27,Price Sensitive,True,3.0,9194.0,2025-09-26
CUST01952,Customer 1952,customer1952@example.com,Delhi,24,Referral,2025-01-13,New Customer,True,1.0,999.0,2026-01-12
CUST01953,Customer 1953,customer1953@example.com,Hyderabad,25,Organic,2025-07-27,Window Shopper,False,0.0,0.0,2025-07-27
CUST01954,Customer 1954,customer1954@example.com,Delhi,52,Organic,2026-02-25,Repeat Buyer,True,2.0,9296.0,2026-03-29
CUST01955,Customer 1955,customer1955@example.com,Bangalore,45,Google,2025-11-22,High Value,True,5.0,17191.0,2026-07-04
CUST01956,Customer 1956,customer1956@example.com,Delhi,28,YouTube,2026-01-15,New Customer,True,1.0,2498.0,2025-07-09
CUST01957,Customer 1957,customer1957@example.com,Ahmedabad,36,Organic,2025-12-08,Price Sensitive,False,1.0,2499.0,2026-05-11
CUST01958,Customer 1958,customer1958@example.com,Pune,35,Referral,2025-07-17,New Customer,False,1.0,3298.0,2025-08-30
CUST01959,Customer 1959,customer1959@example.com,Kolkata,45,Google,2025-01-15,Price Sensitive,True,2.0,9996.0,2026-07-15
CUST01960,Customer 1960,customer1960@example.com,Kolkata,18,YouTube,2025-06-05,New Customer,True,1.0,3898.0,2026-08-06
CUST01961,Customer 1961,customer1961@example.com,Ahmedabad,20,Organic,2026-05-08,New Customer,False,1.0,2498.0,2025-12-26
CUST01962,Customer 1962,customer1962@example.com,Ahmedabad,35,Instagram,2025-03-23,New Customer,False,1.0,3998.0,2026-03-29
CUST01963,Customer 1963,customer1963@example.com,Delhi,40,Direct,2025-09-26,Repeat Buyer,False,2.0,6396.0,2025-11-30
CUST01964,Customer 1964,customer1964@example.com,Mumbai,40,Direct,2026-01-04,Repeat Buyer,True,4.0,9494.0,2026-04-26
CUST01965,Customer 1965,customer1965@example.com,Mumbai,35,Direct,2025-06-05,High Value,True,6.0,19688.0,2026-06-26
CUST01966,Customer 1966,customer1966@example.com,Ahmedabad,42,Referral,2025-11-07,Dormant,True,1.0,3698.0,2025-08-13
CUST01967,Customer 1967,customer1967@example.com,Chennai,26,Direct,2025-06-15,Price Sensitive,False,1.0,1799.0,2026-04-05
CUST01968,Customer 1968,customer1968@example.com,Kolkata,22,Instagram,2025-01-16,High Value,True,8.0,28186.0,2026-06-13
CUST01969,Customer 1969,customer1969@example.com,Bangalore,24,Referral,2026-04-24,Window Shopper,True,0.0,0.0,2026-04-24
CUST01970,Customer 1970,customer1970@example.com,Delhi,33,Instagram,2026-04-06,Price Sensitive,False,1.0,2698.0,2025-09-07
CUST01971,Customer 1971,customer1971@example.com,Kolkata,44,Instagram,2025-02-01,Window Shopper,False,0.0,0.0,2025-02-01
CUST01972,Customer 1972,customer1972@example.com,Bangalore,46,Organic,2025-11-07,High Value,True,7.0,24886.0,2026-08-06
CUST01973,Customer 1973,customer1973@example.com,Mumbai,38,Instagram,2025-12-24,High Value,True,4.0,15094.0,2026-08-02
CUST01974,Customer 1974,customer1974@example.com,Delhi,30,Organic,2025-09-09,Repeat Buyer,True,5.0,21391.0,2026-03-06
CUST01975,Customer 1975,customer1975@example.com,Delhi,28,Referral,2026-02-21,Repeat Buyer,True,5.0,16589.0,2026-07-13
CUST01976,Customer 1976,customer1976@example.com,Bangalore,55,Instagram,2025-11-19,High Value,False,8.0,24685.0,2026-06-18
CUST01977,Customer 1977,customer1977@example.com,Hyderabad,26,Instagram,2025-07-04,Dormant,True,0.0,0.0,2025-07-04
CUST01978,Customer 1978,customer1978@example.com,Bangalore,39,Google,2025-12-16,Price Sensitive,False,2.0,11995.0,2025-08-20
CUST01979,Customer 1979,customer1979@example.com,Ahmedabad,30,Google,2025-10-20,Price Sensitive,False,2.0,5197.0,2025-06-22
CUST01980,Customer 1980,customer1980@example.com,Pune,53,Google,2026-02-15,Window Shopper,False,1.0,9497.0,2026-02-21
CUST01981,Customer 1981,customer1981@example.com,Kolkata,22,YouTube,2025-02-10,New Customer,False,1.0,4298.0,2025-03-08
CUST01982,Customer 1982,customer1982@example.com,Bangalore,25,Referral,2025-04-29,New Customer,False,2.0,8796.0,2026-08-07
CUST01983,Customer 1983,customer1983@example.com,Hyderabad,32,Organic,2026-04-18,New Customer,False,1.0,5498.0,2026-06-12
CUST01984,Customer 1984,customer1984@example.com,Pune,22,Google,2026-05-11,Window Shopper,False,0.0,0.0,2026-05-11
CUST01985,Customer 1985,customer1985@example.com,Delhi,51,YouTube,2025-09-14,New Customer,False,1.0,7997.0,2025-05-20
CUST01986,Customer 1986,customer1986@example.com,Bangalore,55,Referral,2026-04-25,Repeat Buyer,True,5.0,14592.0,2026-07-18
CUST01987,Customer 1987,customer1987@example.com,Hyderabad,20,Organic,2025-08-04,Window Shopper,False,0.0,0.0,2025-08-04
CUST01988,Customer 1988,customer1988@example.com,Hyderabad,26,Google,2025-10-08,New Customer,False,1.0,1799.0,2026-01-20
CUST01989,Customer 1989,customer1989@example.com,Hyderabad,33,Referral,2025-02-07,Window Shopper,False,0.0,0.0,2025-02-07
CUST01990,Customer 1990,customer1990@example.com,Hyderabad,40,Instagram,2026-05-02,Window Shopper,False,0.0,0.0,2026-05-02
CUST01991,Customer 1991,customer1991@example.com,Bangalore,53,Referral,2026-04-30,Repeat Buyer,False,4.0,6495.0,2026-03-31
CUST01992,Customer 1992,customer1992@example.com,Bangalore,20,Referral,2025-09-17,New Customer,False,1.0,4997.0,2026-01-27
CUST01993,Customer 1993,customer1993@example.com,Ahmedabad,37,Google,2025-01-11,New Customer,False,1.0,2499.0,2025-10-21
CUST01994,Customer 1994,customer1994@example.com,Delhi,52,YouTube,2026-03-17,Dormant,True,0.0,0.0,2026-03-17
CUST01995,Customer 1995,customer1995@example.com,Hyderabad,53,Referral,2025-01-27,Repeat Buyer,True,6.0,19489.0,2026-07-26
CUST01996,Customer 1996,customer1996@example.com,Mumbai,45,Direct,2025-08-07,Repeat Buyer,True,6.0,17191.0,2026-07-23
CUST01997,Customer 1997,customer1997@example.com,Bangalore,41,Organic,2025-04-10,High Value,True,6.0,24885.0,2026-08-08
CUST01998,Customer 1998,customer1998@example.com,Delhi,32,Instagram,2025-10-29,Repeat Buyer,False,2.0,10795.0,2026-03-23
CUST01999,Customer 1999,customer1999@example.com,Hyderabad,18,Direct,2025-05-08,New Customer,False,0.0,0.0,2025-05-08
CUST02000,Customer 2000,customer2000@example.com,Mumbai,46,Google,2025-05-25,Window Shopper,True,0.0,0.0,2025-05-25
CUST02001,Customer 2001,customer2001@example.com,Delhi,36,Google,2025-11-07,New Customer,False,1.0,2298.0,2026-07-05
CUST02002,Customer 2002,customer2002@example.com,Bangalore,22,Organic,2026-04-26,Repeat Buyer,True,5.0,13191.0,2026-06-16
CUST02003,Customer 2003,customer2003@example.com,Pune,32,Referral,2026-01-01,High Value,True,7.0,10991.0,2026-08-07
CUST02004,Customer 2004,customer2004@example.com,Chennai,33,YouTube,2026-04-03,Repeat Buyer,True,3.0,12594.0,2026-08-11
CUST02005,Customer 2005,customer2005@example.com,Bangalore,21,Organic,2026-04-07,New Customer,False,1.0,1398.0,2025-10-11
CUST02006,Customer 2006,customer2006@example.com,Ahmedabad,35,Instagram,2025-04-15,Repeat Buyer,False,3.0,7695.0,2025-11-10
CUST02007,Customer 2007,customer2007@example.com,Delhi,37,Direct,2025-10-11,Window Shopper,False,0.0,0.0,2025-10-11
CUST02008,Customer 2008,customer2008@example.com,Mumbai,20,Google,2025-12-24,New Customer,False,0.0,0.0,2025-12-24
CUST02009,Customer 2009,customer2009@example.com,Bangalore,19,Referral,2026-03-05,Repeat Buyer,False,3.0,6095.0,2026-04-22
CUST02010,Customer 2010,customer2010@example.com,Kolkata,37,Instagram,2025-01-31,New Customer,False,1.0,1398.0,2025-04-07
CUST02011,Customer 2011,customer2011@example.com,Ahmedabad,19,Referral,2025-07-16,New Customer,False,1.0,6497.0,2025-06-19
CUST02012,Customer 2012,customer2012@example.com,Kolkata,29,Direct,2025-08-09,Repeat Buyer,True,3.0,7296.0,2026-06-09
CUST02013,Customer 2013,customer2013@example.com,Hyderabad,52,Organic,2026-04-25,High Value,True,5.0,21190.0,2026-06-25
CUST02014,Customer 2014,customer2014@example.com,Pune,34,YouTube,2025-04-21,New Customer,False,2.0,6797.0,2026-05-23
CUST02015,Customer 2015,customer2015@example.com,Kolkata,45,Direct,2026-04-21,Price Sensitive,False,1.0,4498.0,2025-04-24
CUST02016,Customer 2016,customer2016@example.com,Bangalore,53,Referral,2026-05-03,Price Sensitive,True,1.0,7097.0,2025-12-23
CUST02017,Customer 2017,customer2017@example.com,Ahmedabad,45,YouTube,2026-01-04,Price Sensitive,False,1.0,3697.0,2026-05-07
CUST02018,Customer 2018,customer2018@example.com,Mumbai,42,Referral,2026-01-17,High Value,True,3.0,11295.0,2026-08-15
CUST02019,Customer 2019,customer2019@example.com,Hyderabad,35,Direct,2026-05-02,Dormant,False,1.0,2497.0,2025-06-01
CUST02020,Customer 2020,customer2020@example.com,Chennai,39,YouTube,2025-07-22,New Customer,False,2.0,8996.0,2026-08-04
CUST02021,Customer 2021,customer2021@example.com,Chennai,34,Direct,2026-02-19,New Customer,False,1.0,2797.0,2025-12-03
CUST02022,Customer 2022,customer2022@example.com,Chennai,54,Direct,2025-06-14,Price Sensitive,True,1.0,5498.0,2025-11-25
CUST02023,Customer 2023,customer2023@example.com,Ahmedabad,47,Instagram,2025-08-14,Window Shopper,False,0.0,0.0,2025-08-14
CUST02024,Customer 2024,customer2024@example.com,Pune,48,Direct,2026-03-09,New Customer,True,1.0,3797.0,2026-01-13
CUST02025,Customer 2025,customer2025@example.com,Bangalore,35,YouTube,2025-10-10,High Value,True,7.0,23989.0,2026-05-24
CUST02026,Customer 2026,customer2026@example.com,Mumbai,34,Organic,2025-05-13,Repeat Buyer,True,3.0,7695.0,2026-08-15
CUST02027,Customer 2027,customer2027@example.com,Mumbai,27,YouTube,2025-12-02,Window Shopper,True,1.0,2998.0,2025-09-10
CUST02028,Customer 2028,customer2028@example.com,Hyderabad,29,Direct,2025-09-17,New Customer,True,1.0,1698.0,2025-08-01
CUST02029,Customer 2029,customer2029@example.com,Hyderabad,53,Direct,2025-04-27,Window Shopper,False,0.0,0.0,2025-04-27
CUST02030,Customer 2030,customer2030@example.com,Chennai,34,Instagram,2025-12-14,New Customer,False,1.0,2499.0,2026-04-26
CUST02031,Customer 2031,customer2031@example.com,Hyderabad,33,Organic,2025-02-25,Window Shopper,False,0.0,0.0,2025-02-25
CUST02032,Customer 2032,customer2032@example.com,Bangalore,33,Google,2025-06-16,New Customer,False,2.0,6496.0,2026-03-19
CUST02033,Customer 2033,customer2033@example.com,Kolkata,22,Direct,2025-08-07,High Value,False,7.0,20589.0,2026-04-17
CUST02034,Customer 2034,customer2034@example.com,Pune,41,Organic,2026-05-15,Window Shopper,True,0.0,0.0,2026-05-15
CUST02035,Customer 2035,customer2035@example.com,Ahmedabad,36,YouTube,2025-01-16,Repeat Buyer,True,5.0,19490.0,2026-01-11
CUST02036,Customer 2036,customer2036@example.com,Mumbai,55,Instagram,2025-02-24,New Customer,True,1.0,2499.0,2025-07-05
CUST02037,Customer 2037,customer2037@example.com,Pune,31,Referral,2026-03-02,High Value,False,7.0,26288.0,2026-03-17
CUST02038,Customer 2038,customer2038@example.com,Mumbai,42,Direct,2025-02-10,High Value,True,8.0,22586.0,2026-07-20
CUST02039,Customer 2039,customer2039@example.com,Delhi,54,YouTube,2025-10-22,Dormant,False,0.0,0.0,2025-10-22
CUST02040,Customer 2040,customer2040@example.com,Bangalore,51,Instagram,2025-11-07,High Value,False,6.0,15390.0,2026-04-18
CUST02041,Customer 2041,customer2041@example.com,Ahmedabad,38,Organic,2025-04-10,Repeat Buyer,True,2.0,11995.0,2026-02-04
CUST02042,Customer 2042,customer2042@example.com,Delhi,39,Google,2026-02-14,Window Shopper,False,0.0,0.0,2026-02-14
CUST02043,Customer 2043,customer2043@example.com,Ahmedabad,38,Direct,2026-05-13,Price Sensitive,False,2.0,3498.0,2026-05-02
CUST02044,Customer 2044,customer2044@example.com,Kolkata,41,Instagram,2025-06-30,New Customer,False,0.0,0.0,2025-06-30
CUST02045,Customer 2045,customer2045@example.com,Pune,48,YouTube,2025-04-28,High Value,True,8.0,23885.0,2026-08-08
CUST02046,Customer 2046,customer2046@example.com,Mumbai,52,Google,2026-02-02,Repeat Buyer,True,3.0,8894.0,2026-01-23
CUST02047,Customer 2047,customer2047@example.com,Mumbai,34,Organic,2025-06-24,Window Shopper,False,1.0,2998.0,2026-05-11
CUST02048,Customer 2048,customer2048@example.com,Kolkata,50,Google,2025-10-22,Repeat Buyer,True,3.0,13294.0,2025-12-18
CUST02049,Customer 2049,customer2049@example.com,Delhi,29,Referral,2025-01-08,Repeat Buyer,False,5.0,17691.0,2026-06-29
CUST02050,Customer 2050,customer2050@example.com,Ahmedabad,24,Google,2026-03-22,New Customer,False,1.0,3398.0,2025-05-25
CUST02051,Customer 2051,customer2051@example.com,Mumbai,22,Google,2025-09-21,New Customer,False,2.0,6497.0,2026-06-02
CUST02052,Customer 2052,customer2052@example.com,Kolkata,40,Google,2025-07-25,Window Shopper,False,1.0,5498.0,2026-03-28
CUST02053,Customer 2053,customer2053@example.com,Chennai,25,Organic,2026-04-05,Price Sensitive,False,2.0,3497.0,2026-08-18
CUST02054,Customer 2054,customer2054@example.com,Bangalore,20,Instagram,2026-01-14,Window Shopper,False,0.0,0.0,2026-01-14
CUST02055,Customer 2055,customer2055@example.com,Kolkata,46,Direct,2026-03-04,Dormant,False,0.0,0.0,2026-03-04
CUST02056,Customer 2056,customer2056@example.com,Mumbai,29,Direct,2026-01-28,Repeat Buyer,False,3.0,8894.0,2026-03-20
CUST02057,Customer 2057,customer2057@example.com,Bangalore,27,Instagram,2025-10-31,High Value,False,6.0,28887.0,2026-07-20
CUST02058,Customer 2058,customer2058@example.com,Ahmedabad,42,Organic,2025-08-13,High Value,True,3.0,9695.0,2026-04-08
CUST02059,Customer 2059,customer2059@example.com,Chennai,24,Google,2025-06-02,New Customer,False,1.0,4298.0,2025-05-05
CUST02060,Customer 2060,customer2060@example.com,Kolkata,36,Organic,2025-07-16,Repeat Buyer,True,2.0,5697.0,2025-11-30
CUST02061,Customer 2061,customer2061@example.com,Mumbai,20,Direct,2026-03-28,Repeat Buyer,True,2.0,2997.0,2026-04-11
CUST02062,Customer 2062,customer2062@example.com,Chennai,54,YouTube,2025-06-10,Dormant,False,0.0,0.0,2025-06-10
CUST02063,Customer 2063,customer2063@example.com,Bangalore,36,Organic,2025-09-07,New Customer,False,1.0,2698.0,2026-07-03
CUST02064,Customer 2064,customer2064@example.com,Chennai,34,YouTube,2026-01-21,Repeat Buyer,False,2.0,8696.0,2026-06-13
CUST02065,Customer 2065,customer2065@example.com,Chennai,27,Instagram,2025-04-16,New Customer,False,1.0,2499.0,2026-02-14
CUST02066,Customer 2066,customer2066@example.com,Mumbai,19,YouTube,2026-04-08,High Value,True,7.0,17690.0,2026-05-20
CUST02067,Customer 2067,customer2067@example.com,Delhi,18,Referral,2026-03-03,New Customer,False,2.0,8496.0,2026-01-25
CUST02068,Customer 2068,customer2068@example.com,Chennai,54,Referral,2026-01-10,Window Shopper,False,0.0,0.0,2026-01-10
CUST02069,Customer 2069,customer2069@example.com,Ahmedabad,36,Instagram,2026-01-02,Repeat Buyer,True,2.0,5297.0,2026-03-25
CUST02070,Customer 2070,customer2070@example.com,Ahmedabad,45,Referral,2025-05-15,Price Sensitive,False,3.0,12195.0,2026-04-03
CUST02071,Customer 2071,customer2071@example.com,Chennai,25,Organic,2026-02-16,New Customer,True,1.0,4298.0,2025-10-05
CUST02072,Customer 2072,customer2072@example.com,Bangalore,38,Google,2025-09-17,New Customer,False,2.0,8997.0,2026-07-29
CUST02073,Customer 2073,customer2073@example.com,Bangalore,38,Instagram,2025-08-10,Repeat Buyer,True,6.0,20288.0,2026-07-21
CUST02074,Customer 2074,customer2074@example.com,Pune,30,YouTube,2025-12-05,New Customer,False,1.0,2798.0,2025-12-01
CUST02075,Customer 2075,customer2075@example.com,Hyderabad,33,Google,2025-10-28,Window Shopper,False,0.0,0.0,2025-10-28
CUST02076,Customer 2076,customer2076@example.com,Delhi,34,Referral,2025-03-19,Repeat Buyer,False,3.0,13292.0,2026-08-06
CUST02077,Customer 2077,customer2077@example.com,Ahmedabad,36,Google,2025-04-12,Repeat Buyer,True,6.0,19291.0,2026-06-23
CUST02078,Customer 2078,customer2078@example.com,Delhi,18,Referral,2025-02-04,High Value,True,7.0,18189.0,2026-08-16
CUST02079,Customer 2079,customer2079@example.com,Mumbai,20,Referral,2025-12-19,Repeat Buyer,True,5.0,15589.0,2026-07-06
CUST02080,Customer 2080,customer2080@example.com,Delhi,40,Referral,2025-09-29,New Customer,False,1.0,1299.0,2025-06-21
CUST02081,Customer 2081,customer2081@example.com,Chennai,32,Organic,2025-12-09,Price Sensitive,True,2.0,6797.0,2026-08-04
CUST02082,Customer 2082,customer2082@example.com,Kolkata,40,YouTube,2025-09-04,Repeat Buyer,False,2.0,8496.0,2025-07-16
CUST02083,Customer 2083,customer2083@example.com,Chennai,44,Referral,2025-06-16,New Customer,False,2.0,2498.0,2025-07-24
CUST02084,Customer 2084,customer2084@example.com,Mumbai,47,Organic,2025-12-05,New Customer,False,1.0,2499.0,2026-08-13
CUST02085,Customer 2085,customer2085@example.com,Mumbai,48,Referral,2025-11-04,New Customer,False,1.0,2499.0,2025-11-30
CUST02086,Customer 2086,customer2086@example.com,Chennai,35,YouTube,2025-04-21,Repeat Buyer,True,3.0,6694.0,2026-02-04
CUST02087,Customer 2087,customer2087@example.com,Hyderabad,53,Organic,2025-05-14,Window Shopper,False,0.0,0.0,2025-05-14
CUST02088,Customer 2088,customer2088@example.com,Ahmedabad,45,Referral,2025-05-14,Price Sensitive,False,0.0,0.0,2025-05-14
CUST02089,Customer 2089,customer2089@example.com,Delhi,39,Direct,2026-02-24,Window Shopper,False,0.0,0.0,2026-02-24
CUST02090,Customer 2090,customer2090@example.com,Delhi,54,Google,2025-10-02,New Customer,False,2.0,7197.0,2026-04-09
CUST02091,Customer 2091,customer2091@example.com,Pune,26,YouTube,2025-10-04,New Customer,False,1.0,1299.0,2025-10-26
CUST02092,Customer 2092,customer2092@example.com,Kolkata,23,Direct,2025-06-20,New Customer,False,0.0,0.0,2025-06-20
CUST02093,Customer 2093,customer2093@example.com,Bangalore,21,YouTube,2025-04-18,Window Shopper,False,0.0,0.0,2025-04-18
CUST02094,Customer 2094,customer2094@example.com,Mumbai,52,Referral,2026-03-17,Repeat Buyer,True,2.0,4797.0,2025-05-21
CUST02095,Customer 2095,customer2095@example.com,Mumbai,41,Organic,2025-07-31,Price Sensitive,False,1.0,4298.0,2025-05-07
CUST02096,Customer 2096,customer2096@example.com,Hyderabad,20,Instagram,2026-01-22,New Customer,False,1.0,3798.0,2025-10-11
CUST02097,Customer 2097,customer2097@example.com,Kolkata,49,Instagram,2025-03-22,Dormant,True,1.0,3498.0,2026-02-22
CUST02098,Customer 2098,customer2098@example.com,Delhi,20,Organic,2026-01-19,New Customer,True,1.0,5498.0,2025-04-19
CUST02099,Customer 2099,customer2099@example.com,Kolkata,26,Direct,2026-03-25,New Customer,False,2.0,9796.0,2026-06-13
CUST02100,Customer 2100,customer2100@example.com,Bangalore,50,Direct,2025-12-27,New Customer,True,2.0,14495.0,2026-07-31
CUST02101,Customer 2101,customer2101@example.com,Hyderabad,52,YouTube,2026-04-16,Price Sensitive,False,2.0,7397.0,2026-02-16
CUST02102,Customer 2102,customer2102@example.com,Kolkata,30,YouTube,2026-03-16,New Customer,False,1.0,2499.0,2026-05-18
CUST02103,Customer 2103,customer2103@example.com,Hyderabad,37,Organic,2025-08-23,Repeat Buyer,True,5.0,19490.0,2026-06-14
CUST02104,Customer 2104,customer2104@example.com,Ahmedabad,42,Organic,2025-08-08,New Customer,False,2.0,5997.0,2025-07-29
CUST02105,Customer 2105,customer2105@example.com,Chennai,48,Organic,2026-04-10,New Customer,False,1.0,2298.0,2025-05-10
CUST02106,Customer 2106,customer2106@example.com,Kolkata,19,Referral,2026-01-08,Price Sensitive,False,2.0,2998.0,2026-02-03
CUST02107,Customer 2107,customer2107@example.com,Bangalore,46,Google,2025-10-23,Repeat Buyer,True,5.0,15491.0,2026-02-24
CUST02108,Customer 2108,customer2108@example.com,Delhi,46,Organic,2025-09-02,Dormant,False,0.0,0.0,2025-09-02
CUST02109,Customer 2109,customer2109@example.com,Pune,27,Direct,2026-05-15,High Value,True,5.0,19891.0,2026-07-24
CUST02110,Customer 2110,customer2110@example.com,Delhi,49,YouTube,2025-05-08,New Customer,False,1.0,3998.0,2025-04-17
CUST02111,Customer 2111,customer2111@example.com,Ahmedabad,51,Direct,2026-03-06,New Customer,False,1.0,2499.0,2026-01-14
CUST02112,Customer 2112,customer2112@example.com,Ahmedabad,34,Referral,2025-06-09,High Value,True,8.0,24986.0,2026-05-13
CUST02113,Customer 2113,customer2113@example.com,Hyderabad,38,Direct,2025-10-17,Price Sensitive,False,2.0,9695.0,2026-06-28
CUST02114,Customer 2114,customer2114@example.com,Chennai,31,YouTube,2026-02-11,High Value,False,4.0,14492.0,2026-06-14
CUST02115,Customer 2115,customer2115@example.com,Delhi,38,Referral,2025-12-29,Repeat Buyer,True,6.0,22888.0,2026-07-27
CUST02116,Customer 2116,customer2116@example.com,Bangalore,24,Referral,2025-12-25,Repeat Buyer,True,6.0,24588.0,2026-06-17
CUST02117,Customer 2117,customer2117@example.com,Hyderabad,28,YouTube,2026-01-19,New Customer,True,1.0,2499.0,2026-02-20
CUST02118,Customer 2118,customer2118@example.com,Bangalore,20,Referral,2025-09-11,New Customer,True,2.0,8297.0,2026-06-16
CUST02119,Customer 2119,customer2119@example.com,Ahmedabad,26,Direct,2026-03-24,New Customer,False,1.0,4298.0,2025-05-01
CUST02120,Customer 2120,customer2120@example.com,Chennai,25,Referral,2025-05-31,High Value,True,6.0,24189.0,2026-08-16
CUST02121,Customer 2121,customer2121@example.com,Chennai,51,Organic,2025-11-11,Price Sensitive,False,2.0,9996.0,2026-06-28
CUST02122,Customer 2122,customer2122@example.com,Mumbai,27,Organic,2025-09-25,Window Shopper,False,1.0,4298.0,2026-03-16
CUST02123,Customer 2123,customer2123@example.com,Pune,51,YouTube,2025-05-09,Price Sensitive,False,0.0,0.0,2025-05-09
CUST02124,Customer 2124,customer2124@example.com,Pune,26,Google,2025-09-26,Repeat Buyer,True,3.0,9496.0,2026-04-04
CUST02125,Customer 2125,customer2125@example.com,Pune,44,Google,2025-03-18,Price Sensitive,False,1.0,2498.0,2025-03-01
CUST02126,Customer 2126,customer2126@example.com,Hyderabad,37,Direct,2025-04-07,Repeat Buyer,False,4.0,14391.0,2026-06-16
CUST02127,Customer 2127,customer2127@example.com,Ahmedabad,39,Instagram,2025-02-01,New Customer,True,1.0,1799.0,2025-06-28
CUST02128,Customer 2128,customer2128@example.com,Bangalore,40,Direct,2025-10-14,High Value,True,4.0,18890.0,2026-06-16
CUST02129,Customer 2129,customer2129@example.com,Hyderabad,30,Organic,2025-05-26,Window Shopper,False,0.0,0.0,2025-05-26
CUST02130,Customer 2130,customer2130@example.com,Chennai,41,YouTube,2026-01-28,Window Shopper,False,0.0,0.0,2026-01-28
CUST02131,Customer 2131,customer2131@example.com,Delhi,22,YouTube,2025-03-20,Repeat Buyer,True,6.0,18591.0,2026-08-23
CUST02132,Customer 2132,customer2132@example.com,Mumbai,34,YouTube,2025-02-22,New Customer,False,1.0,3998.0,2025-11-18
CUST02133,Customer 2133,customer2133@example.com,Kolkata,39,YouTube,2026-01-31,New Customer,False,1.0,2499.0,2025-05-23
CUST02134,Customer 2134,customer2134@example.com,Ahmedabad,31,Google,2025-01-02,Window Shopper,False,1.0,5797.0,2025-07-25
CUST02135,Customer 2135,customer2135@example.com,Bangalore,27,Google,2025-03-26,Price Sensitive,False,1.0,3398.0,2026-01-15
CUST02136,Customer 2136,customer2136@example.com,Bangalore,21,Google,2025-09-19,Repeat Buyer,True,3.0,7194.0,2026-08-10
CUST02137,Customer 2137,customer2137@example.com,Ahmedabad,38,Organic,2025-09-14,Window Shopper,False,0.0,0.0,2025-09-14
CUST02138,Customer 2138,customer2138@example.com,Kolkata,42,Referral,2025-12-28,Price Sensitive,False,1.0,1799.0,2026-08-07
CUST02139,Customer 2139,customer2139@example.com,Pune,51,Instagram,2026-03-29,Repeat Buyer,True,4.0,17491.0,2026-08-21
CUST02140,Customer 2140,customer2140@example.com,Mumbai,35,Direct,2025-03-15,High Value,True,8.0,19986.0,2026-08-12
CUST02141,Customer 2141,customer2141@example.com,Ahmedabad,34,Direct,2025-03-03,Window Shopper,False,1.0,1799.0,2026-03-08
CUST02142,Customer 2142,customer2142@example.com,Pune,29,Instagram,2026-03-20,High Value,True,7.0,21087.0,2026-05-08
CUST02143,Customer 2143,customer2143@example.com,Pune,45,Google,2025-11-12,Repeat Buyer,True,4.0,11192.0,2026-07-21
CUST02144,Customer 2144,customer2144@example.com,Delhi,42,Organic,2025-04-02,High Value,False,2.0,4496.0,2025-11-15
CUST02145,Customer 2145,customer2145@example.com,Delhi,46,Organic,2025-09-27,Dormant,False,0.0,0.0,2025-09-27
CUST02146,Customer 2146,customer2146@example.com,Pune,24,Organic,2026-04-14,New Customer,False,1.0,3698.0,2025-08-19
CUST02147,Customer 2147,customer2147@example.com,Chennai,20,Direct,2025-05-21,New Customer,False,1.0,3498.0,2025-08-17
CUST02148,Customer 2148,customer2148@example.com,Chennai,35,Direct,2025-01-30,High Value,True,6.0,18689.0,2025-12-28
CUST02149,Customer 2149,customer2149@example.com,Ahmedabad,47,Referral,2025-03-30,Dormant,False,0.0,0.0,2025-03-30
CUST02150,Customer 2150,customer2150@example.com,Bangalore,20,Organic,2025-01-15,Repeat Buyer,False,2.0,4797.0,2026-04-10
CUST02151,Customer 2151,customer2151@example.com,Mumbai,26,Instagram,2025-08-03,High Value,False,5.0,16790.0,2026-08-16
CUST02152,Customer 2152,customer2152@example.com,Ahmedabad,21,Organic,2025-02-19,Window Shopper,True,0.0,0.0,2025-02-19
CUST02153,Customer 2153,customer2153@example.com,Delhi,19,Organic,2026-03-05,Window Shopper,False,0.0,0.0,2026-03-05
CUST02154,Customer 2154,customer2154@example.com,Mumbai,55,Direct,2026-04-29,Price Sensitive,False,1.0,2499.0,2025-12-11
CUST02155,Customer 2155,customer2155@example.com,Kolkata,44,Direct,2025-12-09,Repeat Buyer,True,3.0,13793.0,2025-10-28
CUST02156,Customer 2156,customer2156@example.com,Mumbai,35,Instagram,2025-03-30,New Customer,True,1.0,699.0,2025-12-21
CUST02157,Customer 2157,customer2157@example.com,Delhi,50,Referral,2025-03-30,Repeat Buyer,True,5.0,19690.0,2026-01-14
CUST02158,Customer 2158,customer2158@example.com,Hyderabad,37,Organic,2025-10-15,High Value,False,3.0,15394.0,2026-02-24
CUST02159,Customer 2159,customer2159@example.com,Bangalore,54,Referral,2025-02-15,Repeat Buyer,True,2.0,8296.0,2026-02-08
CUST02160,Customer 2160,customer2160@example.com,Bangalore,29,Organic,2025-10-30,New Customer,True,1.0,1798.0,2025-07-14
CUST02161,Customer 2161,customer2161@example.com,Mumbai,18,Google,2025-11-23,High Value,True,4.0,11693.0,2026-08-04
CUST02162,Customer 2162,customer2162@example.com,Delhi,37,Direct,2025-11-25,Repeat Buyer,True,5.0,19889.0,2026-04-27
CUST02163,Customer 2163,customer2163@example.com,Mumbai,37,Instagram,2025-07-14,Dormant,False,0.0,0.0,2025-07-14
CUST02164,Customer 2164,customer2164@example.com,Mumbai,54,Organic,2025-07-31,Price Sensitive,True,3.0,8995.0,2026-06-10
CUST02165,Customer 2165,customer2165@example.com,Delhi,29,Organic,2025-05-13,New Customer,True,1.0,3198.0,2025-08-12
CUST02166,Customer 2166,customer2166@example.com,Ahmedabad,40,YouTube,2025-07-06,Price Sensitive,False,2.0,5895.0,2026-07-17
CUST02167,Customer 2167,customer2167@example.com,Ahmedabad,28,Instagram,2026-05-02,Repeat Buyer,True,3.0,10194.0,2025-07-08
CUST02168,Customer 2168,customer2168@example.com,Delhi,45,Organic,2025-11-27,Window Shopper,False,1.0,2499.0,2025-07-21
CUST02169,Customer 2169,customer2169@example.com,Delhi,39,Direct,2026-05-11,Window Shopper,False,0.0,0.0,2026-05-11
CUST02170,Customer 2170,customer2170@example.com,Chennai,23,YouTube,2026-01-31,Repeat Buyer,False,6.0,17791.0,2026-07-10
CUST02171,Customer 2171,customer2171@example.com,Chennai,20,Instagram,2025-09-22,New Customer,False,1.0,6498.0,2025-11-23
CUST02172,Customer 2172,customer2172@example.com,Mumbai,47,YouTube,2025-06-15,Price Sensitive,True,1.0,4298.0,2026-08-08
CUST02173,Customer 2173,customer2173@example.com,Hyderabad,38,Direct,2025-02-23,Repeat Buyer,True,3.0,9693.0,2025-07-26
CUST02174,Customer 2174,customer2174@example.com,Hyderabad,28,Referral,2025-09-01,High Value,False,5.0,21387.0,2026-06-30
CUST02175,Customer 2175,customer2175@example.com,Bangalore,29,Organic,2025-06-06,Repeat Buyer,True,5.0,19488.0,2026-06-28
CUST02176,Customer 2176,customer2176@example.com,Hyderabad,46,YouTube,2025-08-22,New Customer,False,1.0,2499.0,2026-06-09
CUST02177,Customer 2177,customer2177@example.com,Kolkata,48,Google,2025-05-10,High Value,True,8.0,30285.0,2026-05-06
CUST02178,Customer 2178,customer2178@example.com,Ahmedabad,43,Organic,2025-01-21,Price Sensitive,False,2.0,7397.0,2026-06-30
CUST02179,Customer 2179,customer2179@example.com,Bangalore,44,Referral,2026-02-01,Dormant,False,0.0,0.0,2026-02-01
CUST02180,Customer 2180,customer2180@example.com,Hyderabad,28,YouTube,2025-03-27,New Customer,False,1.0,2998.0,2026-01-26
CUST02181,Customer 2181,customer2181@example.com,Delhi,54,Google,2025-03-08,Dormant,False,1.0,5597.0,2025-03-06
CUST02182,Customer 2182,customer2182@example.com,Hyderabad,23,Organic,2026-02-10,Price Sensitive,False,1.0,1499.0,2025-11-08
CUST02183,Customer 2183,customer2183@example.com,Ahmedabad,43,Google,2025-08-24,Price Sensitive,False,3.0,7195.0,2026-02-07
CUST02184,Customer 2184,customer2184@example.com,Mumbai,37,Organic,2025-02-11,New Customer,True,2.0,3197.0,2026-05-24
CUST02185,Customer 2185,customer2185@example.com,Kolkata,23,Direct,2025-05-06,New Customer,False,0.0,0.0,2025-05-06
CUST02186,Customer 2186,customer2186@example.com,Pune,18,Referral,2025-03-23,New Customer,False,1.0,999.0,2026-08-16
CUST02187,Customer 2187,customer2187@example.com,Kolkata,31,Referral,2025-12-09,Repeat Buyer,True,6.0,23388.0,2026-06-21
CUST02188,Customer 2188,customer2188@example.com,Delhi,24,Referral,2025-03-07,Repeat Buyer,True,3.0,9694.0,2026-05-24
CUST02189,Customer 2189,customer2189@example.com,Kolkata,38,Organic,2026-02-24,Repeat Buyer,False,4.0,11192.0,2026-07-01
CUST02190,Customer 2190,customer2190@example.com,Kolkata,52,Instagram,2025-06-27,Price Sensitive,False,1.0,999.0,2025-07-17
CUST02191,Customer 2191,customer2191@example.com,Hyderabad,32,YouTube,2025-04-02,Repeat Buyer,False,2.0,4897.0,2025-11-28
CUST02192,Customer 2192,customer2192@example.com,Pune,50,Instagram,2025-11-09,Price Sensitive,False,2.0,6997.0,2026-08-17
CUST02193,Customer 2193,customer2193@example.com,Bangalore,32,Google,2025-09-13,High Value,True,5.0,15992.0,2026-03-20
CUST02194,Customer 2194,customer2194@example.com,Kolkata,23,Organic,2025-07-16,New Customer,False,1.0,5997.0,2025-05-20
CUST02195,Customer 2195,customer2195@example.com,Chennai,37,Referral,2025-12-12,Price Sensitive,False,2.0,3197.0,2025-10-01
CUST02196,Customer 2196,customer2196@example.com,Kolkata,29,Google,2025-07-23,Window Shopper,True,0.0,0.0,2025-07-23
CUST02197,Customer 2197,customer2197@example.com,Ahmedabad,23,Organic,2025-12-18,Price Sensitive,False,2.0,6395.0,2025-08-30
CUST02198,Customer 2198,customer2198@example.com,Kolkata,18,Google,2025-06-13,Price Sensitive,False,3.0,8596.0,2026-08-14
CUST02199,Customer 2199,customer2199@example.com,Ahmedabad,18,Referral,2025-12-01,New Customer,False,0.0,0.0,2025-12-01
CUST02200,Customer 2200,customer2200@example.com,Hyderabad,37,Referral,2025-05-13,Dormant,False,0.0,0.0,2025-05-13
CUST02201,Customer 2201,customer2201@example.com,Ahmedabad,50,Organic,2026-02-04,Price Sensitive,True,2.0,7797.0,2026-05-20
CUST02202,Customer 2202,customer2202@example.com,Pune,25,Google,2025-08-06,Repeat Buyer,True,3.0,11495.0,2026-01-20
CUST02203,Customer 2203,customer2203@example.com,Bangalore,27,Instagram,2025-06-22,High Value,True,6.0,22888.0,2026-04-27
CUST02204,Customer 2204,customer2204@example.com,Chennai,30,YouTube,2026-02-21,Dormant,False,1.0,2499.0,2025-07-02
CUST02205,Customer 2205,customer2205@example.com,Kolkata,21,Referral,2025-05-25,High Value,False,6.0,23588.0,2026-03-04
CUST02206,Customer 2206,customer2206@example.com,Ahmedabad,41,Instagram,2026-04-01,New Customer,False,1.0,9497.0,2025-10-25
CUST02207,Customer 2207,customer2207@example.com,Kolkata,39,Direct,2025-06-01,High Value,True,6.0,23987.0,2026-06-29
CUST02208,Customer 2208,customer2208@example.com,Chennai,29,Organic,2025-07-02,Price Sensitive,True,2.0,4698.0,2025-09-10
CUST02209,Customer 2209,customer2209@example.com,Chennai,20,YouTube,2025-02-27,Repeat Buyer,True,2.0,7897.0,2025-12-14
CUST02210,Customer 2210,customer2210@example.com,Kolkata,33,Google,2025-02-13,Repeat Buyer,True,1.0,6497.0,2025-04-27
CUST02211,Customer 2211,customer2211@example.com,Mumbai,49,Referral,2026-04-03,High Value,True,5.0,17288.0,2026-07-09
CUST02212,Customer 2212,customer2212@example.com,Delhi,51,YouTube,2025-08-23,New Customer,False,1.0,4798.0,2025-08-29
CUST02213,Customer 2213,customer2213@example.com,Hyderabad,27,YouTube,2026-05-16,New Customer,False,1.0,3999.0,2026-03-10
CUST02214,Customer 2214,customer2214@example.com,Bangalore,42,YouTube,2026-01-07,Price Sensitive,False,3.0,11695.0,2026-01-22
CUST02215,Customer 2215,customer2215@example.com,Chennai,45,Referral,2025-01-12,New Customer,False,1.0,4497.0,2026-07-26
CUST02216,Customer 2216,customer2216@example.com,Bangalore,45,Instagram,2026-02-11,New Customer,False,1.0,6697.0,2025-12-20
CUST02217,Customer 2217,customer2217@example.com,Chennai,50,YouTube,2026-03-14,New Customer,False,1.0,7197.0,2025-06-13
CUST02218,Customer 2218,customer2218@example.com,Hyderabad,41,YouTube,2025-08-31,Price Sensitive,False,1.0,2499.0,2026-07-15
CUST02219,Customer 2219,customer2219@example.com,Chennai,29,Organic,2025-09-14,New Customer,False,1.0,4498.0,2026-01-24
CUST02220,Customer 2220,customer2220@example.com,Mumbai,36,Organic,2025-01-03,Price Sensitive,False,3.0,7896.0,2025-10-04
CUST02221,Customer 2221,customer2221@example.com,Kolkata,26,Organic,2025-05-17,Repeat Buyer,True,4.0,21591.0,2026-06-12
CUST02222,Customer 2222,customer2222@example.com,Pune,24,Google,2025-04-26,Repeat Buyer,False,5.0,20092.0,2026-04-22
CUST02223,Customer 2223,customer2223@example.com,Bangalore,36,Direct,2025-12-31,New Customer,False,1.0,2798.0,2026-03-11
CUST02224,Customer 2224,customer2224@example.com,Kolkata,39,YouTube,2025-07-19,High Value,True,4.0,10494.0,2026-03-02
CUST02225,Customer 2225,customer2225@example.com,Pune,39,Organic,2025-06-27,Repeat Buyer,True,3.0,9893.0,2026-05-06
CUST02226,Customer 2226,customer2226@example.com,Ahmedabad,31,YouTube,2025-12-24,Window Shopper,True,0.0,0.0,2025-12-24
CUST02227,Customer 2227,customer2227@example.com,Kolkata,20,Direct,2026-03-13,New Customer,False,1.0,4998.0,2025-11-01
CUST02228,Customer 2228,customer2228@example.com,Ahmedabad,53,Organic,2025-02-12,High Value,True,7.0,19890.0,2026-04-15
CUST02229,Customer 2229,customer2229@example.com,Pune,37,Organic,2026-01-20,New Customer,False,2.0,4697.0,2025-12-16
CUST02230,Customer 2230,customer2230@example.com,Hyderabad,27,YouTube,2025-10-27,Repeat Buyer,True,4.0,17991.0,2026-04-27
CUST02231,Customer 2231,customer2231@example.com,Kolkata,44,Instagram,2026-01-20,New Customer,False,0.0,0.0,2026-01-20
CUST02232,Customer 2232,customer2232@example.com,Ahmedabad,33,Referral,2026-04-17,Dormant,False,0.0,0.0,2026-04-17
CUST02233,Customer 2233,customer2233@example.com,Bangalore,24,Referral,2025-04-22,High Value,True,8.0,31484.0,2026-05-05
CUST02234,Customer 2234,customer2234@example.com,Chennai,29,Google,2026-01-28,New Customer,True,1.0,7497.0,2026-07-11
CUST02235,Customer 2235,customer2235@example.com,Kolkata,53,Referral,2025-06-30,Price Sensitive,False,2.0,8796.0,2026-01-20
CUST02236,Customer 2236,customer2236@example.com,Chennai,38,Organic,2025-11-19,Price Sensitive,False,1.0,1998.0,2026-02-07
CUST02237,Customer 2237,customer2237@example.com,Pune,50,YouTube,2025-09-30,New Customer,False,2.0,4897.0,2026-05-09
CUST02238,Customer 2238,customer2238@example.com,Ahmedabad,47,Organic,2026-02-27,Repeat Buyer,False,4.0,16093.0,2026-08-10
CUST02239,Customer 2239,customer2239@example.com,Mumbai,43,Organic,2025-01-02,Dormant,True,0.0,0.0,2025-01-02
CUST02240,Customer 2240,customer2240@example.com,Ahmedabad,29,Direct,2026-04-10,High Value,True,5.0,19988.0,2026-07-30
CUST02241,Customer 2241,customer2241@example.com,Kolkata,44,Referral,2025-04-07,New Customer,False,2.0,2998.0,2026-04-25
CUST02242,Customer 2242,customer2242@example.com,Mumbai,50,Instagram,2025-11-03,High Value,True,7.0,24287.0,2026-07-22
CUST02243,Customer 2243,customer2243@example.com,Hyderabad,38,YouTube,2025-05-08,High Value,True,8.0,31587.0,2026-05-03
CUST02244,Customer 2244,customer2244@example.com,Bangalore,41,Instagram,2026-01-16,New Customer,False,1.0,4197.0,2026-02-14
CUST02245,Customer 2245,customer2245@example.com,Kolkata,53,YouTube,2026-03-19,High Value,False,7.0,21585.0,2026-06-29
CUST02246,Customer 2246,customer2246@example.com,Ahmedabad,41,Direct,2026-03-24,New Customer,False,0.0,0.0,2026-03-24
CUST02247,Customer 2247,customer2247@example.com,Delhi,38,Google,2025-05-31,New Customer,False,1.0,999.0,2025-08-10
CUST02248,Customer 2248,customer2248@example.com,Ahmedabad,47,Google,2025-12-17,New Customer,True,1.0,6998.0,2025-04-10
CUST02249,Customer 2249,customer2249@example.com,Mumbai,47,YouTube,2025-11-25,High Value,False,5.0,13692.0,2026-01-03
CUST02250,Customer 2250,customer2250@example.com,Pune,28,Google,2025-08-25,New Customer,False,1.0,2499.0,2026-03-08
CUST02251,Customer 2251,customer2251@example.com,Hyderabad,44,YouTube,2025-08-29,Price Sensitive,True,3.0,9695.0,2026-08-16
CUST02252,Customer 2252,customer2252@example.com,Kolkata,34,Direct,2025-10-03,Window Shopper,True,0.0,0.0,2025-10-03
CUST02253,Customer 2253,customer2253@example.com,Hyderabad,46,Referral,2026-02-28,New Customer,False,1.0,3398.0,2026-05-19
CUST02254,Customer 2254,customer2254@example.com,Kolkata,20,Organic,2025-07-24,Price Sensitive,False,1.0,7697.0,2026-06-03
CUST02255,Customer 2255,customer2255@example.com,Ahmedabad,45,Instagram,2025-02-23,Price Sensitive,False,2.0,7896.0,2025-12-15
CUST02256,Customer 2256,customer2256@example.com,Bangalore,28,Organic,2025-07-31,New Customer,False,1.0,2999.0,2025-08-07
CUST02257,Customer 2257,customer2257@example.com,Delhi,48,Google,2025-05-16,Price Sensitive,True,2.0,6595.0,2026-07-29
CUST02258,Customer 2258,customer2258@example.com,Bangalore,47,Direct,2025-09-09,New Customer,False,1.0,2998.0,2026-04-26
CUST02259,Customer 2259,customer2259@example.com,Pune,36,Direct,2025-08-16,Price Sensitive,False,1.0,999.0,2025-12-19
CUST02260,Customer 2260,customer2260@example.com,Chennai,54,Organic,2025-11-01,Repeat Buyer,True,5.0,22190.0,2026-05-12
CUST02261,Customer 2261,customer2261@example.com,Chennai,19,Google,2026-03-27,New Customer,True,1.0,2499.0,2026-06-10
CUST02262,Customer 2262,customer2262@example.com,Chennai,37,Direct,2025-03-23,Repeat Buyer,True,2.0,7697.0,2025-04-28
CUST02263,Customer 2263,customer2263@example.com,Ahmedabad,36,Google,2026-01-16,High Value,True,8.0,28485.0,2026-08-14
CUST02264,Customer 2264,customer2264@example.com,Chennai,42,Organic,2025-11-23,Window Shopper,True,0.0,0.0,2025-11-23
CUST02265,Customer 2265,customer2265@example.com,Chennai,27,YouTube,2025-01-07,New Customer,False,0.0,0.0,2025-01-07
CUST02266,Customer 2266,customer2266@example.com,Kolkata,48,YouTube,2026-04-06,New Customer,False,1.0,1398.0,2025-03-13
CUST02267,Customer 2267,customer2267@example.com,Mumbai,55,YouTube,2025-06-10,New Customer,False,1.0,2499.0,2025-07-23
CUST02268,Customer 2268,customer2268@example.com,Ahmedabad,28,YouTube,2025-09-04,High Value,True,6.0,16588.0,2026-07-08
CUST02269,Customer 2269,customer2269@example.com,Hyderabad,22,Organic,2025-04-26,New Customer,False,0.0,0.0,2025-04-26
CUST02270,Customer 2270,customer2270@example.com,Chennai,25,Direct,2025-04-11,Repeat Buyer,True,1.0,2499.0,2026-02-23
CUST02271,Customer 2271,customer2271@example.com,Hyderabad,51,Google,2026-01-15,Repeat Buyer,True,2.0,4997.0,2026-02-10
CUST02272,Customer 2272,customer2272@example.com,Kolkata,24,Organic,2025-09-17,New Customer,False,2.0,14995.0,2026-04-06
CUST02273,Customer 2273,customer2273@example.com,Bangalore,21,Referral,2025-10-18,New Customer,False,1.0,899.0,2026-02-17
CUST02274,Customer 2274,customer2274@example.com,Mumbai,33,Google,2025-12-20,High Value,True,4.0,14293.0,2026-01-28
CUST02275,Customer 2275,customer2275@example.com,Chennai,53,Organic,2025-02-16,Price Sensitive,True,1.0,6997.0,2025-05-06
CUST02276,Customer 2276,customer2276@example.com,Bangalore,26,YouTube,2025-06-05,Price Sensitive,False,2.0,10096.0,2025-09-28
CUST02277,Customer 2277,customer2277@example.com,Ahmedabad,47,Instagram,2025-10-02,New Customer,False,1.0,499.0,2025-06-30
CUST02278,Customer 2278,customer2278@example.com,Bangalore,30,Referral,2025-03-01,Window Shopper,True,1.0,2499.0,2025-12-30
CUST02279,Customer 2279,customer2279@example.com,Bangalore,52,YouTube,2025-04-21,Repeat Buyer,True,2.0,8295.0,2026-04-30
CUST02280,Customer 2280,customer2280@example.com,Hyderabad,55,Referral,2026-03-17,High Value,True,8.0,30785.0,2025-12-15
CUST02281,Customer 2281,customer2281@example.com,Ahmedabad,30,YouTube,2026-02-17,Window Shopper,False,0.0,0.0,2026-02-17
CUST02282,Customer 2282,customer2282@example.com,Hyderabad,34,Referral,2025-11-04,High Value,False,4.0,14593.0,2026-03-22
CUST02283,Customer 2283,customer2283@example.com,Pune,50,Referral,2025-09-21,New Customer,False,1.0,4698.0,2025-11-16
CUST02284,Customer 2284,customer2284@example.com,Chennai,52,Google,2025-06-24,New Customer,False,1.0,3798.0,2026-01-09
CUST02285,Customer 2285,customer2285@example.com,Chennai,46,Instagram,2026-05-16,New Customer,False,1.0,499.0,2026-08-13
CUST02286,Customer 2286,customer2286@example.com,Hyderabad,38,YouTube,2025-08-29,Price Sensitive,True,2.0,7997.0,2026-07-26
CUST02287,Customer 2287,customer2287@example.com,Kolkata,37,Instagram,2026-04-19,Repeat Buyer,True,5.0,22191.0,2026-06-24
CUST02288,Customer 2288,customer2288@example.com,Mumbai,30,Instagram,2026-01-26,Window Shopper,False,0.0,0.0,2026-01-26
CUST02289,Customer 2289,customer2289@example.com,Chennai,38,YouTube,2025-08-30,New Customer,False,2.0,5496.0,2026-05-27
CUST02290,Customer 2290,customer2290@example.com,Delhi,54,Direct,2025-03-21,New Customer,False,1.0,2498.0,2026-05-28
CUST02291,Customer 2291,customer2291@example.com,Kolkata,28,Google,2025-11-09,Repeat Buyer,True,2.0,6796.0,2026-04-02
CUST02292,Customer 2292,customer2292@example.com,Ahmedabad,44,Direct,2025-05-18,Price Sensitive,False,2.0,8096.0,2026-08-07
CUST02293,Customer 2293,customer2293@example.com,Chennai,41,Google,2025-06-06,New Customer,False,1.0,3697.0,2025-09-04
CUST02294,Customer 2294,customer2294@example.com,Pune,46,Organic,2025-08-06,Repeat Buyer,True,3.0,15493.0,2026-06-30
CUST02295,Customer 2295,customer2295@example.com,Hyderabad,43,Instagram,2026-05-11,High Value,False,8.0,28983.0,2026-07-18
CUST02296,Customer 2296,customer2296@example.com,Mumbai,47,Organic,2025-01-10,Repeat Buyer,True,2.0,6097.0,2026-03-01
CUST02297,Customer 2297,customer2297@example.com,Chennai,36,Organic,2025-01-13,Window Shopper,False,0.0,0.0,2025-01-13
CUST02298,Customer 2298,customer2298@example.com,Pune,53,YouTube,2026-01-14,Repeat Buyer,False,3.0,5696.0,2026-04-22
CUST02299,Customer 2299,customer2299@example.com,Ahmedabad,35,Instagram,2025-02-08,New Customer,False,1.0,5297.0,2025-08-09
CUST02300,Customer 2300,customer2300@example.com,Ahmedabad,55,Referral,2026-05-03,New Customer,False,1.0,3798.0,2025-08-28
CUST02301,Customer 2301,customer2301@example.com,Kolkata,49,Google,2025-05-24,Dormant,True,0.0,0.0,2025-05-24
CUST02302,Customer 2302,customer2302@example.com,Hyderabad,24,Instagram,2025-11-24,Dormant,False,1.0,999.0,2025-03-13
CUST02303,Customer 2303,customer2303@example.com,Ahmedabad,36,Instagram,2025-08-30,Repeat Buyer,True,4.0,14594.0,2025-12-09
CUST02304,Customer 2304,customer2304@example.com,Pune,44,Google,2026-03-24,New Customer,False,1.0,6397.0,2025-07-22
CUST02305,Customer 2305,customer2305@example.com,Delhi,53,Instagram,2025-08-13,New Customer,False,1.0,4298.0,2025-10-27
CUST02306,Customer 2306,customer2306@example.com,Chennai,53,YouTube,2026-02-23,New Customer,False,1.0,4697.0,2026-01-29
CUST02307,Customer 2307,customer2307@example.com,Bangalore,38,Organic,2026-04-09,New Customer,True,1.0,3398.0,2026-07-29
CUST02308,Customer 2308,customer2308@example.com,Delhi,29,Organic,2025-08-28,Price Sensitive,False,2.0,4997.0,2026-06-17
CUST02309,Customer 2309,customer2309@example.com,Delhi,34,Organic,2025-11-06,New Customer,False,1.0,3998.0,2026-08-19
CUST02310,Customer 2310,customer2310@example.com,Bangalore,44,Referral,2025-07-22,Price Sensitive,True,2.0,3797.0,2026-07-14
CUST02311,Customer 2311,customer2311@example.com,Hyderabad,50,Organic,2025-01-09,Window Shopper,False,0.0,0.0,2025-01-09
CUST02312,Customer 2312,customer2312@example.com,Pune,52,Referral,2025-05-25,High Value,False,4.0,14994.0,2026-06-03
CUST02313,Customer 2313,customer2313@example.com,Bangalore,54,Instagram,2026-05-14,High Value,True,6.0,17589.0,2025-10-14
CUST02314,Customer 2314,customer2314@example.com,Mumbai,50,Instagram,2025-10-21,High Value,True,8.0,30083.0,2026-07-18
CUST02315,Customer 2315,customer2315@example.com,Delhi,22,Direct,2025-08-09,Dormant,False,0.0,0.0,2025-08-09
CUST02316,Customer 2316,customer2316@example.com,Mumbai,39,Instagram,2025-04-04,Window Shopper,False,1.0,2698.0,2025-10-12
CUST02317,Customer 2317,customer2317@example.com,Kolkata,19,Referral,2025-10-22,High Value,True,4.0,7496.0,2026-05-08
CUST02318,Customer 2318,customer2318@example.com,Kolkata,19,Instagram,2025-04-26,New Customer,False,2.0,8395.0,2025-12-11
CUST02319,Customer 2319,customer2319@example.com,Delhi,55,Direct,2026-01-29,Repeat Buyer,True,2.0,7495.0,2025-05-06
CUST02320,Customer 2320,customer2320@example.com,Delhi,54,Organic,2026-04-03,Repeat Buyer,True,2.0,10096.0,2026-05-21
CUST02321,Customer 2321,customer2321@example.com,Mumbai,30,Google,2025-04-16,Window Shopper,False,0.0,0.0,2025-04-16
CUST02322,Customer 2322,customer2322@example.com,Hyderabad,26,YouTube,2025-06-28,Repeat Buyer,True,3.0,12195.0,2025-11-27
CUST02323,Customer 2323,customer2323@example.com,Pune,32,Direct,2025-04-17,Dormant,False,0.0,0.0,2025-04-17
CUST02324,Customer 2324,customer2324@example.com,Chennai,32,Google,2026-01-31,New Customer,True,1.0,2499.0,2026-06-21
CUST02325,Customer 2325,customer2325@example.com,Ahmedabad,25,Referral,2025-01-14,Repeat Buyer,True,2.0,11794.0,2026-06-12
CUST02326,Customer 2326,customer2326@example.com,Delhi,42,Instagram,2025-08-17,Repeat Buyer,False,2.0,4597.0,2026-01-09
CUST02327,Customer 2327,customer2327@example.com,Kolkata,55,Instagram,2025-02-17,Repeat Buyer,True,3.0,10294.0,2026-01-09
CUST02328,Customer 2328,customer2328@example.com,Bangalore,28,Google,2025-03-03,Dormant,False,0.0,0.0,2025-03-03
CUST02329,Customer 2329,customer2329@example.com,Pune,38,Referral,2025-04-08,Dormant,False,0.0,0.0,2025-04-08
CUST02330,Customer 2330,customer2330@example.com,Pune,48,Organic,2025-09-18,New Customer,True,1.0,699.0,2026-08-02
CUST02331,Customer 2331,customer2331@example.com,Hyderabad,42,Referral,2025-07-24,New Customer,False,0.0,0.0,2025-07-24
CUST02332,Customer 2332,customer2332@example.com,Pune,37,Instagram,2025-08-11,Dormant,True,0.0,0.0,2025-08-11
CUST02333,Customer 2333,customer2333@example.com,Delhi,23,Direct,2025-11-26,Dormant,False,1.0,699.0,2026-03-07
CUST02334,Customer 2334,customer2334@example.com,Hyderabad,35,Direct,2025-11-28,Window Shopper,False,0.0,0.0,2025-11-28
CUST02335,Customer 2335,customer2335@example.com,Delhi,29,YouTube,2025-01-05,Window Shopper,True,0.0,0.0,2025-01-05
CUST02336,Customer 2336,customer2336@example.com,Ahmedabad,20,Instagram,2025-11-02,New Customer,True,1.0,1299.0,2026-07-10
CUST02337,Customer 2337,customer2337@example.com,Chennai,41,YouTube,2025-08-01,Window Shopper,False,1.0,2998.0,2025-07-05
CUST02338,Customer 2338,customer2338@example.com,Mumbai,51,Google,2026-01-15,Window Shopper,False,0.0,0.0,2026-01-15
CUST02339,Customer 2339,customer2339@example.com,Pune,25,Google,2025-01-16,Window Shopper,False,0.0,0.0,2025-01-16
CUST02340,Customer 2340,customer2340@example.com,Pune,34,YouTube,2025-06-14,Repeat Buyer,True,6.0,16592.0,2026-08-20
CUST02341,Customer 2341,customer2341@example.com,Hyderabad,48,Instagram,2026-01-12,New Customer,True,1.0,1198.0,2026-08-10
CUST02342,Customer 2342,customer2342@example.com,Hyderabad,52,Referral,2026-01-26,Window Shopper,False,0.0,0.0,2026-01-26
CUST02343,Customer 2343,customer2343@example.com,Mumbai,24,Instagram,2025-06-28,High Value,True,5.0,18888.0,2026-01-30
CUST02344,Customer 2344,customer2344@example.com,Bangalore,25,Referral,2025-08-26,Window Shopper,True,0.0,0.0,2025-08-26
CUST02345,Customer 2345,customer2345@example.com,Ahmedabad,26,YouTube,2026-02-19,Dormant,False,0.0,0.0,2026-02-19
CUST02346,Customer 2346,customer2346@example.com,Ahmedabad,34,Google,2025-06-15,High Value,True,8.0,17388.0,2026-07-26
CUST02347,Customer 2347,customer2347@example.com,Bangalore,48,Referral,2026-01-19,Price Sensitive,False,3.0,6796.0,2026-01-01
CUST02348,Customer 2348,customer2348@example.com,Mumbai,32,YouTube,2025-03-08,Window Shopper,False,1.0,3398.0,2026-01-10
CUST02349,Customer 2349,customer2349@example.com,Bangalore,24,Direct,2025-07-26,Window Shopper,True,1.0,3998.0,2026-06-08
CUST02350,Customer 2350,customer2350@example.com,Delhi,32,Organic,2025-04-05,New Customer,False,1.0,1799.0,2026-07-17
CUST02351,Customer 2351,customer2351@example.com,Ahmedabad,55,YouTube,2025-09-22,Price Sensitive,False,1.0,5498.0,2026-06-19
CUST02352,Customer 2352,customer2352@example.com,Mumbai,38,Referral,2025-07-11,High Value,False,5.0,11991.0,2026-06-01
CUST02353,Customer 2353,customer2353@example.com,Hyderabad,42,Direct,2025-01-25,Price Sensitive,False,0.0,0.0,2025-01-25
CUST02354,Customer 2354,customer2354@example.com,Hyderabad,27,Direct,2025-01-18,Price Sensitive,False,1.0,3999.0,2025-05-27
CUST02355,Customer 2355,customer2355@example.com,Kolkata,38,Instagram,2025-10-20,Window Shopper,False,0.0,0.0,2025-10-20
CUST02356,Customer 2356,customer2356@example.com,Delhi,54,Referral,2025-08-20,Repeat Buyer,False,2.0,2398.0,2026-03-18
CUST02357,Customer 2357,customer2357@example.com,Chennai,52,Referral,2025-03-02,Dormant,False,0.0,0.0,2025-03-02
CUST02358,Customer 2358,customer2358@example.com,Pune,39,Google,2025-05-11,Price Sensitive,False,1.0,5997.0,2026-05-18
CUST02359,Customer 2359,customer2359@example.com,Ahmedabad,24,Direct,2026-03-15,Repeat Buyer,False,4.0,11993.0,2026-06-19
CUST02360,Customer 2360,customer2360@example.com,Bangalore,41,Referral,2025-11-25,Repeat Buyer,True,2.0,2997.0,2026-04-03
CUST02361,Customer 2361,customer2361@example.com,Bangalore,32,Referral,2026-03-01,New Customer,False,1.0,3198.0,2026-06-10
CUST02362,Customer 2362,customer2362@example.com,Chennai,26,Organic,2025-06-07,New Customer,False,1.0,2499.0,2026-04-24
CUST02363,Customer 2363,customer2363@example.com,Bangalore,50,Google,2025-07-23,Repeat Buyer,True,4.0,15192.0,2026-06-12
CUST02364,Customer 2364,customer2364@example.com,Delhi,27,Direct,2025-04-24,Window Shopper,False,0.0,0.0,2025-04-24
CUST02365,Customer 2365,customer2365@example.com,Pune,51,YouTube,2026-02-04,Price Sensitive,True,3.0,6296.0,2025-12-06
CUST02366,Customer 2366,customer2366@example.com,Hyderabad,52,Organic,2025-10-04,New Customer,False,1.0,2499.0,2026-01-29
CUST02367,Customer 2367,customer2367@example.com,Mumbai,41,Google,2025-02-21,New Customer,False,2.0,4597.0,2025-11-25
CUST02368,Customer 2368,customer2368@example.com,Delhi,27,YouTube,2026-04-28,Price Sensitive,False,3.0,10994.0,2026-02-16
CUST02369,Customer 2369,customer2369@example.com,Delhi,35,Instagram,2026-05-07,Dormant,False,0.0,0.0,2026-05-07
CUST02370,Customer 2370,customer2370@example.com,Kolkata,51,Referral,2026-04-03,Dormant,False,0.0,0.0,2026-04-03
CUST02371,Customer 2371,customer2371@example.com,Chennai,18,Instagram,2025-05-09,Repeat Buyer,True,4.0,13592.0,2026-08-21
CUST02372,Customer 2372,customer2372@example.com,Delhi,22,Instagram,2026-01-22,Price Sensitive,False,1.0,2499.0,2026-01-06
CUST02373,Customer 2373,customer2373@example.com,Mumbai,33,Referral,2026-02-07,Repeat Buyer,True,5.0,17591.0,2026-05-27
CUST02374,Customer 2374,customer2374@example.com,Delhi,33,Organic,2025-02-06,New Customer,False,1.0,1299.0,2026-03-21
CUST02375,Customer 2375,customer2375@example.com,Mumbai,43,Instagram,2026-01-07,New Customer,False,1.0,4697.0,2025-09-15
CUST02376,Customer 2376,customer2376@example.com,Mumbai,31,Referral,2025-03-14,Price Sensitive,False,1.0,499.0,2025-05-23
CUST02377,Customer 2377,customer2377@example.com,Hyderabad,25,YouTube,2025-06-09,Price Sensitive,False,3.0,16092.0,2026-06-05
CUST02378,Customer 2378,customer2378@example.com,Ahmedabad,32,Direct,2025-08-13,High Value,False,5.0,12191.0,2025-12-23
CUST02379,Customer 2379,customer2379@example.com,Ahmedabad,27,Instagram,2026-03-27,New Customer,True,1.0,4498.0,2025-05-13
CUST02380,Customer 2380,customer2380@example.com,Pune,35,Instagram,2025-07-15,Dormant,False,0.0,0.0,2025-07-15
CUST02381,Customer 2381,customer2381@example.com,Ahmedabad,45,YouTube,2025-03-28,Window Shopper,False,1.0,4097.0,2025-10-09
CUST02382,Customer 2382,customer2382@example.com,Ahmedabad,36,Google,2025-09-25,Window Shopper,False,0.0,0.0,2025-09-25
CUST02383,Customer 2383,customer2383@example.com,Pune,33,Direct,2025-09-11,New Customer,False,2.0,9596.0,2026-05-24
CUST02384,Customer 2384,customer2384@example.com,Kolkata,21,Direct,2025-02-23,Window Shopper,False,1.0,2499.0,2025-07-15
CUST02385,Customer 2385,customer2385@example.com,Chennai,34,Direct,2025-09-18,Window Shopper,False,0.0,0.0,2025-09-18
CUST02386,Customer 2386,customer2386@example.com,Chennai,40,Instagram,2025-01-07,Repeat Buyer,True,2.0,9794.0,2025-11-01
CUST02387,Customer 2387,customer2387@example.com,Delhi,55,Referral,2025-04-24,New Customer,False,1.0,2997.0,2025-03-14
CUST02388,Customer 2388,customer2388@example.com,Bangalore,49,YouTube,2025-11-07,High Value,True,7.0,23786.0,2026-08-05
CUST02389,Customer 2389,customer2389@example.com,Kolkata,20,YouTube,2025-02-25,Window Shopper,False,1.0,2498.0,2025-07-15
CUST02390,Customer 2390,customer2390@example.com,Bangalore,54,Instagram,2025-03-02,High Value,False,5.0,17493.0,2026-06-24
CUST02391,Customer 2391,customer2391@example.com,Kolkata,43,Direct,2026-01-17,Dormant,False,0.0,0.0,2026-01-17
CUST02392,Customer 2392,customer2392@example.com,Ahmedabad,47,YouTube,2026-03-19,New Customer,False,2.0,2198.0,2026-02-23
CUST02393,Customer 2393,customer2393@example.com,Kolkata,19,Google,2025-10-18,High Value,False,6.0,19389.0,2026-07-17
CUST02394,Customer 2394,customer2394@example.com,Pune,24,Organic,2026-04-17,New Customer,False,2.0,7796.0,2025-10-06
CUST02395,Customer 2395,customer2395@example.com,Ahmedabad,34,Organic,2026-02-24,Repeat Buyer,True,4.0,14591.0,2026-05-20
CUST02396,Customer 2396,customer2396@example.com,Delhi,35,Referral,2026-02-06,Price Sensitive,False,2.0,10195.0,2026-06-15
CUST02397,Customer 2397,customer2397@example.com,Chennai,28,Google,2025-10-13,New Customer,False,0.0,0.0,2025-10-13
CUST02398,Customer 2398,customer2398@example.com,Pune,43,Organic,2026-02-04,Price Sensitive,False,1.0,4998.0,2025-10-21
CUST02399,Customer 2399,customer2399@example.com,Bangalore,39,Organic,2025-11-12,Window Shopper,False,0.0,0.0,2025-11-12
CUST02400,Customer 2400,customer2400@example.com,Delhi,38,Organic,2025-02-21,High Value,False,5.0,14890.0,2026-08-20
CUST02401,Customer 2401,customer2401@example.com,Kolkata,38,YouTube,2025-09-12,Window Shopper,True,1.0,4397.0,2025-06-23
CUST02402,Customer 2402,customer2402@example.com,Delhi,34,Direct,2025-09-06,High Value,False,8.0,29284.0,2026-06-20
CUST02403,Customer 2403,customer2403@example.com,Pune,28,Google,2025-06-15,Repeat Buyer,False,2.0,8996.0,2026-03-25
CUST02404,Customer 2404,customer2404@example.com,Chennai,50,Direct,2025-11-25,New Customer,True,0.0,0.0,2025-11-25
CUST02405,Customer 2405,customer2405@example.com,Mumbai,43,YouTube,2025-12-23,High Value,False,5.0,23887.0,2026-02-17
CUST02406,Customer 2406,customer2406@example.com,Kolkata,34,Google,2026-01-02,New Customer,True,1.0,6797.0,2025-11-21
CUST02407,Customer 2407,customer2407@example.com,Mumbai,42,Instagram,2026-03-09,Repeat Buyer,True,4.0,16791.0,2026-07-10
CUST02408,Customer 2408,customer2408@example.com,Chennai,54,Instagram,2025-06-15,Dormant,False,0.0,0.0,2025-06-15
CUST02409,Customer 2409,customer2409@example.com,Hyderabad,33,YouTube,2025-03-21,Dormant,False,0.0,0.0,2025-03-21
CUST02410,Customer 2410,customer2410@example.com,Ahmedabad,32,Direct,2025-04-23,Price Sensitive,False,1.0,8297.0,2025-09-10
CUST02411,Customer 2411,customer2411@example.com,Delhi,27,Instagram,2025-06-01,New Customer,False,2.0,6596.0,2026-03-27
CUST02412,Customer 2412,customer2412@example.com,Ahmedabad,46,Referral,2025-10-12,New Customer,True,1.0,2998.0,2026-02-10
CUST02413,Customer 2413,customer2413@example.com,Kolkata,29,YouTube,2025-10-25,High Value,True,8.0,22287.0,2026-07-29
CUST02414,Customer 2414,customer2414@example.com,Kolkata,34,Direct,2026-02-12,Repeat Buyer,True,3.0,7696.0,2026-05-23
CUST02415,Customer 2415,customer2415@example.com,Chennai,45,Organic,2025-07-06,Dormant,False,0.0,0.0,2025-07-06
CUST02416,Customer 2416,customer2416@example.com,Pune,52,Organic,2025-02-09,Window Shopper,False,1.0,499.0,2025-11-21
CUST02417,Customer 2417,customer2417@example.com,Delhi,52,YouTube,2025-03-07,Dormant,True,1.0,999.0,2025-05-29
CUST02418,Customer 2418,customer2418@example.com,Ahmedabad,52,Organic,2025-02-23,New Customer,False,1.0,4097.0,2025-05-14
CUST02419,Customer 2419,customer2419@example.com,Pune,53,Google,2025-08-27,Window Shopper,False,1.0,899.0,2025-11-22
CUST02420,Customer 2420,customer2420@example.com,Ahmedabad,46,Referral,2025-10-30,New Customer,False,1.0,2499.0,2026-01-21
CUST02421,Customer 2421,customer2421@example.com,Mumbai,19,YouTube,2025-08-18,Repeat Buyer,False,4.0,8994.0,2026-04-25
CUST02422,Customer 2422,customer2422@example.com,Pune,48,Direct,2025-03-17,High Value,True,5.0,12893.0,2026-06-27
CUST02423,Customer 2423,customer2423@example.com,Chennai,54,Organic,2026-05-01,New Customer,False,2.0,6195.0,2026-05-29
CUST02424,Customer 2424,customer2424@example.com,Ahmedabad,45,Direct,2026-01-27,Window Shopper,True,0.0,0.0,2026-01-27
CUST02425,Customer 2425,customer2425@example.com,Delhi,46,Organic,2025-10-03,Dormant,False,0.0,0.0,2025-10-03
CUST02426,Customer 2426,customer2426@example.com,Delhi,54,YouTube,2026-04-30,Price Sensitive,False,2.0,5596.0,2026-08-14
CUST02427,Customer 2427,customer2427@example.com,Pune,18,YouTube,2025-01-28,Repeat Buyer,False,4.0,16592.0,2026-06-30
CUST02428,Customer 2428,customer2428@example.com,Bangalore,22,YouTube,2025-02-02,Price Sensitive,False,2.0,10396.0,2026-04-24
CUST02429,Customer 2429,customer2429@example.com,Delhi,33,YouTube,2026-02-01,High Value,False,5.0,18291.0,2026-02-12
CUST02430,Customer 2430,customer2430@example.com,Mumbai,19,Direct,2026-04-21,Price Sensitive,True,1.0,999.0,2026-07-14
CUST02431,Customer 2431,customer2431@example.com,Bangalore,24,Referral,2025-10-21,Repeat Buyer,True,5.0,17990.0,2026-06-17
CUST02432,Customer 2432,customer2432@example.com,Kolkata,42,Direct,2025-08-31,Price Sensitive,False,1.0,3898.0,2025-05-27
CUST02433,Customer 2433,customer2433@example.com,Bangalore,37,Organic,2025-04-01,New Customer,False,1.0,2998.0,2025-10-11
CUST02434,Customer 2434,customer2434@example.com,Ahmedabad,23,Google,2025-05-14,Price Sensitive,False,0.0,0.0,2025-05-14
CUST02435,Customer 2435,customer2435@example.com,Bangalore,39,Referral,2026-01-20,Repeat Buyer,True,4.0,9193.0,2026-08-11
CUST02436,Customer 2436,customer2436@example.com,Hyderabad,53,Instagram,2025-12-16,New Customer,False,1.0,899.0,2026-05-26
CUST02437,Customer 2437,customer2437@example.com,Hyderabad,18,Organic,2025-07-16,Repeat Buyer,True,2.0,2797.0,2026-06-19
CUST02438,Customer 2438,customer2438@example.com,Pune,22,Google,2025-04-07,Repeat Buyer,False,4.0,17692.0,2026-06-29
CUST02439,Customer 2439,customer2439@example.com,Delhi,40,Instagram,2026-03-23,High Value,True,5.0,10393.0,2025-12-04
CUST02440,Customer 2440,customer2440@example.com,Pune,54,Google,2026-04-02,Price Sensitive,True,1.0,2999.0,2026-02-17
CUST02441,Customer 2441,customer2441@example.com,Mumbai,50,Google,2026-02-21,Repeat Buyer,False,4.0,13691.0,2025-11-07
CUST02442,Customer 2442,customer2442@example.com,Hyderabad,52,Instagram,2026-02-18,Window Shopper,True,1.0,3398.0,2025-05-06
CUST02443,Customer 2443,customer2443@example.com,Bangalore,40,Direct,2025-04-03,Dormant,False,0.0,0.0,2025-04-03
CUST02444,Customer 2444,customer2444@example.com,Bangalore,49,Google,2025-11-05,High Value,True,3.0,7495.0,2026-02-02
CUST02445,Customer 2445,customer2445@example.com,Pune,47,Direct,2025-10-08,New Customer,False,2.0,5196.0,2026-02-27
CUST02446,Customer 2446,customer2446@example.com,Bangalore,53,Instagram,2025-06-23,Window Shopper,False,0.0,0.0,2025-06-23
CUST02447,Customer 2447,customer2447@example.com,Ahmedabad,30,Referral,2025-01-22,New Customer,True,2.0,3697.0,2025-10-02
CUST02448,Customer 2448,customer2448@example.com,Ahmedabad,55,Instagram,2026-03-11,Repeat Buyer,False,3.0,7896.0,2026-05-04
CUST02449,Customer 2449,customer2449@example.com,Pune,51,YouTube,2025-10-22,Repeat Buyer,True,2.0,7496.0,2025-12-23
CUST02450,Customer 2450,customer2450@example.com,Delhi,36,Organic,2025-03-11,Price Sensitive,False,1.0,5498.0,2026-04-13
CUST02451,Customer 2451,customer2451@example.com,Kolkata,43,Referral,2025-07-13,Repeat Buyer,True,3.0,15294.0,2026-04-27
CUST02452,Customer 2452,customer2452@example.com,Bangalore,38,YouTube,2025-09-05,New Customer,True,1.0,2499.0,2025-11-06
CUST02453,Customer 2453,customer2453@example.com,Chennai,21,YouTube,2026-03-02,High Value,True,7.0,19687.0,2026-08-19
CUST02454,Customer 2454,customer2454@example.com,Chennai,55,Direct,2026-04-06,New Customer,False,1.0,4298.0,2025-04-08
CUST02455,Customer 2455,customer2455@example.com,Pune,21,YouTube,2025-01-15,High Value,True,4.0,13494.0,2026-07-29
CUST02456,Customer 2456,customer2456@example.com,Delhi,40,YouTube,2025-01-27,New Customer,False,1.0,1799.0,2025-11-03
CUST02457,Customer 2457,customer2457@example.com,Kolkata,50,YouTube,2026-03-11,Window Shopper,False,1.0,2298.0,2026-02-22
CUST02458,Customer 2458,customer2458@example.com,Hyderabad,31,Instagram,2025-08-23,New Customer,False,1.0,999.0,2025-04-05
CUST02459,Customer 2459,customer2459@example.com,Pune,22,Direct,2025-04-15,Dormant,False,0.0,0.0,2025-04-15
CUST02460,Customer 2460,customer2460@example.com,Hyderabad,20,Referral,2025-04-16,Repeat Buyer,True,3.0,15291.0,2026-01-28
CUST02461,Customer 2461,customer2461@example.com,Chennai,18,Google,2025-12-04,Window Shopper,True,1.0,4498.0,2025-09-08
CUST02462,Customer 2462,customer2462@example.com,Mumbai,42,Google,2025-07-10,Window Shopper,False,0.0,0.0,2025-07-10
CUST02463,Customer 2463,customer2463@example.com,Mumbai,27,YouTube,2025-05-07,Window Shopper,False,0.0,0.0,2025-05-07
CUST02464,Customer 2464,customer2464@example.com,Kolkata,54,Direct,2026-03-19,High Value,True,7.0,23587.0,2026-07-27
CUST02465,Customer 2465,customer2465@example.com,Chennai,44,Direct,2025-01-06,Window Shopper,False,0.0,0.0,2025-01-06
CUST02466,Customer 2466,customer2466@example.com,Chennai,30,Referral,2025-05-10,Repeat Buyer,True,6.0,16589.0,2026-07-24
CUST02467,Customer 2467,customer2467@example.com,Kolkata,20,Direct,2026-01-28,High Value,True,8.0,31780.0,2026-08-17
CUST02468,Customer 2468,customer2468@example.com,Delhi,22,Direct,2025-02-28,Repeat Buyer,True,4.0,9592.0,2026-08-14
CUST02469,Customer 2469,customer2469@example.com,Ahmedabad,22,Google,2025-10-02,New Customer,False,2.0,9296.0,2025-12-18
CUST02470,Customer 2470,customer2470@example.com,Chennai,43,Organic,2025-10-02,Repeat Buyer,False,4.0,14791.0,2026-05-04
CUST02471,Customer 2471,customer2471@example.com,Chennai,24,Instagram,2025-07-22,New Customer,False,1.0,6498.0,2025-12-24
CUST02472,Customer 2472,customer2472@example.com,Bangalore,53,Referral,2025-04-13,Window Shopper,False,1.0,5597.0,2026-01-14
CUST02473,Customer 2473,customer2473@example.com,Ahmedabad,48,Instagram,2025-02-27,New Customer,False,1.0,3398.0,2025-06-16
CUST02474,Customer 2474,customer2474@example.com,Mumbai,23,Direct,2026-02-17,New Customer,False,1.0,1799.0,2025-03-25
CUST02475,Customer 2475,customer2475@example.com,Pune,46,Direct,2025-03-15,New Customer,False,1.0,3398.0,2025-06-02
CUST02476,Customer 2476,customer2476@example.com,Delhi,31,Direct,2025-06-12,Repeat Buyer,False,3.0,10893.0,2025-12-17
CUST02477,Customer 2477,customer2477@example.com,Mumbai,39,Organic,2026-04-17,New Customer,True,0.0,0.0,2026-04-17
CUST02478,Customer 2478,customer2478@example.com,Hyderabad,43,Referral,2025-03-20,New Customer,False,1.0,2499.0,2025-12-21
CUST02479,Customer 2479,customer2479@example.com,Delhi,29,Direct,2025-04-10,Dormant,False,0.0,0.0,2025-04-10
CUST02480,Customer 2480,customer2480@example.com,Hyderabad,46,Instagram,2026-03-08,Repeat Buyer,False,5.0,8793.0,2026-07-05
CUST02481,Customer 2481,customer2481@example.com,Mumbai,27,YouTube,2026-05-09,New Customer,False,1.0,4998.0,2025-03-31
CUST02482,Customer 2482,customer2482@example.com,Bangalore,44,YouTube,2025-10-01,Repeat Buyer,True,4.0,14992.0,2026-03-28
CUST02483,Customer 2483,customer2483@example.com,Pune,41,Instagram,2025-03-15,New Customer,False,1.0,6498.0,2025-10-20
CUST02484,Customer 2484,customer2484@example.com,Hyderabad,42,Instagram,2025-10-16,Window Shopper,False,1.0,5498.0,2026-08-07
CUST02485,Customer 2485,customer2485@example.com,Bangalore,32,Direct,2025-01-19,New Customer,False,1.0,5498.0,2026-04-11
CUST02486,Customer 2486,customer2486@example.com,Ahmedabad,54,Direct,2025-07-17,High Value,True,4.0,12490.0,2026-05-19
CUST02487,Customer 2487,customer2487@example.com,Ahmedabad,33,Direct,2025-09-09,New Customer,False,0.0,0.0,2025-09-09
CUST02488,Customer 2488,customer2488@example.com,Ahmedabad,48,Google,2025-08-21,High Value,True,5.0,17892.0,2026-06-20
CUST02489,Customer 2489,customer2489@example.com,Mumbai,36,Direct,2026-01-10,High Value,True,3.0,7694.0,2026-08-07
CUST02490,Customer 2490,customer2490@example.com,Chennai,28,Organic,2026-01-14,New Customer,False,1.0,2499.0,2025-04-27
CUST02491,Customer 2491,customer2491@example.com,Mumbai,20,Referral,2025-07-30,New Customer,False,2.0,6796.0,2025-09-26
CUST02492,Customer 2492,customer2492@example.com,Delhi,43,Google,2026-03-07,Price Sensitive,False,2.0,2997.0,2026-04-12
CUST02493,Customer 2493,customer2493@example.com,Kolkata,44,Referral,2025-08-24,High Value,True,6.0,19187.0,2026-07-03
CUST02494,Customer 2494,customer2494@example.com,Kolkata,47,Organic,2025-06-22,Price Sensitive,False,1.0,1499.0,2026-02-05
CUST02495,Customer 2495,customer2495@example.com,Delhi,33,Google,2025-12-31,Repeat Buyer,True,5.0,10394.0,2025-12-19
CUST02496,Customer 2496,customer2496@example.com,Pune,47,YouTube,2026-03-18,New Customer,True,0.0,0.0,2026-03-18
CUST02497,Customer 2497,customer2497@example.com,Chennai,31,Referral,2025-03-14,Price Sensitive,False,3.0,6596.0,2026-04-13
CUST02498,Customer 2498,customer2498@example.com,Ahmedabad,37,YouTube,2025-07-31,Repeat Buyer,True,2.0,7696.0,2025-09-15
CUST02499,Customer 2499,customer2499@example.com,Mumbai,42,YouTube,2025-08-10,New Customer,False,1.0,4698.0,2025-09-22
CUST02500,Customer 2500,customer2500@example.com,Delhi,42,YouTube,2025-12-08,New Customer,False,2.0,4697.0,2026-02-14
CUST02501,Customer 2501,customer2501@example.com,Mumbai,43,YouTube,2026-02-05,New Customer,False,1.0,2499.0,2026-06-18
CUST02502,Customer 2502,customer2502@example.com,Pune,47,Google,2026-03-21,Window Shopper,True,0.0,0.0,2026-03-21
CUST02503,Customer 2503,customer2503@example.com,Ahmedabad,38,YouTube,2026-04-23,Price Sensitive,False,1.0,2499.0,2025-09-22
CUST02504,Customer 2504,customer2504@example.com,Hyderabad,24,Instagram,2025-02-13,Price Sensitive,False,2.0,7796.0,2026-02-25
CUST02505,Customer 2505,customer2505@example.com,Hyderabad,39,Instagram,2025-06-10,New Customer,False,1.0,2998.0,2025-11-22
CUST02506,Customer 2506,customer2506@example.com,Mumbai,31,Organic,2026-03-07,Dormant,False,0.0,0.0,2026-03-07
CUST02507,Customer 2507,customer2507@example.com,Pune,55,Referral,2025-09-01,New Customer,False,1.0,2999.0,2025-03-23
CUST02508,Customer 2508,customer2508@example.com,Chennai,24,YouTube,2025-03-23,Repeat Buyer,True,2.0,10095.0,2026-06-21
CUST02509,Customer 2509,customer2509@example.com,Kolkata,25,YouTube,2026-04-12,Window Shopper,True,0.0,0.0,2026-04-12
CUST02510,Customer 2510,customer2510@example.com,Ahmedabad,35,Direct,2026-03-11,High Value,True,6.0,21791.0,2026-07-18
CUST02511,Customer 2511,customer2511@example.com,Mumbai,46,Instagram,2026-01-22,Window Shopper,False,0.0,0.0,2026-01-22
CUST02512,Customer 2512,customer2512@example.com,Ahmedabad,42,Referral,2025-03-29,New Customer,False,1.0,699.0,2026-04-26
CUST02513,Customer 2513,customer2513@example.com,Pune,46,YouTube,2025-10-20,Price Sensitive,False,3.0,10995.0,2026-06-30
CUST02514,Customer 2514,customer2514@example.com,Ahmedabad,54,Organic,2026-03-30,New Customer,False,1.0,3397.0,2026-01-18
CUST02515,Customer 2515,customer2515@example.com,Pune,22,Google,2025-03-11,Repeat Buyer,True,2.0,1798.0,2025-08-08
CUST02516,Customer 2516,customer2516@example.com,Mumbai,25,Direct,2025-04-11,High Value,True,7.0,24286.0,2026-08-20
CUST02517,Customer 2517,customer2517@example.com,Bangalore,40,YouTube,2026-02-14,Dormant,False,0.0,0.0,2026-02-14
CUST02518,Customer 2518,customer2518@example.com,Kolkata,28,Organic,2026-03-12,Repeat Buyer,True,5.0,17190.0,2026-04-13
CUST02519,Customer 2519,customer2519@example.com,Hyderabad,49,Organic,2026-04-09,New Customer,False,2.0,5497.0,2025-12-01
CUST02520,Customer 2520,customer2520@example.com,Chennai,34,Referral,2025-08-10,New Customer,False,1.0,2999.0,2026-03-18
CUST02521,Customer 2521,customer2521@example.com,Ahmedabad,23,Organic,2025-10-10,Repeat Buyer,True,1.0,3698.0,2026-04-25
CUST02522,Customer 2522,customer2522@example.com,Hyderabad,54,Instagram,2025-06-04,New Customer,False,1.0,6998.0,2025-11-02
CUST02523,Customer 2523,customer2523@example.com,Kolkata,42,Instagram,2025-12-22,Repeat Buyer,False,6.0,16392.0,2026-04-25
CUST02524,Customer 2524,customer2524@example.com,Pune,41,YouTube,2026-03-14,Price Sensitive,False,2.0,5297.0,2026-06-05
CUST02525,Customer 2525,customer2525@example.com,Pune,26,Organic,2026-01-04,Dormant,False,0.0,0.0,2026-01-04
CUST02526,Customer 2526,customer2526@example.com,Chennai,35,Instagram,2026-04-13,New Customer,True,1.0,1499.0,2025-03-27
CUST02527,Customer 2527,customer2527@example.com,Pune,50,Instagram,2025-01-12,Repeat Buyer,True,3.0,13993.0,2025-10-03
CUST02528,Customer 2528,customer2528@example.com,Bangalore,33,Instagram,2025-04-01,Window Shopper,False,0.0,0.0,2025-04-01
CUST02529,Customer 2529,customer2529@example.com,Delhi,23,Instagram,2025-01-05,Repeat Buyer,True,3.0,11694.0,2026-06-23
CUST02530,Customer 2530,customer2530@example.com,Pune,22,Google,2025-10-26,Price Sensitive,False,1.0,3698.0,2025-11-20
CUST02531,Customer 2531,customer2531@example.com,Ahmedabad,39,Direct,2025-02-24,High Value,False,6.0,16890.0,2026-01-21
CUST02532,Customer 2532,customer2532@example.com,Mumbai,30,Direct,2026-04-20,High Value,True,8.0,28885.0,2026-05-25
CUST02533,Customer 2533,customer2533@example.com,Bangalore,18,Referral,2026-02-10,New Customer,True,1.0,3098.0,2026-07-04
CUST02534,Customer 2534,customer2534@example.com,Bangalore,42,Organic,2025-11-17,Price Sensitive,False,1.0,3998.0,2025-08-14
CUST02535,Customer 2535,customer2535@example.com,Delhi,49,YouTube,2025-12-28,High Value,True,4.0,12693.0,2026-06-05
CUST02536,Customer 2536,customer2536@example.com,Hyderabad,46,Google,2025-09-17,New Customer,False,1.0,3999.0,2025-07-06
CUST02537,Customer 2537,customer2537@example.com,Delhi,34,Google,2026-03-26,New Customer,True,1.0,1698.0,2026-07-04
CUST02538,Customer 2538,customer2538@example.com,Bangalore,22,Google,2025-04-06,High Value,False,3.0,9093.0,2025-12-24
CUST02539,Customer 2539,customer2539@example.com,Delhi,28,Referral,2025-11-22,Window Shopper,False,1.0,6297.0,2026-02-15
CUST02540,Customer 2540,customer2540@example.com,Kolkata,50,Direct,2025-05-27,Window Shopper,False,1.0,3998.0,2025-05-20
CUST02541,Customer 2541,customer2541@example.com,Pune,33,YouTube,2025-01-04,New Customer,False,2.0,5397.0,2025-12-31
CUST02542,Customer 2542,customer2542@example.com,Chennai,36,Google,2025-02-03,Price Sensitive,False,1.0,1398.0,2025-10-28
CUST02543,Customer 2543,customer2543@example.com,Hyderabad,45,Instagram,2025-12-12,New Customer,False,0.0,0.0,2025-12-12
CUST02544,Customer 2544,customer2544@example.com,Hyderabad,23,Organic,2025-10-29,Price Sensitive,False,3.0,9795.0,2025-09-03
CUST02545,Customer 2545,customer2545@example.com,Bangalore,54,Organic,2026-01-08,Price Sensitive,False,2.0,5696.0,2025-05-10
CUST02546,Customer 2546,customer2546@example.com,Ahmedabad,41,Referral,2025-06-03,Window Shopper,False,0.0,0.0,2025-06-03
CUST02547,Customer 2547,customer2547@example.com,Delhi,32,YouTube,2025-03-29,Price Sensitive,False,2.0,5195.0,2026-05-18
CUST02548,Customer 2548,customer2548@example.com,Ahmedabad,47,Organic,2026-04-18,New Customer,False,1.0,3998.0,2025-12-21
CUST02549,Customer 2549,customer2549@example.com,Kolkata,47,Referral,2025-08-20,Price Sensitive,False,3.0,6596.0,2026-01-29
CUST02550,Customer 2550,customer2550@example.com,Kolkata,44,Instagram,2026-03-24,New Customer,False,1.0,6297.0,2025-11-06
CUST02551,Customer 2551,customer2551@example.com,Mumbai,43,Organic,2025-01-08,New Customer,False,1.0,3098.0,2025-12-02
CUST02552,Customer 2552,customer2552@example.com,Mumbai,27,YouTube,2026-04-30,Repeat Buyer,False,3.0,13993.0,2025-08-05
CUST02553,Customer 2553,customer2553@example.com,Kolkata,48,Google,2025-05-19,New Customer,True,1.0,1299.0,2026-01-21
CUST02554,Customer 2554,customer2554@example.com,Kolkata,28,Organic,2026-03-01,Repeat Buyer,True,5.0,18091.0,2026-06-22
CUST02555,Customer 2555,customer2555@example.com,Delhi,30,Referral,2025-11-07,Dormant,False,0.0,0.0,2025-11-07
CUST02556,Customer 2556,customer2556@example.com,Mumbai,49,Direct,2025-01-31,Price Sensitive,False,1.0,2499.0,2025-04-11
CUST02557,Customer 2557,customer2557@example.com,Pune,48,YouTube,2025-05-29,Repeat Buyer,True,5.0,20188.0,2026-05-22
CUST02558,Customer 2558,customer2558@example.com,Ahmedabad,31,Referral,2025-09-09,New Customer,False,1.0,1299.0,2025-07-15
CUST02559,Customer 2559,customer2559@example.com,Mumbai,39,Direct,2025-06-09,New Customer,False,0.0,0.0,2025-06-09
CUST02560,Customer 2560,customer2560@example.com,Bangalore,26,YouTube,2025-05-25,Price Sensitive,False,1.0,3998.0,2026-06-25
CUST02561,Customer 2561,customer2561@example.com,Mumbai,41,YouTube,2026-05-12,Repeat Buyer,True,5.0,12392.0,2026-05-18
CUST02562,Customer 2562,customer2562@example.com,Pune,44,Google,2025-04-18,Repeat Buyer,True,6.0,23286.0,2026-04-15
CUST02563,Customer 2563,customer2563@example.com,Pune,48,Organic,2025-10-12,Dormant,False,0.0,0.0,2025-10-12
CUST02564,Customer 2564,customer2564@example.com,Delhi,26,Organic,2026-02-05,Repeat Buyer,False,5.0,11793.0,2026-02-21
CUST02565,Customer 2565,customer2565@example.com,Delhi,55,YouTube,2025-05-02,High Value,False,5.0,13792.0,2026-02-22
CUST02566,Customer 2566,customer2566@example.com,Ahmedabad,19,Organic,2025-09-19,Window Shopper,False,0.0,0.0,2025-09-19
CUST02567,Customer 2567,customer2567@example.com,Mumbai,38,Instagram,2025-09-28,Window Shopper,False,0.0,0.0,2025-09-28
CUST02568,Customer 2568,customer2568@example.com,Chennai,22,Referral,2025-07-19,Repeat Buyer,True,1.0,4997.0,2026-06-06
CUST02569,Customer 2569,customer2569@example.com,Chennai,27,Organic,2026-03-11,Price Sensitive,False,1.0,4298.0,2026-01-03
CUST02570,Customer 2570,customer2570@example.com,Delhi,18,Organic,2025-07-02,Price Sensitive,False,2.0,7396.0,2025-10-03
CUST02571,Customer 2571,customer2571@example.com,Mumbai,35,Organic,2025-09-06,Window Shopper,False,0.0,0.0,2025-09-06
CUST02572,Customer 2572,customer2572@example.com,Delhi,30,YouTube,2025-11-06,Dormant,False,1.0,1198.0,2026-01-26
CUST02573,Customer 2573,customer2573@example.com,Delhi,51,YouTube,2025-05-25,New Customer,False,0.0,0.0,2025-05-25
CUST02574,Customer 2574,customer2574@example.com,Hyderabad,37,Organic,2025-04-15,New Customer,False,0.0,0.0,2025-04-15
CUST02575,Customer 2575,customer2575@example.com,Kolkata,23,Organic,2025-08-27,New Customer,True,1.0,3999.0,2026-06-23
CUST02576,Customer 2576,customer2576@example.com,Ahmedabad,42,YouTube,2025-03-22,Price Sensitive,False,3.0,16894.0,2026-05-22
CUST02577,Customer 2577,customer2577@example.com,Bangalore,35,Referral,2025-05-22,High Value,False,6.0,18587.0,2026-05-01
CUST02578,Customer 2578,customer2578@example.com,Chennai,28,YouTube,2025-03-07,New Customer,False,1.0,2498.0,2025-07-17
CUST02579,Customer 2579,customer2579@example.com,Hyderabad,38,YouTube,2025-09-02,Repeat Buyer,True,1.0,699.0,2025-08-17
CUST02580,Customer 2580,customer2580@example.com,Kolkata,53,Instagram,2025-11-18,Repeat Buyer,True,1.0,2999.0,2025-05-06
CUST02581,Customer 2581,customer2581@example.com,Mumbai,38,YouTube,2026-03-05,Repeat Buyer,True,5.0,9395.0,2026-04-21
CUST02582,Customer 2582,customer2582@example.com,Pune,54,YouTube,2025-01-21,Price Sensitive,False,1.0,499.0,2026-06-18
CUST02583,Customer 2583,customer2583@example.com,Mumbai,49,Instagram,2026-04-20,Window Shopper,True,0.0,0.0,2026-04-20
CUST02584,Customer 2584,customer2584@example.com,Mumbai,33,Instagram,2026-01-22,New Customer,True,1.0,4497.0,2025-07-19
CUST02585,Customer 2585,customer2585@example.com,Bangalore,44,Organic,2026-01-20,Repeat Buyer,True,3.0,9993.0,2026-01-30
CUST02586,Customer 2586,customer2586@example.com,Hyderabad,51,Referral,2025-11-25,New Customer,False,1.0,5297.0,2025-08-04
CUST02587,Customer 2587,customer2587@example.com,Bangalore,31,Referral,2025-03-23,Price Sensitive,False,1.0,1998.0,2026-07-12
CUST02588,Customer 2588,customer2588@example.com,Chennai,32,Google,2025-01-29,New Customer,False,1.0,4498.0,2025-09-09
CUST02589,Customer 2589,customer2589@example.com,Hyderabad,32,Referral,2025-01-22,High Value,True,4.0,10892.0,2026-06-12
CUST02590,Customer 2590,customer2590@example.com,Mumbai,26,YouTube,2025-06-13,New Customer,False,1.0,4997.0,2025-08-20
CUST02591,Customer 2591,customer2591@example.com,Kolkata,19,YouTube,2026-01-27,Repeat Buyer,False,4.0,18093.0,2026-07-04
CUST02592,Customer 2592,customer2592@example.com,Kolkata,53,Instagram,2025-01-21,New Customer,True,2.0,9195.0,2026-02-03
CUST02593,Customer 2593,customer2593@example.com,Delhi,55,Referral,2025-01-04,New Customer,True,1.0,2398.0,2025-03-24
CUST02594,Customer 2594,customer2594@example.com,Pune,50,Google,2025-07-23,Repeat Buyer,True,6.0,21088.0,2026-07-11
CUST02595,Customer 2595,customer2595@example.com,Chennai,35,YouTube,2025-07-11,New Customer,False,1.0,6397.0,2025-05-26
CUST02596,Customer 2596,customer2596@example.com,Delhi,34,Organic,2025-04-11,Repeat Buyer,True,2.0,9396.0,2026-03-03
CUST02597,Customer 2597,customer2597@example.com,Bangalore,36,Referral,2025-01-15,Repeat Buyer,True,4.0,14993.0,2026-07-17
CUST02598,Customer 2598,customer2598@example.com,Kolkata,31,Google,2025-02-27,Repeat Buyer,False,2.0,6797.0,2026-07-19
CUST02599,Customer 2599,customer2599@example.com,Delhi,30,YouTube,2026-01-12,New Customer,False,0.0,0.0,2026-01-12
CUST02600,Customer 2600,customer2600@example.com,Delhi,55,Organic,2025-07-04,Price Sensitive,False,1.0,699.0,2026-07-13
CUST02601,Customer 2601,customer2601@example.com,Delhi,54,Organic,2025-04-22,Repeat Buyer,True,2.0,7696.0,2025-04-20
CUST02602,Customer 2602,customer2602@example.com,Delhi,29,Organic,2025-04-16,Repeat Buyer,True,2.0,7496.0,2026-03-09
CUST02603,Customer 2603,customer2603@example.com,Pune,47,Referral,2025-11-05,Repeat Buyer,False,2.0,4897.0,2025-10-20
CUST02604,Customer 2604,customer2604@example.com,Ahmedabad,53,YouTube,2025-05-27,Price Sensitive,False,1.0,6998.0,2026-05-01
CUST02605,Customer 2605,customer2605@example.com,Delhi,22,YouTube,2025-02-24,Price Sensitive,False,1.0,2499.0,2026-05-06
CUST02606,Customer 2606,customer2606@example.com,Hyderabad,18,Organic,2026-04-22,Window Shopper,False,1.0,2499.0,2026-01-13
CUST02607,Customer 2607,customer2607@example.com,Mumbai,24,Instagram,2025-07-08,New Customer,False,1.0,1499.0,2025-12-04
CUST02608,Customer 2608,customer2608@example.com,Kolkata,41,Instagram,2025-05-24,New Customer,True,1.0,3398.0,2025-08-06
CUST02609,Customer 2609,customer2609@example.com,Hyderabad,25,Organic,2025-03-14,Repeat Buyer,True,3.0,11295.0,2026-04-16
CUST02610,Customer 2610,customer2610@example.com,Delhi,25,Direct,2026-01-17,New Customer,False,1.0,2298.0,2025-03-05
CUST02611,Customer 2611,customer2611@example.com,Ahmedabad,29,Instagram,2025-02-27,Dormant,False,0.0,0.0,2025-02-27
CUST02612,Customer 2612,customer2612@example.com,Chennai,35,Instagram,2025-12-26,New Customer,False,2.0,4197.0,2026-08-15
CUST02613,Customer 2613,customer2613@example.com,Mumbai,31,Instagram,2025-07-23,High Value,True,8.0,26788.0,2026-01-23
CUST02614,Customer 2614,customer2614@example.com,Ahmedabad,45,Referral,2025-07-31,Price Sensitive,True,1.0,5498.0,2025-09-01
CUST02615,Customer 2615,customer2615@example.com,Hyderabad,22,Organic,2025-12-30,New Customer,True,0.0,0.0,2025-12-30
CUST02616,Customer 2616,customer2616@example.com,Chennai,19,Direct,2025-05-20,New Customer,False,1.0,3998.0,2026-04-18
CUST02617,Customer 2617,customer2617@example.com,Ahmedabad,18,Direct,2025-01-23,Dormant,True,1.0,2998.0,2026-06-06
CUST02618,Customer 2618,customer2618@example.com,Kolkata,53,Direct,2025-09-08,Window Shopper,False,1.0,4997.0,2026-07-23
CUST02619,Customer 2619,customer2619@example.com,Hyderabad,36,Organic,2025-02-15,Price Sensitive,False,1.0,6197.0,2026-03-06
CUST02620,Customer 2620,customer2620@example.com,Ahmedabad,52,Google,2025-07-11,High Value,True,5.0,18491.0,2026-08-12
CUST02621,Customer 2621,customer2621@example.com,Mumbai,38,Direct,2025-11-24,Price Sensitive,False,1.0,4698.0,2026-02-08
CUST02622,Customer 2622,customer2622@example.com,Kolkata,41,Referral,2025-06-27,Repeat Buyer,True,2.0,9696.0,2025-10-12
CUST02623,Customer 2623,customer2623@example.com,Ahmedabad,52,Referral,2025-07-04,Price Sensitive,True,1.0,4497.0,2025-06-20
CUST02624,Customer 2624,customer2624@example.com,Chennai,26,Organic,2026-04-19,Dormant,True,0.0,0.0,2026-04-19
CUST02625,Customer 2625,customer2625@example.com,Mumbai,20,Organic,2025-09-17,Repeat Buyer,True,5.0,24789.0,2026-07-24
CUST02626,Customer 2626,customer2626@example.com,Mumbai,39,YouTube,2025-11-20,Window Shopper,False,0.0,0.0,2025-11-20
CUST02627,Customer 2627,customer2627@example.com,Mumbai,31,Direct,2025-07-22,Window Shopper,True,0.0,0.0,2025-07-22
CUST02628,Customer 2628,customer2628@example.com,Bangalore,50,YouTube,2025-01-22,New Customer,False,1.0,3098.0,2026-05-18
CUST02629,Customer 2629,customer2629@example.com,Chennai,53,Direct,2026-04-28,Repeat Buyer,True,5.0,24786.0,2026-06-27
CUST02630,Customer 2630,customer2630@example.com,Pune,49,Instagram,2025-06-16,New Customer,False,2.0,8295.0,2025-06-14
CUST02631,Customer 2631,customer2631@example.com,Kolkata,51,Direct,2026-02-24,Price Sensitive,False,1.0,3198.0,2026-03-20
CUST02632,Customer 2632,customer2632@example.com,Kolkata,24,Google,2025-11-24,Repeat Buyer,True,5.0,22390.0,2026-07-14
CUST02633,Customer 2633,customer2633@example.com,Delhi,18,YouTube,2026-02-14,High Value,True,5.0,20291.0,2026-07-13
CUST02634,Customer 2634,customer2634@example.com,Bangalore,37,Google,2026-01-22,New Customer,True,1.0,6498.0,2026-03-04
CUST02635,Customer 2635,customer2635@example.com,Bangalore,30,Instagram,2025-01-09,Repeat Buyer,False,4.0,9595.0,2026-08-17
CUST02636,Customer 2636,customer2636@example.com,Mumbai,22,Instagram,2025-05-10,New Customer,True,1.0,5597.0,2025-08-02
CUST02637,Customer 2637,customer2637@example.com,Pune,43,Instagram,2025-12-24,Repeat Buyer,True,3.0,13795.0,2026-01-16
CUST02638,Customer 2638,customer2638@example.com,Pune,31,Organic,2025-08-08,High Value,True,5.0,12992.0,2026-05-21
CUST02639,Customer 2639,customer2639@example.com,Hyderabad,49,Instagram,2025-09-13,High Value,False,8.0,29585.0,2026-07-29
CUST02640,Customer 2640,customer2640@example.com,Ahmedabad,42,YouTube,2026-01-30,Repeat Buyer,True,4.0,10495.0,2026-06-26
CUST02641,Customer 2641,customer2641@example.com,Pune,49,Instagram,2025-07-14,New Customer,False,1.0,2499.0,2026-04-11
CUST02642,Customer 2642,customer2642@example.com,Bangalore,48,Organic,2025-10-06,New Customer,False,1.0,3498.0,2025-12-20
CUST02643,Customer 2643,customer2643@example.com,Bangalore,47,Referral,2026-01-19,New Customer,False,2.0,6196.0,2026-04-04
CUST02644,Customer 2644,customer2644@example.com,Ahmedabad,20,Organic,2025-06-08,Repeat Buyer,True,5.0,11293.0,2026-07-14
CUST02645,Customer 2645,customer2645@example.com,Ahmedabad,31,YouTube,2025-07-30,High Value,False,4.0,12792.0,2026-08-09
CUST02646,Customer 2646,customer2646@example.com,Hyderabad,50,Referral,2025-02-05,New Customer,False,1.0,2499.0,2025-12-07
CUST02647,Customer 2647,customer2647@example.com,Kolkata,52,Direct,2026-01-06,Repeat Buyer,True,2.0,4097.0,2026-04-20
CUST02648,Customer 2648,customer2648@example.com,Ahmedabad,29,Referral,2025-05-31,New Customer,False,1.0,2499.0,2026-05-16
CUST02649,Customer 2649,customer2649@example.com,Pune,45,Instagram,2025-12-18,Window Shopper,True,1.0,999.0,2026-02-19
CUST02650,Customer 2650,customer2650@example.com,Delhi,48,Referral,2025-05-08,New Customer,False,0.0,0.0,2025-05-08
CUST02651,Customer 2651,customer2651@example.com,Mumbai,42,Instagram,2025-06-04,New Customer,False,1.0,7397.0,2026-04-07
CUST02652,Customer 2652,customer2652@example.com,Ahmedabad,32,Direct,2025-08-16,New Customer,False,1.0,2499.0,2026-07-08
CUST02653,Customer 2653,customer2653@example.com,Bangalore,24,Google,2025-03-13,Window Shopper,False,0.0,0.0,2025-03-13
CUST02654,Customer 2654,customer2654@example.com,Hyderabad,46,Referral,2025-07-07,New Customer,False,1.0,5497.0,2025-08-30
CUST02655,Customer 2655,customer2655@example.com,Pune,52,Instagram,2025-08-03,Price Sensitive,False,2.0,7696.0,2026-04-29
CUST02656,Customer 2656,customer2656@example.com,Kolkata,22,Instagram,2025-02-14,Repeat Buyer,True,2.0,1998.0,2025-04-30
CUST02657,Customer 2657,customer2657@example.com,Pune,48,Referral,2025-09-17,New Customer,False,1.0,3998.0,2026-01-12
CUST02658,Customer 2658,customer2658@example.com,Mumbai,25,Instagram,2025-03-24,Window Shopper,False,1.0,3999.0,2026-03-05
CUST02659,Customer 2659,customer2659@example.com,Delhi,46,Direct,2025-10-07,New Customer,True,1.0,2999.0,2026-05-29
CUST02660,Customer 2660,customer2660@example.com,Bangalore,29,YouTube,2025-07-31,Repeat Buyer,True,3.0,14392.0,2026-08-17
CUST02661,Customer 2661,customer2661@example.com,Delhi,27,Organic,2025-03-10,New Customer,True,1.0,5498.0,2025-06-05
CUST02662,Customer 2662,customer2662@example.com,Pune,21,YouTube,2026-02-08,Price Sensitive,False,1.0,3198.0,2025-10-01
CUST02663,Customer 2663,customer2663@example.com,Chennai,55,YouTube,2025-01-05,New Customer,False,1.0,2499.0,2025-12-08
CUST02664,Customer 2664,customer2664@example.com,Pune,33,Referral,2026-02-15,Repeat Buyer,False,3.0,6395.0,2026-06-21
CUST02665,Customer 2665,customer2665@example.com,Ahmedabad,48,Google,2025-02-20,New Customer,False,1.0,1498.0,2025-05-04
CUST02666,Customer 2666,customer2666@example.com,Bangalore,27,Direct,2025-03-07,New Customer,False,1.0,1898.0,2025-05-13
CUST02667,Customer 2667,customer2667@example.com,Bangalore,48,YouTube,2025-02-07,Window Shopper,True,0.0,0.0,2025-02-07
CUST02668,Customer 2668,customer2668@example.com,Kolkata,41,Google,2026-02-28,High Value,True,4.0,7496.0,2026-08-15
CUST02669,Customer 2669,customer2669@example.com,Kolkata,20,Organic,2026-02-04,New Customer,True,1.0,4298.0,2025-06-21
CUST02670,Customer 2670,customer2670@example.com,Pune,43,Referral,2025-11-07,Repeat Buyer,True,3.0,9796.0,2025-11-05
CUST02671,Customer 2671,customer2671@example.com,Mumbai,48,YouTube,2026-05-02,Window Shopper,False,1.0,2499.0,2025-10-20
CUST02672,Customer 2672,customer2672@example.com,Mumbai,33,YouTube,2025-09-24,Price Sensitive,False,2.0,12496.0,2025-08-14
CUST02673,Customer 2673,customer2673@example.com,Kolkata,19,Referral,2025-02-03,New Customer,False,1.0,3498.0,2025-03-01
CUST02674,Customer 2674,customer2674@example.com,Mumbai,20,Organic,2025-05-23,High Value,False,4.0,16891.0,2026-02-14
CUST02675,Customer 2675,customer2675@example.com,Pune,37,YouTube,2025-11-06,Repeat Buyer,True,2.0,13494.0,2025-07-02
CUST02676,Customer 2676,customer2676@example.com,Ahmedabad,50,Referral,2025-07-17,Repeat Buyer,True,5.0,21690.0,2026-05-05
CUST02677,Customer 2677,customer2677@example.com,Mumbai,48,Organic,2025-02-16,Price Sensitive,False,1.0,3897.0,2026-05-12
CUST02678,Customer 2678,customer2678@example.com,Bangalore,34,Direct,2025-05-18,Price Sensitive,False,2.0,5496.0,2026-06-17
CUST02679,Customer 2679,customer2679@example.com,Delhi,38,Organic,2026-04-10,Dormant,False,1.0,2499.0,2026-04-28
CUST02680,Customer 2680,customer2680@example.com,Chennai,30,Organic,2025-09-23,New Customer,True,1.0,699.0,2025-07-12
CUST02681,Customer 2681,customer2681@example.com,Kolkata,30,YouTube,2026-04-01,Price Sensitive,False,1.0,2499.0,2025-10-25
CUST02682,Customer 2682,customer2682@example.com,Chennai,30,Direct,2025-12-18,Price Sensitive,False,3.0,7595.0,2026-07-24
CUST02683,Customer 2683,customer2683@example.com,Pune,31,Referral,2025-10-25,Repeat Buyer,True,2.0,4498.0,2026-04-21
CUST02684,Customer 2684,customer2684@example.com,Chennai,33,Google,2025-11-03,High Value,True,6.0,20288.0,2026-08-20
CUST02685,Customer 2685,customer2685@example.com,Mumbai,49,Organic,2025-05-06,Price Sensitive,False,2.0,6396.0,2026-05-13
CUST02686,Customer 2686,customer2686@example.com,Ahmedabad,52,Organic,2025-03-16,Repeat Buyer,False,3.0,2396.0,2026-08-06
CUST02687,Customer 2687,customer2687@example.com,Bangalore,42,YouTube,2025-07-21,New Customer,True,1.0,5797.0,2025-05-24
CUST02688,Customer 2688,customer2688@example.com,Chennai,49,Referral,2026-04-24,New Customer,True,1.0,4298.0,2025-06-12
CUST02689,Customer 2689,customer2689@example.com,Chennai,50,YouTube,2025-08-04,Dormant,False,0.0,0.0,2025-08-04
CUST02690,Customer 2690,customer2690@example.com,Kolkata,49,YouTube,2025-02-25,New Customer,True,1.0,1398.0,2026-06-11
CUST02691,Customer 2691,customer2691@example.com,Bangalore,26,Google,2025-03-04,Repeat Buyer,True,5.0,14591.0,2026-06-25
CUST02692,Customer 2692,customer2692@example.com,Hyderabad,20,Instagram,2025-05-23,Repeat Buyer,False,2.0,2498.0,2025-09-11
CUST02693,Customer 2693,customer2693@example.com,Mumbai,24,Direct,2025-12-18,New Customer,False,1.0,3498.0,2026-08-01
CUST02694,Customer 2694,customer2694@example.com,Hyderabad,18,Instagram,2025-06-22,Repeat Buyer,True,4.0,10993.0,2026-02-15
CUST02695,Customer 2695,customer2695@example.com,Chennai,45,Google,2025-04-29,Dormant,False,0.0,0.0,2025-04-29
CUST02696,Customer 2696,customer2696@example.com,Chennai,53,Organic,2026-03-07,New Customer,False,1.0,3498.0,2025-04-25
CUST02697,Customer 2697,customer2697@example.com,Pune,32,Google,2026-02-17,New Customer,True,1.0,699.0,2026-02-21
CUST02698,Customer 2698,customer2698@example.com,Hyderabad,28,Instagram,2025-10-20,Dormant,False,0.0,0.0,2025-10-20
CUST02699,Customer 2699,customer2699@example.com,Chennai,49,Instagram,2025-02-18,Price Sensitive,False,1.0,1299.0,2025-12-26
CUST02700,Customer 2700,customer2700@example.com,Delhi,47,YouTube,2025-03-26,New Customer,False,1.0,3798.0,2025-08-18
CUST02701,Customer 2701,customer2701@example.com,Chennai,24,Instagram,2025-05-03,Window Shopper,False,0.0,0.0,2025-05-03
CUST02702,Customer 2702,customer2702@example.com,Kolkata,46,Google,2025-04-29,Price Sensitive,False,0.0,0.0,2025-04-29
CUST02703,Customer 2703,customer2703@example.com,Ahmedabad,46,Google,2026-01-14,New Customer,True,0.0,0.0,2026-01-14
CUST02704,Customer 2704,customer2704@example.com,Kolkata,19,YouTube,2026-01-27,Window Shopper,False,0.0,0.0,2026-01-27
CUST02705,Customer 2705,customer2705@example.com,Ahmedabad,45,YouTube,2025-06-25,New Customer,False,2.0,3796.0,2026-05-08
CUST02706,Customer 2706,customer2706@example.com,Kolkata,46,YouTube,2025-04-16,Repeat Buyer,True,5.0,20390.0,2026-07-19
CUST02707,Customer 2707,customer2707@example.com,Kolkata,28,Referral,2025-04-17,Repeat Buyer,False,4.0,13292.0,2026-08-17
CUST02708,Customer 2708,customer2708@example.com,Chennai,33,Direct,2025-05-29,New Customer,False,1.0,899.0,2025-03-13
CUST02709,Customer 2709,customer2709@example.com,Ahmedabad,19,Direct,2026-04-24,Window Shopper,False,0.0,0.0,2026-04-24
CUST02710,Customer 2710,customer2710@example.com,Bangalore,46,Direct,2026-02-14,High Value,True,6.0,15488.0,2026-07-30
CUST02711,Customer 2711,customer2711@example.com,Pune,42,Instagram,2025-09-09,New Customer,False,0.0,0.0,2025-09-09
CUST02712,Customer 2712,customer2712@example.com,Kolkata,23,Referral,2025-05-11,Repeat Buyer,True,3.0,14692.0,2026-05-26
CUST02713,Customer 2713,customer2713@example.com,Chennai,48,Google,2025-03-28,Repeat Buyer,True,3.0,11293.0,2026-03-17
CUST02714,Customer 2714,customer2714@example.com,Delhi,20,Referral,2025-07-06,New Customer,False,1.0,3498.0,2026-06-30
CUST02715,Customer 2715,customer2715@example.com,Mumbai,23,YouTube,2025-12-23,New Customer,False,1.0,3298.0,2025-12-12
CUST02716,Customer 2716,customer2716@example.com,Chennai,46,Google,2025-05-31,High Value,True,8.0,30184.0,2026-07-31
CUST02717,Customer 2717,customer2717@example.com,Mumbai,32,Referral,2025-06-09,New Customer,False,0.0,0.0,2025-06-09
CUST02718,Customer 2718,customer2718@example.com,Bangalore,21,YouTube,2025-12-02,New Customer,True,2.0,5697.0,2025-04-12
CUST02719,Customer 2719,customer2719@example.com,Mumbai,36,YouTube,2025-08-29,Price Sensitive,False,1.0,2999.0,2025-09-17
CUST02720,Customer 2720,customer2720@example.com,Delhi,19,Google,2025-11-05,Dormant,False,0.0,0.0,2025-11-05
CUST02721,Customer 2721,customer2721@example.com,Bangalore,35,Google,2025-10-01,Price Sensitive,True,1.0,5297.0,2025-05-25
CUST02722,Customer 2722,customer2722@example.com,Pune,29,Google,2025-10-01,New Customer,False,1.0,3999.0,2025-04-26
CUST02723,Customer 2723,customer2723@example.com,Hyderabad,38,Google,2026-01-28,Dormant,False,0.0,0.0,2026-01-28
CUST02724,Customer 2724,customer2724@example.com,Hyderabad,43,Google,2025-03-27,New Customer,False,1.0,4997.0,2025-09-30
CUST02725,Customer 2725,customer2725@example.com,Mumbai,33,YouTube,2026-03-04,New Customer,True,1.0,4797.0,2026-01-31
CUST02726,Customer 2726,customer2726@example.com,Ahmedabad,33,Referral,2025-03-31,Repeat Buyer,False,4.0,15691.0,2026-05-14
CUST02727,Customer 2727,customer2727@example.com,Mumbai,20,Instagram,2025-07-13,Price Sensitive,False,0.0,0.0,2025-07-13
CUST02728,Customer 2728,customer2728@example.com,Ahmedabad,43,YouTube,2025-10-05,New Customer,False,1.0,5498.0,2026-04-16
CUST02729,Customer 2729,customer2729@example.com,Ahmedabad,51,Organic,2026-02-07,Price Sensitive,False,3.0,16393.0,2026-01-15
CUST02730,Customer 2730,customer2730@example.com,Kolkata,34,YouTube,2026-04-25,High Value,False,6.0,19989.0,2026-08-13
CUST02731,Customer 2731,customer2731@example.com,Ahmedabad,26,Instagram,2025-04-16,Repeat Buyer,True,4.0,16792.0,2026-04-18
CUST02732,Customer 2732,customer2732@example.com,Chennai,25,YouTube,2026-04-08,New Customer,False,1.0,2499.0,2025-07-10
CUST02733,Customer 2733,customer2733@example.com,Pune,19,Organic,2025-09-07,Repeat Buyer,True,3.0,11494.0,2026-03-15
CUST02734,Customer 2734,customer2734@example.com,Kolkata,27,Referral,2026-03-19,New Customer,True,1.0,6998.0,2025-05-29
CUST02735,Customer 2735,customer2735@example.com,Mumbai,37,Referral,2025-05-06,High Value,False,8.0,29683.0,2026-04-25
CUST02736,Customer 2736,customer2736@example.com,Ahmedabad,34,Referral,2025-07-24,New Customer,False,1.0,3498.0,2025-03-29
CUST02737,Customer 2737,customer2737@example.com,Delhi,47,Google,2025-08-01,Repeat Buyer,True,3.0,6197.0,2026-04-12
CUST02738,Customer 2738,customer2738@example.com,Mumbai,24,Organic,2025-07-11,Dormant,False,1.0,2597.0,2025-08-24
CUST02739,Customer 2739,customer2739@example.com,Kolkata,45,Instagram,2025-11-03,New Customer,False,0.0,0.0,2025-11-03
CUST02740,Customer 2740,customer2740@example.com,Ahmedabad,20,Referral,2025-02-04,New Customer,False,2.0,7197.0,2026-04-18
CUST02741,Customer 2741,customer2741@example.com,Mumbai,18,Instagram,2025-03-16,Repeat Buyer,True,6.0,17789.0,2026-03-25
CUST02742,Customer 2742,customer2742@example.com,Hyderabad,19,YouTube,2025-04-22,Price Sensitive,False,3.0,10795.0,2026-01-19
CUST02743,Customer 2743,customer2743@example.com,Ahmedabad,43,Organic,2026-02-13,High Value,True,7.0,16588.0,2026-07-05
CUST02744,Customer 2744,customer2744@example.com,Pune,36,Organic,2025-01-27,High Value,True,3.0,8295.0,2025-12-27
CUST02745,Customer 2745,customer2745@example.com,Ahmedabad,49,Referral,2026-01-26,Window Shopper,False,0.0,0.0,2026-01-26
CUST02746,Customer 2746,customer2746@example.com,Bangalore,27,Referral,2025-06-19,Repeat Buyer,True,2.0,6195.0,2026-04-22
CUST02747,Customer 2747,customer2747@example.com,Chennai,27,Google,2026-01-26,Price Sensitive,False,1.0,1898.0,2026-05-28
CUST02748,Customer 2748,customer2748@example.com,Kolkata,35,Referral,2025-04-23,Window Shopper,True,0.0,0.0,2025-04-23
CUST02749,Customer 2749,customer2749@example.com,Mumbai,30,Referral,2025-10-19,New Customer,False,2.0,5297.0,2025-10-01
CUST02750,Customer 2750,customer2750@example.com,Mumbai,45,YouTube,2025-10-18,New Customer,False,1.0,3198.0,2026-02-11
CUST02751,Customer 2751,customer2751@example.com,Hyderabad,22,Google,2026-03-16,New Customer,False,1.0,2499.0,2025-03-23
CUST02752,Customer 2752,customer2752@example.com,Bangalore,32,Referral,2026-04-14,New Customer,False,0.0,0.0,2026-04-14
CUST02753,Customer 2753,customer2753@example.com,Ahmedabad,25,Instagram,2025-12-09,Dormant,False,0.0,0.0,2025-12-09
CUST02754,Customer 2754,customer2754@example.com,Pune,48,Organic,2025-10-23,Repeat Buyer,False,5.0,18789.0,2026-06-18
CUST02755,Customer 2755,customer2755@example.com,Pune,38,YouTube,2025-03-21,High Value,False,3.0,10893.0,2026-04-07
CUST02756,Customer 2756,customer2756@example.com,Chennai,33,Google,2026-02-22,Price Sensitive,False,1.0,3398.0,2026-06-02
CUST02757,Customer 2757,customer2757@example.com,Pune,50,Organic,2025-09-13,New Customer,False,1.0,2997.0,2026-06-09
CUST02758,Customer 2758,customer2758@example.com,Hyderabad,55,Organic,2026-02-15,Dormant,False,0.0,0.0,2026-02-15
CUST02759,Customer 2759,customer2759@example.com,Mumbai,53,Google,2026-03-09,Window Shopper,True,0.0,0.0,2026-03-09
CUST02760,Customer 2760,customer2760@example.com,Delhi,47,Google,2026-04-20,Price Sensitive,False,3.0,6596.0,2026-07-23
CUST02761,Customer 2761,customer2761@example.com,Pune,44,Direct,2025-07-24,New Customer,False,1.0,4298.0,2025-06-29
CUST02762,Customer 2762,customer2762@example.com,Bangalore,33,Google,2025-11-16,Repeat Buyer,True,3.0,13494.0,2026-07-31
CUST02763,Customer 2763,customer2763@example.com,Bangalore,38,Instagram,2025-08-12,Repeat Buyer,False,3.0,6695.0,2026-05-03
CUST02764,Customer 2764,customer2764@example.com,Kolkata,48,Instagram,2025-06-20,Repeat Buyer,True,5.0,13191.0,2026-04-26
CUST02765,Customer 2765,customer2765@example.com,Delhi,49,Referral,2026-04-21,Dormant,True,0.0,0.0,2026-04-21
CUST02766,Customer 2766,customer2766@example.com,Kolkata,45,Google,2025-05-27,Dormant,False,0.0,0.0,2025-05-27
CUST02767,Customer 2767,customer2767@example.com,Pune,28,YouTube,2025-06-17,New Customer,False,1.0,1799.0,2025-03-02
CUST02768,Customer 2768,customer2768@example.com,Bangalore,23,Instagram,2026-02-12,High Value,False,7.0,19289.0,2026-01-05
CUST02769,Customer 2769,customer2769@example.com,Kolkata,49,Instagram,2026-04-24,Price Sensitive,True,1.0,2999.0,2025-08-17
CUST02770,Customer 2770,customer2770@example.com,Mumbai,21,Instagram,2025-08-30,Dormant,False,1.0,2499.0,2026-07-15
CUST02771,Customer 2771,customer2771@example.com,Pune,40,Direct,2025-10-20,New Customer,True,1.0,2498.0,2026-03-29
CUST02772,Customer 2772,customer2772@example.com,Chennai,39,Instagram,2025-01-20,New Customer,True,1.0,899.0,2025-07-25
CUST02773,Customer 2773,customer2773@example.com,Hyderabad,18,Google,2026-02-09,Dormant,True,0.0,0.0,2026-02-09
CUST02774,Customer 2774,customer2774@example.com,Ahmedabad,24,Organic,2025-10-31,New Customer,False,0.0,0.0,2025-10-31
CUST02775,Customer 2775,customer2775@example.com,Bangalore,36,Google,2025-02-03,New Customer,False,0.0,0.0,2025-02-03
CUST02776,Customer 2776,customer2776@example.com,Mumbai,50,Instagram,2025-09-12,Repeat Buyer,False,3.0,9393.0,2025-12-05
CUST02777,Customer 2777,customer2777@example.com,Hyderabad,43,Organic,2025-12-07,High Value,True,6.0,25087.0,2026-04-28
CUST02778,Customer 2778,customer2778@example.com,Ahmedabad,40,YouTube,2025-06-06,New Customer,False,1.0,1299.0,2025-03-22
CUST02779,Customer 2779,customer2779@example.com,Kolkata,44,Google,2026-02-11,New Customer,False,2.0,6796.0,2025-05-02
CUST02780,Customer 2780,customer2780@example.com,Pune,31,Google,2025-08-25,Dormant,False,0.0,0.0,2025-08-25
CUST02781,Customer 2781,customer2781@example.com,Bangalore,21,YouTube,2026-03-25,New Customer,True,1.0,5798.0,2025-09-19
CUST02782,Customer 2782,customer2782@example.com,Ahmedabad,26,Google,2026-01-06,New Customer,True,1.0,1698.0,2025-12-23
CUST02783,Customer 2783,customer2783@example.com,Pune,55,Google,2026-01-03,New Customer,False,2.0,8596.0,2026-08-05
CUST02784,Customer 2784,customer2784@example.com,Chennai,31,Referral,2025-12-02,Repeat Buyer,True,4.0,9694.0,2026-07-10
CUST02785,Customer 2785,customer2785@example.com,Delhi,40,Instagram,2025-01-26,New Customer,True,1.0,3999.0,2025-03-24
CUST02786,Customer 2786,customer2786@example.com,Chennai,42,Google,2026-02-21,New Customer,False,1.0,3498.0,2026-05-19
CUST02787,Customer 2787,customer2787@example.com,Kolkata,38,Referral,2025-03-10,Repeat Buyer,True,4.0,9395.0,2026-07-29
CUST02788,Customer 2788,customer2788@example.com,Kolkata,38,YouTube,2026-03-21,Window Shopper,False,1.0,7897.0,2025-10-15
CUST02789,Customer 2789,customer2789@example.com,Mumbai,34,Referral,2025-02-17,Price Sensitive,True,1.0,5498.0,2026-07-20
CUST02790,Customer 2790,customer2790@example.com,Mumbai,20,Google,2025-05-03,Repeat Buyer,False,5.0,17191.0,2026-04-05
CUST02791,Customer 2791,customer2791@example.com,Chennai,30,Direct,2025-04-03,Repeat Buyer,True,4.0,17089.0,2026-08-07
CUST02792,Customer 2792,customer2792@example.com,Pune,39,YouTube,2025-07-10,Repeat Buyer,False,4.0,10194.0,2026-06-04
CUST02793,Customer 2793,customer2793@example.com,Delhi,31,Google,2025-06-20,Repeat Buyer,True,6.0,23691.0,2026-08-09
CUST02794,Customer 2794,customer2794@example.com,Chennai,51,Referral,2026-04-01,Price Sensitive,False,2.0,5396.0,2026-06-18
CUST02795,Customer 2795,customer2795@example.com,Delhi,45,Direct,2026-02-14,High Value,True,6.0,18789.0,2026-08-19
CUST02796,Customer 2796,customer2796@example.com,Chennai,52,Referral,2025-01-23,New Customer,False,1.0,1299.0,2025-03-31
CUST02797,Customer 2797,customer2797@example.com,Bangalore,48,Referral,2026-04-21,New Customer,True,1.0,2997.0,2025-09-24
CUST02798,Customer 2798,customer2798@example.com,Delhi,38,YouTube,2025-04-25,Repeat Buyer,False,6.0,21189.0,2026-08-02
CUST02799,Customer 2799,customer2799@example.com,Hyderabad,32,Direct,2026-04-09,Repeat Buyer,True,4.0,18293.0,2026-01-21
CUST02800,Customer 2800,customer2800@example.com,Hyderabad,51,Google,2025-01-21,High Value,True,7.0,24688.0,2026-01-22
CUST02801,Customer 2801,customer2801@example.com,Delhi,43,Instagram,2025-08-09,New Customer,False,1.0,7997.0,2025-05-31
CUST02802,Customer 2802,customer2802@example.com,Chennai,52,YouTube,2026-04-27,New Customer,True,1.0,5298.0,2025-07-16
CUST02803,Customer 2803,customer2803@example.com,Chennai,21,Referral,2025-10-25,Repeat Buyer,True,2.0,4897.0,2026-07-02
CUST02804,Customer 2804,customer2804@example.com,Chennai,25,Google,2026-04-19,New Customer,False,1.0,2998.0,2025-03-16
CUST02805,Customer 2805,customer2805@example.com,Pune,29,YouTube,2025-12-02,Dormant,False,1.0,2398.0,2026-04-20
CUST02806,Customer 2806,customer2806@example.com,Bangalore,39,Direct,2025-05-06,New Customer,False,1.0,2999.0,2025-08-31
CUST02807,Customer 2807,customer2807@example.com,Mumbai,34,Google,2025-12-03,Dormant,True,0.0,0.0,2025-12-03
CUST02808,Customer 2808,customer2808@example.com,Mumbai,45,Google,2026-01-09,New Customer,False,2.0,5297.0,2026-05-04
CUST02809,Customer 2809,customer2809@example.com,Chennai,37,YouTube,2025-12-21,New Customer,True,1.0,3697.0,2025-07-27
CUST02810,Customer 2810,customer2810@example.com,Mumbai,25,Instagram,2026-05-04,High Value,True,5.0,12591.0,2026-07-06
CUST02811,Customer 2811,customer2811@example.com,Chennai,29,Instagram,2026-01-27,New Customer,False,1.0,2499.0,2026-02-24
CUST02812,Customer 2812,customer2812@example.com,Ahmedabad,50,Instagram,2025-09-04,Repeat Buyer,True,4.0,13893.0,2026-08-08
CUST02813,Customer 2813,customer2813@example.com,Bangalore,40,Instagram,2025-06-30,Price Sensitive,False,1.0,999.0,2025-11-05
CUST02814,Customer 2814,customer2814@example.com,Chennai,19,YouTube,2026-02-16,New Customer,False,1.0,4297.0,2025-04-21
CUST02815,Customer 2815,customer2815@example.com,Bangalore,28,Google,2025-06-25,Dormant,False,0.0,0.0,2025-06-25
CUST02816,Customer 2816,customer2816@example.com,Delhi,48,Direct,2025-06-29,New Customer,False,1.0,2298.0,2025-07-05
CUST02817,Customer 2817,customer2817@example.com,Kolkata,24,YouTube,2026-02-02,New Customer,False,2.0,5996.0,2026-07-10
CUST02818,Customer 2818,customer2818@example.com,Delhi,48,YouTube,2026-01-18,Window Shopper,False,0.0,0.0,2026-01-18
CUST02819,Customer 2819,customer2819@example.com,Delhi,49,YouTube,2026-01-30,Price Sensitive,False,0.0,0.0,2026-01-30
CUST02820,Customer 2820,customer2820@example.com,Pune,30,Instagram,2025-01-19,Repeat Buyer,True,4.0,13893.0,2026-04-05
CUST02821,Customer 2821,customer2821@example.com,Pune,19,Direct,2026-04-24,Repeat Buyer,True,6.0,13390.0,2026-04-24
CUST02822,Customer 2822,customer2822@example.com,Hyderabad,38,Referral,2025-02-13,Repeat Buyer,True,3.0,17393.0,2026-04-22
CUST02823,Customer 2823,customer2823@example.com,Bangalore,55,Google,2025-08-31,New Customer,True,1.0,3398.0,2026-07-09
CUST02824,Customer 2824,customer2824@example.com,Pune,25,YouTube,2026-02-20,Repeat Buyer,False,4.0,11494.0,2026-03-30
CUST02825,Customer 2825,customer2825@example.com,Pune,33,Organic,2025-10-02,New Customer,False,1.0,5997.0,2026-08-17
CUST02826,Customer 2826,customer2826@example.com,Bangalore,21,Organic,2025-12-07,Window Shopper,False,0.0,0.0,2025-12-07
CUST02827,Customer 2827,customer2827@example.com,Chennai,42,Google,2025-05-24,Dormant,True,1.0,1498.0,2025-09-08
CUST02828,Customer 2828,customer2828@example.com,Bangalore,51,Organic,2025-02-08,Repeat Buyer,True,4.0,12493.0,2026-05-30
CUST02829,Customer 2829,customer2829@example.com,Kolkata,19,Instagram,2025-05-26,Repeat Buyer,False,1.0,1499.0,2025-05-20
CUST02830,Customer 2830,customer2830@example.com,Mumbai,51,YouTube,2025-11-03,Repeat Buyer,False,5.0,16790.0,2026-05-27
CUST02831,Customer 2831,customer2831@example.com,Bangalore,34,Organic,2025-06-12,Window Shopper,False,0.0,0.0,2025-06-12
CUST02832,Customer 2832,customer2832@example.com,Delhi,55,Instagram,2025-04-29,Window Shopper,True,0.0,0.0,2025-04-29
CUST02833,Customer 2833,customer2833@example.com,Bangalore,53,YouTube,2026-03-22,New Customer,False,1.0,499.0,2025-09-27
CUST02834,Customer 2834,customer2834@example.com,Chennai,24,Referral,2026-01-21,Price Sensitive,False,3.0,14992.0,2025-08-07
CUST02835,Customer 2835,customer2835@example.com,Kolkata,23,Direct,2025-06-20,Dormant,False,0.0,0.0,2025-06-20
CUST02836,Customer 2836,customer2836@example.com,Bangalore,24,YouTube,2025-01-03,New Customer,True,1.0,499.0,2025-06-01
CUST02837,Customer 2837,customer2837@example.com,Ahmedabad,41,Referral,2025-10-05,New Customer,False,1.0,5498.0,2026-05-09
CUST02838,Customer 2838,customer2838@example.com,Delhi,23,Organic,2025-03-28,New Customer,True,2.0,7496.0,2026-05-13
CUST02839,Customer 2839,customer2839@example.com,Bangalore,19,Referral,2025-04-22,New Customer,False,1.0,1198.0,2025-07-28
CUST02840,Customer 2840,customer2840@example.com,Delhi,44,Instagram,2025-12-15,Price Sensitive,True,3.0,10293.0,2026-04-16
CUST02841,Customer 2841,customer2841@example.com,Delhi,49,YouTube,2025-05-02,High Value,True,4.0,12093.0,2026-05-24
CUST02842,Customer 2842,customer2842@example.com,Kolkata,30,YouTube,2025-05-30,New Customer,False,1.0,1998.0,2025-10-15
CUST02843,Customer 2843,customer2843@example.com,Kolkata,55,Organic,2025-05-18,Repeat Buyer,True,5.0,18591.0,2026-05-23
CUST02844,Customer 2844,customer2844@example.com,Bangalore,44,Organic,2025-11-28,New Customer,False,0.0,0.0,2025-11-28
CUST02845,Customer 2845,customer2845@example.com,Bangalore,43,YouTube,2025-04-08,High Value,True,6.0,24585.0,2026-04-25
CUST02846,Customer 2846,customer2846@example.com,Mumbai,55,Instagram,2026-05-11,Price Sensitive,False,2.0,3998.0,2026-08-01
CUST02847,Customer 2847,customer2847@example.com,Hyderabad,32,Google,2026-01-17,Price Sensitive,True,2.0,9996.0,2026-06-25
CUST02848,Customer 2848,customer2848@example.com,Kolkata,26,Google,2025-05-22,New Customer,True,1.0,5297.0,2025-08-15
CUST02849,Customer 2849,customer2849@example.com,Delhi,25,Direct,2025-01-08,Dormant,False,0.0,0.0,2025-01-08
CUST02850,Customer 2850,customer2850@example.com,Ahmedabad,27,Google,2026-01-06,Repeat Buyer,True,4.0,15892.0,2026-03-09
CUST02851,Customer 2851,customer2851@example.com,Pune,38,Referral,2025-07-13,High Value,True,5.0,17491.0,2026-05-16
CUST02852,Customer 2852,customer2852@example.com,Ahmedabad,30,Direct,2025-03-16,Price Sensitive,False,1.0,1598.0,2025-03-26
CUST02853,Customer 2853,customer2853@example.com,Delhi,49,Referral,2026-05-01,New Customer,False,1.0,2499.0,2025-06-26
CUST02854,Customer 2854,customer2854@example.com,Hyderabad,45,Referral,2025-03-23,New Customer,True,1.0,2499.0,2025-09-17
CUST02855,Customer 2855,customer2855@example.com,Hyderabad,47,YouTube,2025-05-29,New Customer,False,2.0,3897.0,2026-05-01
CUST02856,Customer 2856,customer2856@example.com,Chennai,27,Organic,2025-05-24,New Customer,True,0.0,0.0,2025-05-24
CUST02857,Customer 2857,customer2857@example.com,Ahmedabad,51,Instagram,2025-10-28,New Customer,False,2.0,4197.0,2026-05-04
CUST02858,Customer 2858,customer2858@example.com,Delhi,46,Google,2025-12-19,Repeat Buyer,True,3.0,12496.0,2026-05-28
CUST02859,Customer 2859,customer2859@example.com,Kolkata,35,Google,2025-09-03,Window Shopper,False,1.0,2097.0,2025-04-03
CUST02860,Customer 2860,customer2860@example.com,Hyderabad,33,Direct,2025-09-06,New Customer,False,1.0,4097.0,2025-07-23
CUST02861,Customer 2861,customer2861@example.com,Mumbai,25,Organic,2026-01-05,Repeat Buyer,False,4.0,17092.0,2026-03-01
CUST02862,Customer 2862,customer2862@example.com,Bangalore,35,Direct,2025-09-22,Repeat Buyer,True,0.0,0.0,2025-09-22
CUST02863,Customer 2863,customer2863@example.com,Hyderabad,22,YouTube,2026-05-06,Price Sensitive,False,1.0,1799.0,2025-03-02
CUST02864,Customer 2864,customer2864@example.com,Chennai,34,Google,2026-01-23,Window Shopper,False,0.0,0.0,2026-01-23
CUST02865,Customer 2865,customer2865@example.com,Mumbai,49,YouTube,2025-01-02,Dormant,False,0.0,0.0,2025-01-02
CUST02866,Customer 2866,customer2866@example.com,Kolkata,54,Organic,2025-01-01,New Customer,True,1.0,1499.0,2025-12-16
CUST02867,Customer 2867,customer2867@example.com,Chennai,45,Organic,2025-12-23,Repeat Buyer,True,6.0,26887.0,2026-06-30
CUST02868,Customer 2868,customer2868@example.com,Kolkata,54,YouTube,2025-07-02,Window Shopper,False,1.0,4298.0,2026-04-30
CUST02869,Customer 2869,customer2869@example.com,Delhi,33,Organic,2025-01-24,New Customer,False,1.0,3197.0,2025-09-29
CUST02870,Customer 2870,customer2870@example.com,Delhi,52,Organic,2025-09-10,Window Shopper,False,1.0,2499.0,2026-05-31
CUST02871,Customer 2871,customer2871@example.com,Hyderabad,22,Instagram,2025-10-17,New Customer,False,1.0,6498.0,2025-08-26
CUST02872,Customer 2872,customer2872@example.com,Hyderabad,31,Referral,2025-07-31,Window Shopper,False,0.0,0.0,2025-07-31
CUST02873,Customer 2873,customer2873@example.com,Bangalore,53,Referral,2026-01-03,High Value,False,3.0,7497.0,2026-05-09
CUST02874,Customer 2874,customer2874@example.com,Delhi,41,Instagram,2025-01-19,New Customer,False,1.0,699.0,2026-03-22
CUST02875,Customer 2875,customer2875@example.com,Kolkata,25,Organic,2025-11-26,New Customer,False,1.0,2499.0,2025-03-26
CUST02876,Customer 2876,customer2876@example.com,Delhi,23,Organic,2026-04-18,High Value,True,6.0,23590.0,2026-08-22
CUST02877,Customer 2877,customer2877@example.com,Chennai,52,Direct,2025-11-19,New Customer,True,1.0,1898.0,2025-03-26
CUST02878,Customer 2878,customer2878@example.com,Ahmedabad,35,YouTube,2025-03-27,Dormant,False,0.0,0.0,2025-03-27
CUST02879,Customer 2879,customer2879@example.com,Hyderabad,49,Google,2026-02-12,Price Sensitive,False,3.0,10794.0,2026-08-15
CUST02880,Customer 2880,customer2880@example.com,Bangalore,50,YouTube,2025-04-28,Repeat Buyer,True,4.0,14193.0,2026-03-31
CUST02881,Customer 2881,customer2881@example.com,Kolkata,40,Organic,2026-01-21,Dormant,False,0.0,0.0,2026-01-21
CUST02882,Customer 2882,customer2882@example.com,Hyderabad,24,Direct,2025-10-20,Repeat Buyer,True,6.0,16290.0,2026-08-10
CUST02883,Customer 2883,customer2883@example.com,Mumbai,28,Google,2026-01-13,New Customer,False,2.0,12895.0,2026-01-12
CUST02884,Customer 2884,customer2884@example.com,Delhi,30,Google,2025-06-01,New Customer,True,1.0,1998.0,2025-08-29
CUST02885,Customer 2885,customer2885@example.com,Delhi,26,Instagram,2025-03-02,Repeat Buyer,True,4.0,8894.0,2025-12-24
CUST02886,Customer 2886,customer2886@example.com,Pune,37,Direct,2025-08-10,Price Sensitive,False,3.0,17193.0,2025-09-22
CUST02887,Customer 2887,customer2887@example.com,Mumbai,48,Referral,2025-01-04,New Customer,True,1.0,1299.0,2025-05-11
CUST02888,Customer 2888,customer2888@example.com,Mumbai,44,Instagram,2025-02-13,New Customer,True,0.0,0.0,2025-02-13
CUST02889,Customer 2889,customer2889@example.com,Mumbai,44,Instagram,2025-08-11,Price Sensitive,False,1.0,9497.0,2025-04-04
CUST02890,Customer 2890,customer2890@example.com,Chennai,51,Direct,2025-10-12,New Customer,False,1.0,499.0,2025-12-03
CUST02891,Customer 2891,customer2891@example.com,Pune,46,Google,2026-03-01,Window Shopper,False,1.0,1198.0,2025-06-03
CUST02892,Customer 2892,customer2892@example.com,Delhi,46,Referral,2025-03-30,Dormant,False,0.0,0.0,2025-03-30
CUST02893,Customer 2893,customer2893@example.com,Chennai,38,Organic,2025-11-07,High Value,False,7.0,19988.0,2026-04-10
CUST02894,Customer 2894,customer2894@example.com,Hyderabad,30,Referral,2025-06-01,New Customer,False,1.0,2198.0,2025-09-08
CUST02895,Customer 2895,customer2895@example.com,Bangalore,55,Instagram,2026-02-12,Repeat Buyer,True,2.0,7097.0,2026-06-12
CUST02896,Customer 2896,customer2896@example.com,Delhi,52,Instagram,2025-10-14,Price Sensitive,False,0.0,0.0,2025-10-14
CUST02897,Customer 2897,customer2897@example.com,Mumbai,21,YouTube,2025-04-03,Repeat Buyer,False,4.0,9193.0,2026-07-14
CUST02898,Customer 2898,customer2898@example.com,Mumbai,33,Instagram,2025-09-18,High Value,True,5.0,17990.0,2026-01-05
CUST02899,Customer 2899,customer2899@example.com,Bangalore,33,YouTube,2025-10-10,Window Shopper,False,0.0,0.0,2025-10-10
CUST02900,Customer 2900,customer2900@example.com,Bangalore,34,Organic,2025-06-20,New Customer,False,1.0,2499.0,2025-10-08
CUST02901,Customer 2901,customer2901@example.com,Hyderabad,45,Referral,2026-03-12,High Value,False,6.0,20389.0,2026-07-09
CUST02902,Customer 2902,customer2902@example.com,Delhi,23,YouTube,2025-03-17,Window Shopper,True,0.0,0.0,2025-03-17
CUST02903,Customer 2903,customer2903@example.com,Bangalore,38,Referral,2025-03-26,High Value,True,7.0,29583.0,2026-08-07
CUST02904,Customer 2904,customer2904@example.com,Pune,19,Instagram,2026-01-27,Price Sensitive,False,3.0,17992.0,2026-08-19
CUST02905,Customer 2905,customer2905@example.com,Hyderabad,19,Instagram,2025-06-15,New Customer,True,1.0,3798.0,2026-07-30
CUST02906,Customer 2906,customer2906@example.com,Bangalore,23,Direct,2025-04-08,New Customer,False,1.0,2998.0,2026-08-09
CUST02907,Customer 2907,customer2907@example.com,Ahmedabad,52,Direct,2025-07-10,Repeat Buyer,False,5.0,16589.0,2026-07-30
CUST02908,Customer 2908,customer2908@example.com,Hyderabad,27,Organic,2025-06-10,New Customer,False,1.0,4397.0,2026-03-08
CUST02909,Customer 2909,customer2909@example.com,Chennai,36,Organic,2025-03-23,Repeat Buyer,True,4.0,15192.0,2026-05-29
CUST02910,Customer 2910,customer2910@example.com,Ahmedabad,36,Referral,2025-09-25,New Customer,False,1.0,1698.0,2026-07-09
CUST02911,Customer 2911,customer2911@example.com,Mumbai,36,YouTube,2025-11-15,Window Shopper,True,0.0,0.0,2025-11-15
CUST02912,Customer 2912,customer2912@example.com,Ahmedabad,20,YouTube,2025-08-11,Price Sensitive,False,2.0,6496.0,2025-11-24
CUST02913,Customer 2913,customer2913@example.com,Hyderabad,18,Direct,2025-05-14,Repeat Buyer,True,1.0,3198.0,2026-01-27
CUST02914,Customer 2914,customer2914@example.com,Pune,23,Organic,2026-01-06,Window Shopper,False,1.0,6997.0,2026-08-04
CUST02915,Customer 2915,customer2915@example.com,Kolkata,42,YouTube,2025-03-04,Repeat Buyer,True,3.0,9495.0,2025-07-06
CUST02916,Customer 2916,customer2916@example.com,Chennai,50,Google,2025-06-14,New Customer,True,1.0,3798.0,2025-05-27
CUST02917,Customer 2917,customer2917@example.com,Chennai,28,YouTube,2025-07-12,Repeat Buyer,True,5.0,17790.0,2025-12-09
CUST02918,Customer 2918,customer2918@example.com,Hyderabad,48,Instagram,2025-07-28,Price Sensitive,False,2.0,5497.0,2026-03-31
CUST02919,Customer 2919,customer2919@example.com,Ahmedabad,40,Instagram,2026-01-31,New Customer,False,1.0,4597.0,2026-05-15
CUST02920,Customer 2920,customer2920@example.com,Mumbai,26,Instagram,2025-02-01,High Value,True,6.0,14891.0,2026-08-05
CUST02921,Customer 2921,customer2921@example.com,Bangalore,43,Organic,2026-03-04,New Customer,True,1.0,4997.0,2026-02-03
CUST02922,Customer 2922,customer2922@example.com,Hyderabad,34,Direct,2026-01-11,High Value,False,5.0,19791.0,2026-07-26
CUST02923,Customer 2923,customer2923@example.com,Mumbai,53,Referral,2025-09-13,New Customer,False,2.0,6496.0,2026-08-08
CUST02924,Customer 2924,customer2924@example.com,Delhi,42,Direct,2026-01-27,Window Shopper,False,0.0,0.0,2026-01-27
CUST02925,Customer 2925,customer2925@example.com,Kolkata,35,Google,2025-03-21,New Customer,False,1.0,3398.0,2025-07-12
CUST02926,Customer 2926,customer2926@example.com,Kolkata,36,Direct,2025-03-29,Price Sensitive,True,1.0,5797.0,2026-05-15
CUST02927,Customer 2927,customer2927@example.com,Chennai,44,Organic,2025-03-23,High Value,True,6.0,20491.0,2026-06-13
CUST02928,Customer 2928,customer2928@example.com,Mumbai,41,Direct,2026-01-07,New Customer,False,2.0,7296.0,2026-05-12
CUST02929,Customer 2929,customer2929@example.com,Bangalore,37,Organic,2025-02-12,Window Shopper,False,0.0,0.0,2025-02-12
CUST02930,Customer 2930,customer2930@example.com,Kolkata,36,Direct,2025-07-19,Repeat Buyer,True,3.0,11893.0,2025-11-10
CUST02931,Customer 2931,customer2931@example.com,Pune,36,Instagram,2025-04-06,New Customer,False,0.0,0.0,2025-04-06
CUST02932,Customer 2932,customer2932@example.com,Pune,39,YouTube,2025-12-16,Repeat Buyer,True,3.0,11194.0,2026-01-31
CUST02933,Customer 2933,customer2933@example.com,Hyderabad,23,Referral,2025-07-13,New Customer,True,0.0,0.0,2025-07-13
CUST02934,Customer 2934,customer2934@example.com,Chennai,50,YouTube,2026-05-07,Repeat Buyer,False,1.0,2499.0,2026-07-07
CUST02935,Customer 2935,customer2935@example.com,Hyderabad,32,Direct,2025-02-25,Window Shopper,False,1.0,3998.0,2026-07-30
CUST02936,Customer 2936,customer2936@example.com,Mumbai,35,Organic,2026-01-07,Repeat Buyer,True,2.0,6997.0,2025-10-12
CUST02937,Customer 2937,customer2937@example.com,Hyderabad,39,Instagram,2025-05-29,Dormant,False,0.0,0.0,2025-05-29
CUST02938,Customer 2938,customer2938@example.com,Chennai,33,Google,2026-04-15,Price Sensitive,True,2.0,6497.0,2026-04-16
CUST02939,Customer 2939,customer2939@example.com,Pune,30,YouTube,2025-05-12,New Customer,False,2.0,5796.0,2025-11-11
CUST02940,Customer 2940,customer2940@example.com,Bangalore,43,Direct,2025-04-24,High Value,False,5.0,14891.0,2026-07-11
CUST02941,Customer 2941,customer2941@example.com,Bangalore,24,Direct,2025-11-04,Window Shopper,False,0.0,0.0,2025-11-04
CUST02942,Customer 2942,customer2942@example.com,Bangalore,52,Instagram,2025-11-07,Repeat Buyer,True,2.0,4297.0,2025-09-19
CUST02943,Customer 2943,customer2943@example.com,Bangalore,30,Referral,2025-04-21,Dormant,False,0.0,0.0,2025-04-21
CUST02944,Customer 2944,customer2944@example.com,Delhi,20,Referral,2026-03-14,New Customer,False,1.0,4698.0,2025-08-31
CUST02945,Customer 2945,customer2945@example.com,Bangalore,50,Referral,2026-01-24,New Customer,True,1.0,4498.0,2026-04-13
CUST02946,Customer 2946,customer2946@example.com,Bangalore,47,YouTube,2026-03-16,Dormant,False,0.0,0.0,2026-03-16
CUST02947,Customer 2947,customer2947@example.com,Hyderabad,18,Google,2025-04-17,Repeat Buyer,True,0.0,0.0,2025-04-17
CUST02948,Customer 2948,customer2948@example.com,Hyderabad,55,Instagram,2025-06-21,Window Shopper,False,0.0,0.0,2025-06-21
CUST02949,Customer 2949,customer2949@example.com,Mumbai,51,Instagram,2025-05-06,Price Sensitive,True,3.0,10796.0,2026-05-05
CUST02950,Customer 2950,customer2950@example.com,Ahmedabad,34,Direct,2025-05-26,Price Sensitive,False,0.0,0.0,2025-05-26
CUST02951,Customer 2951,customer2951@example.com,Kolkata,18,YouTube,2025-12-15,Window Shopper,False,0.0,0.0,2025-12-15
CUST02952,Customer 2952,customer2952@example.com,Pune,26,Instagram,2025-02-09,New Customer,False,1.0,2798.0,2025-11-06
CUST02953,Customer 2953,customer2953@example.com,Bangalore,51,Direct,2026-01-31,Repeat Buyer,True,4.0,16391.0,2026-08-06
CUST02954,Customer 2954,customer2954@example.com,Chennai,32,Google,2025-07-23,High Value,True,5.0,12091.0,2026-06-27
CUST02955,Customer 2955,customer2955@example.com,Hyderabad,55,Google,2026-01-23,High Value,True,7.0,19687.0,2026-07-23
CUST02956,Customer 2956,customer2956@example.com,Mumbai,31,YouTube,2025-11-05,Dormant,True,0.0,0.0,2025-11-05
CUST02957,Customer 2957,customer2957@example.com,Ahmedabad,35,Organic,2025-06-22,Repeat Buyer,True,3.0,12094.0,2026-05-23
CUST02958,Customer 2958,customer2958@example.com,Hyderabad,36,Google,2025-09-24,Repeat Buyer,True,3.0,6996.0,2026-01-30
CUST02959,Customer 2959,customer2959@example.com,Hyderabad,41,Direct,2025-01-11,High Value,False,8.0,30383.0,2026-05-24
CUST02960,Customer 2960,customer2960@example.com,Ahmedabad,43,Referral,2025-08-11,Price Sensitive,False,3.0,8596.0,2025-06-13
CUST02961,Customer 2961,customer2961@example.com,Bangalore,25,Direct,2025-03-07,Dormant,False,1.0,3997.0,2025-05-21
CUST02962,Customer 2962,customer2962@example.com,Hyderabad,30,Instagram,2025-09-24,Repeat Buyer,False,5.0,19790.0,2026-08-05
CUST02963,Customer 2963,customer2963@example.com,Kolkata,23,Instagram,2025-07-17,Window Shopper,False,1.0,4298.0,2026-05-12
CUST02964,Customer 2964,customer2964@example.com,Pune,31,Instagram,2026-05-03,New Customer,False,1.0,3898.0,2025-11-11
CUST02965,Customer 2965,customer2965@example.com,Pune,40,Instagram,2026-02-23,New Customer,False,1.0,899.0,2026-01-06
CUST02966,Customer 2966,customer2966@example.com,Kolkata,54,Instagram,2025-09-06,Repeat Buyer,True,5.0,13892.0,2026-08-21
CUST02967,Customer 2967,customer2967@example.com,Mumbai,31,YouTube,2026-03-02,High Value,True,4.0,10191.0,2025-09-22
CUST02968,Customer 2968,customer2968@example.com,Hyderabad,25,Google,2025-06-05,New Customer,False,2.0,12295.0,2025-08-04
CUST02969,Customer 2969,customer2969@example.com,Ahmedabad,30,Organic,2025-06-02,Window Shopper,True,1.0,2798.0,2026-03-07
CUST02970,Customer 2970,customer2970@example.com,Mumbai,44,Instagram,2025-04-19,New Customer,False,1.0,1998.0,2026-08-15
CUST02971,Customer 2971,customer2971@example.com,Bangalore,21,Instagram,2025-12-08,New Customer,False,1.0,3998.0,2026-01-13
CUST02972,Customer 2972,customer2972@example.com,Hyderabad,21,YouTube,2025-07-08,Repeat Buyer,True,6.0,13988.0,2026-07-04
CUST02973,Customer 2973,customer2973@example.com,Bangalore,36,Organic,2025-10-21,Dormant,False,0.0,0.0,2025-10-21
CUST02974,Customer 2974,customer2974@example.com,Ahmedabad,34,YouTube,2026-02-18,New Customer,True,1.0,6697.0,2026-02-01
CUST02975,Customer 2975,customer2975@example.com,Kolkata,54,Referral,2026-03-22,New Customer,False,2.0,8896.0,2026-08-03
CUST02976,Customer 2976,customer2976@example.com,Ahmedabad,23,YouTube,2025-06-01,Price Sensitive,False,3.0,3395.0,2025-09-18
CUST02977,Customer 2977,customer2977@example.com,Kolkata,54,Google,2025-03-17,New Customer,False,2.0,5896.0,2025-12-29
CUST02978,Customer 2978,customer2978@example.com,Hyderabad,50,Organic,2025-10-19,Repeat Buyer,True,2.0,4497.0,2026-08-03
CUST02979,Customer 2979,customer2979@example.com,Delhi,29,Google,2025-02-25,High Value,False,3.0,12695.0,2026-06-20
CUST02980,Customer 2980,customer2980@example.com,Delhi,36,Google,2026-02-02,New Customer,False,1.0,4298.0,2025-11-14
CUST02981,Customer 2981,customer2981@example.com,Hyderabad,44,YouTube,2025-12-25,Dormant,False,1.0,2499.0,2026-06-13
CUST02982,Customer 2982,customer2982@example.com,Mumbai,43,Direct,2025-03-02,New Customer,False,0.0,0.0,2025-03-02
CUST02983,Customer 2983,customer2983@example.com,Hyderabad,46,Google,2026-01-19,Repeat Buyer,True,3.0,11595.0,2026-07-27
CUST02984,Customer 2984,customer2984@example.com,Delhi,51,YouTube,2025-04-23,New Customer,False,1.0,4298.0,2026-01-15
CUST02985,Customer 2985,customer2985@example.com,Pune,33,YouTube,2025-03-12,Repeat Buyer,True,5.0,18090.0,2025-11-20
CUST02986,Customer 2986,customer2986@example.com,Hyderabad,36,Instagram,2026-04-05,Price Sensitive,False,1.0,5298.0,2025-07-18
CUST02987,Customer 2987,customer2987@example.com,Bangalore,27,Direct,2025-10-17,Repeat Buyer,True,4.0,13392.0,2026-07-25
CUST02988,Customer 2988,customer2988@example.com,Mumbai,43,YouTube,2026-01-26,High Value,True,5.0,11993.0,2026-08-18
CUST02989,Customer 2989,customer2989@example.com,Kolkata,35,Instagram,2026-02-06,Repeat Buyer,True,4.0,8994.0,2026-06-29
CUST02990,Customer 2990,customer2990@example.com,Pune,44,Direct,2025-02-07,High Value,True,6.0,22188.0,2026-05-28
CUST02991,Customer 2991,customer2991@example.com,Ahmedabad,45,Instagram,2025-12-11,Dormant,False,0.0,0.0,2025-12-11
CUST02992,Customer 2992,customer2992@example.com,Delhi,51,Organic,2025-10-20,Window Shopper,False,1.0,4097.0,2025-03-09
CUST02993,Customer 2993,customer2993@example.com,Bangalore,34,Google,2026-02-02,Repeat Buyer,False,6.0,22989.0,2026-03-19
CUST02994,Customer 2994,customer2994@example.com,Delhi,55,Organic,2026-03-12,New Customer,False,1.0,2499.0,2025-12-26
CUST02995,Customer 2995,customer2995@example.com,Hyderabad,19,Google,2025-09-02,Repeat Buyer,True,6.0,13491.0,2026-04-27
CUST02996,Customer 2996,customer2996@example.com,Kolkata,43,Referral,2025-02-02,Price Sensitive,True,2.0,9495.0,2025-08-28
CUST02997,Customer 2997,customer2997@example.com,Kolkata,50,Google,2025-02-08,Dormant,True,0.0,0.0,2025-02-08
CUST02998,Customer 2998,customer2998@example.com,Pune,19,Instagram,2026-04-30,New Customer,True,1.0,2499.0,2026-05-02
CUST02999,Customer 2999,customer2999@example.com,Chennai,23,Organic,2025-11-19,New Customer,False,2.0,998.0,2026-07-07
CUST03000,Customer 3000,customer3000@example.com,Pune,21,Referral,2025-07-28,High Value,False,3.0,4696.0,2025-12-31
CUST03001,Customer 3001,customer3001@example.com,Delhi,55,Referral,2025-11-25,Price Sensitive,False,1.0,4697.0,2025-07-14
CUST03002,Customer 3002,customer3002@example.com,Pune,32,Direct,2025-05-24,Repeat Buyer,True,5.0,14791.0,2026-04-09
CUST03003,Customer 3003,customer3003@example.com,Ahmedabad,46,YouTube,2025-05-25,New Customer,False,0.0,0.0,2025-05-25
CUST03004,Customer 3004,customer3004@example.com,Ahmedabad,26,Direct,2025-07-26,Repeat Buyer,True,2.0,10796.0,2025-11-17
CUST03005,Customer 3005,customer3005@example.com,Mumbai,26,Organic,2025-01-10,Price Sensitive,False,3.0,19192.0,2025-09-03
CUST03006,Customer 3006,customer3006@example.com,Ahmedabad,48,Referral,2026-04-18,High Value,True,7.0,19788.0,2026-03-11
CUST03007,Customer 3007,customer3007@example.com,Bangalore,34,Instagram,2025-07-23,New Customer,True,1.0,3498.0,2026-06-01
CUST03008,Customer 3008,customer3008@example.com,Chennai,22,Google,2025-04-12,Dormant,False,0.0,0.0,2025-04-12
CUST03009,Customer 3009,customer3009@example.com,Mumbai,38,Organic,2026-01-02,New Customer,False,1.0,4798.0,2026-08-18
CUST03010,Customer 3010,customer3010@example.com,Kolkata,24,Referral,2025-10-06,Dormant,False,0.0,0.0,2025-10-06
CUST03011,Customer 3011,customer3011@example.com,Delhi,28,Direct,2025-02-22,Dormant,False,0.0,0.0,2025-02-22
CUST03012,Customer 3012,customer3012@example.com,Kolkata,25,Google,2026-01-20,New Customer,True,1.0,899.0,2025-12-20
CUST03013,Customer 3013,customer3013@example.com,Pune,26,Referral,2025-09-11,Repeat Buyer,False,5.0,17890.0,2025-12-31
CUST03014,Customer 3014,customer3014@example.com,Kolkata,25,Google,2025-04-22,High Value,False,8.0,25185.0,2026-08-03
CUST03015,Customer 3015,customer3015@example.com,Chennai,37,Organic,2025-10-31,Repeat Buyer,False,5.0,9293.0,2026-05-30
CUST03016,Customer 3016,customer3016@example.com,Pune,21,Google,2026-03-19,New Customer,False,1.0,5498.0,2025-08-21
CUST03017,Customer 3017,customer3017@example.com,Bangalore,45,Organic,2025-05-26,Repeat Buyer,True,4.0,8694.0,2026-01-30
CUST03018,Customer 3018,customer3018@example.com,Delhi,34,Instagram,2025-07-23,Dormant,False,0.0,0.0,2025-07-23
CUST03019,Customer 3019,customer3019@example.com,Mumbai,47,Direct,2026-02-09,Repeat Buyer,True,3.0,9594.0,2026-02-09
CUST03020,Customer 3020,customer3020@example.com,Mumbai,22,Instagram,2026-03-03,Repeat Buyer,True,6.0,18188.0,2026-08-16
CUST03021,Customer 3021,customer3021@example.com,Ahmedabad,55,YouTube,2026-02-28,New Customer,True,1.0,5498.0,2025-10-21
CUST03022,Customer 3022,customer3022@example.com,Chennai,51,Referral,2025-03-29,New Customer,False,2.0,4797.0,2026-03-26
CUST03023,Customer 3023,customer3023@example.com,Ahmedabad,46,Google,2026-01-24,High Value,True,8.0,19690.0,2026-06-30
CUST03024,Customer 3024,customer3024@example.com,Delhi,25,YouTube,2025-04-01,Repeat Buyer,False,4.0,4696.0,2026-08-09
CUST03025,Customer 3025,customer3025@example.com,Kolkata,19,Organic,2025-04-28,High Value,False,3.0,10593.0,2026-08-12
CUST03026,Customer 3026,customer3026@example.com,Hyderabad,49,Direct,2025-10-29,High Value,True,3.0,11693.0,2026-07-22
CUST03027,Customer 3027,customer3027@example.com,Kolkata,25,Referral,2025-09-02,High Value,True,7.0,27085.0,2026-08-08
CUST03028,Customer 3028,customer3028@example.com,Ahmedabad,33,Referral,2025-09-23,Price Sensitive,False,1.0,5197.0,2025-04-21
CUST03029,Customer 3029,customer3029@example.com,Hyderabad,41,Instagram,2025-07-12,Price Sensitive,True,2.0,11895.0,2025-12-27
CUST03030,Customer 3030,customer3030@example.com,Mumbai,29,Google,2025-11-19,High Value,True,5.0,14891.0,2026-04-13
CUST03031,Customer 3031,customer3031@example.com,Bangalore,43,Direct,2026-03-24,Repeat Buyer,True,2.0,6095.0,2025-06-23
CUST03032,Customer 3032,customer3032@example.com,Pune,52,Referral,2026-04-25,Price Sensitive,True,3.0,11293.0,2025-06-29
CUST03033,Customer 3033,customer3033@example.com,Mumbai,22,YouTube,2025-11-30,New Customer,False,1.0,1799.0,2025-10-08
CUST03034,Customer 3034,customer3034@example.com,Mumbai,38,YouTube,2025-07-23,Price Sensitive,True,1.0,6998.0,2026-03-24
CUST03035,Customer 3035,customer3035@example.com,Hyderabad,53,YouTube,2025-10-01,Dormant,False,1.0,899.0,2025-05-01
CUST03036,Customer 3036,customer3036@example.com,Kolkata,52,Organic,2026-02-06,Price Sensitive,False,1.0,4997.0,2025-08-01
CUST03037,Customer 3037,customer3037@example.com,Mumbai,26,Instagram,2026-03-12,High Value,True,6.0,18487.0,2026-07-12
CUST03038,Customer 3038,customer3038@example.com,Delhi,52,Referral,2026-05-15,Repeat Buyer,True,2.0,12794.0,2025-06-09
CUST03039,Customer 3039,customer3039@example.com,Chennai,50,Organic,2025-11-28,Price Sensitive,False,2.0,4597.0,2026-05-20
CUST03040,Customer 3040,customer3040@example.com,Pune,50,YouTube,2025-11-19,New Customer,False,1.0,899.0,2025-08-18
CUST03041,Customer 3041,customer3041@example.com,Pune,46,Direct,2025-10-07,New Customer,True,1.0,2999.0,2025-08-12
CUST03042,Customer 3042,customer3042@example.com,Hyderabad,46,Instagram,2025-07-02,Repeat Buyer,False,5.0,14691.0,2026-05-18
CUST03043,Customer 3043,customer3043@example.com,Kolkata,46,Referral,2025-09-02,Dormant,False,0.0,0.0,2025-09-02
CUST03044,Customer 3044,customer3044@example.com,Mumbai,19,YouTube,2025-08-20,New Customer,False,1.0,8797.0,2026-04-05
CUST03045,Customer 3045,customer3045@example.com,Bangalore,47,Referral,2025-11-09,New Customer,False,1.0,4997.0,2025-06-28
CUST03046,Customer 3046,customer3046@example.com,Mumbai,54,Referral,2025-09-16,High Value,True,7.0,25586.0,2026-08-01
CUST03047,Customer 3047,customer3047@example.com,Mumbai,38,YouTube,2025-10-23,Repeat Buyer,False,3.0,12793.0,2026-07-23
CUST03048,Customer 3048,customer3048@example.com,Hyderabad,52,Organic,2025-12-15,New Customer,False,2.0,10695.0,2026-04-30
CUST03049,Customer 3049,customer3049@example.com,Mumbai,33,Organic,2025-01-27,High Value,True,8.0,16088.0,2026-06-29
CUST03050,Customer 3050,customer3050@example.com,Pune,42,Referral,2026-01-08,Price Sensitive,False,2.0,7096.0,2025-10-05
CUST03051,Customer 3051,customer3051@example.com,Hyderabad,19,Direct,2025-03-05,High Value,True,6.0,26886.0,2026-05-05
CUST03052,Customer 3052,customer3052@example.com,Mumbai,39,Organic,2025-05-18,New Customer,False,1.0,7797.0,2025-04-05
CUST03053,Customer 3053,customer3053@example.com,Kolkata,47,YouTube,2025-07-21,New Customer,False,1.0,3897.0,2026-03-16
CUST03054,Customer 3054,customer3054@example.com,Chennai,29,Direct,2025-05-07,New Customer,False,1.0,3398.0,2025-03-10
CUST03055,Customer 3055,customer3055@example.com,Chennai,43,Google,2026-03-20,High Value,True,8.0,24290.0,2026-07-04
CUST03056,Customer 3056,customer3056@example.com,Bangalore,39,Referral,2025-03-26,Dormant,False,0.0,0.0,2025-03-26
CUST03057,Customer 3057,customer3057@example.com,Pune,29,YouTube,2026-01-25,New Customer,False,0.0,0.0,2026-01-25
CUST03058,Customer 3058,customer3058@example.com,Ahmedabad,29,Organic,2025-07-19,Repeat Buyer,False,5.0,22689.0,2026-07-06
CUST03059,Customer 3059,customer3059@example.com,Kolkata,55,Google,2026-03-21,New Customer,False,1.0,2499.0,2025-04-17
CUST03060,Customer 3060,customer3060@example.com,Pune,24,Google,2026-03-17,Price Sensitive,False,3.0,7695.0,2026-08-01
CUST03061,Customer 3061,customer3061@example.com,Kolkata,41,Organic,2025-01-14,Dormant,False,0.0,0.0,2025-01-14
CUST03062,Customer 3062,customer3062@example.com,Chennai,42,YouTube,2025-06-16,Dormant,False,0.0,0.0,2025-06-16
CUST03063,Customer 3063,customer3063@example.com,Ahmedabad,36,Organic,2025-04-25,New Customer,False,2.0,1998.0,2026-07-17
CUST03064,Customer 3064,customer3064@example.com,Bangalore,50,YouTube,2025-02-08,New Customer,False,1.0,1799.0,2026-02-08
CUST03065,Customer 3065,customer3065@example.com,Ahmedabad,48,Google,2025-01-25,Dormant,True,0.0,0.0,2025-01-25
CUST03066,Customer 3066,customer3066@example.com,Pune,55,Google,2025-05-18,New Customer,False,2.0,2298.0,2025-10-23
CUST03067,Customer 3067,customer3067@example.com,Pune,31,Referral,2025-06-07,Price Sensitive,True,3.0,9494.0,2026-07-05
CUST03068,Customer 3068,customer3068@example.com,Bangalore,38,Organic,2025-04-14,New Customer,False,2.0,3397.0,2026-05-15
CUST03069,Customer 3069,customer3069@example.com,Pune,31,Referral,2025-09-01,New Customer,False,1.0,2999.0,2025-10-19
CUST03070,Customer 3070,customer3070@example.com,Bangalore,33,Referral,2025-08-18,Price Sensitive,False,2.0,8195.0,2025-07-28
CUST03071,Customer 3071,customer3071@example.com,Chennai,27,Direct,2026-03-19,Window Shopper,True,0.0,0.0,2026-03-19
CUST03072,Customer 3072,customer3072@example.com,Bangalore,20,Organic,2025-04-01,High Value,True,6.0,17090.0,2026-03-31
CUST03073,Customer 3073,customer3073@example.com,Bangalore,55,YouTube,2025-08-31,Repeat Buyer,True,5.0,16294.0,2026-07-17
CUST03074,Customer 3074,customer3074@example.com,Mumbai,48,Instagram,2025-05-20,High Value,True,4.0,18291.0,2026-04-07
CUST03075,Customer 3075,customer3075@example.com,Pune,43,Google,2026-04-01,Repeat Buyer,True,6.0,23686.0,2026-06-04
CUST03076,Customer 3076,customer3076@example.com,Kolkata,44,Instagram,2026-05-05,New Customer,False,1.0,5397.0,2026-06-04
CUST03077,Customer 3077,customer3077@example.com,Kolkata,46,YouTube,2025-08-15,Repeat Buyer,False,5.0,21289.0,2026-01-20
CUST03078,Customer 3078,customer3078@example.com,Mumbai,49,Direct,2025-06-22,New Customer,False,1.0,2498.0,2025-10-02
CUST03079,Customer 3079,customer3079@example.com,Chennai,52,Direct,2025-06-23,Repeat Buyer,False,5.0,18092.0,2026-08-06
CUST03080,Customer 3080,customer3080@example.com,Pune,38,Direct,2026-03-07,Price Sensitive,False,3.0,9694.0,2026-08-07
CUST03081,Customer 3081,customer3081@example.com,Mumbai,37,YouTube,2026-04-12,High Value,True,6.0,20289.0,2026-07-05
CUST03082,Customer 3082,customer3082@example.com,Kolkata,39,Instagram,2025-03-11,New Customer,True,1.0,3498.0,2026-06-26
CUST03083,Customer 3083,customer3083@example.com,Hyderabad,20,Google,2026-02-15,Dormant,True,1.0,3998.0,2026-07-15
CUST03084,Customer 3084,customer3084@example.com,Delhi,22,Google,2025-03-09,Repeat Buyer,True,1.0,4298.0,2025-09-21
CUST03085,Customer 3085,customer3085@example.com,Bangalore,38,Organic,2025-02-05,High Value,False,8.0,21887.0,2026-06-20
CUST03086,Customer 3086,customer3086@example.com,Ahmedabad,20,YouTube,2025-04-15,New Customer,False,1.0,1799.0,2026-05-14
CUST03087,Customer 3087,customer3087@example.com,Mumbai,24,Organic,2025-06-05,High Value,True,7.0,26886.0,2026-08-19
CUST03088,Customer 3088,customer3088@example.com,Kolkata,42,YouTube,2025-11-14,New Customer,False,1.0,4997.0,2025-07-25
CUST03089,Customer 3089,customer3089@example.com,Ahmedabad,32,Referral,2025-08-18,Dormant,False,1.0,3397.0,2026-01-10
CUST03090,Customer 3090,customer3090@example.com,Chennai,44,Google,2026-01-18,Window Shopper,False,0.0,0.0,2026-01-18
CUST03091,Customer 3091,customer3091@example.com,Mumbai,41,Organic,2025-04-18,New Customer,False,1.0,1499.0,2026-04-01
CUST03092,Customer 3092,customer3092@example.com,Delhi,29,Direct,2025-10-06,Dormant,True,0.0,0.0,2025-10-06
CUST03093,Customer 3093,customer3093@example.com,Mumbai,30,Instagram,2025-03-06,Window Shopper,True,0.0,0.0,2025-03-06
CUST03094,Customer 3094,customer3094@example.com,Hyderabad,37,YouTube,2025-02-17,New Customer,True,1.0,3398.0,2025-12-30
CUST03095,Customer 3095,customer3095@example.com,Bangalore,51,Google,2025-08-01,New Customer,False,1.0,8297.0,2025-08-17
CUST03096,Customer 3096,customer3096@example.com,Ahmedabad,40,Instagram,2025-09-30,New Customer,True,2.0,8096.0,2026-07-17
CUST03097,Customer 3097,customer3097@example.com,Bangalore,47,Google,2026-02-07,New Customer,False,1.0,3197.0,2026-06-26
CUST03098,Customer 3098,customer3098@example.com,Ahmedabad,38,Organic,2026-01-18,New Customer,False,1.0,2498.0,2026-04-27
CUST03099,Customer 3099,customer3099@example.com,Chennai,48,Google,2025-07-14,Dormant,False,1.0,499.0,2026-04-25
CUST03100,Customer 3100,customer3100@example.com,Hyderabad,38,Google,2025-11-13,New Customer,False,1.0,2999.0,2026-07-10
CUST03101,Customer 3101,customer3101@example.com,Ahmedabad,42,Direct,2025-10-11,New Customer,False,1.0,7797.0,2026-03-02
CUST03102,Customer 3102,customer3102@example.com,Hyderabad,53,Google,2026-01-03,New Customer,True,1.0,1598.0,2026-01-28
CUST03103,Customer 3103,customer3103@example.com,Ahmedabad,29,Instagram,2025-08-23,Repeat Buyer,True,3.0,6896.0,2025-08-13
CUST03104,Customer 3104,customer3104@example.com,Delhi,54,Direct,2025-10-26,Price Sensitive,True,1.0,2499.0,2026-06-25
CUST03105,Customer 3105,customer3105@example.com,Hyderabad,38,Google,2025-03-30,Dormant,False,0.0,0.0,2025-03-30
CUST03106,Customer 3106,customer3106@example.com,Delhi,44,Google,2026-05-05,New Customer,False,2.0,2097.0,2026-07-07
CUST03107,Customer 3107,customer3107@example.com,Pune,55,Instagram,2025-11-24,New Customer,False,1.0,2298.0,2025-07-07
CUST03108,Customer 3108,customer3108@example.com,Mumbai,33,Google,2025-06-16,Repeat Buyer,True,5.0,16292.0,2026-08-09
CUST03109,Customer 3109,customer3109@example.com,Delhi,54,YouTube,2025-04-15,Price Sensitive,False,1.0,1299.0,2025-12-22
CUST03110,Customer 3110,customer3110@example.com,Chennai,44,Instagram,2025-09-08,Repeat Buyer,False,2.0,7296.0,2026-04-22
CUST03111,Customer 3111,customer3111@example.com,Ahmedabad,32,Google,2026-02-18,Price Sensitive,False,2.0,2997.0,2025-10-16
CUST03112,Customer 3112,customer3112@example.com,Hyderabad,54,Organic,2025-05-14,Repeat Buyer,True,3.0,9194.0,2026-08-06
CUST03113,Customer 3113,customer3113@example.com,Ahmedabad,25,Google,2026-04-03,Window Shopper,False,1.0,1898.0,2025-07-24
CUST03114,Customer 3114,customer3114@example.com,Ahmedabad,18,Google,2025-10-20,Repeat Buyer,False,2.0,10195.0,2025-11-06
CUST03115,Customer 3115,customer3115@example.com,Hyderabad,39,Google,2025-12-08,New Customer,True,1.0,3198.0,2025-07-09
CUST03116,Customer 3116,customer3116@example.com,Ahmedabad,25,Google,2025-09-09,Window Shopper,False,0.0,0.0,2025-09-09
CUST03117,Customer 3117,customer3117@example.com,Mumbai,55,YouTube,2026-04-30,Price Sensitive,False,3.0,14494.0,2025-07-30
CUST03118,Customer 3118,customer3118@example.com,Mumbai,19,Direct,2026-01-21,Window Shopper,False,0.0,0.0,2026-01-21
CUST03119,Customer 3119,customer3119@example.com,Pune,43,Direct,2026-02-09,Dormant,True,0.0,0.0,2026-02-09
CUST03120,Customer 3120,customer3120@example.com,Delhi,29,Instagram,2026-03-29,Price Sensitive,True,2.0,6496.0,2025-11-12
CUST03121,Customer 3121,customer3121@example.com,Ahmedabad,47,YouTube,2025-09-15,New Customer,False,1.0,6197.0,2025-11-02
CUST03122,Customer 3122,customer3122@example.com,Pune,31,Direct,2026-01-14,Repeat Buyer,True,6.0,22790.0,2026-08-04
CUST03123,Customer 3123,customer3123@example.com,Pune,29,Google,2025-11-23,Price Sensitive,False,2.0,7296.0,2026-02-06
CUST03124,Customer 3124,customer3124@example.com,Hyderabad,30,Instagram,2025-05-23,High Value,False,8.0,28085.0,2026-05-04
CUST03125,Customer 3125,customer3125@example.com,Kolkata,23,YouTube,2026-03-14,Dormant,False,1.0,2498.0,2025-06-26
CUST03126,Customer 3126,customer3126@example.com,Ahmedabad,22,Organic,2026-03-04,Price Sensitive,False,2.0,11095.0,2026-06-08
CUST03127,Customer 3127,customer3127@example.com,Bangalore,19,Google,2025-11-26,Window Shopper,False,0.0,0.0,2025-11-26
CUST03128,Customer 3128,customer3128@example.com,Pune,19,Instagram,2025-06-05,High Value,False,5.0,23088.0,2026-07-25
CUST03129,Customer 3129,customer3129@example.com,Delhi,21,YouTube,2026-02-26,New Customer,False,1.0,3999.0,2025-11-01
CUST03130,Customer 3130,customer3130@example.com,Kolkata,48,Instagram,2025-04-18,New Customer,True,1.0,5498.0,2025-08-23
CUST03131,Customer 3131,customer3131@example.com,Bangalore,27,Referral,2025-01-25,Price Sensitive,False,3.0,8395.0,2026-07-20
CUST03132,Customer 3132,customer3132@example.com,Bangalore,31,Google,2025-03-02,High Value,False,4.0,6994.0,2026-08-15
CUST03133,Customer 3133,customer3133@example.com,Ahmedabad,44,Referral,2026-01-21,Window Shopper,False,0.0,0.0,2026-01-21
CUST03134,Customer 3134,customer3134@example.com,Bangalore,25,Instagram,2025-07-15,Price Sensitive,True,1.0,2998.0,2026-04-03
CUST03135,Customer 3135,customer3135@example.com,Mumbai,20,Instagram,2025-11-13,Repeat Buyer,True,5.0,17690.0,2026-07-24
CUST03136,Customer 3136,customer3136@example.com,Pune,51,Referral,2026-04-23,Price Sensitive,False,1.0,3998.0,2025-04-16
CUST03137,Customer 3137,customer3137@example.com,Delhi,20,Organic,2025-10-20,New Customer,False,1.0,4298.0,2026-03-14
CUST03138,Customer 3138,customer3138@example.com,Delhi,52,Instagram,2025-12-05,New Customer,False,2.0,7997.0,2025-12-18
CUST03139,Customer 3139,customer3139@example.com,Chennai,51,Instagram,2025-03-18,New Customer,False,1.0,1299.0,2026-06-11
CUST03140,Customer 3140,customer3140@example.com,Bangalore,23,Organic,2025-01-12,Price Sensitive,False,1.0,5997.0,2025-12-10
CUST03141,Customer 3141,customer3141@example.com,Mumbai,39,Instagram,2025-10-23,Price Sensitive,False,2.0,11295.0,2025-12-04
CUST03142,Customer 3142,customer3142@example.com,Mumbai,36,Referral,2025-03-07,Price Sensitive,False,3.0,9294.0,2026-05-11
CUST03143,Customer 3143,customer3143@example.com,Delhi,41,Organic,2026-01-05,New Customer,False,0.0,0.0,2026-01-05
CUST03144,Customer 3144,customer3144@example.com,Hyderabad,31,Direct,2025-12-08,Repeat Buyer,False,5.0,15090.0,2026-08-07
CUST03145,Customer 3145,customer3145@example.com,Ahmedabad,19,Instagram,2025-04-28,High Value,True,4.0,12795.0,2026-02-20
CUST03146,Customer 3146,customer3146@example.com,Chennai,30,Referral,2026-04-24,Dormant,True,0.0,0.0,2026-04-24
CUST03147,Customer 3147,customer3147@example.com,Pune,42,Organic,2026-01-26,Repeat Buyer,True,3.0,9893.0,2026-03-08
CUST03148,Customer 3148,customer3148@example.com,Hyderabad,34,Instagram,2026-03-31,Dormant,False,0.0,0.0,2026-03-31
CUST03149,Customer 3149,customer3149@example.com,Mumbai,48,Instagram,2025-08-05,Price Sensitive,True,3.0,8293.0,2026-07-26
CUST03150,Customer 3150,customer3150@example.com,Ahmedabad,32,YouTube,2025-09-11,New Customer,False,1.0,1499.0,2025-11-07
CUST03151,Customer 3151,customer3151@example.com,Hyderabad,46,Direct,2026-01-05,New Customer,True,1.0,2198.0,2025-08-13
CUST03152,Customer 3152,customer3152@example.com,Hyderabad,44,Google,2025-03-08,Dormant,False,0.0,0.0,2025-03-08
CUST03153,Customer 3153,customer3153@example.com,Bangalore,39,Organic,2025-05-14,New Customer,False,1.0,4898.0,2026-01-22
CUST03154,Customer 3154,customer3154@example.com,Hyderabad,32,Direct,2025-12-30,Dormant,True,0.0,0.0,2025-12-30
CUST03155,Customer 3155,customer3155@example.com,Hyderabad,25,Instagram,2025-11-12,Window Shopper,True,0.0,0.0,2025-11-12
CUST03156,Customer 3156,customer3156@example.com,Ahmedabad,54,Direct,2025-08-20,Repeat Buyer,False,3.0,3096.0,2026-08-07
CUST03157,Customer 3157,customer3157@example.com,Chennai,22,Organic,2025-08-15,Repeat Buyer,False,2.0,4697.0,2026-04-14
CUST03158,Customer 3158,customer3158@example.com,Pune,41,Organic,2025-08-06,High Value,False,6.0,18491.0,2026-04-05
CUST03159,Customer 3159,customer3159@example.com,Chennai,48,Instagram,2025-03-12,Window Shopper,False,1.0,4998.0,2026-01-08
CUST03160,Customer 3160,customer3160@example.com,Kolkata,18,Instagram,2025-01-23,Window Shopper,False,1.0,899.0,2026-06-17
CUST03161,Customer 3161,customer3161@example.com,Bangalore,20,Google,2025-01-14,High Value,False,8.0,24986.0,2026-02-04
CUST03162,Customer 3162,customer3162@example.com,Kolkata,53,Google,2025-02-21,Window Shopper,False,1.0,6197.0,2026-02-07
CUST03163,Customer 3163,customer3163@example.com,Bangalore,49,Google,2025-08-05,Repeat Buyer,True,3.0,8794.0,2026-01-10
CUST03164,Customer 3164,customer3164@example.com,Bangalore,41,Referral,2025-02-24,Repeat Buyer,True,4.0,23591.0,2026-08-06
CUST03165,Customer 3165,customer3165@example.com,Bangalore,39,Direct,2025-02-01,New Customer,True,1.0,6498.0,2025-05-15
CUST03166,Customer 3166,customer3166@example.com,Hyderabad,44,Referral,2025-02-22,Repeat Buyer,True,3.0,8696.0,2026-04-02
CUST03167,Customer 3167,customer3167@example.com,Delhi,39,Instagram,2026-05-12,New Customer,False,2.0,3798.0,2026-04-19
CUST03168,Customer 3168,customer3168@example.com,Pune,51,Organic,2025-09-09,New Customer,False,1.0,3198.0,2026-07-02
CUST03169,Customer 3169,customer3169@example.com,Mumbai,25,Direct,2025-04-11,Repeat Buyer,False,3.0,12592.0,2026-02-25
CUST03170,Customer 3170,customer3170@example.com,Mumbai,40,YouTube,2026-03-17,New Customer,False,1.0,5997.0,2025-10-22
CUST03171,Customer 3171,customer3171@example.com,Kolkata,45,YouTube,2025-05-10,High Value,True,6.0,26387.0,2026-07-08
CUST03172,Customer 3172,customer3172@example.com,Hyderabad,39,Google,2025-12-10,Repeat Buyer,True,2.0,6997.0,2026-06-26
CUST03173,Customer 3173,customer3173@example.com,Kolkata,28,Referral,2026-04-18,Window Shopper,False,0.0,0.0,2026-04-18
CUST03174,Customer 3174,customer3174@example.com,Kolkata,45,Google,2025-02-10,New Customer,False,2.0,8796.0,2025-11-15
CUST03175,Customer 3175,customer3175@example.com,Delhi,26,Direct,2026-03-14,Repeat Buyer,True,5.0,14093.0,2025-12-23
CUST03176,Customer 3176,customer3176@example.com,Chennai,43,Referral,2025-08-06,Repeat Buyer,True,3.0,11795.0,2026-07-26
CUST03177,Customer 3177,customer3177@example.com,Hyderabad,22,Instagram,2025-01-26,New Customer,False,2.0,9695.0,2025-12-19
CUST03178,Customer 3178,customer3178@example.com,Ahmedabad,25,Organic,2025-01-20,Repeat Buyer,True,5.0,22091.0,2026-06-16
CUST03179,Customer 3179,customer3179@example.com,Delhi,52,YouTube,2025-02-04,New Customer,False,1.0,499.0,2026-04-20
CUST03180,Customer 3180,customer3180@example.com,Chennai,54,Instagram,2025-06-11,Window Shopper,False,0.0,0.0,2025-06-11
CUST03181,Customer 3181,customer3181@example.com,Bangalore,38,Google,2025-01-22,New Customer,False,1.0,5498.0,2026-05-04
CUST03182,Customer 3182,customer3182@example.com,Hyderabad,55,Organic,2025-11-28,New Customer,False,2.0,7997.0,2026-07-09
CUST03183,Customer 3183,customer3183@example.com,Kolkata,51,Referral,2025-11-24,Window Shopper,False,0.0,0.0,2025-11-24
CUST03184,Customer 3184,customer3184@example.com,Ahmedabad,55,Referral,2025-12-17,New Customer,True,1.0,6498.0,2025-03-08
CUST03185,Customer 3185,customer3185@example.com,Chennai,24,Referral,2026-04-10,New Customer,False,1.0,2398.0,2026-08-07
CUST03186,Customer 3186,customer3186@example.com,Delhi,49,Organic,2026-05-03,Repeat Buyer,True,5.0,22987.0,2026-08-15
CUST03187,Customer 3187,customer3187@example.com,Chennai,33,Google,2026-03-02,New Customer,False,1.0,3798.0,2025-11-01
CUST03188,Customer 3188,customer3188@example.com,Mumbai,31,Direct,2025-12-19,New Customer,False,1.0,4798.0,2026-01-25
CUST03189,Customer 3189,customer3189@example.com,Chennai,55,YouTube,2026-04-12,Dormant,False,1.0,1198.0,2026-06-21
CUST03190,Customer 3190,customer3190@example.com,Hyderabad,22,Direct,2026-02-26,New Customer,False,0.0,0.0,2026-02-26
CUST03191,Customer 3191,customer3191@example.com,Kolkata,26,Instagram,2025-04-20,Window Shopper,True,0.0,0.0,2025-04-20
CUST03192,Customer 3192,customer3192@example.com,Mumbai,24,Instagram,2025-07-30,Repeat Buyer,True,6.0,28388.0,2026-08-10
CUST03193,Customer 3193,customer3193@example.com,Hyderabad,34,Instagram,2026-03-12,New Customer,True,1.0,3697.0,2026-06-05
CUST03194,Customer 3194,customer3194@example.com,Bangalore,33,Organic,2025-12-17,Dormant,False,0.0,0.0,2025-12-17
CUST03195,Customer 3195,customer3195@example.com,Ahmedabad,27,Instagram,2025-02-12,Price Sensitive,False,2.0,10595.0,2025-10-14
CUST03196,Customer 3196,customer3196@example.com,Chennai,50,Instagram,2026-02-22,Dormant,False,1.0,1499.0,2026-06-12
CUST03197,Customer 3197,customer3197@example.com,Kolkata,34,Organic,2025-10-01,Window Shopper,True,0.0,0.0,2025-10-01
CUST03198,Customer 3198,customer3198@example.com,Ahmedabad,40,YouTube,2025-09-20,New Customer,False,1.0,2499.0,2025-11-05
CUST03199,Customer 3199,customer3199@example.com,Ahmedabad,50,Organic,2025-08-13,Price Sensitive,False,2.0,5498.0,2025-07-06
CUST03200,Customer 3200,customer3200@example.com,Hyderabad,19,Organic,2025-10-04,Dormant,False,1.0,3398.0,2025-08-17
CUST03201,Customer 3201,customer3201@example.com,Ahmedabad,23,Google,2026-03-08,New Customer,False,1.0,1698.0,2026-01-31
CUST03202,Customer 3202,customer3202@example.com,Chennai,43,Instagram,2026-01-27,New Customer,False,2.0,9996.0,2026-08-17
CUST03203,Customer 3203,customer3203@example.com,Mumbai,50,Referral,2025-12-12,High Value,True,4.0,11893.0,2026-08-21
CUST03204,Customer 3204,customer3204@example.com,Mumbai,45,YouTube,2026-04-08,Window Shopper,False,0.0,0.0,2026-04-08
CUST03205,Customer 3205,customer3205@example.com,Kolkata,55,Direct,2026-04-22,Repeat Buyer,True,4.0,11192.0,2026-06-29
CUST03206,Customer 3206,customer3206@example.com,Hyderabad,35,Instagram,2025-10-29,Window Shopper,False,1.0,3998.0,2026-07-15
CUST03207,Customer 3207,customer3207@example.com,Chennai,23,YouTube,2025-08-05,Repeat Buyer,False,4.0,15792.0,2026-08-08
CUST03208,Customer 3208,customer3208@example.com,Ahmedabad,53,Direct,2025-05-08,New Customer,False,1.0,6498.0,2025-09-27
CUST03209,Customer 3209,customer3209@example.com,Delhi,39,Direct,2025-07-13,New Customer,False,1.0,1799.0,2026-01-11
CUST03210,Customer 3210,customer3210@example.com,Ahmedabad,55,Direct,2025-12-10,Repeat Buyer,False,3.0,14994.0,2026-03-06
CUST03211,Customer 3211,customer3211@example.com,Hyderabad,44,Direct,2025-11-24,High Value,True,4.0,10893.0,2025-12-01
CUST03212,Customer 3212,customer3212@example.com,Kolkata,52,Google,2026-01-04,New Customer,False,2.0,6796.0,2026-02-19
CUST03213,Customer 3213,customer3213@example.com,Hyderabad,35,Referral,2025-09-19,New Customer,False,0.0,0.0,2025-09-19
CUST03214,Customer 3214,customer3214@example.com,Hyderabad,27,YouTube,2025-06-23,Repeat Buyer,True,4.0,12394.0,2026-07-24
CUST03215,Customer 3215,customer3215@example.com,Pune,55,Google,2026-02-27,New Customer,True,1.0,2798.0,2025-06-11
CUST03216,Customer 3216,customer3216@example.com,Mumbai,18,YouTube,2026-05-11,High Value,True,5.0,16092.0,2026-04-06
CUST03217,Customer 3217,customer3217@example.com,Delhi,35,YouTube,2025-07-24,High Value,False,6.0,16888.0,2026-08-07
CUST03218,Customer 3218,customer3218@example.com,Hyderabad,45,Google,2025-05-13,High Value,True,4.0,12093.0,2026-05-08
CUST03219,Customer 3219,customer3219@example.com,Ahmedabad,54,Instagram,2025-08-06,Repeat Buyer,True,3.0,14192.0,2026-07-03
CUST03220,Customer 3220,customer3220@example.com,Bangalore,37,Instagram,2025-04-20,New Customer,False,2.0,6696.0,2025-09-10
CUST03221,Customer 3221,customer3221@example.com,Delhi,40,Direct,2026-01-22,Dormant,True,1.0,2499.0,2026-04-02
CUST03222,Customer 3222,customer3222@example.com,Mumbai,31,Direct,2025-07-28,Dormant,False,1.0,699.0,2025-03-14
CUST03223,Customer 3223,customer3223@example.com,Kolkata,18,Organic,2025-04-06,New Customer,False,0.0,0.0,2025-04-06
CUST03224,Customer 3224,customer3224@example.com,Chennai,38,YouTube,2025-09-19,Dormant,True,1.0,4797.0,2026-03-06
CUST03225,Customer 3225,customer3225@example.com,Hyderabad,28,Organic,2026-04-10,New Customer,False,2.0,4997.0,2026-05-09
CUST03226,Customer 3226,customer3226@example.com,Ahmedabad,27,Organic,2025-03-05,Dormant,False,0.0,0.0,2025-03-05
CUST03227,Customer 3227,customer3227@example.com,Hyderabad,30,Direct,2025-05-29,High Value,True,4.0,17591.0,2026-04-18
CUST03228,Customer 3228,customer3228@example.com,Kolkata,43,Instagram,2025-08-29,New Customer,False,1.0,2998.0,2025-03-18
CUST03229,Customer 3229,customer3229@example.com,Bangalore,51,Google,2025-12-25,Price Sensitive,False,2.0,6996.0,2026-05-17
CUST03230,Customer 3230,customer3230@example.com,Hyderabad,52,YouTube,2026-05-05,New Customer,False,1.0,3797.0,2026-04-11
CUST03231,Customer 3231,customer3231@example.com,Kolkata,47,YouTube,2025-03-16,Window Shopper,True,0.0,0.0,2025-03-16
CUST03232,Customer 3232,customer3232@example.com,Chennai,44,YouTube,2026-03-11,New Customer,True,1.0,4797.0,2025-08-07
CUST03233,Customer 3233,customer3233@example.com,Pune,29,Referral,2025-11-17,Dormant,False,0.0,0.0,2025-11-17
CUST03234,Customer 3234,customer3234@example.com,Kolkata,52,YouTube,2026-02-17,Repeat Buyer,True,4.0,20589.0,2026-05-19
CUST03235,Customer 3235,customer3235@example.com,Kolkata,53,Referral,2025-06-09,Window Shopper,False,0.0,0.0,2025-06-09
CUST03236,Customer 3236,customer3236@example.com,Chennai,23,Organic,2025-06-24,Dormant,False,0.0,0.0,2025-06-24
CUST03237,Customer 3237,customer3237@example.com,Hyderabad,25,Instagram,2025-11-11,High Value,False,6.0,12391.0,2026-08-06
CUST03238,Customer 3238,customer3238@example.com,Mumbai,21,Direct,2026-02-04,New Customer,False,1.0,1799.0,2026-03-22
CUST03239,Customer 3239,customer3239@example.com,Kolkata,20,Organic,2025-02-28,Repeat Buyer,True,5.0,17291.0,2026-05-25
CUST03240,Customer 3240,customer3240@example.com,Hyderabad,32,YouTube,2025-10-03,New Customer,True,0.0,0.0,2025-10-03
CUST03241,Customer 3241,customer3241@example.com,Kolkata,31,Referral,2025-06-10,Price Sensitive,False,1.0,2999.0,2025-07-06
CUST03242,Customer 3242,customer3242@example.com,Mumbai,24,YouTube,2025-10-24,New Customer,False,2.0,7695.0,2026-07-18
CUST03243,Customer 3243,customer3243@example.com,Hyderabad,42,Referral,2025-01-04,New Customer,False,2.0,3998.0,2026-05-30
CUST03244,Customer 3244,customer3244@example.com,Chennai,26,Organic,2025-09-29,New Customer,False,1.0,1799.0,2025-07-01
CUST03245,Customer 3245,customer3245@example.com,Hyderabad,36,Referral,2025-07-12,Dormant,False,1.0,3798.0,2026-07-18
CUST03246,Customer 3246,customer3246@example.com,Kolkata,45,Referral,2025-07-30,Price Sensitive,False,2.0,8696.0,2025-11-03
CUST03247,Customer 3247,customer3247@example.com,Chennai,28,Instagram,2026-02-24,New Customer,False,0.0,0.0,2026-02-24
CUST03248,Customer 3248,customer3248@example.com,Kolkata,41,Referral,2026-01-23,Price Sensitive,False,2.0,6297.0,2025-09-24
CUST03249,Customer 3249,customer3249@example.com,Hyderabad,54,Referral,2026-02-05,Repeat Buyer,True,5.0,13490.0,2026-03-09
CUST03250,Customer 3250,customer3250@example.com,Delhi,30,YouTube,2026-02-17,Dormant,False,0.0,0.0,2026-02-17
CUST03251,Customer 3251,customer3251@example.com,Delhi,41,Organic,2026-02-14,High Value,True,4.0,18793.0,2026-07-10
CUST03252,Customer 3252,customer3252@example.com,Mumbai,29,Referral,2025-06-22,Repeat Buyer,True,4.0,14291.0,2026-06-01
CUST03253,Customer 3253,customer3253@example.com,Kolkata,39,YouTube,2025-11-08,Price Sensitive,True,3.0,10493.0,2026-08-12
CUST03254,Customer 3254,customer3254@example.com,Hyderabad,45,Google,2026-03-15,Repeat Buyer,False,5.0,15491.0,2026-04-01
CUST03255,Customer 3255,customer3255@example.com,Chennai,29,Referral,2025-08-08,New Customer,True,1.0,3397.0,2025-11-26
CUST03256,Customer 3256,customer3256@example.com,Ahmedabad,37,Referral,2025-03-10,Dormant,False,0.0,0.0,2025-03-10
CUST03257,Customer 3257,customer3257@example.com,Kolkata,19,Instagram,2025-02-10,Price Sensitive,False,2.0,6496.0,2025-11-30
CUST03258,Customer 3258,customer3258@example.com,Bangalore,23,Organic,2026-04-12,New Customer,False,2.0,7595.0,2026-07-21
CUST03259,Customer 3259,customer3259@example.com,Chennai,52,YouTube,2025-11-24,Dormant,False,0.0,0.0,2025-11-24
CUST03260,Customer 3260,customer3260@example.com,Hyderabad,24,Referral,2025-10-29,Repeat Buyer,True,3.0,11494.0,2026-08-21
CUST03261,Customer 3261,customer3261@example.com,Ahmedabad,53,Google,2025-04-11,Repeat Buyer,True,4.0,10794.0,2025-10-31
CUST03262,Customer 3262,customer3262@example.com,Pune,46,Instagram,2026-04-22,Window Shopper,True,1.0,4298.0,2026-01-28
CUST03263,Customer 3263,customer3263@example.com,Kolkata,34,Google,2025-11-23,Window Shopper,False,0.0,0.0,2025-11-23
CUST03264,Customer 3264,customer3264@example.com,Bangalore,28,Instagram,2025-04-15,Window Shopper,True,1.0,3398.0,2026-08-18
CUST03265,Customer 3265,customer3265@example.com,Ahmedabad,39,Google,2025-08-09,High Value,True,4.0,7996.0,2026-05-09
CUST03266,Customer 3266,customer3266@example.com,Kolkata,52,Instagram,2025-08-25,Repeat Buyer,True,5.0,22189.0,2026-08-14
CUST03267,Customer 3267,customer3267@example.com,Mumbai,41,Organic,2026-05-01,High Value,False,5.0,7193.0,2026-02-15
CUST03268,Customer 3268,customer3268@example.com,Bangalore,53,Direct,2026-01-20,Repeat Buyer,True,2.0,5296.0,2026-06-13
CUST03269,Customer 3269,customer3269@example.com,Chennai,41,Organic,2025-01-25,New Customer,False,2.0,6696.0,2025-11-02
CUST03270,Customer 3270,customer3270@example.com,Chennai,37,Direct,2025-07-08,New Customer,False,1.0,5498.0,2025-04-12
CUST03271,Customer 3271,customer3271@example.com,Mumbai,30,Instagram,2025-02-27,New Customer,False,1.0,1499.0,2026-06-16
CUST03272,Customer 3272,customer3272@example.com,Ahmedabad,36,YouTube,2025-11-11,New Customer,True,1.0,3498.0,2025-03-01
CUST03273,Customer 3273,customer3273@example.com,Ahmedabad,23,Referral,2025-08-13,Price Sensitive,False,0.0,0.0,2025-08-13
CUST03274,Customer 3274,customer3274@example.com,Delhi,33,Direct,2025-05-31,Window Shopper,False,0.0,0.0,2025-05-31
CUST03275,Customer 3275,customer3275@example.com,Mumbai,49,Google,2025-01-16,High Value,True,7.0,21287.0,2026-08-08
CUST03276,Customer 3276,customer3276@example.com,Kolkata,28,Instagram,2026-04-05,New Customer,False,2.0,8896.0,2026-08-08
CUST03277,Customer 3277,customer3277@example.com,Hyderabad,22,YouTube,2026-02-06,Repeat Buyer,False,2.0,3897.0,2026-02-25
CUST03278,Customer 3278,customer3278@example.com,Hyderabad,34,Organic,2026-01-01,Repeat Buyer,True,6.0,15691.0,2026-08-18
CUST03279,Customer 3279,customer3279@example.com,Delhi,38,Direct,2025-10-07,High Value,True,3.0,6196.0,2025-09-27
CUST03280,Customer 3280,customer3280@example.com,Delhi,39,Google,2026-03-28,Repeat Buyer,True,5.0,20090.0,2025-10-08
CUST03281,Customer 3281,customer3281@example.com,Bangalore,50,Instagram,2026-01-02,Repeat Buyer,True,6.0,19490.0,2026-03-31
CUST03282,Customer 3282,customer3282@example.com,Chennai,50,Instagram,2026-03-08,Window Shopper,False,1.0,899.0,2025-05-17
CUST03283,Customer 3283,customer3283@example.com,Chennai,34,Organic,2026-04-15,Repeat Buyer,False,6.0,24389.0,2026-05-24
CUST03284,Customer 3284,customer3284@example.com,Chennai,45,Instagram,2026-02-27,Price Sensitive,False,1.0,2499.0,2026-03-23
CUST03285,Customer 3285,customer3285@example.com,Pune,22,Referral,2025-11-05,High Value,False,6.0,18392.0,2026-07-26
CUST03286,Customer 3286,customer3286@example.com,Bangalore,18,Direct,2025-12-18,High Value,True,5.0,21291.0,2026-06-12
CUST03287,Customer 3287,customer3287@example.com,Pune,33,Direct,2025-11-02,Price Sensitive,False,3.0,11793.0,2026-01-15
CUST03288,Customer 3288,customer3288@example.com,Chennai,52,Direct,2025-07-17,New Customer,False,1.0,2597.0,2025-06-14
CUST03289,Customer 3289,customer3289@example.com,Kolkata,55,YouTube,2025-09-21,Window Shopper,False,0.0,0.0,2025-09-21
CUST03290,Customer 3290,customer3290@example.com,Hyderabad,37,Organic,2025-09-04,Price Sensitive,False,2.0,1998.0,2026-08-01
CUST03291,Customer 3291,customer3291@example.com,Ahmedabad,24,Organic,2026-03-06,High Value,True,5.0,10195.0,2026-05-20
CUST03292,Customer 3292,customer3292@example.com,Kolkata,32,Instagram,2026-02-19,Repeat Buyer,True,5.0,16990.0,2026-07-23
CUST03293,Customer 3293,customer3293@example.com,Kolkata,34,Google,2025-05-18,New Customer,False,1.0,899.0,2025-12-06
CUST03294,Customer 3294,customer3294@example.com,Delhi,55,Referral,2025-03-25,New Customer,False,2.0,2897.0,2026-02-16
CUST03295,Customer 3295,customer3295@example.com,Bangalore,27,Instagram,2025-11-27,High Value,True,5.0,16089.0,2026-08-11
CUST03296,Customer 3296,customer3296@example.com,Kolkata,28,YouTube,2025-04-18,Price Sensitive,False,1.0,3898.0,2025-12-05
CUST03297,Customer 3297,customer3297@example.com,Hyderabad,54,YouTube,2026-04-19,Dormant,False,1.0,6797.0,2025-07-15
CUST03298,Customer 3298,customer3298@example.com,Hyderabad,25,Instagram,2025-04-05,New Customer,True,2.0,5796.0,2026-04-20
CUST03299,Customer 3299,customer3299@example.com,Hyderabad,22,Direct,2025-09-25,New Customer,False,1.0,1499.0,2026-02-21
CUST03300,Customer 3300,customer3300@example.com,Bangalore,20,Instagram,2025-09-18,Repeat Buyer,True,3.0,3697.0,2026-05-30
CUST03301,Customer 3301,customer3301@example.com,Ahmedabad,42,Instagram,2025-01-06,Window Shopper,False,0.0,0.0,2025-01-06
CUST03302,Customer 3302,customer3302@example.com,Delhi,41,Referral,2026-02-12,High Value,False,5.0,26390.0,2026-06-13
CUST03303,Customer 3303,customer3303@example.com,Delhi,53,Organic,2026-04-21,New Customer,True,2.0,10095.0,2025-08-09
CUST03304,Customer 3304,customer3304@example.com,Bangalore,55,YouTube,2026-01-22,Repeat Buyer,True,5.0,20791.0,2026-06-22
CUST03305,Customer 3305,customer3305@example.com,Kolkata,53,Direct,2025-03-12,New Customer,False,2.0,8997.0,2026-03-25
CUST03306,Customer 3306,customer3306@example.com,Pune,24,Instagram,2025-01-02,New Customer,False,2.0,11195.0,2025-08-14
CUST03307,Customer 3307,customer3307@example.com,Hyderabad,47,Referral,2026-04-14,New Customer,False,1.0,2298.0,2025-04-08
CUST03308,Customer 3308,customer3308@example.com,Chennai,39,Direct,2025-10-29,New Customer,False,1.0,2698.0,2025-12-06
CUST03309,Customer 3309,customer3309@example.com,Pune,19,Direct,2025-01-24,Repeat Buyer,False,2.0,7796.0,2026-08-05
CUST03310,Customer 3310,customer3310@example.com,Kolkata,45,Organic,2025-02-17,Repeat Buyer,False,4.0,19390.0,2026-01-23
CUST03311,Customer 3311,customer3311@example.com,Kolkata,41,Organic,2026-03-21,New Customer,False,1.0,999.0,2026-02-14
CUST03312,Customer 3312,customer3312@example.com,Delhi,36,Instagram,2026-02-18,New Customer,True,1.0,3798.0,2025-09-17
CUST03313,Customer 3313,customer3313@example.com,Kolkata,55,Organic,2026-01-31,Repeat Buyer,True,4.0,16891.0,2026-08-04
CUST03314,Customer 3314,customer3314@example.com,Hyderabad,41,YouTube,2026-01-25,High Value,True,5.0,19388.0,2026-07-21
CUST03315,Customer 3315,customer3315@example.com,Delhi,36,YouTube,2025-03-14,New Customer,False,2.0,2598.0,2026-05-11
CUST03316,Customer 3316,customer3316@example.com,Kolkata,28,Referral,2025-11-07,Repeat Buyer,False,2.0,4797.0,2026-06-10
CUST03317,Customer 3317,customer3317@example.com,Delhi,52,Referral,2025-10-13,Repeat Buyer,True,2.0,7895.0,2025-07-22
CUST03318,Customer 3318,customer3318@example.com,Bangalore,48,YouTube,2025-12-16,High Value,False,6.0,22889.0,2026-04-04
CUST03319,Customer 3319,customer3319@example.com,Bangalore,41,Instagram,2025-07-09,Price Sensitive,False,2.0,3198.0,2026-08-14
CUST03320,Customer 3320,customer3320@example.com,Pune,47,Instagram,2025-10-19,Window Shopper,False,0.0,0.0,2025-10-19
CUST03321,Customer 3321,customer3321@example.com,Delhi,26,Instagram,2026-04-28,Repeat Buyer,True,1.0,499.0,2025-10-20
CUST03322,Customer 3322,customer3322@example.com,Pune,47,Direct,2025-09-25,New Customer,False,1.0,4498.0,2026-02-14
CUST03323,Customer 3323,customer3323@example.com,Mumbai,42,Instagram,2025-06-04,High Value,False,6.0,20386.0,2026-07-02
CUST03324,Customer 3324,customer3324@example.com,Hyderabad,54,Organic,2026-04-24,Dormant,False,0.0,0.0,2026-04-24
CUST03325,Customer 3325,customer3325@example.com,Ahmedabad,41,Organic,2025-09-19,New Customer,True,0.0,0.0,2025-09-19
CUST03326,Customer 3326,customer3326@example.com,Ahmedabad,49,Referral,2025-05-29,Repeat Buyer,False,4.0,16192.0,2025-11-09
CUST03327,Customer 3327,customer3327@example.com,Mumbai,49,Organic,2025-07-17,Price Sensitive,False,2.0,3998.0,2025-12-12
CUST03328,Customer 3328,customer3328@example.com,Bangalore,52,Direct,2026-02-13,High Value,False,4.0,13593.0,2026-04-19
CUST03329,Customer 3329,customer3329@example.com,Chennai,23,YouTube,2025-12-31,Window Shopper,False,0.0,0.0,2025-12-31
CUST03330,Customer 3330,customer3330@example.com,Kolkata,35,Google,2025-03-25,High Value,False,4.0,9494.0,2026-05-08
CUST03331,Customer 3331,customer3331@example.com,Pune,50,YouTube,2025-02-08,New Customer,False,1.0,3198.0,2025-10-23
CUST03332,Customer 3332,customer3332@example.com,Chennai,41,Organic,2026-04-15,Repeat Buyer,False,2.0,7096.0,2026-07-06
CUST03333,Customer 3333,customer3333@example.com,Pune,36,Organic,2025-09-06,New Customer,False,2.0,7695.0,2026-06-26
CUST03334,Customer 3334,customer3334@example.com,Kolkata,50,Google,2025-01-02,Window Shopper,True,1.0,2499.0,2025-05-18
CUST03335,Customer 3335,customer3335@example.com,Pune,49,Instagram,2025-12-30,Window Shopper,True,1.0,1698.0,2026-08-08
CUST03336,Customer 3336,customer3336@example.com,Hyderabad,22,Direct,2025-07-24,High Value,False,5.0,20492.0,2026-03-31
CUST03337,Customer 3337,customer3337@example.com,Pune,44,Organic,2026-05-02,New Customer,False,2.0,4097.0,2026-08-20
CUST03338,Customer 3338,customer3338@example.com,Mumbai,35,Referral,2025-04-01,New Customer,True,1.0,4798.0,2026-04-24
CUST03339,Customer 3339,customer3339@example.com,Pune,35,Instagram,2025-01-30,Repeat Buyer,False,3.0,11495.0,2026-08-04
CUST03340,Customer 3340,customer3340@example.com,Mumbai,28,Direct,2025-05-15,New Customer,False,1.0,999.0,2026-02-06
CUST03341,Customer 3341,customer3341@example.com,Mumbai,44,Instagram,2025-07-19,Price Sensitive,False,2.0,11394.0,2026-08-20
CUST03342,Customer 3342,customer3342@example.com,Pune,18,Referral,2025-02-03,Dormant,False,0.0,0.0,2025-02-03
CUST03343,Customer 3343,customer3343@example.com,Hyderabad,23,Instagram,2025-10-22,New Customer,False,1.0,6497.0,2025-03-18
CUST03344,Customer 3344,customer3344@example.com,Mumbai,47,Instagram,2026-02-22,Repeat Buyer,True,2.0,3998.0,2026-03-14
CUST03345,Customer 3345,customer3345@example.com,Kolkata,23,Direct,2026-03-27,Price Sensitive,False,1.0,5597.0,2025-05-02
CUST03346,Customer 3346,customer3346@example.com,Ahmedabad,21,YouTube,2025-03-11,New Customer,False,0.0,0.0,2025-03-11
CUST03347,Customer 3347,customer3347@example.com,Bangalore,45,YouTube,2025-06-10,New Customer,True,1.0,2499.0,2025-11-10
CUST03348,Customer 3348,customer3348@example.com,Ahmedabad,34,Direct,2026-03-01,Price Sensitive,True,1.0,3098.0,2025-04-04
CUST03349,Customer 3349,customer3349@example.com,Chennai,53,Direct,2025-06-17,Dormant,True,1.0,3998.0,2026-03-13
CUST03350,Customer 3350,customer3350@example.com,Mumbai,54,YouTube,2025-08-28,Price Sensitive,False,3.0,10894.0,2026-02-28
CUST03351,Customer 3351,customer3351@example.com,Delhi,44,Organic,2025-03-09,Repeat Buyer,True,2.0,5696.0,2026-08-04
CUST03352,Customer 3352,customer3352@example.com,Ahmedabad,25,Referral,2026-03-05,High Value,True,7.0,27088.0,2026-02-22
CUST03353,Customer 3353,customer3353@example.com,Mumbai,48,Google,2026-02-17,Price Sensitive,False,3.0,11493.0,2026-01-07
CUST03354,Customer 3354,customer3354@example.com,Delhi,22,Instagram,2025-05-13,Repeat Buyer,True,5.0,17590.0,2026-07-26
CUST03355,Customer 3355,customer3355@example.com,Kolkata,32,Direct,2025-04-04,Repeat Buyer,True,2.0,12094.0,2025-06-25
CUST03356,Customer 3356,customer3356@example.com,Delhi,41,Referral,2025-05-12,New Customer,False,1.0,4097.0,2025-10-06
CUST03357,Customer 3357,customer3357@example.com,Delhi,39,Google,2025-08-04,High Value,False,5.0,16691.0,2026-07-16
CUST03358,Customer 3358,customer3358@example.com,Chennai,52,Referral,2025-01-20,High Value,True,5.0,18890.0,2026-05-16
CUST03359,Customer 3359,customer3359@example.com,Delhi,34,Organic,2026-04-22,Price Sensitive,False,2.0,8296.0,2026-07-01
CUST03360,Customer 3360,customer3360@example.com,Chennai,29,Organic,2026-02-14,High Value,True,4.0,18892.0,2026-06-10
CUST03361,Customer 3361,customer3361@example.com,Chennai,43,Google,2025-10-04,New Customer,False,1.0,5798.0,2025-10-29
CUST03362,Customer 3362,customer3362@example.com,Ahmedabad,46,Organic,2025-12-27,New Customer,False,2.0,3598.0,2026-01-08
CUST03363,Customer 3363,customer3363@example.com,Pune,40,Instagram,2025-07-06,New Customer,False,1.0,2998.0,2025-05-17
CUST03364,Customer 3364,customer3364@example.com,Mumbai,18,YouTube,2025-01-18,Dormant,True,0.0,0.0,2025-01-18
CUST03365,Customer 3365,customer3365@example.com,Pune,24,Instagram,2025-09-10,High Value,True,3.0,4996.0,2026-07-18
CUST03366,Customer 3366,customer3366@example.com,Hyderabad,24,Google,2025-02-21,High Value,True,8.0,26285.0,2026-08-17
CUST03367,Customer 3367,customer3367@example.com,Ahmedabad,50,Referral,2025-02-18,Dormant,False,0.0,0.0,2025-02-18
CUST03368,Customer 3368,customer3368@example.com,Mumbai,39,Organic,2025-12-27,High Value,True,6.0,18389.0,2026-07-02
CUST03369,Customer 3369,customer3369@example.com,Hyderabad,29,Google,2025-11-21,Dormant,False,0.0,0.0,2025-11-21
CUST03370,Customer 3370,customer3370@example.com,Pune,32,Organic,2026-02-23,New Customer,False,1.0,3798.0,2025-07-17
CUST03371,Customer 3371,customer3371@example.com,Bangalore,29,Instagram,2026-04-03,Window Shopper,False,0.0,0.0,2026-04-03
CUST03372,Customer 3372,customer3372@example.com,Ahmedabad,38,YouTube,2025-07-02,New Customer,True,1.0,2398.0,2025-11-07
CUST03373,Customer 3373,customer3373@example.com,Mumbai,44,Direct,2026-04-16,Window Shopper,True,0.0,0.0,2026-04-16
CUST03374,Customer 3374,customer3374@example.com,Pune,31,Direct,2026-04-22,New Customer,False,0.0,0.0,2026-04-22
CUST03375,Customer 3375,customer3375@example.com,Chennai,46,Direct,2026-04-01,New Customer,False,1.0,2198.0,2026-03-16
CUST03376,Customer 3376,customer3376@example.com,Chennai,20,Referral,2025-02-21,High Value,True,8.0,24383.0,2026-06-21
CUST03377,Customer 3377,customer3377@example.com,Mumbai,47,YouTube,2025-10-09,Price Sensitive,False,2.0,5197.0,2026-03-06
CUST03378,Customer 3378,customer3378@example.com,Pune,19,Google,2025-12-08,New Customer,False,1.0,2298.0,2026-07-25
CUST03379,Customer 3379,customer3379@example.com,Hyderabad,43,Organic,2026-05-06,Price Sensitive,True,2.0,7796.0,2026-06-05
CUST03380,Customer 3380,customer3380@example.com,Chennai,18,Google,2025-12-20,Price Sensitive,False,2.0,5496.0,2026-08-02
CUST03381,Customer 3381,customer3381@example.com,Chennai,40,Google,2026-04-26,Window Shopper,True,1.0,2998.0,2026-04-23
CUST03382,Customer 3382,customer3382@example.com,Hyderabad,50,YouTube,2025-12-24,New Customer,False,1.0,3198.0,2026-07-09
CUST03383,Customer 3383,customer3383@example.com,Bangalore,52,Organic,2025-11-17,Dormant,False,0.0,0.0,2025-11-17
CUST03384,Customer 3384,customer3384@example.com,Delhi,39,YouTube,2025-11-12,High Value,True,5.0,13791.0,2026-07-23
CUST03385,Customer 3385,customer3385@example.com,Pune,40,Google,2026-04-11,Window Shopper,False,0.0,0.0,2026-04-11
CUST03386,Customer 3386,customer3386@example.com,Mumbai,20,Organic,2025-07-18,Repeat Buyer,True,4.0,8294.0,2026-06-01
CUST03387,Customer 3387,customer3387@example.com,Ahmedabad,54,YouTube,2025-01-07,New Customer,True,1.0,4797.0,2025-05-01
CUST03388,Customer 3388,customer3388@example.com,Kolkata,53,Instagram,2025-02-07,High Value,True,6.0,25985.0,2026-07-23
CUST03389,Customer 3389,customer3389@example.com,Ahmedabad,34,Instagram,2026-02-03,High Value,False,5.0,20490.0,2026-03-28
CUST03390,Customer 3390,customer3390@example.com,Ahmedabad,50,Organic,2025-12-22,Price Sensitive,False,3.0,16794.0,2026-04-04
CUST03391,Customer 3391,customer3391@example.com,Delhi,30,YouTube,2026-03-11,Price Sensitive,False,3.0,2897.0,2026-05-15
CUST03392,Customer 3392,customer3392@example.com,Pune,32,Instagram,2025-01-02,New Customer,False,1.0,6498.0,2026-04-28
CUST03393,Customer 3393,customer3393@example.com,Mumbai,39,Organic,2025-01-05,Repeat Buyer,True,4.0,17693.0,2026-07-04
CUST03394,Customer 3394,customer3394@example.com,Hyderabad,22,Referral,2025-04-19,New Customer,False,1.0,1499.0,2025-03-24
CUST03395,Customer 3395,customer3395@example.com,Mumbai,43,Google,2025-05-27,Dormant,False,0.0,0.0,2025-05-27
CUST03396,Customer 3396,customer3396@example.com,Mumbai,55,Instagram,2025-11-18,New Customer,False,1.0,2499.0,2025-09-28
CUST03397,Customer 3397,customer3397@example.com,Mumbai,32,Google,2025-06-07,New Customer,False,1.0,6497.0,2026-06-26
CUST03398,Customer 3398,customer3398@example.com,Hyderabad,20,YouTube,2025-01-21,Repeat Buyer,True,2.0,10096.0,2026-06-19
CUST03399,Customer 3399,customer3399@example.com,Hyderabad,40,Google,2025-01-03,High Value,False,8.0,33083.0,2026-02-03
CUST03400,Customer 3400,customer3400@example.com,Kolkata,50,Organic,2025-05-05,High Value,False,6.0,22589.0,2026-01-05
CUST03401,Customer 3401,customer3401@example.com,Bangalore,23,Referral,2025-07-21,New Customer,False,1.0,3098.0,2026-06-14
CUST03402,Customer 3402,customer3402@example.com,Hyderabad,36,Direct,2025-06-21,Repeat Buyer,False,2.0,5696.0,2026-04-04
CUST03403,Customer 3403,customer3403@example.com,Ahmedabad,39,YouTube,2025-10-12,Dormant,False,0.0,0.0,2025-10-12
CUST03404,Customer 3404,customer3404@example.com,Pune,54,Google,2025-02-14,Price Sensitive,False,2.0,2298.0,2026-07-24
CUST03405,Customer 3405,customer3405@example.com,Kolkata,37,Google,2025-07-22,New Customer,False,1.0,1998.0,2025-09-03
CUST03406,Customer 3406,customer3406@example.com,Delhi,44,Direct,2026-02-16,New Customer,False,1.0,2999.0,2025-05-25
CUST03407,Customer 3407,customer3407@example.com,Mumbai,47,Organic,2025-07-01,Window Shopper,False,0.0,0.0,2025-07-01
CUST03408,Customer 3408,customer3408@example.com,Ahmedabad,47,Instagram,2025-12-22,High Value,True,5.0,21987.0,2026-08-15
CUST03409,Customer 3409,customer3409@example.com,Ahmedabad,25,Instagram,2026-02-15,High Value,True,3.0,12193.0,2026-03-03
CUST03410,Customer 3410,customer3410@example.com,Hyderabad,29,Google,2025-08-09,Repeat Buyer,True,4.0,18892.0,2026-08-17
CUST03411,Customer 3411,customer3411@example.com,Mumbai,22,Organic,2026-04-10,Price Sensitive,True,2.0,4498.0,2025-06-21
CUST03412,Customer 3412,customer3412@example.com,Ahmedabad,18,Direct,2025-07-07,Window Shopper,False,0.0,0.0,2025-07-07
CUST03413,Customer 3413,customer3413@example.com,Bangalore,50,Referral,2025-04-19,High Value,True,4.0,9593.0,2026-08-22
CUST03414,Customer 3414,customer3414@example.com,Bangalore,55,Organic,2025-10-19,High Value,True,6.0,16090.0,2026-07-16
CUST03415,Customer 3415,customer3415@example.com,Ahmedabad,28,Direct,2025-12-20,Price Sensitive,False,0.0,0.0,2025-12-20
CUST03416,Customer 3416,customer3416@example.com,Hyderabad,21,Organic,2026-04-15,New Customer,False,1.0,1499.0,2025-04-14
CUST03417,Customer 3417,customer3417@example.com,Delhi,22,YouTube,2025-07-12,New Customer,False,1.0,6497.0,2025-11-25
CUST03418,Customer 3418,customer3418@example.com,Ahmedabad,29,YouTube,2025-05-22,High Value,True,6.0,21788.0,2026-06-05
CUST03419,Customer 3419,customer3419@example.com,Hyderabad,24,YouTube,2025-03-12,Repeat Buyer,False,4.0,11693.0,2026-07-20
CUST03420,Customer 3420,customer3420@example.com,Mumbai,18,Instagram,2025-04-01,New Customer,False,0.0,0.0,2025-04-01
CUST03421,Customer 3421,customer3421@example.com,Mumbai,32,Google,2025-12-06,High Value,True,8.0,30283.0,2026-04-08
CUST03422,Customer 3422,customer3422@example.com,Bangalore,35,Organic,2025-09-07,Dormant,True,0.0,0.0,2025-09-07
CUST03423,Customer 3423,customer3423@example.com,Mumbai,51,Direct,2025-02-26,Dormant,False,1.0,4298.0,2026-04-06
CUST03424,Customer 3424,customer3424@example.com,Pune,54,YouTube,2025-12-30,New Customer,False,2.0,4497.0,2026-07-19
CUST03425,Customer 3425,customer3425@example.com,Mumbai,18,Google,2025-01-19,New Customer,True,1.0,2499.0,2025-06-05
CUST03426,Customer 3426,customer3426@example.com,Chennai,27,Google,2026-03-13,High Value,False,7.0,24089.0,2026-04-16
CUST03427,Customer 3427,customer3427@example.com,Ahmedabad,40,Google,2025-12-23,New Customer,False,2.0,7197.0,2025-10-31
CUST03428,Customer 3428,customer3428@example.com,Delhi,20,Google,2025-09-15,Window Shopper,False,0.0,0.0,2025-09-15
CUST03429,Customer 3429,customer3429@example.com,Hyderabad,44,Organic,2025-07-22,New Customer,False,1.0,2499.0,2026-08-03
CUST03430,Customer 3430,customer3430@example.com,Hyderabad,40,Direct,2026-02-11,New Customer,False,1.0,499.0,2025-03-09
CUST03431,Customer 3431,customer3431@example.com,Ahmedabad,47,Referral,2025-07-02,High Value,False,4.0,9494.0,2026-07-06
CUST03432,Customer 3432,customer3432@example.com,Delhi,26,Instagram,2025-12-17,Repeat Buyer,True,6.0,20189.0,2026-07-17
CUST03433,Customer 3433,customer3433@example.com,Bangalore,44,Direct,2026-03-29,New Customer,True,1.0,1799.0,2026-08-09
CUST03434,Customer 3434,customer3434@example.com,Bangalore,48,Organic,2025-07-13,Window Shopper,False,0.0,0.0,2025-07-13
CUST03435,Customer 3435,customer3435@example.com,Mumbai,55,Direct,2026-05-05,Window Shopper,True,0.0,0.0,2026-05-05
CUST03436,Customer 3436,customer3436@example.com,Hyderabad,34,Google,2026-03-08,High Value,True,3.0,6796.0,2026-07-10
CUST03437,Customer 3437,customer3437@example.com,Chennai,22,YouTube,2025-07-18,Dormant,False,0.0,0.0,2025-07-18
CUST03438,Customer 3438,customer3438@example.com,Bangalore,30,Instagram,2025-08-03,Repeat Buyer,True,3.0,10594.0,2026-06-29
CUST03439,Customer 3439,customer3439@example.com,Pune,43,YouTube,2026-03-30,Repeat Buyer,True,4.0,8594.0,2026-05-23
CUST03440,Customer 3440,customer3440@example.com,Kolkata,47,Instagram,2025-07-16,Repeat Buyer,False,3.0,10394.0,2026-06-13
CUST03441,Customer 3441,customer3441@example.com,Mumbai,23,YouTube,2025-09-20,New Customer,False,1.0,5498.0,2026-07-08
CUST03442,Customer 3442,customer3442@example.com,Hyderabad,37,YouTube,2025-05-27,Window Shopper,False,0.0,0.0,2025-05-27
CUST03443,Customer 3443,customer3443@example.com,Chennai,20,Referral,2026-05-10,Price Sensitive,False,2.0,7495.0,2026-05-06
CUST03444,Customer 3444,customer3444@example.com,Chennai,30,Direct,2025-04-26,Repeat Buyer,False,5.0,24690.0,2026-06-14
CUST03445,Customer 3445,customer3445@example.com,Chennai,42,Google,2025-08-21,High Value,True,4.0,12093.0,2026-04-24
CUST03446,Customer 3446,customer3446@example.com,Kolkata,26,Referral,2026-03-28,New Customer,False,1.0,5597.0,2026-02-08
CUST03447,Customer 3447,customer3447@example.com,Mumbai,34,Google,2026-02-07,Window Shopper,True,0.0,0.0,2026-02-07
CUST03448,Customer 3448,customer3448@example.com,Pune,53,Direct,2025-06-14,Repeat Buyer,True,3.0,5097.0,2026-05-18
CUST03449,Customer 3449,customer3449@example.com,Hyderabad,52,Direct,2025-09-10,New Customer,True,1.0,3198.0,2025-07-13
CUST03450,Customer 3450,customer3450@example.com,Bangalore,44,Google,2025-11-24,Dormant,False,1.0,2198.0,2025-09-01
CUST03451,Customer 3451,customer3451@example.com,Bangalore,54,Direct,2025-07-14,New Customer,False,1.0,5498.0,2025-07-08
CUST03452,Customer 3452,customer3452@example.com,Pune,33,Google,2026-01-04,New Customer,False,1.0,6697.0,2026-08-14
CUST03453,Customer 3453,customer3453@example.com,Ahmedabad,29,Organic,2025-12-08,Dormant,False,0.0,0.0,2025-12-08
CUST03454,Customer 3454,customer3454@example.com,Delhi,33,Organic,2026-05-02,New Customer,False,1.0,3798.0,2025-05-17
CUST03455,Customer 3455,customer3455@example.com,Delhi,22,Instagram,2025-12-28,New Customer,False,1.0,6498.0,2025-04-25
CUST03456,Customer 3456,customer3456@example.com,Ahmedabad,43,Instagram,2025-07-11,Window Shopper,False,0.0,0.0,2025-07-11
CUST03457,Customer 3457,customer3457@example.com,Ahmedabad,42,Direct,2025-10-16,Dormant,False,0.0,0.0,2025-10-16
CUST03458,Customer 3458,customer3458@example.com,Ahmedabad,43,YouTube,2025-12-31,Price Sensitive,False,3.0,14693.0,2026-03-02
CUST03459,Customer 3459,customer3459@example.com,Chennai,39,Google,2025-07-04,Window Shopper,False,0.0,0.0,2025-07-04
CUST03460,Customer 3460,customer3460@example.com,Ahmedabad,35,Referral,2025-07-17,Dormant,False,0.0,0.0,2025-07-17
CUST03461,Customer 3461,customer3461@example.com,Kolkata,22,Referral,2025-04-17,Dormant,False,0.0,0.0,2025-04-17
CUST03462,Customer 3462,customer3462@example.com,Mumbai,39,Organic,2025-07-09,Window Shopper,True,1.0,2499.0,2026-08-12
CUST03463,Customer 3463,customer3463@example.com,Hyderabad,54,Organic,2026-04-19,New Customer,False,1.0,3498.0,2025-03-10
CUST03464,Customer 3464,customer3464@example.com,Chennai,50,Instagram,2026-02-22,Window Shopper,False,0.0,0.0,2026-02-22
CUST03465,Customer 3465,customer3465@example.com,Mumbai,38,Organic,2025-10-22,Repeat Buyer,False,4.0,13393.0,2026-01-13
CUST03466,Customer 3466,customer3466@example.com,Ahmedabad,29,Instagram,2026-03-13,Repeat Buyer,True,5.0,15991.0,2026-03-20
CUST03467,Customer 3467,customer3467@example.com,Chennai,26,Google,2025-07-08,Dormant,True,0.0,0.0,2025-07-08
CUST03468,Customer 3468,customer3468@example.com,Bangalore,35,Google,2025-07-17,Price Sensitive,False,1.0,6697.0,2026-04-03
CUST03469,Customer 3469,customer3469@example.com,Hyderabad,34,Direct,2025-10-06,New Customer,False,1.0,1499.0,2026-08-14
CUST03470,Customer 3470,customer3470@example.com,Mumbai,44,Instagram,2025-06-04,High Value,True,4.0,15493.0,2026-08-16
CUST03471,Customer 3471,customer3471@example.com,Delhi,21,Referral,2025-10-18,Price Sensitive,False,2.0,8496.0,2026-05-22
CUST03472,Customer 3472,customer3472@example.com,Ahmedabad,32,Instagram,2026-05-08,Repeat Buyer,True,5.0,24188.0,2026-08-17
CUST03473,Customer 3473,customer3473@example.com,Hyderabad,52,Direct,2025-12-18,Window Shopper,False,0.0,0.0,2025-12-18
CUST03474,Customer 3474,customer3474@example.com,Pune,28,Google,2026-04-23,Price Sensitive,False,2.0,11695.0,2026-02-05
CUST03475,Customer 3475,customer3475@example.com,Ahmedabad,23,YouTube,2025-05-24,New Customer,False,2.0,6197.0,2025-10-29
CUST03476,Customer 3476,customer3476@example.com,Chennai,29,Referral,2026-04-01,Repeat Buyer,True,4.0,10992.0,2026-04-27
CUST03477,Customer 3477,customer3477@example.com,Chennai,35,Direct,2025-11-30,Window Shopper,False,0.0,0.0,2025-11-30
CUST03478,Customer 3478,customer3478@example.com,Bangalore,49,Google,2025-11-26,Window Shopper,False,0.0,0.0,2025-11-26
CUST03479,Customer 3479,customer3479@example.com,Hyderabad,51,Referral,2026-02-12,Dormant,False,0.0,0.0,2026-02-12
CUST03480,Customer 3480,customer3480@example.com,Mumbai,32,Referral,2025-08-25,Repeat Buyer,False,2.0,4697.0,2025-09-24
CUST03481,Customer 3481,customer3481@example.com,Kolkata,38,Referral,2025-04-07,Repeat Buyer,True,6.0,23989.0,2026-03-13
CUST03482,Customer 3482,customer3482@example.com,Chennai,21,Direct,2026-02-28,New Customer,True,1.0,499.0,2026-04-07
CUST03483,Customer 3483,customer3483@example.com,Pune,27,Referral,2026-04-23,New Customer,False,1.0,2798.0,2026-06-04
CUST03484,Customer 3484,customer3484@example.com,Pune,38,Direct,2025-09-23,High Value,True,7.0,16290.0,2026-05-04
CUST03485,Customer 3485,customer3485@example.com,Hyderabad,27,Referral,2026-03-15,Price Sensitive,True,3.0,9595.0,2026-08-07
CUST03486,Customer 3486,customer3486@example.com,Bangalore,37,Google,2025-06-13,Price Sensitive,False,1.0,3999.0,2025-10-08
CUST03487,Customer 3487,customer3487@example.com,Delhi,25,Referral,2025-01-14,Repeat Buyer,False,2.0,8497.0,2026-02-08
CUST03488,Customer 3488,customer3488@example.com,Bangalore,31,Referral,2025-09-28,High Value,True,7.0,29386.0,2026-03-14
CUST03489,Customer 3489,customer3489@example.com,Ahmedabad,28,Instagram,2025-04-12,Window Shopper,False,1.0,4498.0,2025-10-12
CUST03490,Customer 3490,customer3490@example.com,Pune,40,Direct,2025-03-20,New Customer,False,1.0,1299.0,2026-08-21
CUST03491,Customer 3491,customer3491@example.com,Hyderabad,29,YouTube,2026-01-07,Repeat Buyer,True,2.0,5595.0,2025-09-29
CUST03492,Customer 3492,customer3492@example.com,Delhi,40,Google,2026-01-04,High Value,True,8.0,26786.0,2026-08-10
CUST03493,Customer 3493,customer3493@example.com,Delhi,33,Google,2025-03-28,Repeat Buyer,True,3.0,21792.0,2025-12-27
CUST03494,Customer 3494,customer3494@example.com,Ahmedabad,32,Direct,2025-11-12,New Customer,False,1.0,3798.0,2025-06-26
CUST03495,Customer 3495,customer3495@example.com,Mumbai,18,Organic,2025-07-06,New Customer,False,0.0,0.0,2025-07-06
CUST03496,Customer 3496,customer3496@example.com,Delhi,40,Google,2025-03-08,Window Shopper,False,1.0,3297.0,2026-03-09
CUST03497,Customer 3497,customer3497@example.com,Pune,20,Referral,2025-07-23,New Customer,False,0.0,0.0,2025-07-23
CUST03498,Customer 3498,customer3498@example.com,Ahmedabad,20,YouTube,2025-04-06,New Customer,True,1.0,2499.0,2025-06-23
CUST03499,Customer 3499,customer3499@example.com,Bangalore,50,Google,2026-03-01,Repeat Buyer,True,3.0,13492.0,2026-07-28
CUST03500,Customer 3500,customer3500@example.com,Bangalore,18,Referral,2025-03-05,Window Shopper,False,0.0,0.0,2025-03-05
CUST03501,Customer 3501,customer3501@example.com,Delhi,53,Direct,2025-10-14,New Customer,True,1.0,3999.0,2025-04-30
CUST03502,Customer 3502,customer3502@example.com,Bangalore,49,Direct,2026-02-11,High Value,True,3.0,11593.0,2026-07-29
CUST03503,Customer 3503,customer3503@example.com,Chennai,52,Organic,2026-02-04,Window Shopper,False,0.0,0.0,2026-02-04
CUST03504,Customer 3504,customer3504@example.com,Ahmedabad,34,Google,2025-03-16,Repeat Buyer,True,4.0,15193.0,2026-07-13
CUST03505,Customer 3505,customer3505@example.com,Delhi,27,Google,2026-05-03,New Customer,False,1.0,2498.0,2026-05-25
CUST03506,Customer 3506,customer3506@example.com,Hyderabad,24,YouTube,2025-05-30,New Customer,False,1.0,2499.0,2026-01-11
CUST03507,Customer 3507,customer3507@example.com,Mumbai,29,Google,2026-01-11,New Customer,True,1.0,3998.0,2026-07-25
CUST03508,Customer 3508,customer3508@example.com,Kolkata,29,YouTube,2025-06-22,Dormant,False,0.0,0.0,2025-06-22
CUST03509,Customer 3509,customer3509@example.com,Kolkata,33,Direct,2026-02-09,New Customer,False,1.0,2998.0,2025-04-03
CUST03510,Customer 3510,customer3510@example.com,Delhi,22,Direct,2025-02-28,Price Sensitive,False,1.0,1898.0,2025-12-05
CUST03511,Customer 3511,customer3511@example.com,Ahmedabad,35,Instagram,2026-02-28,High Value,True,3.0,10994.0,2025-10-12
CUST03512,Customer 3512,customer3512@example.com,Pune,32,YouTube,2026-05-02,New Customer,False,1.0,5498.0,2026-04-21
CUST03513,Customer 3513,customer3513@example.com,Pune,27,Instagram,2026-03-31,Repeat Buyer,True,5.0,13890.0,2026-07-03
CUST03514,Customer 3514,customer3514@example.com,Kolkata,29,Referral,2025-12-05,Price Sensitive,False,1.0,3998.0,2025-04-07
CUST03515,Customer 3515,customer3515@example.com,Kolkata,32,YouTube,2026-03-01,New Customer,False,0.0,0.0,2026-03-01
CUST03516,Customer 3516,customer3516@example.com,Kolkata,22,Organic,2026-01-10,Price Sensitive,False,1.0,6498.0,2025-09-21
CUST03517,Customer 3517,customer3517@example.com,Pune,38,Organic,2025-10-19,New Customer,False,1.0,4997.0,2026-07-18
CUST03518,Customer 3518,customer3518@example.com,Bangalore,41,Instagram,2025-08-08,New Customer,True,0.0,0.0,2025-08-08
CUST03519,Customer 3519,customer3519@example.com,Bangalore,54,Direct,2025-06-25,Dormant,False,1.0,2498.0,2025-09-15
CUST03520,Customer 3520,customer3520@example.com,Bangalore,54,Direct,2025-07-12,Repeat Buyer,True,2.0,3798.0,2026-06-06
CUST03521,Customer 3521,customer3521@example.com,Pune,46,YouTube,2025-09-12,High Value,True,3.0,10495.0,2026-04-07
CUST03522,Customer 3522,customer3522@example.com,Ahmedabad,18,Google,2025-01-10,Repeat Buyer,True,6.0,26788.0,2026-08-04
CUST03523,Customer 3523,customer3523@example.com,Mumbai,18,Instagram,2025-11-15,New Customer,False,1.0,899.0,2025-08-19
CUST03524,Customer 3524,customer3524@example.com,Mumbai,23,Google,2025-06-07,Window Shopper,False,1.0,499.0,2025-06-17
CUST03525,Customer 3525,customer3525@example.com,Delhi,45,YouTube,2025-07-26,New Customer,False,1.0,6498.0,2025-08-30
CUST03526,Customer 3526,customer3526@example.com,Ahmedabad,43,Instagram,2025-10-17,Repeat Buyer,True,3.0,11393.0,2026-02-26
CUST03527,Customer 3527,customer3527@example.com,Bangalore,28,Referral,2025-09-09,Dormant,False,0.0,0.0,2025-09-09
CUST03528,Customer 3528,customer3528@example.com,Mumbai,26,Referral,2025-11-30,Window Shopper,False,0.0,0.0,2025-11-30
CUST03529,Customer 3529,customer3529@example.com,Ahmedabad,39,Direct,2025-10-23,Repeat Buyer,False,4.0,16692.0,2026-02-04
CUST03530,Customer 3530,customer3530@example.com,Ahmedabad,52,Referral,2025-06-30,Dormant,False,0.0,0.0,2025-06-30
CUST03531,Customer 3531,customer3531@example.com,Delhi,54,Direct,2025-12-21,New Customer,False,1.0,4798.0,2025-10-04
CUST03532,Customer 3532,customer3532@example.com,Bangalore,42,Organic,2025-06-08,Repeat Buyer,True,3.0,8995.0,2025-11-18
CUST03533,Customer 3533,customer3533@example.com,Pune,29,Google,2025-03-05,New Customer,False,2.0,4897.0,2026-05-28
CUST03534,Customer 3534,customer3534@example.com,Bangalore,40,Instagram,2026-02-01,New Customer,True,1.0,3298.0,2025-09-10
CUST03535,Customer 3535,customer3535@example.com,Chennai,36,YouTube,2025-11-24,Repeat Buyer,False,4.0,10293.0,2026-06-21
CUST03536,Customer 3536,customer3536@example.com,Ahmedabad,18,Direct,2025-01-26,Repeat Buyer,False,4.0,6895.0,2026-08-22
CUST03537,Customer 3537,customer3537@example.com,Ahmedabad,43,Organic,2025-06-08,New Customer,False,1.0,3498.0,2025-04-29
CUST03538,Customer 3538,customer3538@example.com,Ahmedabad,43,Organic,2025-10-21,High Value,False,5.0,15393.0,2026-07-18
CUST03539,Customer 3539,customer3539@example.com,Chennai,23,Referral,2026-02-22,Repeat Buyer,True,2.0,5797.0,2026-01-05
CUST03540,Customer 3540,customer3540@example.com,Kolkata,20,Organic,2026-03-16,New Customer,False,1.0,2398.0,2025-12-18
CUST03541,Customer 3541,customer3541@example.com,Delhi,40,Organic,2025-12-24,Repeat Buyer,True,4.0,14392.0,2025-10-10
CUST03542,Customer 3542,customer3542@example.com,Kolkata,35,YouTube,2025-08-07,New Customer,True,1.0,3999.0,2025-09-29
CUST03543,Customer 3543,customer3543@example.com,Ahmedabad,23,Instagram,2026-03-28,High Value,False,6.0,19990.0,2026-08-23
CUST03544,Customer 3544,customer3544@example.com,Mumbai,54,Direct,2025-07-14,High Value,True,5.0,14991.0,2026-07-28
CUST03545,Customer 3545,customer3545@example.com,Pune,55,Referral,2026-01-04,New Customer,False,1.0,2499.0,2025-04-12
CUST03546,Customer 3546,customer3546@example.com,Bangalore,28,YouTube,2025-03-24,New Customer,False,1.0,3998.0,2025-12-23
CUST03547,Customer 3547,customer3547@example.com,Kolkata,37,Google,2025-02-10,Repeat Buyer,True,4.0,11593.0,2026-05-01
CUST03548,Customer 3548,customer3548@example.com,Pune,43,Organic,2026-04-18,Window Shopper,False,0.0,0.0,2026-04-18
CUST03549,Customer 3549,customer3549@example.com,Delhi,37,Organic,2026-01-21,New Customer,False,1.0,699.0,2025-04-16
CUST03550,Customer 3550,customer3550@example.com,Chennai,32,Organic,2025-12-30,New Customer,False,1.0,899.0,2026-01-07
CUST03551,Customer 3551,customer3551@example.com,Chennai,25,Referral,2025-10-19,New Customer,True,2.0,1398.0,2026-08-10
CUST03552,Customer 3552,customer3552@example.com,Delhi,34,Organic,2025-10-24,Dormant,False,0.0,0.0,2025-10-24
CUST03553,Customer 3553,customer3553@example.com,Chennai,44,Organic,2025-01-09,Repeat Buyer,True,3.0,13294.0,2026-08-16
CUST03554,Customer 3554,customer3554@example.com,Mumbai,27,Google,2025-01-25,High Value,True,8.0,23285.0,2026-03-22
CUST03555,Customer 3555,customer3555@example.com,Mumbai,48,Direct,2026-04-24,High Value,True,5.0,27187.0,2026-04-23
CUST03556,Customer 3556,customer3556@example.com,Chennai,24,Google,2025-03-22,New Customer,False,0.0,0.0,2025-03-22
CUST03557,Customer 3557,customer3557@example.com,Ahmedabad,26,Instagram,2025-12-20,New Customer,True,1.0,3999.0,2025-10-29
CUST03558,Customer 3558,customer3558@example.com,Hyderabad,48,Organic,2025-06-04,New Customer,False,1.0,2499.0,2025-11-22
CUST03559,Customer 3559,customer3559@example.com,Delhi,36,Direct,2025-12-30,Window Shopper,False,0.0,0.0,2025-12-30
CUST03560,Customer 3560,customer3560@example.com,Ahmedabad,55,Google,2026-03-16,Price Sensitive,False,2.0,8596.0,2026-03-09
CUST03561,Customer 3561,customer3561@example.com,Hyderabad,20,Organic,2025-05-23,Price Sensitive,True,2.0,3597.0,2026-05-07
CUST03562,Customer 3562,customer3562@example.com,Kolkata,22,Google,2026-01-06,High Value,False,8.0,23086.0,2026-08-21
CUST03563,Customer 3563,customer3563@example.com,Hyderabad,27,Direct,2026-03-24,High Value,True,6.0,27887.0,2026-08-01
CUST03564,Customer 3564,customer3564@example.com,Bangalore,31,Direct,2026-03-19,Repeat Buyer,True,3.0,6996.0,2026-04-16
CUST03565,Customer 3565,customer3565@example.com,Pune,51,Direct,2025-11-01,Repeat Buyer,False,3.0,14094.0,2026-05-04
CUST03566,Customer 3566,customer3566@example.com,Pune,48,Instagram,2025-10-12,Repeat Buyer,True,4.0,16790.0,2026-08-18
CUST03567,Customer 3567,customer3567@example.com,Bangalore,54,YouTube,2025-04-22,Dormant,False,0.0,0.0,2025-04-22
CUST03568,Customer 3568,customer3568@example.com,Pune,53,Organic,2025-04-07,Dormant,False,0.0,0.0,2025-04-07
CUST03569,Customer 3569,customer3569@example.com,Kolkata,32,Instagram,2025-02-07,New Customer,False,1.0,1299.0,2025-11-10
CUST03570,Customer 3570,customer3570@example.com,Pune,21,Google,2025-06-01,New Customer,False,1.0,5797.0,2025-08-12
CUST03571,Customer 3571,customer3571@example.com,Kolkata,28,Direct,2026-01-15,Window Shopper,True,0.0,0.0,2026-01-15
CUST03572,Customer 3572,customer3572@example.com,Delhi,37,Referral,2025-05-30,New Customer,False,1.0,899.0,2025-10-30
CUST03573,Customer 3573,customer3573@example.com,Bangalore,19,Organic,2025-04-29,New Customer,False,1.0,3798.0,2026-03-15
CUST03574,Customer 3574,customer3574@example.com,Kolkata,50,Direct,2025-12-21,Price Sensitive,False,0.0,0.0,2025-12-21
CUST03575,Customer 3575,customer3575@example.com,Hyderabad,20,YouTube,2026-02-10,Price Sensitive,False,2.0,7196.0,2025-05-18
CUST03576,Customer 3576,customer3576@example.com,Pune,27,YouTube,2026-03-17,Window Shopper,False,1.0,1698.0,2025-05-24
CUST03577,Customer 3577,customer3577@example.com,Hyderabad,27,Direct,2025-02-15,New Customer,False,1.0,4797.0,2026-06-21
CUST03578,Customer 3578,customer3578@example.com,Ahmedabad,36,Instagram,2025-08-27,High Value,False,3.0,9695.0,2026-04-09
CUST03579,Customer 3579,customer3579@example.com,Chennai,31,Organic,2025-01-30,New Customer,False,0.0,0.0,2025-01-30
CUST03580,Customer 3580,customer3580@example.com,Pune,21,Google,2025-03-24,New Customer,False,1.0,4298.0,2025-12-05
CUST03581,Customer 3581,customer3581@example.com,Chennai,45,Referral,2025-06-23,Window Shopper,False,0.0,0.0,2025-06-23
CUST03582,Customer 3582,customer3582@example.com,Mumbai,30,Google,2025-03-10,New Customer,False,1.0,5697.0,2026-01-30
CUST03583,Customer 3583,customer3583@example.com,Delhi,18,Google,2025-01-09,High Value,True,5.0,16191.0,2026-05-20
CUST03584,Customer 3584,customer3584@example.com,Bangalore,31,Google,2026-03-26,New Customer,False,2.0,5897.0,2026-06-21
CUST03585,Customer 3585,customer3585@example.com,Delhi,34,Referral,2025-08-28,New Customer,True,1.0,2498.0,2025-06-03
CUST03586,Customer 3586,customer3586@example.com,Bangalore,45,Referral,2025-07-06,Repeat Buyer,False,4.0,16294.0,2026-04-13
CUST03587,Customer 3587,customer3587@example.com,Kolkata,27,Referral,2025-11-09,Dormant,True,1.0,3498.0,2026-05-22
CUST03588,Customer 3588,customer3588@example.com,Pune,33,Direct,2025-01-30,High Value,False,6.0,26489.0,2026-08-16
CUST03589,Customer 3589,customer3589@example.com,Delhi,21,Instagram,2026-04-28,New Customer,False,1.0,3498.0,2025-09-27
CUST03590,Customer 3590,customer3590@example.com,Chennai,49,Google,2025-05-01,Window Shopper,False,1.0,2298.0,2025-04-30
CUST03591,Customer 3591,customer3591@example.com,Mumbai,20,Google,2025-10-04,New Customer,False,1.0,999.0,2025-10-14
CUST03592,Customer 3592,customer3592@example.com,Hyderabad,23,Referral,2026-01-03,New Customer,True,2.0,9495.0,2025-07-28
CUST03593,Customer 3593,customer3593@example.com,Mumbai,36,Instagram,2026-03-28,New Customer,True,1.0,3398.0,2025-11-19
CUST03594,Customer 3594,customer3594@example.com,Kolkata,34,Direct,2026-03-29,Repeat Buyer,True,3.0,5697.0,2025-12-04
CUST03595,Customer 3595,customer3595@example.com,Bangalore,48,Direct,2025-11-22,High Value,False,4.0,19292.0,2026-06-15
CUST03596,Customer 3596,customer3596@example.com,Chennai,44,Instagram,2025-11-15,Price Sensitive,False,1.0,999.0,2026-01-12
CUST03597,Customer 3597,customer3597@example.com,Mumbai,34,Instagram,2025-07-17,Price Sensitive,False,1.0,3198.0,2026-05-01
CUST03598,Customer 3598,customer3598@example.com,Ahmedabad,27,Direct,2025-08-29,Repeat Buyer,True,3.0,11493.0,2026-04-15
CUST03599,Customer 3599,customer3599@example.com,Bangalore,29,Google,2025-06-12,High Value,True,6.0,14991.0,2026-05-28
CUST03600,Customer 3600,customer3600@example.com,Pune,42,Referral,2026-01-24,High Value,False,4.0,13894.0,2026-06-07
CUST03601,Customer 3601,customer3601@example.com,Mumbai,33,Referral,2025-05-08,High Value,False,8.0,29182.0,2026-08-18
CUST03602,Customer 3602,customer3602@example.com,Bangalore,29,Instagram,2025-03-08,High Value,True,8.0,34683.0,2026-04-02
CUST03603,Customer 3603,customer3603@example.com,Bangalore,51,Referral,2026-05-10,New Customer,False,1.0,2499.0,2026-06-10
CUST03604,Customer 3604,customer3604@example.com,Pune,53,Referral,2026-02-18,Repeat Buyer,True,3.0,7196.0,2026-07-18
CUST03605,Customer 3605,customer3605@example.com,Bangalore,47,Instagram,2026-03-18,Window Shopper,False,0.0,0.0,2026-03-18
CUST03606,Customer 3606,customer3606@example.com,Hyderabad,32,YouTube,2025-03-19,Window Shopper,False,0.0,0.0,2025-03-19
CUST03607,Customer 3607,customer3607@example.com,Chennai,40,Google,2025-11-03,Repeat Buyer,True,2.0,6395.0,2025-06-21
CUST03608,Customer 3608,customer3608@example.com,Bangalore,49,Instagram,2025-03-30,Repeat Buyer,False,2.0,4296.0,2026-03-21
CUST03609,Customer 3609,customer3609@example.com,Kolkata,34,Google,2025-04-23,New Customer,False,1.0,3798.0,2026-01-28
CUST03610,Customer 3610,customer3610@example.com,Hyderabad,41,Organic,2025-03-18,High Value,True,4.0,17690.0,2026-06-26
CUST03611,Customer 3611,customer3611@example.com,Kolkata,38,Direct,2026-02-20,New Customer,False,1.0,6997.0,2025-08-12
CUST03612,Customer 3612,customer3612@example.com,Kolkata,30,Google,2026-01-14,New Customer,False,2.0,3598.0,2025-08-05
CUST03613,Customer 3613,customer3613@example.com,Delhi,30,Organic,2025-05-31,Price Sensitive,False,3.0,9294.0,2026-07-17
CUST03614,Customer 3614,customer3614@example.com,Hyderabad,37,YouTube,2026-03-07,Repeat Buyer,False,1.0,3999.0,2025-05-13
CUST03615,Customer 3615,customer3615@example.com,Pune,18,Organic,2025-08-26,Repeat Buyer,True,6.0,20188.0,2026-08-23
CUST03616,Customer 3616,customer3616@example.com,Pune,42,YouTube,2025-12-17,New Customer,True,1.0,3999.0,2026-06-22
CUST03617,Customer 3617,customer3617@example.com,Pune,30,Direct,2025-08-18,Repeat Buyer,True,2.0,3298.0,2026-06-06
CUST03618,Customer 3618,customer3618@example.com,Mumbai,43,Referral,2025-11-21,Repeat Buyer,True,5.0,17491.0,2025-12-10
CUST03619,Customer 3619,customer3619@example.com,Pune,44,Google,2025-05-18,Price Sensitive,True,3.0,8496.0,2026-08-10
CUST03620,Customer 3620,customer3620@example.com,Ahmedabad,38,Google,2025-03-23,New Customer,False,1.0,1799.0,2025-10-25
CUST03621,Customer 3621,customer3621@example.com,Hyderabad,44,Instagram,2026-03-30,Window Shopper,False,0.0,0.0,2026-03-30
CUST03622,Customer 3622,customer3622@example.com,Mumbai,26,Instagram,2025-12-01,Repeat Buyer,True,2.0,7395.0,2025-11-05
CUST03623,Customer 3623,customer3623@example.com,Mumbai,27,YouTube,2025-05-27,Repeat Buyer,False,5.0,16391.0,2025-12-30
CUST03624,Customer 3624,customer3624@example.com,Kolkata,31,Instagram,2025-03-19,New Customer,False,0.0,0.0,2025-03-19
CUST03625,Customer 3625,customer3625@example.com,Kolkata,32,Referral,2025-05-06,High Value,True,7.0,28285.0,2026-07-19
CUST03626,Customer 3626,customer3626@example.com,Mumbai,44,Google,2026-02-28,Repeat Buyer,False,5.0,17491.0,2026-08-20
CUST03627,Customer 3627,customer3627@example.com,Mumbai,20,Referral,2025-07-13,High Value,True,8.0,28682.0,2026-05-03
CUST03628,Customer 3628,customer3628@example.com,Hyderabad,53,Organic,2025-02-19,New Customer,False,1.0,2499.0,2026-08-14
CUST03629,Customer 3629,customer3629@example.com,Delhi,52,Instagram,2025-01-23,New Customer,False,1.0,2798.0,2026-07-22
CUST03630,Customer 3630,customer3630@example.com,Delhi,28,Instagram,2026-02-24,New Customer,False,1.0,2798.0,2025-07-15
CUST03631,Customer 3631,customer3631@example.com,Mumbai,24,Google,2026-02-05,High Value,True,7.0,12691.0,2026-03-27
CUST03632,Customer 3632,customer3632@example.com,Bangalore,41,YouTube,2025-03-20,New Customer,False,1.0,699.0,2025-11-19
CUST03633,Customer 3633,customer3633@example.com,Ahmedabad,43,Organic,2026-04-03,Window Shopper,False,0.0,0.0,2026-04-03
CUST03634,Customer 3634,customer3634@example.com,Bangalore,51,Organic,2025-05-15,New Customer,False,1.0,7897.0,2025-12-28
CUST03635,Customer 3635,customer3635@example.com,Chennai,37,Google,2026-03-05,High Value,True,4.0,15392.0,2026-02-01
CUST03636,Customer 3636,customer3636@example.com,Kolkata,29,YouTube,2026-04-21,Window Shopper,True,0.0,0.0,2026-04-21
CUST03637,Customer 3637,customer3637@example.com,Ahmedabad,51,Referral,2025-05-06,Repeat Buyer,False,2.0,7895.0,2026-05-13
CUST03638,Customer 3638,customer3638@example.com,Kolkata,43,Organic,2026-04-30,Window Shopper,False,1.0,499.0,2026-06-13
CUST03639,Customer 3639,customer3639@example.com,Bangalore,45,Direct,2025-03-08,Window Shopper,False,0.0,0.0,2025-03-08
CUST03640,Customer 3640,customer3640@example.com,Bangalore,27,Direct,2026-04-22,New Customer,False,1.0,2999.0,2026-05-24
CUST03641,Customer 3641,customer3641@example.com,Bangalore,30,Google,2025-01-09,Repeat Buyer,True,3.0,7995.0,2026-08-20
CUST03642,Customer 3642,customer3642@example.com,Chennai,28,YouTube,2025-05-10,Repeat Buyer,True,5.0,22686.0,2026-05-26
CUST03643,Customer 3643,customer3643@example.com,Bangalore,36,Direct,2025-09-06,High Value,False,4.0,10190.0,2026-05-27
CUST03644,Customer 3644,customer3644@example.com,Bangalore,23,Referral,2026-03-18,Dormant,False,0.0,0.0,2026-03-18
CUST03645,Customer 3645,customer3645@example.com,Kolkata,55,YouTube,2025-11-01,High Value,True,7.0,23785.0,2026-07-27
CUST03646,Customer 3646,customer3646@example.com,Bangalore,28,YouTube,2025-12-24,Dormant,False,0.0,0.0,2025-12-24
CUST03647,Customer 3647,customer3647@example.com,Hyderabad,21,Google,2026-03-25,New Customer,False,1.0,3098.0,2025-05-25
CUST03648,Customer 3648,customer3648@example.com,Mumbai,18,Instagram,2025-01-03,Repeat Buyer,True,4.0,13691.0,2026-01-05
CUST03649,Customer 3649,customer3649@example.com,Mumbai,52,Organic,2025-04-10,Repeat Buyer,True,5.0,24890.0,2026-04-15
CUST03650,Customer 3650,customer3650@example.com,Bangalore,18,Organic,2025-11-20,High Value,True,5.0,21288.0,2026-04-16
CUST03651,Customer 3651,customer3651@example.com,Chennai,33,YouTube,2026-04-06,New Customer,False,1.0,6097.0,2025-10-04
CUST03652,Customer 3652,customer3652@example.com,Pune,53,Direct,2025-03-24,New Customer,False,1.0,899.0,2025-04-24
CUST03653,Customer 3653,customer3653@example.com,Mumbai,54,YouTube,2025-02-01,Dormant,False,0.0,0.0,2025-02-01
CUST03654,Customer 3654,customer3654@example.com,Kolkata,28,Referral,2026-01-23,New Customer,False,1.0,1499.0,2025-04-07
CUST03655,Customer 3655,customer3655@example.com,Delhi,29,YouTube,2026-04-01,Repeat Buyer,True,3.0,10296.0,2025-05-30
CUST03656,Customer 3656,customer3656@example.com,Kolkata,31,Google,2026-02-22,New Customer,False,1.0,3498.0,2026-06-29
CUST03657,Customer 3657,customer3657@example.com,Bangalore,50,Organic,2025-11-22,Repeat Buyer,False,2.0,5496.0,2026-03-12
CUST03658,Customer 3658,customer3658@example.com,Kolkata,29,Referral,2025-08-21,New Customer,False,1.0,3997.0,2026-06-23
CUST03659,Customer 3659,customer3659@example.com,Chennai,24,Instagram,2026-05-14,New Customer,False,1.0,699.0,2025-11-30
CUST03660,Customer 3660,customer3660@example.com,Mumbai,30,Google,2026-01-03,New Customer,True,1.0,4298.0,2025-06-11
CUST03661,Customer 3661,customer3661@example.com,Delhi,40,Google,2025-08-25,High Value,True,4.0,17392.0,2026-04-02
CUST03662,Customer 3662,customer3662@example.com,Bangalore,51,Referral,2025-06-16,Price Sensitive,False,2.0,5597.0,2026-03-30
CUST03663,Customer 3663,customer3663@example.com,Hyderabad,43,Referral,2025-09-10,Price Sensitive,False,1.0,5798.0,2026-05-22
CUST03664,Customer 3664,customer3664@example.com,Kolkata,41,YouTube,2025-03-27,Repeat Buyer,True,5.0,13389.0,2026-07-29
CUST03665,Customer 3665,customer3665@example.com,Bangalore,35,Google,2026-01-30,New Customer,False,1.0,2499.0,2025-05-03
CUST03666,Customer 3666,customer3666@example.com,Ahmedabad,44,Instagram,2025-08-24,New Customer,True,1.0,4797.0,2026-03-13
CUST03667,Customer 3667,customer3667@example.com,Pune,55,Referral,2025-10-24,Window Shopper,False,1.0,999.0,2026-02-10
CUST03668,Customer 3668,customer3668@example.com,Chennai,40,Direct,2025-09-12,Window Shopper,False,0.0,0.0,2025-09-12
CUST03669,Customer 3669,customer3669@example.com,Mumbai,43,Referral,2025-07-08,New Customer,False,2.0,9895.0,2025-04-24
CUST03670,Customer 3670,customer3670@example.com,Kolkata,28,YouTube,2026-03-22,Price Sensitive,False,1.0,7497.0,2025-10-04
CUST03671,Customer 3671,customer3671@example.com,Mumbai,38,Referral,2025-04-15,Repeat Buyer,False,5.0,16890.0,2026-07-22
CUST03672,Customer 3672,customer3672@example.com,Mumbai,39,Organic,2025-04-25,Repeat Buyer,True,6.0,12390.0,2026-07-30
CUST03673,Customer 3673,customer3673@example.com,Hyderabad,46,Direct,2025-06-02,High Value,True,4.0,9592.0,2026-01-17
CUST03674,Customer 3674,customer3674@example.com,Hyderabad,46,Organic,2025-11-18,Window Shopper,False,1.0,2499.0,2026-07-14
CUST03675,Customer 3675,customer3675@example.com,Kolkata,45,YouTube,2025-06-05,Repeat Buyer,False,3.0,12695.0,2026-05-19
CUST03676,Customer 3676,customer3676@example.com,Kolkata,49,Instagram,2025-10-15,New Customer,False,1.0,1798.0,2025-06-14
CUST03677,Customer 3677,customer3677@example.com,Ahmedabad,37,Direct,2025-12-15,New Customer,False,1.0,1499.0,2025-05-26
CUST03678,Customer 3678,customer3678@example.com,Chennai,43,Organic,2025-02-08,Repeat Buyer,True,2.0,4497.0,2025-09-16
CUST03679,Customer 3679,customer3679@example.com,Chennai,25,Referral,2025-08-25,Dormant,True,0.0,0.0,2025-08-25
CUST03680,Customer 3680,customer3680@example.com,Pune,31,Referral,2026-01-11,New Customer,False,2.0,6196.0,2026-03-18
CUST03681,Customer 3681,customer3681@example.com,Bangalore,42,Organic,2026-02-02,High Value,False,6.0,32985.0,2026-02-13
CUST03682,Customer 3682,customer3682@example.com,Chennai,38,Instagram,2026-02-10,High Value,True,8.0,22586.0,2026-07-14
CUST03683,Customer 3683,customer3683@example.com,Kolkata,18,Organic,2026-05-10,High Value,True,5.0,26188.0,2026-07-31
CUST03684,Customer 3684,customer3684@example.com,Hyderabad,28,Referral,2025-03-13,New Customer,False,1.0,4998.0,2025-05-17
CUST03685,Customer 3685,customer3685@example.com,Kolkata,36,YouTube,2025-11-05,Dormant,True,0.0,0.0,2025-11-05
CUST03686,Customer 3686,customer3686@example.com,Mumbai,35,YouTube,2026-03-03,Window Shopper,True,1.0,2499.0,2025-09-29
CUST03687,Customer 3687,customer3687@example.com,Delhi,18,YouTube,2026-03-26,New Customer,False,1.0,3898.0,2026-03-29
CUST03688,Customer 3688,customer3688@example.com,Hyderabad,39,Referral,2025-06-06,High Value,True,3.0,14994.0,2026-05-18
CUST03689,Customer 3689,customer3689@example.com,Delhi,48,Organic,2026-03-03,Price Sensitive,False,2.0,7096.0,2026-01-06
CUST03690,Customer 3690,customer3690@example.com,Pune,44,Google,2025-01-08,Window Shopper,False,1.0,3498.0,2025-03-03
CUST03691,Customer 3691,customer3691@example.com,Pune,18,Instagram,2025-01-01,New Customer,False,1.0,6498.0,2025-05-09
CUST03692,Customer 3692,customer3692@example.com,Kolkata,43,Instagram,2025-10-31,New Customer,False,2.0,3498.0,2026-02-11
CUST03693,Customer 3693,customer3693@example.com,Pune,31,Instagram,2026-04-12,Window Shopper,False,1.0,1799.0,2025-12-30
CUST03694,Customer 3694,customer3694@example.com,Chennai,24,YouTube,2025-05-14,Dormant,False,1.0,2499.0,2026-02-28
CUST03695,Customer 3695,customer3695@example.com,Ahmedabad,52,Direct,2026-03-09,Price Sensitive,True,3.0,8994.0,2026-05-05
CUST03696,Customer 3696,customer3696@example.com,Ahmedabad,54,Instagram,2025-09-15,Window Shopper,False,0.0,0.0,2025-09-15
CUST03697,Customer 3697,customer3697@example.com,Hyderabad,25,YouTube,2025-08-30,Price Sensitive,False,2.0,7996.0,2026-07-11
CUST03698,Customer 3698,customer3698@example.com,Hyderabad,19,Instagram,2025-11-20,New Customer,False,2.0,9295.0,2026-01-01
CUST03699,Customer 3699,customer3699@example.com,Bangalore,21,Google,2025-05-19,Price Sensitive,False,2.0,6796.0,2026-08-11
CUST03700,Customer 3700,customer3700@example.com,Chennai,26,YouTube,2025-11-01,Window Shopper,False,0.0,0.0,2025-11-01
CUST03701,Customer 3701,customer3701@example.com,Chennai,39,Referral,2025-10-14,Dormant,False,1.0,2499.0,2025-05-09
CUST03702,Customer 3702,customer3702@example.com,Pune,28,Organic,2026-04-27,Window Shopper,False,0.0,0.0,2026-04-27
CUST03703,Customer 3703,customer3703@example.com,Mumbai,25,Organic,2026-04-12,New Customer,True,1.0,4298.0,2025-04-16
CUST03704,Customer 3704,customer3704@example.com,Ahmedabad,26,Organic,2026-04-23,Repeat Buyer,True,4.0,12393.0,2026-07-10
CUST03705,Customer 3705,customer3705@example.com,Mumbai,25,YouTube,2025-01-05,Repeat Buyer,True,6.0,16491.0,2026-05-13
CUST03706,Customer 3706,customer3706@example.com,Chennai,46,Instagram,2025-05-13,Repeat Buyer,True,1.0,3697.0,2025-09-03
CUST03707,Customer 3707,customer3707@example.com,Kolkata,37,YouTube,2025-05-28,Repeat Buyer,True,3.0,3997.0,2026-07-29
CUST03708,Customer 3708,customer3708@example.com,Delhi,45,Organic,2025-03-29,Price Sensitive,False,2.0,11795.0,2026-05-14
CUST03709,Customer 3709,customer3709@example.com,Delhi,52,Google,2025-06-10,New Customer,False,1.0,5197.0,2026-03-13
CUST03710,Customer 3710,customer3710@example.com,Mumbai,36,Organic,2026-01-09,New Customer,False,1.0,6197.0,2025-11-30
CUST03711,Customer 3711,customer3711@example.com,Hyderabad,18,Direct,2025-05-08,Repeat Buyer,True,4.0,20191.0,2026-04-23
CUST03712,Customer 3712,customer3712@example.com,Bangalore,22,Direct,2026-02-03,Repeat Buyer,True,2.0,5897.0,2026-06-19
CUST03713,Customer 3713,customer3713@example.com,Mumbai,47,Referral,2025-03-22,Repeat Buyer,False,3.0,9795.0,2026-06-27
CUST03714,Customer 3714,customer3714@example.com,Delhi,40,YouTube,2025-06-14,Repeat Buyer,True,5.0,13493.0,2026-07-31
CUST03715,Customer 3715,customer3715@example.com,Pune,28,Google,2025-10-27,Price Sensitive,False,1.0,4298.0,2025-11-21
CUST03716,Customer 3716,customer3716@example.com,Pune,26,Direct,2026-03-16,Price Sensitive,True,1.0,4298.0,2025-12-26
CUST03717,Customer 3717,customer3717@example.com,Pune,49,Organic,2025-11-11,Repeat Buyer,True,5.0,18793.0,2026-03-03
CUST03718,Customer 3718,customer3718@example.com,Pune,21,YouTube,2026-03-13,New Customer,True,1.0,699.0,2026-07-17
CUST03719,Customer 3719,customer3719@example.com,Bangalore,34,Referral,2025-08-21,High Value,True,7.0,29886.0,2026-04-04
CUST03720,Customer 3720,customer3720@example.com,Pune,31,Organic,2026-01-31,Repeat Buyer,True,6.0,14390.0,2026-06-10
CUST03721,Customer 3721,customer3721@example.com,Chennai,25,Referral,2025-03-02,New Customer,False,2.0,9996.0,2026-07-07
CUST03722,Customer 3722,customer3722@example.com,Ahmedabad,30,Organic,2025-05-29,Repeat Buyer,True,3.0,6895.0,2026-07-29
CUST03723,Customer 3723,customer3723@example.com,Hyderabad,39,Google,2025-09-08,Window Shopper,False,1.0,1799.0,2026-07-30
CUST03724,Customer 3724,customer3724@example.com,Delhi,25,YouTube,2025-04-22,Repeat Buyer,True,4.0,13494.0,2026-07-08
CUST03725,Customer 3725,customer3725@example.com,Bangalore,30,Google,2026-02-27,Repeat Buyer,False,2.0,9996.0,2025-07-09
CUST03726,Customer 3726,customer3726@example.com,Mumbai,45,Instagram,2025-09-20,High Value,False,7.0,21789.0,2026-07-06
CUST03727,Customer 3727,customer3727@example.com,Mumbai,53,Instagram,2025-06-30,Repeat Buyer,True,4.0,10393.0,2026-05-25
CUST03728,Customer 3728,customer3728@example.com,Ahmedabad,30,Instagram,2025-05-27,Price Sensitive,False,3.0,7894.0,2026-05-16
CUST03729,Customer 3729,customer3729@example.com,Pune,22,Organic,2025-04-03,Window Shopper,False,0.0,0.0,2025-04-03
CUST03730,Customer 3730,customer3730@example.com,Kolkata,38,Direct,2025-04-19,New Customer,False,1.0,3198.0,2026-02-27
CUST03731,Customer 3731,customer3731@example.com,Ahmedabad,50,Instagram,2025-02-21,Dormant,False,0.0,0.0,2025-02-21
CUST03732,Customer 3732,customer3732@example.com,Pune,45,Direct,2025-09-02,Repeat Buyer,False,5.0,20490.0,2026-08-21
CUST03733,Customer 3733,customer3733@example.com,Kolkata,49,Instagram,2026-01-12,New Customer,False,1.0,2499.0,2026-08-19
CUST03734,Customer 3734,customer3734@example.com,Mumbai,55,Referral,2025-10-29,Repeat Buyer,False,5.0,19590.0,2026-05-18
CUST03735,Customer 3735,customer3735@example.com,Delhi,31,Referral,2025-03-11,Dormant,False,0.0,0.0,2025-03-11
CUST03736,Customer 3736,customer3736@example.com,Kolkata,45,Organic,2026-05-13,High Value,True,5.0,13293.0,2026-06-06
CUST03737,Customer 3737,customer3737@example.com,Hyderabad,20,Instagram,2025-01-25,Window Shopper,True,1.0,2499.0,2026-03-24
CUST03738,Customer 3738,customer3738@example.com,Ahmedabad,32,YouTube,2025-01-09,High Value,True,6.0,20187.0,2026-01-28
CUST03739,Customer 3739,customer3739@example.com,Pune,28,Instagram,2025-12-27,High Value,True,5.0,15491.0,2026-06-22
CUST03740,Customer 3740,customer3740@example.com,Chennai,36,Google,2025-11-30,New Customer,False,1.0,2499.0,2026-04-18
CUST03741,Customer 3741,customer3741@example.com,Chennai,47,YouTube,2025-07-09,New Customer,False,1.0,6498.0,2025-10-29
CUST03742,Customer 3742,customer3742@example.com,Pune,49,Organic,2025-11-22,Repeat Buyer,True,4.0,16491.0,2026-05-06
CUST03743,Customer 3743,customer3743@example.com,Mumbai,51,Direct,2025-02-26,Price Sensitive,False,3.0,7997.0,2026-07-14
CUST03744,Customer 3744,customer3744@example.com,Mumbai,22,Referral,2026-01-17,Window Shopper,True,1.0,3398.0,2026-06-17
CUST03745,Customer 3745,customer3745@example.com,Bangalore,26,Organic,2025-09-28,High Value,False,7.0,29289.0,2026-06-11
CUST03746,Customer 3746,customer3746@example.com,Ahmedabad,23,Referral,2025-01-08,High Value,True,4.0,12593.0,2025-12-03
CUST03747,Customer 3747,customer3747@example.com,Chennai,34,Organic,2026-02-20,Dormant,False,0.0,0.0,2026-02-20
CUST03748,Customer 3748,customer3748@example.com,Delhi,45,Referral,2026-01-25,New Customer,False,1.0,4097.0,2025-08-08
CUST03749,Customer 3749,customer3749@example.com,Kolkata,51,Instagram,2025-02-12,Window Shopper,False,0.0,0.0,2025-02-12
CUST03750,Customer 3750,customer3750@example.com,Hyderabad,31,YouTube,2025-09-15,New Customer,False,1.0,6498.0,2025-04-30
CUST03751,Customer 3751,customer3751@example.com,Bangalore,23,YouTube,2025-05-06,Repeat Buyer,True,3.0,10396.0,2026-02-23
CUST03752,Customer 3752,customer3752@example.com,Bangalore,35,Organic,2025-10-23,High Value,False,6.0,24887.0,2026-07-19
CUST03753,Customer 3753,customer3753@example.com,Mumbai,24,Referral,2025-08-28,New Customer,False,1.0,699.0,2025-06-13
CUST03754,Customer 3754,customer3754@example.com,Mumbai,53,Referral,2026-04-19,High Value,True,8.0,23688.0,2026-03-08
CUST03755,Customer 3755,customer3755@example.com,Pune,23,Direct,2026-03-01,Repeat Buyer,True,2.0,11095.0,2026-02-27
CUST03756,Customer 3756,customer3756@example.com,Hyderabad,47,Direct,2025-01-07,Price Sensitive,False,1.0,2499.0,2026-01-07
CUST03757,Customer 3757,customer3757@example.com,Delhi,26,Direct,2025-07-22,Price Sensitive,False,2.0,9196.0,2026-07-04
CUST03758,Customer 3758,customer3758@example.com,Bangalore,54,Google,2026-02-08,New Customer,False,1.0,2998.0,2025-08-24
CUST03759,Customer 3759,customer3759@example.com,Mumbai,54,Referral,2025-06-07,High Value,True,4.0,10192.0,2026-06-29
CUST03760,Customer 3760,customer3760@example.com,Pune,25,Google,2026-01-06,New Customer,False,1.0,3398.0,2025-07-14
CUST03761,Customer 3761,customer3761@example.com,Pune,52,Instagram,2026-03-15,Repeat Buyer,True,6.0,13990.0,2025-12-18
CUST03762,Customer 3762,customer3762@example.com,Chennai,38,Instagram,2026-03-27,Repeat Buyer,True,3.0,7496.0,2025-08-20
CUST03763,Customer 3763,customer3763@example.com,Ahmedabad,31,Referral,2025-02-05,New Customer,False,2.0,2398.0,2026-03-16
CUST03764,Customer 3764,customer3764@example.com,Ahmedabad,31,Referral,2026-01-23,Window Shopper,False,1.0,2499.0,2026-04-05
CUST03765,Customer 3765,customer3765@example.com,Bangalore,31,Direct,2025-06-28,Repeat Buyer,False,4.0,9793.0,2026-08-09
CUST03766,Customer 3766,customer3766@example.com,Delhi,31,Organic,2025-05-04,Repeat Buyer,True,6.0,25787.0,2026-01-04
CUST03767,Customer 3767,customer3767@example.com,Hyderabad,39,YouTube,2025-06-14,Price Sensitive,True,2.0,1198.0,2026-06-07
CUST03768,Customer 3768,customer3768@example.com,Kolkata,23,Organic,2025-11-21,Dormant,False,1.0,5498.0,2025-11-26
CUST03769,Customer 3769,customer3769@example.com,Delhi,23,Direct,2025-06-21,Dormant,False,0.0,0.0,2025-06-21
CUST03770,Customer 3770,customer3770@example.com,Delhi,55,Referral,2025-10-18,Window Shopper,False,0.0,0.0,2025-10-18
CUST03771,Customer 3771,customer3771@example.com,Bangalore,24,Referral,2025-05-29,New Customer,False,1.0,2499.0,2025-10-16
CUST03772,Customer 3772,customer3772@example.com,Hyderabad,26,YouTube,2026-04-12,New Customer,False,1.0,5197.0,2025-03-24
CUST03773,Customer 3773,customer3773@example.com,Ahmedabad,19,Google,2025-10-06,New Customer,False,1.0,5197.0,2026-06-09
CUST03774,Customer 3774,customer3774@example.com,Kolkata,44,Instagram,2025-06-25,High Value,False,5.0,22587.0,2026-08-18
CUST03775,Customer 3775,customer3775@example.com,Bangalore,42,Organic,2025-05-12,Window Shopper,False,0.0,0.0,2025-05-12
CUST03776,Customer 3776,customer3776@example.com,Kolkata,22,Instagram,2026-04-03,New Customer,False,0.0,0.0,2026-04-03
CUST03777,Customer 3777,customer3777@example.com,Ahmedabad,38,Direct,2026-04-02,New Customer,False,2.0,4397.0,2025-12-14
CUST03778,Customer 3778,customer3778@example.com,Chennai,44,Organic,2025-01-22,New Customer,False,1.0,2398.0,2025-06-28
CUST03779,Customer 3779,customer3779@example.com,Hyderabad,30,Direct,2025-10-14,Dormant,False,0.0,0.0,2025-10-14
CUST03780,Customer 3780,customer3780@example.com,Delhi,18,Organic,2025-03-15,High Value,True,6.0,22288.0,2026-08-14
CUST03781,Customer 3781,customer3781@example.com,Mumbai,50,Instagram,2025-05-15,Repeat Buyer,True,2.0,8896.0,2026-01-28
CUST03782,Customer 3782,customer3782@example.com,Ahmedabad,25,YouTube,2026-01-22,High Value,True,4.0,14093.0,2026-07-21
CUST03783,Customer 3783,customer3783@example.com,Delhi,19,YouTube,2025-07-30,High Value,True,4.0,15891.0,2026-05-18
CUST03784,Customer 3784,customer3784@example.com,Ahmedabad,43,Organic,2025-12-22,High Value,True,5.0,13091.0,2026-07-25
CUST03785,Customer 3785,customer3785@example.com,Hyderabad,54,Google,2025-03-30,Price Sensitive,False,3.0,13094.0,2026-07-04
CUST03786,Customer 3786,customer3786@example.com,Chennai,50,Referral,2026-01-27,Repeat Buyer,False,3.0,10795.0,2025-12-11
CUST03787,Customer 3787,customer3787@example.com,Pune,25,Direct,2025-05-02,New Customer,False,0.0,0.0,2025-05-02
CUST03788,Customer 3788,customer3788@example.com,Ahmedabad,26,Referral,2025-03-05,Window Shopper,False,1.0,2697.0,2025-11-01
CUST03789,Customer 3789,customer3789@example.com,Hyderabad,45,YouTube,2026-05-07,Repeat Buyer,False,2.0,1998.0,2026-06-17
CUST03790,Customer 3790,customer3790@example.com,Bangalore,42,Organic,2026-02-02,High Value,True,4.0,14392.0,2026-04-08
CUST03791,Customer 3791,customer3791@example.com,Delhi,37,Google,2025-10-30,Price Sensitive,False,3.0,11093.0,2026-08-09
CUST03792,Customer 3792,customer3792@example.com,Bangalore,50,Referral,2025-04-16,Repeat Buyer,True,4.0,11093.0,2026-05-31
CUST03793,Customer 3793,customer3793@example.com,Pune,50,Google,2026-01-10,High Value,True,6.0,16890.0,2026-08-18
CUST03794,Customer 3794,customer3794@example.com,Ahmedabad,46,Instagram,2026-03-01,New Customer,False,1.0,5597.0,2025-05-21
CUST03795,Customer 3795,customer3795@example.com,Hyderabad,18,YouTube,2026-04-13,New Customer,False,1.0,1499.0,2026-01-02
CUST03796,Customer 3796,customer3796@example.com,Delhi,50,Direct,2026-03-24,New Customer,False,1.0,1299.0,2025-08-20
CUST03797,Customer 3797,customer3797@example.com,Mumbai,43,Google,2025-06-28,Repeat Buyer,True,5.0,20188.0,2026-03-31
CUST03798,Customer 3798,customer3798@example.com,Hyderabad,34,Instagram,2025-12-02,New Customer,True,1.0,3998.0,2026-02-15
CUST03799,Customer 3799,customer3799@example.com,Delhi,23,YouTube,2025-01-18,Window Shopper,False,0.0,0.0,2025-01-18
CUST03800,Customer 3800,customer3800@example.com,Ahmedabad,26,Instagram,2025-05-18,Price Sensitive,False,3.0,5295.0,2026-06-18
CUST03801,Customer 3801,customer3801@example.com,Hyderabad,49,Direct,2025-10-30,Price Sensitive,True,2.0,6896.0,2026-05-09
CUST03802,Customer 3802,customer3802@example.com,Delhi,28,Organic,2025-07-10,Window Shopper,False,0.0,0.0,2025-07-10
CUST03803,Customer 3803,customer3803@example.com,Bangalore,21,YouTube,2025-09-05,Dormant,False,0.0,0.0,2025-09-05
CUST03804,Customer 3804,customer3804@example.com,Mumbai,27,Organic,2025-10-06,Price Sensitive,False,3.0,11594.0,2026-08-12
CUST03805,Customer 3805,customer3805@example.com,Ahmedabad,27,Direct,2025-07-19,Dormant,True,1.0,2499.0,2025-10-21
CUST03806,Customer 3806,customer3806@example.com,Kolkata,31,Google,2025-04-01,Dormant,False,0.0,0.0,2025-04-01
CUST03807,Customer 3807,customer3807@example.com,Chennai,27,Google,2025-05-29,Repeat Buyer,False,5.0,13892.0,2026-08-08
CUST03808,Customer 3808,customer3808@example.com,Delhi,29,Referral,2025-02-21,New Customer,False,2.0,7295.0,2026-02-05
CUST03809,Customer 3809,customer3809@example.com,Hyderabad,20,Google,2025-06-06,New Customer,False,0.0,0.0,2025-06-06
CUST03810,Customer 3810,customer3810@example.com,Kolkata,31,Instagram,2025-09-01,Repeat Buyer,True,1.0,3197.0,2026-07-31
CUST03811,Customer 3811,customer3811@example.com,Ahmedabad,28,Instagram,2026-04-24,New Customer,False,1.0,1698.0,2026-02-01
CUST03812,Customer 3812,customer3812@example.com,Hyderabad,39,Google,2025-07-20,Dormant,False,0.0,0.0,2025-07-20
CUST03813,Customer 3813,customer3813@example.com,Mumbai,22,YouTube,2025-07-04,Window Shopper,False,0.0,0.0,2025-07-04
CUST03814,Customer 3814,customer3814@example.com,Hyderabad,18,Organic,2025-08-27,New Customer,False,1.0,3397.0,2025-03-03
CUST03815,Customer 3815,customer3815@example.com,Hyderabad,24,Referral,2025-05-05,Repeat Buyer,True,5.0,14891.0,2026-08-11
CUST03816,Customer 3816,customer3816@example.com,Hyderabad,19,Referral,2025-04-21,New Customer,False,2.0,6496.0,2026-03-04
CUST03817,Customer 3817,customer3817@example.com,Hyderabad,46,Google,2025-03-24,High Value,True,8.0,24088.0,2026-02-16
CUST03818,Customer 3818,customer3818@example.com,Kolkata,54,Instagram,2026-01-16,New Customer,False,1.0,3198.0,2025-03-30
CUST03819,Customer 3819,customer3819@example.com,Kolkata,49,Google,2025-04-06,Repeat Buyer,False,2.0,6296.0,2026-07-22
CUST03820,Customer 3820,customer3820@example.com,Chennai,38,Direct,2026-02-01,New Customer,False,2.0,2897.0,2026-08-04
CUST03821,Customer 3821,customer3821@example.com,Bangalore,49,Instagram,2025-10-19,New Customer,False,1.0,1198.0,2026-02-28
CUST03822,Customer 3822,customer3822@example.com,Bangalore,48,Instagram,2025-08-21,New Customer,False,1.0,2499.0,2025-12-15
CUST03823,Customer 3823,customer3823@example.com,Hyderabad,27,Google,2026-01-24,New Customer,False,1.0,1299.0,2025-07-02
CUST03824,Customer 3824,customer3824@example.com,Mumbai,29,Organic,2025-03-15,Repeat Buyer,False,6.0,17490.0,2025-12-08
CUST03825,Customer 3825,customer3825@example.com,Mumbai,39,Google,2025-04-20,New Customer,False,1.0,2999.0,2026-06-16
CUST03826,Customer 3826,customer3826@example.com,Bangalore,27,Direct,2026-04-13,Window Shopper,False,1.0,1499.0,2026-02-19
CUST03827,Customer 3827,customer3827@example.com,Chennai,37,Direct,2026-02-26,Dormant,False,0.0,0.0,2026-02-26
CUST03828,Customer 3828,customer3828@example.com,Mumbai,42,YouTube,2025-01-12,Repeat Buyer,False,4.0,12592.0,2026-04-18
CUST03829,Customer 3829,customer3829@example.com,Pune,38,Instagram,2025-04-26,New Customer,True,2.0,6496.0,2026-04-18
CUST03830,Customer 3830,customer3830@example.com,Bangalore,47,YouTube,2026-02-23,Dormant,False,0.0,0.0,2026-02-23
CUST03831,Customer 3831,customer3831@example.com,Mumbai,35,Organic,2026-02-28,Repeat Buyer,True,3.0,7996.0,2026-01-18
CUST03832,Customer 3832,customer3832@example.com,Pune,25,Referral,2025-01-19,Price Sensitive,False,3.0,4396.0,2026-07-26
CUST03833,Customer 3833,customer3833@example.com,Bangalore,38,YouTube,2025-10-25,New Customer,True,1.0,5498.0,2025-06-26
CUST03834,Customer 3834,customer3834@example.com,Kolkata,52,Referral,2026-01-23,Dormant,True,0.0,0.0,2026-01-23
CUST03835,Customer 3835,customer3835@example.com,Kolkata,34,Referral,2025-10-12,Price Sensitive,False,1.0,5498.0,2025-12-02
CUST03836,Customer 3836,customer3836@example.com,Kolkata,26,Google,2025-08-26,Repeat Buyer,False,2.0,11996.0,2025-04-03
CUST03837,Customer 3837,customer3837@example.com,Hyderabad,50,YouTube,2025-05-18,Repeat Buyer,True,4.0,17790.0,2026-08-08
CUST03838,Customer 3838,customer3838@example.com,Delhi,46,Direct,2025-10-13,Repeat Buyer,True,5.0,20889.0,2026-08-20
CUST03839,Customer 3839,customer3839@example.com,Bangalore,54,Instagram,2025-09-09,Dormant,False,0.0,0.0,2025-09-09
CUST03840,Customer 3840,customer3840@example.com,Mumbai,23,Referral,2025-06-03,New Customer,False,0.0,0.0,2025-06-03
CUST03841,Customer 3841,customer3841@example.com,Delhi,43,YouTube,2026-05-08,New Customer,False,1.0,1799.0,2025-03-10
CUST03842,Customer 3842,customer3842@example.com,Delhi,38,Google,2025-05-23,Price Sensitive,True,1.0,2999.0,2026-04-05
CUST03843,Customer 3843,customer3843@example.com,Chennai,46,Instagram,2025-09-16,High Value,True,3.0,4396.0,2026-06-11
CUST03844,Customer 3844,customer3844@example.com,Kolkata,38,Organic,2025-08-10,New Customer,False,2.0,3396.0,2026-04-12
CUST03845,Customer 3845,customer3845@example.com,Hyderabad,28,Instagram,2025-03-27,New Customer,False,2.0,4397.0,2025-12-13
CUST03846,Customer 3846,customer3846@example.com,Mumbai,18,Organic,2026-04-08,New Customer,False,1.0,5797.0,2025-07-02
CUST03847,Customer 3847,customer3847@example.com,Delhi,18,Instagram,2025-01-11,Repeat Buyer,False,4.0,15592.0,2026-03-03
CUST03848,Customer 3848,customer3848@example.com,Delhi,36,Direct,2026-01-01,New Customer,False,1.0,5298.0,2026-03-12
CUST03849,Customer 3849,customer3849@example.com,Bangalore,18,Instagram,2025-09-22,Dormant,False,0.0,0.0,2025-09-22
CUST03850,Customer 3850,customer3850@example.com,Bangalore,25,Organic,2025-03-02,High Value,False,6.0,26188.0,2026-02-27
CUST03851,Customer 3851,customer3851@example.com,Bangalore,42,YouTube,2026-01-21,Repeat Buyer,True,4.0,15893.0,2026-06-19
CUST03852,Customer 3852,customer3852@example.com,Delhi,26,Direct,2025-09-11,Price Sensitive,True,1.0,6197.0,2026-08-04
CUST03853,Customer 3853,customer3853@example.com,Ahmedabad,20,Referral,2025-01-05,New Customer,False,1.0,3197.0,2025-05-18
CUST03854,Customer 3854,customer3854@example.com,Chennai,52,Instagram,2026-04-28,High Value,False,5.0,14992.0,2026-08-04
CUST03855,Customer 3855,customer3855@example.com,Kolkata,48,Organic,2025-07-18,Window Shopper,False,1.0,3198.0,2026-04-08
CUST03856,Customer 3856,customer3856@example.com,Chennai,32,Google,2025-08-11,New Customer,True,0.0,0.0,2025-08-11
CUST03857,Customer 3857,customer3857@example.com,Delhi,46,Instagram,2026-04-21,New Customer,True,1.0,2499.0,2026-05-24
CUST03858,Customer 3858,customer3858@example.com,Pune,23,Direct,2025-11-06,New Customer,False,1.0,5797.0,2026-05-24
CUST03859,Customer 3859,customer3859@example.com,Chennai,39,YouTube,2025-03-14,High Value,True,5.0,15791.0,2026-07-26
CUST03860,Customer 3860,customer3860@example.com,Chennai,27,Instagram,2025-04-07,Price Sensitive,False,3.0,10095.0,2026-07-22
CUST03861,Customer 3861,customer3861@example.com,Hyderabad,22,Organic,2025-04-15,High Value,False,6.0,15192.0,2026-06-29
CUST03862,Customer 3862,customer3862@example.com,Kolkata,44,Instagram,2025-08-17,Repeat Buyer,True,5.0,10894.0,2026-06-12
CUST03863,Customer 3863,customer3863@example.com,Chennai,36,YouTube,2026-04-01,Repeat Buyer,False,5.0,20689.0,2026-06-05
CUST03864,Customer 3864,customer3864@example.com,Kolkata,46,Google,2026-01-02,Price Sensitive,False,1.0,3998.0,2025-04-17
CUST03865,Customer 3865,customer3865@example.com,Mumbai,35,Direct,2026-01-05,New Customer,True,1.0,3798.0,2026-06-10
CUST03866,Customer 3866,customer3866@example.com,Bangalore,50,Google,2026-04-17,New Customer,True,1.0,2499.0,2025-10-21
CUST03867,Customer 3867,customer3867@example.com,Ahmedabad,36,Instagram,2025-03-18,New Customer,False,2.0,4497.0,2026-01-10
CUST03868,Customer 3868,customer3868@example.com,Hyderabad,51,Organic,2025-09-14,Dormant,False,1.0,1698.0,2026-07-16
CUST03869,Customer 3869,customer3869@example.com,Pune,26,Referral,2025-04-27,Window Shopper,False,0.0,0.0,2025-04-27
CUST03870,Customer 3870,customer3870@example.com,Delhi,44,Organic,2025-03-23,Price Sensitive,False,2.0,11695.0,2025-11-22
CUST03871,Customer 3871,customer3871@example.com,Ahmedabad,19,Instagram,2025-05-31,Dormant,False,0.0,0.0,2025-05-31
CUST03872,Customer 3872,customer3872@example.com,Mumbai,53,Direct,2025-06-19,New Customer,False,0.0,0.0,2025-06-19
CUST03873,Customer 3873,customer3873@example.com,Kolkata,22,Direct,2025-04-01,New Customer,True,1.0,1499.0,2026-03-30
CUST03874,Customer 3874,customer3874@example.com,Pune,54,Instagram,2025-05-27,Price Sensitive,False,3.0,11094.0,2026-07-16
CUST03875,Customer 3875,customer3875@example.com,Bangalore,20,Instagram,2025-08-26,Price Sensitive,False,3.0,9496.0,2025-12-21
CUST03876,Customer 3876,customer3876@example.com,Chennai,45,Referral,2025-01-13,High Value,True,5.0,10793.0,2026-06-17
CUST03877,Customer 3877,customer3877@example.com,Delhi,51,Google,2025-08-23,New Customer,True,1.0,8297.0,2025-08-22
CUST03878,Customer 3878,customer3878@example.com,Mumbai,30,Google,2025-10-18,New Customer,True,1.0,2999.0,2025-06-23
CUST03879,Customer 3879,customer3879@example.com,Kolkata,22,Organic,2025-02-15,Price Sensitive,False,3.0,9594.0,2026-05-19
CUST03880,Customer 3880,customer3880@example.com,Chennai,52,Direct,2025-07-11,New Customer,False,1.0,2999.0,2026-08-05
CUST03881,Customer 3881,customer3881@example.com,Kolkata,38,Google,2026-05-05,New Customer,False,1.0,2498.0,2025-08-31
CUST03882,Customer 3882,customer3882@example.com,Chennai,37,Referral,2026-01-07,Window Shopper,False,0.0,0.0,2026-01-07
CUST03883,Customer 3883,customer3883@example.com,Mumbai,27,Referral,2025-08-03,New Customer,False,2.0,3897.0,2026-02-14
CUST03884,Customer 3884,customer3884@example.com,Chennai,42,Instagram,2025-02-24,Dormant,False,0.0,0.0,2025-02-24
CUST03885,Customer 3885,customer3885@example.com,Hyderabad,41,Referral,2026-01-04,High Value,True,4.0,14192.0,2026-08-11
CUST03886,Customer 3886,customer3886@example.com,Delhi,37,Referral,2026-03-09,Price Sensitive,False,1.0,2698.0,2025-03-30
CUST03887,Customer 3887,customer3887@example.com,Kolkata,23,Referral,2025-07-29,New Customer,False,1.0,3797.0,2025-11-27
CUST03888,Customer 3888,customer3888@example.com,Pune,24,Direct,2025-12-14,High Value,True,4.0,16592.0,2026-06-24
CUST03889,Customer 3889,customer3889@example.com,Mumbai,43,Referral,2025-01-02,New Customer,False,2.0,8594.0,2025-11-27
CUST03890,Customer 3890,customer3890@example.com,Kolkata,40,Direct,2026-02-05,Repeat Buyer,False,4.0,11793.0,2026-06-22
CUST03891,Customer 3891,customer3891@example.com,Mumbai,35,Instagram,2026-05-05,Repeat Buyer,True,2.0,4797.0,2026-07-03
CUST03892,Customer 3892,customer3892@example.com,Kolkata,52,Referral,2025-09-19,Dormant,False,0.0,0.0,2025-09-19
CUST03893,Customer 3893,customer3893@example.com,Chennai,48,Referral,2026-03-01,Window Shopper,False,1.0,699.0,2026-05-31
CUST03894,Customer 3894,customer3894@example.com,Hyderabad,31,Organic,2025-01-08,New Customer,True,1.0,3898.0,2025-08-06
CUST03895,Customer 3895,customer3895@example.com,Bangalore,50,Organic,2025-09-14,New Customer,False,1.0,499.0,2025-07-05
CUST03896,Customer 3896,customer3896@example.com,Mumbai,26,Google,2025-06-10,High Value,False,4.0,9093.0,2026-08-11
CUST03897,Customer 3897,customer3897@example.com,Chennai,21,Organic,2026-01-07,Window Shopper,False,1.0,3798.0,2026-04-14
CUST03898,Customer 3898,customer3898@example.com,Kolkata,53,Google,2026-05-01,Repeat Buyer,False,2.0,3198.0,2026-02-03
CUST03899,Customer 3899,customer3899@example.com,Kolkata,34,YouTube,2026-01-13,New Customer,True,1.0,4998.0,2025-04-21
CUST03900,Customer 3900,customer3900@example.com,Chennai,54,Google,2025-01-09,Price Sensitive,True,2.0,9595.0,2026-06-27
CUST03901,Customer 3901,customer3901@example.com,Chennai,36,Direct,2026-02-24,Dormant,False,0.0,0.0,2026-02-24
CUST03902,Customer 3902,customer3902@example.com,Ahmedabad,30,YouTube,2025-10-09,New Customer,True,1.0,3198.0,2025-03-27
CUST03903,Customer 3903,customer3903@example.com,Delhi,18,Direct,2025-08-08,New Customer,True,1.0,3999.0,2026-05-20
CUST03904,Customer 3904,customer3904@example.com,Chennai,50,YouTube,2026-02-17,New Customer,False,1.0,5498.0,2025-03-11
CUST03905,Customer 3905,customer3905@example.com,Chennai,55,Referral,2025-10-02,New Customer,True,1.0,8797.0,2025-05-05
CUST03906,Customer 3906,customer3906@example.com,Chennai,19,Organic,2026-03-10,New Customer,False,1.0,499.0,2025-10-29
CUST03907,Customer 3907,customer3907@example.com,Hyderabad,29,Instagram,2025-03-24,New Customer,True,1.0,2499.0,2025-10-21
CUST03908,Customer 3908,customer3908@example.com,Delhi,35,Instagram,2026-02-15,Window Shopper,False,1.0,2499.0,2025-04-15
CUST03909,Customer 3909,customer3909@example.com,Hyderabad,25,Direct,2025-07-25,Price Sensitive,False,2.0,6695.0,2026-04-10
CUST03910,Customer 3910,customer3910@example.com,Kolkata,18,Google,2025-09-12,New Customer,False,0.0,0.0,2025-09-12
CUST03911,Customer 3911,customer3911@example.com,Kolkata,21,Instagram,2025-04-14,New Customer,False,1.0,3198.0,2025-04-28
CUST03912,Customer 3912,customer3912@example.com,Delhi,24,YouTube,2025-08-17,New Customer,False,1.0,5498.0,2026-03-25
CUST03913,Customer 3913,customer3913@example.com,Hyderabad,23,Instagram,2026-02-18,High Value,True,5.0,10692.0,2026-06-20
CUST03914,Customer 3914,customer3914@example.com,Delhi,37,Referral,2026-02-21,New Customer,False,1.0,499.0,2025-12-05
CUST03915,Customer 3915,customer3915@example.com,Ahmedabad,24,YouTube,2026-02-26,New Customer,True,2.0,5297.0,2026-07-01
CUST03916,Customer 3916,customer3916@example.com,Kolkata,20,Direct,2025-02-23,Repeat Buyer,True,5.0,13093.0,2026-06-02
CUST03917,Customer 3917,customer3917@example.com,Mumbai,40,Direct,2026-01-02,Window Shopper,False,0.0,0.0,2026-01-02
CUST03918,Customer 3918,customer3918@example.com,Hyderabad,50,Organic,2025-02-20,High Value,False,6.0,14992.0,2026-07-28
CUST03919,Customer 3919,customer3919@example.com,Ahmedabad,51,Organic,2026-03-21,High Value,True,7.0,20289.0,2026-07-14
CUST03920,Customer 3920,customer3920@example.com,Bangalore,22,Google,2026-05-06,Repeat Buyer,True,3.0,12992.0,2026-03-09
CUST03921,Customer 3921,customer3921@example.com,Mumbai,25,Instagram,2025-08-30,Repeat Buyer,True,6.0,18888.0,2026-07-13
CUST03922,Customer 3922,customer3922@example.com,Ahmedabad,51,Direct,2025-01-02,Dormant,False,0.0,0.0,2025-01-02
CUST03923,Customer 3923,customer3923@example.com,Hyderabad,32,Referral,2025-02-27,Repeat Buyer,False,5.0,17789.0,2026-06-02
CUST03924,Customer 3924,customer3924@example.com,Hyderabad,53,Direct,2025-09-20,Dormant,True,1.0,3398.0,2026-01-04
CUST03925,Customer 3925,customer3925@example.com,Mumbai,26,Google,2025-12-13,New Customer,False,1.0,3398.0,2026-06-16
CUST03926,Customer 3926,customer3926@example.com,Kolkata,34,Referral,2025-09-09,High Value,False,4.0,9293.0,2026-06-14
CUST03927,Customer 3927,customer3927@example.com,Ahmedabad,39,Google,2025-01-21,Price Sensitive,False,2.0,9494.0,2026-08-22
CUST03928,Customer 3928,customer3928@example.com,Bangalore,18,Google,2026-02-13,Repeat Buyer,True,5.0,20790.0,2026-03-07
CUST03929,Customer 3929,customer3929@example.com,Pune,40,Referral,2026-03-20,New Customer,True,1.0,1299.0,2026-01-28
CUST03930,Customer 3930,customer3930@example.com,Mumbai,34,Direct,2026-03-21,Dormant,True,0.0,0.0,2026-03-21
CUST03931,Customer 3931,customer3931@example.com,Mumbai,31,Referral,2026-05-09,New Customer,False,1.0,2498.0,2025-08-15
CUST03932,Customer 3932,customer3932@example.com,Bangalore,43,YouTube,2025-01-20,New Customer,False,1.0,3697.0,2026-04-29
CUST03933,Customer 3933,customer3933@example.com,Kolkata,53,Organic,2026-03-10,Price Sensitive,False,2.0,4296.0,2026-06-26
CUST03934,Customer 3934,customer3934@example.com,Ahmedabad,19,Referral,2026-02-15,Repeat Buyer,True,2.0,2397.0,2026-07-07
CUST03935,Customer 3935,customer3935@example.com,Bangalore,45,YouTube,2025-12-20,Repeat Buyer,True,4.0,15293.0,2026-04-23
CUST03936,Customer 3936,customer3936@example.com,Pune,27,Instagram,2025-06-14,New Customer,False,2.0,13794.0,2025-11-03
CUST03937,Customer 3937,customer3937@example.com,Kolkata,37,Google,2025-07-18,New Customer,True,1.0,2499.0,2025-08-19
CUST03938,Customer 3938,customer3938@example.com,Hyderabad,31,Google,2025-07-06,New Customer,False,1.0,1798.0,2025-12-17
CUST03939,Customer 3939,customer3939@example.com,Chennai,28,Organic,2026-03-11,New Customer,False,1.0,2499.0,2025-12-09
CUST03940,Customer 3940,customer3940@example.com,Bangalore,52,Google,2025-10-23,New Customer,False,2.0,7095.0,2026-04-27
CUST03941,Customer 3941,customer3941@example.com,Chennai,50,Instagram,2025-04-23,New Customer,False,2.0,3797.0,2025-10-19
CUST03942,Customer 3942,customer3942@example.com,Bangalore,45,YouTube,2026-02-19,New Customer,False,1.0,7297.0,2025-10-01
CUST03943,Customer 3943,customer3943@example.com,Pune,32,Instagram,2025-03-17,Window Shopper,False,1.0,2499.0,2026-05-08
CUST03944,Customer 3944,customer3944@example.com,Kolkata,48,Direct,2025-07-06,New Customer,False,1.0,6498.0,2026-06-15
CUST03945,Customer 3945,customer3945@example.com,Kolkata,36,Referral,2026-01-01,Price Sensitive,False,3.0,9195.0,2026-03-24
CUST03946,Customer 3946,customer3946@example.com,Pune,32,Organic,2025-10-09,Price Sensitive,False,1.0,3398.0,2025-09-29
CUST03947,Customer 3947,customer3947@example.com,Hyderabad,25,Organic,2026-04-12,New Customer,True,2.0,6997.0,2026-08-14
CUST03948,Customer 3948,customer3948@example.com,Mumbai,49,YouTube,2026-02-24,Repeat Buyer,True,5.0,16791.0,2026-07-21
CUST03949,Customer 3949,customer3949@example.com,Bangalore,38,Referral,2025-05-07,Window Shopper,False,0.0,0.0,2025-05-07
CUST03950,Customer 3950,customer3950@example.com,Bangalore,26,YouTube,2026-01-30,High Value,True,4.0,16392.0,2026-05-13
CUST03951,Customer 3951,customer3951@example.com,Ahmedabad,39,Instagram,2025-03-10,New Customer,False,1.0,4498.0,2026-04-13
CUST03952,Customer 3952,customer3952@example.com,Ahmedabad,50,Instagram,2025-06-24,New Customer,False,1.0,1799.0,2025-09-12
CUST03953,Customer 3953,customer3953@example.com,Hyderabad,47,Google,2025-04-27,Repeat Buyer,True,4.0,13992.0,2026-07-11
CUST03954,Customer 3954,customer3954@example.com,Chennai,36,Referral,2026-01-24,Price Sensitive,True,1.0,2498.0,2025-09-13
CUST03955,Customer 3955,customer3955@example.com,Chennai,45,Referral,2025-08-28,Price Sensitive,False,2.0,8795.0,2026-04-26
CUST03956,Customer 3956,customer3956@example.com,Ahmedabad,24,Instagram,2025-08-24,New Customer,False,1.0,2498.0,2025-05-13
CUST03957,Customer 3957,customer3957@example.com,Ahmedabad,25,Organic,2025-07-16,New Customer,False,1.0,2298.0,2026-04-28
CUST03958,Customer 3958,customer3958@example.com,Ahmedabad,52,Direct,2026-01-21,Window Shopper,False,1.0,4298.0,2025-11-02
CUST03959,Customer 3959,customer3959@example.com,Hyderabad,31,Instagram,2025-09-07,New Customer,False,2.0,4697.0,2026-01-10
CUST03960,Customer 3960,customer3960@example.com,Hyderabad,29,Referral,2025-06-01,Repeat Buyer,False,3.0,10094.0,2025-12-30
CUST03961,Customer 3961,customer3961@example.com,Pune,47,Direct,2025-04-03,Window Shopper,False,1.0,2498.0,2025-08-31
CUST03962,Customer 3962,customer3962@example.com,Mumbai,39,Organic,2026-01-30,Repeat Buyer,True,4.0,20991.0,2026-08-10
CUST03963,Customer 3963,customer3963@example.com,Kolkata,27,Referral,2025-04-06,Price Sensitive,False,2.0,8996.0,2025-12-16
CUST03964,Customer 3964,customer3964@example.com,Hyderabad,46,Referral,2025-08-08,High Value,False,5.0,14489.0,2026-01-16
CUST03965,Customer 3965,customer3965@example.com,Kolkata,31,Google,2025-09-02,New Customer,True,2.0,2697.0,2026-01-23
CUST03966,Customer 3966,customer3966@example.com,Delhi,39,Google,2026-01-08,Dormant,False,0.0,0.0,2026-01-08
CUST03967,Customer 3967,customer3967@example.com,Ahmedabad,44,Direct,2025-03-12,High Value,False,5.0,12692.0,2026-04-15
CUST03968,Customer 3968,customer3968@example.com,Kolkata,50,Referral,2025-11-07,Repeat Buyer,True,3.0,7794.0,2026-03-16
CUST03969,Customer 3969,customer3969@example.com,Hyderabad,34,YouTube,2026-04-16,New Customer,False,1.0,499.0,2025-04-16
CUST03970,Customer 3970,customer3970@example.com,Delhi,29,Instagram,2025-12-22,Dormant,False,0.0,0.0,2025-12-22
CUST03971,Customer 3971,customer3971@example.com,Delhi,34,Instagram,2025-06-27,Repeat Buyer,True,3.0,10694.0,2026-07-30
CUST03972,Customer 3972,customer3972@example.com,Mumbai,48,Google,2025-10-23,Price Sensitive,False,2.0,5996.0,2026-08-08
CUST03973,Customer 3973,customer3973@example.com,Pune,46,Referral,2026-05-03,Repeat Buyer,True,6.0,17988.0,2026-08-22
CUST03974,Customer 3974,customer3974@example.com,Delhi,38,Referral,2025-08-19,New Customer,True,1.0,2499.0,2026-02-03
CUST03975,Customer 3975,customer3975@example.com,Ahmedabad,49,Direct,2025-06-23,New Customer,False,2.0,7596.0,2025-11-18
CUST03976,Customer 3976,customer3976@example.com,Bangalore,55,Direct,2026-03-18,Repeat Buyer,True,1.0,4797.0,2026-01-06
CUST03977,Customer 3977,customer3977@example.com,Chennai,27,Google,2025-09-02,New Customer,False,2.0,2198.0,2026-08-23
CUST03978,Customer 3978,customer3978@example.com,Mumbai,47,Direct,2025-04-16,New Customer,False,1.0,3298.0,2026-02-05
CUST03979,Customer 3979,customer3979@example.com,Mumbai,27,Referral,2025-02-22,New Customer,False,1.0,2499.0,2025-10-06
CUST03980,Customer 3980,customer3980@example.com,Ahmedabad,41,Direct,2026-03-31,New Customer,True,2.0,8896.0,2026-05-02
CUST03981,Customer 3981,customer3981@example.com,Ahmedabad,24,Referral,2025-03-26,Repeat Buyer,True,5.0,11991.0,2026-06-17
CUST03982,Customer 3982,customer3982@example.com,Pune,25,Organic,2025-05-18,New Customer,False,1.0,899.0,2025-11-27
CUST03983,Customer 3983,customer3983@example.com,Delhi,20,Organic,2025-03-31,Window Shopper,False,0.0,0.0,2025-03-31
CUST03984,Customer 3984,customer3984@example.com,Hyderabad,31,YouTube,2026-03-15,Dormant,False,0.0,0.0,2026-03-15
CUST03985,Customer 3985,customer3985@example.com,Mumbai,44,YouTube,2026-02-11,Window Shopper,True,0.0,0.0,2026-02-11
CUST03986,Customer 3986,customer3986@example.com,Chennai,29,Direct,2025-07-23,High Value,True,8.0,23687.0,2026-08-14
CUST03987,Customer 3987,customer3987@example.com,Hyderabad,45,YouTube,2025-01-13,New Customer,False,1.0,4498.0,2025-06-26
CUST03988,Customer 3988,customer3988@example.com,Hyderabad,31,Instagram,2025-07-24,Window Shopper,False,1.0,2298.0,2025-05-05
CUST03989,Customer 3989,customer3989@example.com,Hyderabad,39,Direct,2025-01-06,Dormant,False,0.0,0.0,2025-01-06
CUST03990,Customer 3990,customer3990@example.com,Delhi,31,Google,2025-07-31,Dormant,False,1.0,1799.0,2026-06-24
CUST03991,Customer 3991,customer3991@example.com,Chennai,42,YouTube,2025-04-25,Window Shopper,True,1.0,3498.0,2025-03-22
CUST03992,Customer 3992,customer3992@example.com,Ahmedabad,28,YouTube,2025-05-23,Window Shopper,False,0.0,0.0,2025-05-23
CUST03993,Customer 3993,customer3993@example.com,Delhi,53,Instagram,2025-10-04,Price Sensitive,False,3.0,5597.0,2026-06-30
CUST03994,Customer 3994,customer3994@example.com,Kolkata,38,Organic,2025-02-01,New Customer,False,1.0,4498.0,2026-02-11
CUST03995,Customer 3995,customer3995@example.com,Pune,24,Direct,2025-11-06,New Customer,False,1.0,3398.0,2026-08-23
CUST03996,Customer 3996,customer3996@example.com,Mumbai,47,Direct,2025-03-22,New Customer,False,1.0,2499.0,2026-08-20
CUST03997,Customer 3997,customer3997@example.com,Bangalore,28,YouTube,2025-03-02,Dormant,False,0.0,0.0,2025-03-02
CUST03998,Customer 3998,customer3998@example.com,Hyderabad,37,YouTube,2026-02-23,Window Shopper,False,0.0,0.0,2026-02-23
CUST03999,Customer 3999,customer3999@example.com,Kolkata,44,Referral,2025-07-22,Repeat Buyer,True,6.0,18787.0,2026-04-21
CUST04000,Customer 4000,customer4000@example.com,Ahmedabad,28,YouTube,2025-11-26,High Value,False,5.0,18191.0,2026-07-05
CUST04001,Customer 4001,customer4001@example.com,Ahmedabad,34,YouTube,2026-01-19,Repeat Buyer,False,3.0,16494.0,2026-08-08
CUST04002,Customer 4002,customer4002@example.com,Ahmedabad,18,YouTube,2026-03-16,High Value,True,4.0,13692.0,2026-03-05
CUST04003,Customer 4003,customer4003@example.com,Hyderabad,44,Direct,2025-09-11,High Value,True,7.0,24685.0,2025-12-02
CUST04004,Customer 4004,customer4004@example.com,Hyderabad,28,Instagram,2025-10-07,Dormant,False,0.0,0.0,2025-10-07
CUST04005,Customer 4005,customer4005@example.com,Bangalore,54,Google,2025-11-01,New Customer,False,1.0,3998.0,2026-03-24
CUST04006,Customer 4006,customer4006@example.com,Bangalore,41,Organic,2026-03-28,New Customer,True,1.0,699.0,2026-03-28
CUST04007,Customer 4007,customer4007@example.com,Chennai,34,YouTube,2025-10-21,Window Shopper,False,0.0,0.0,2025-10-21
CUST04008,Customer 4008,customer4008@example.com,Mumbai,28,Organic,2026-05-06,Window Shopper,False,1.0,1499.0,2026-03-06
CUST04009,Customer 4009,customer4009@example.com,Hyderabad,28,Google,2025-07-03,New Customer,False,1.0,4998.0,2025-08-01
CUST04010,Customer 4010,customer4010@example.com,Pune,39,Organic,2026-03-13,New Customer,True,1.0,3398.0,2026-06-29
CUST04011,Customer 4011,customer4011@example.com,Delhi,39,Organic,2025-06-18,Dormant,True,0.0,0.0,2025-06-18
CUST04012,Customer 4012,customer4012@example.com,Hyderabad,32,Referral,2025-10-25,Price Sensitive,False,0.0,0.0,2025-10-25
CUST04013,Customer 4013,customer4013@example.com,Chennai,31,YouTube,2025-04-10,Repeat Buyer,True,1.0,2499.0,2025-12-08
CUST04014,Customer 4014,customer4014@example.com,Mumbai,36,Google,2025-07-21,Price Sensitive,False,2.0,7494.0,2026-01-31
CUST04015,Customer 4015,customer4015@example.com,Mumbai,18,YouTube,2025-01-14,Window Shopper,False,1.0,4298.0,2026-03-07
CUST04016,Customer 4016,customer4016@example.com,Delhi,25,Google,2026-03-02,Repeat Buyer,False,2.0,7796.0,2025-09-04
CUST04017,Customer 4017,customer4017@example.com,Chennai,23,Google,2026-03-27,Dormant,False,1.0,5298.0,2025-09-15
CUST04018,Customer 4018,customer4018@example.com,Pune,43,Organic,2026-04-10,High Value,True,8.0,19287.0,2026-07-20
CUST04019,Customer 4019,customer4019@example.com,Mumbai,21,Instagram,2025-03-15,Window Shopper,False,1.0,3198.0,2026-06-05
CUST04020,Customer 4020,customer4020@example.com,Delhi,22,Referral,2025-08-24,New Customer,False,2.0,6396.0,2026-02-09
CUST04021,Customer 4021,customer4021@example.com,Mumbai,22,Instagram,2025-07-16,Repeat Buyer,True,5.0,20189.0,2026-03-15
CUST04022,Customer 4022,customer4022@example.com,Chennai,23,YouTube,2025-04-15,New Customer,False,1.0,3498.0,2025-09-29
CUST04023,Customer 4023,customer4023@example.com,Bangalore,55,Google,2025-04-03,Window Shopper,False,0.0,0.0,2025-04-03
CUST04024,Customer 4024,customer4024@example.com,Delhi,24,Referral,2025-07-10,Repeat Buyer,True,6.0,28086.0,2026-08-22
CUST04025,Customer 4025,customer4025@example.com,Kolkata,35,Referral,2025-06-13,New Customer,False,1.0,899.0,2025-07-23
CUST04026,Customer 4026,customer4026@example.com,Kolkata,34,Referral,2025-02-22,New Customer,False,1.0,2499.0,2025-10-17
CUST04027,Customer 4027,customer4027@example.com,Hyderabad,45,Instagram,2025-08-18,Window Shopper,True,0.0,0.0,2025-08-18
CUST04028,Customer 4028,customer4028@example.com,Hyderabad,54,YouTube,2025-03-23,Window Shopper,False,1.0,499.0,2025-05-10
CUST04029,Customer 4029,customer4029@example.com,Chennai,38,Google,2025-05-19,Price Sensitive,False,3.0,7195.0,2026-04-17
CUST04030,Customer 4030,customer4030@example.com,Bangalore,22,Organic,2025-12-20,New Customer,True,1.0,4998.0,2026-04-05
CUST04031,Customer 4031,customer4031@example.com,Hyderabad,38,Instagram,2025-05-19,New Customer,False,2.0,2298.0,2026-05-13
CUST04032,Customer 4032,customer4032@example.com,Bangalore,55,Direct,2025-02-23,New Customer,False,1.0,5197.0,2026-04-19
CUST04033,Customer 4033,customer4033@example.com,Hyderabad,51,Referral,2025-09-06,New Customer,False,1.0,2499.0,2026-08-18
CUST04034,Customer 4034,customer4034@example.com,Mumbai,34,Referral,2025-11-06,Window Shopper,False,0.0,0.0,2025-11-06
CUST04035,Customer 4035,customer4035@example.com,Chennai,26,Google,2026-05-13,Dormant,False,0.0,0.0,2026-05-13
CUST04036,Customer 4036,customer4036@example.com,Chennai,38,Direct,2026-04-23,New Customer,False,1.0,999.0,2025-10-18
CUST04037,Customer 4037,customer4037@example.com,Mumbai,18,Organic,2026-01-31,High Value,True,8.0,35184.0,2026-07-28
CUST04038,Customer 4038,customer4038@example.com,Kolkata,49,Direct,2025-07-15,High Value,True,3.0,11194.0,2026-07-30
CUST04039,Customer 4039,customer4039@example.com,Delhi,33,Google,2025-10-29,Window Shopper,True,1.0,5298.0,2025-11-29
CUST04040,Customer 4040,customer4040@example.com,Pune,24,Organic,2026-03-23,High Value,True,5.0,13893.0,2026-08-12
CUST04041,Customer 4041,customer4041@example.com,Pune,47,Direct,2025-10-05,High Value,True,6.0,23288.0,2026-06-05
CUST04042,Customer 4042,customer4042@example.com,Chennai,21,YouTube,2025-06-20,Price Sensitive,False,1.0,1998.0,2025-05-12
CUST04043,Customer 4043,customer4043@example.com,Pune,51,YouTube,2025-04-09,High Value,False,6.0,19590.0,2026-01-03
CUST04044,Customer 4044,customer4044@example.com,Pune,45,Direct,2026-02-11,Window Shopper,False,0.0,0.0,2026-02-11
CUST04045,Customer 4045,customer4045@example.com,Mumbai,19,Direct,2025-09-18,Repeat Buyer,True,5.0,19489.0,2026-08-20
CUST04046,Customer 4046,customer4046@example.com,Mumbai,41,Organic,2026-04-19,New Customer,False,2.0,5795.0,2025-07-24
CUST04047,Customer 4047,customer4047@example.com,Pune,41,Instagram,2026-02-07,New Customer,False,2.0,4997.0,2026-04-26
CUST04048,Customer 4048,customer4048@example.com,Mumbai,29,Google,2026-03-22,High Value,True,7.0,24583.0,2026-08-11
CUST04049,Customer 4049,customer4049@example.com,Mumbai,40,Direct,2026-02-12,Repeat Buyer,False,4.0,15892.0,2026-08-13
CUST04050,Customer 4050,customer4050@example.com,Mumbai,37,Referral,2025-03-30,Price Sensitive,False,2.0,7496.0,2026-04-03
CUST04051,Customer 4051,customer4051@example.com,Chennai,29,Direct,2025-01-07,High Value,True,7.0,23188.0,2026-06-27
CUST04052,Customer 4052,customer4052@example.com,Mumbai,33,Organic,2025-02-14,New Customer,False,1.0,699.0,2026-04-14
CUST04053,Customer 4053,customer4053@example.com,Hyderabad,18,YouTube,2025-12-26,New Customer,False,1.0,2499.0,2026-07-30
CUST04054,Customer 4054,customer4054@example.com,Ahmedabad,20,Google,2025-07-29,Price Sensitive,False,3.0,15394.0,2026-04-20
CUST04055,Customer 4055,customer4055@example.com,Pune,21,YouTube,2025-07-04,Repeat Buyer,True,6.0,22186.0,2026-07-06
CUST04056,Customer 4056,customer4056@example.com,Ahmedabad,36,Direct,2025-01-21,Repeat Buyer,True,3.0,15494.0,2026-06-15
CUST04057,Customer 4057,customer4057@example.com,Bangalore,21,Direct,2026-01-25,New Customer,False,2.0,1698.0,2026-05-27
CUST04058,Customer 4058,customer4058@example.com,Pune,30,YouTube,2025-11-14,New Customer,False,1.0,1798.0,2026-07-04
CUST04059,Customer 4059,customer4059@example.com,Ahmedabad,23,Instagram,2026-05-02,New Customer,True,1.0,2198.0,2026-06-12
CUST04060,Customer 4060,customer4060@example.com,Hyderabad,20,Referral,2026-05-10,High Value,True,2.0,9195.0,2026-07-16
CUST04061,Customer 4061,customer4061@example.com,Ahmedabad,49,Direct,2025-01-20,New Customer,False,2.0,5995.0,2026-06-30
CUST04062,Customer 4062,customer4062@example.com,Bangalore,44,Instagram,2025-08-31,Repeat Buyer,True,3.0,10693.0,2026-07-20
CUST04063,Customer 4063,customer4063@example.com,Kolkata,36,Google,2025-12-29,Dormant,False,0.0,0.0,2025-12-29
CUST04064,Customer 4064,customer4064@example.com,Hyderabad,18,YouTube,2025-06-16,High Value,False,6.0,19389.0,2026-08-11
CUST04065,Customer 4065,customer4065@example.com,Chennai,45,Instagram,2025-08-16,New Customer,True,1.0,4097.0,2026-08-15
CUST04066,Customer 4066,customer4066@example.com,Delhi,25,Google,2026-03-21,Window Shopper,False,0.0,0.0,2026-03-21
CUST04067,Customer 4067,customer4067@example.com,Bangalore,18,Direct,2026-04-25,Window Shopper,False,0.0,0.0,2026-04-25
CUST04068,Customer 4068,customer4068@example.com,Bangalore,45,Organic,2025-03-12,Price Sensitive,False,1.0,7997.0,2025-03-14
CUST04069,Customer 4069,customer4069@example.com,Kolkata,40,Organic,2026-04-06,Dormant,False,0.0,0.0,2026-04-06
CUST04070,Customer 4070,customer4070@example.com,Delhi,47,Google,2025-08-26,Window Shopper,True,1.0,4298.0,2025-10-04
CUST04071,Customer 4071,customer4071@example.com,Pune,48,Referral,2026-04-03,Repeat Buyer,False,2.0,4897.0,2026-07-24
CUST04072,Customer 4072,customer4072@example.com,Delhi,34,YouTube,2025-05-30,Window Shopper,True,0.0,0.0,2025-05-30
CUST04073,Customer 4073,customer4073@example.com,Chennai,45,Instagram,2025-08-31,New Customer,False,1.0,499.0,2025-09-03
CUST04074,Customer 4074,customer4074@example.com,Ahmedabad,19,Instagram,2026-03-04,Repeat Buyer,True,5.0,17990.0,2026-04-18
CUST04075,Customer 4075,customer4075@example.com,Delhi,29,Organic,2025-12-24,Window Shopper,False,0.0,0.0,2025-12-24
CUST04076,Customer 4076,customer4076@example.com,Chennai,53,Google,2025-08-16,New Customer,False,1.0,2499.0,2025-03-30
CUST04077,Customer 4077,customer4077@example.com,Bangalore,49,Google,2025-04-23,Repeat Buyer,False,6.0,20491.0,2026-05-27
CUST04078,Customer 4078,customer4078@example.com,Pune,30,YouTube,2026-02-26,New Customer,False,1.0,1898.0,2025-12-28
CUST04079,Customer 4079,customer4079@example.com,Hyderabad,28,Organic,2026-03-24,Repeat Buyer,True,3.0,8496.0,2026-01-06
CUST04080,Customer 4080,customer4080@example.com,Delhi,42,Google,2025-08-03,New Customer,False,2.0,6497.0,2025-06-21
CUST04081,Customer 4081,customer4081@example.com,Ahmedabad,29,Google,2025-09-22,High Value,True,7.0,23188.0,2026-07-29
CUST04082,Customer 4082,customer4082@example.com,Bangalore,18,Instagram,2025-11-01,Repeat Buyer,False,4.0,9793.0,2025-11-19
CUST04083,Customer 4083,customer4083@example.com,Pune,38,Referral,2026-01-15,Repeat Buyer,True,6.0,15789.0,2026-05-29
CUST04084,Customer 4084,customer4084@example.com,Kolkata,35,Google,2025-06-14,Dormant,True,0.0,0.0,2025-06-14
CUST04085,Customer 4085,customer4085@example.com,Hyderabad,55,Google,2025-09-02,Price Sensitive,False,0.0,0.0,2025-09-02
CUST04086,Customer 4086,customer4086@example.com,Kolkata,21,Organic,2025-09-08,High Value,True,4.0,19392.0,2026-07-21
CUST04087,Customer 4087,customer4087@example.com,Bangalore,36,Google,2025-08-22,Window Shopper,False,0.0,0.0,2025-08-22
CUST04088,Customer 4088,customer4088@example.com,Chennai,35,Google,2025-08-23,Repeat Buyer,False,2.0,5796.0,2026-06-01
CUST04089,Customer 4089,customer4089@example.com,Bangalore,52,Referral,2026-03-08,New Customer,False,1.0,1299.0,2025-05-29
CUST04090,Customer 4090,customer4090@example.com,Kolkata,34,Referral,2026-03-11,Price Sensitive,False,2.0,10595.0,2025-08-02
CUST04091,Customer 4091,customer4091@example.com,Kolkata,32,Referral,2025-10-11,Repeat Buyer,True,4.0,12091.0,2026-03-22
CUST04092,Customer 4092,customer4092@example.com,Bangalore,41,Direct,2025-06-02,Dormant,False,0.0,0.0,2025-06-02
CUST04093,Customer 4093,customer4093@example.com,Pune,51,Direct,2025-11-08,Window Shopper,True,0.0,0.0,2025-11-08
CUST04094,Customer 4094,customer4094@example.com,Mumbai,46,Referral,2026-04-19,High Value,False,5.0,21789.0,2026-05-21
CUST04095,Customer 4095,customer4095@example.com,Bangalore,18,YouTube,2025-06-07,Price Sensitive,False,2.0,7496.0,2026-01-03
CUST04096,Customer 4096,customer4096@example.com,Kolkata,19,Organic,2026-05-15,Repeat Buyer,True,4.0,13693.0,2026-08-05
CUST04097,Customer 4097,customer4097@example.com,Kolkata,20,Organic,2026-04-06,New Customer,False,1.0,2698.0,2026-06-10
CUST04098,Customer 4098,customer4098@example.com,Ahmedabad,35,Referral,2025-10-31,New Customer,False,1.0,1798.0,2025-04-17
CUST04099,Customer 4099,customer4099@example.com,Kolkata,48,Direct,2025-08-14,Repeat Buyer,True,2.0,6496.0,2026-05-24
CUST04100,Customer 4100,customer4100@example.com,Kolkata,48,Direct,2026-02-10,Price Sensitive,True,1.0,2999.0,2026-04-22
CUST04101,Customer 4101,customer4101@example.com,Mumbai,29,Direct,2025-04-04,Window Shopper,True,1.0,2499.0,2025-10-11
CUST04102,Customer 4102,customer4102@example.com,Ahmedabad,54,Direct,2025-05-24,Repeat Buyer,False,3.0,7996.0,2026-05-31
CUST04103,Customer 4103,customer4103@example.com,Ahmedabad,50,Direct,2025-09-17,Price Sensitive,False,1.0,5497.0,2025-10-02
CUST04104,Customer 4104,customer4104@example.com,Pune,20,Referral,2025-08-30,Repeat Buyer,True,1.0,699.0,2026-05-26
CUST04105,Customer 4105,customer4105@example.com,Delhi,37,Direct,2026-02-21,Price Sensitive,False,3.0,14493.0,2026-08-08
CUST04106,Customer 4106,customer4106@example.com,Ahmedabad,43,Instagram,2026-01-15,New Customer,False,1.0,5297.0,2026-05-01
CUST04107,Customer 4107,customer4107@example.com,Pune,19,Direct,2025-11-23,Window Shopper,False,1.0,2998.0,2025-08-30
CUST04108,Customer 4108,customer4108@example.com,Bangalore,47,Instagram,2025-05-15,Repeat Buyer,True,3.0,13295.0,2026-04-15
CUST04109,Customer 4109,customer4109@example.com,Bangalore,52,Referral,2025-12-16,High Value,True,6.0,22389.0,2026-06-25
CUST04110,Customer 4110,customer4110@example.com,Kolkata,31,Google,2026-03-06,Price Sensitive,True,1.0,1799.0,2025-07-15
CUST04111,Customer 4111,customer4111@example.com,Mumbai,54,Direct,2026-04-04,New Customer,True,1.0,1398.0,2026-08-05
CUST04112,Customer 4112,customer4112@example.com,Mumbai,50,YouTube,2025-02-11,Window Shopper,False,0.0,0.0,2025-02-11
CUST04113,Customer 4113,customer4113@example.com,Mumbai,49,Instagram,2025-10-15,Price Sensitive,False,1.0,1799.0,2025-08-16
CUST04114,Customer 4114,customer4114@example.com,Delhi,32,Referral,2025-02-16,New Customer,False,2.0,12394.0,2026-08-02
CUST04115,Customer 4115,customer4115@example.com,Hyderabad,52,Referral,2026-02-26,Repeat Buyer,False,2.0,4997.0,2026-06-16
CUST04116,Customer 4116,customer4116@example.com,Mumbai,43,YouTube,2025-05-30,Window Shopper,False,0.0,0.0,2025-05-30
CUST04117,Customer 4117,customer4117@example.com,Delhi,23,Direct,2026-01-30,New Customer,False,1.0,4298.0,2026-04-17
CUST04118,Customer 4118,customer4118@example.com,Hyderabad,25,Organic,2025-07-03,New Customer,False,2.0,7296.0,2026-01-29
CUST04119,Customer 4119,customer4119@example.com,Kolkata,46,Instagram,2025-07-14,Price Sensitive,False,2.0,4197.0,2025-12-07
CUST04120,Customer 4120,customer4120@example.com,Pune,52,Referral,2025-04-08,High Value,True,7.0,26987.0,2026-04-13
CUST04121,Customer 4121,customer4121@example.com,Mumbai,35,Google,2025-10-15,New Customer,False,1.0,3998.0,2025-12-31
CUST04122,Customer 4122,customer4122@example.com,Chennai,33,Instagram,2025-12-24,Window Shopper,False,0.0,0.0,2025-12-24
CUST04123,Customer 4123,customer4123@example.com,Bangalore,47,Direct,2025-10-03,New Customer,False,1.0,3798.0,2026-05-11
CUST04124,Customer 4124,customer4124@example.com,Hyderabad,42,Direct,2025-07-12,New Customer,False,1.0,9497.0,2026-02-04
CUST04125,Customer 4125,customer4125@example.com,Delhi,25,Organic,2026-03-29,Dormant,False,0.0,0.0,2026-03-29
CUST04126,Customer 4126,customer4126@example.com,Hyderabad,24,Referral,2025-11-30,High Value,True,3.0,9095.0,2026-05-27
CUST04127,Customer 4127,customer4127@example.com,Mumbai,50,Instagram,2025-06-18,Window Shopper,False,1.0,2198.0,2026-08-04
CUST04128,Customer 4128,customer4128@example.com,Hyderabad,25,Referral,2025-01-28,New Customer,False,1.0,1499.0,2026-02-24
CUST04129,Customer 4129,customer4129@example.com,Kolkata,37,Instagram,2025-08-17,Dormant,False,0.0,0.0,2025-08-17
CUST04130,Customer 4130,customer4130@example.com,Hyderabad,51,Direct,2026-04-05,Window Shopper,False,0.0,0.0,2026-04-05
CUST04131,Customer 4131,customer4131@example.com,Ahmedabad,28,Referral,2025-03-18,Window Shopper,False,0.0,0.0,2025-03-18
CUST04132,Customer 4132,customer4132@example.com,Kolkata,53,Google,2025-11-30,High Value,True,5.0,14292.0,2026-07-22
CUST04133,Customer 4133,customer4133@example.com,Chennai,51,Organic,2026-01-21,Window Shopper,False,0.0,0.0,2026-01-21
CUST04134,Customer 4134,customer4134@example.com,Hyderabad,47,Google,2025-09-22,Dormant,False,0.0,0.0,2025-09-22
CUST04135,Customer 4135,customer4135@example.com,Pune,54,Google,2025-11-25,Repeat Buyer,True,3.0,9593.0,2025-10-08
CUST04136,Customer 4136,customer4136@example.com,Bangalore,22,Referral,2025-10-04,High Value,True,7.0,16289.0,2026-07-15
CUST04137,Customer 4137,customer4137@example.com,Bangalore,42,Instagram,2025-03-29,New Customer,False,1.0,5498.0,2025-05-07
CUST04138,Customer 4138,customer4138@example.com,Mumbai,18,YouTube,2025-01-17,Price Sensitive,False,2.0,2998.0,2026-05-27
CUST04139,Customer 4139,customer4139@example.com,Delhi,25,Referral,2025-01-30,High Value,False,6.0,23489.0,2026-07-14
CUST04140,Customer 4140,customer4140@example.com,Kolkata,30,Direct,2026-04-07,High Value,False,6.0,26586.0,2026-08-07
CUST04141,Customer 4141,customer4141@example.com,Delhi,38,YouTube,2025-07-15,Window Shopper,False,0.0,0.0,2025-07-15
CUST04142,Customer 4142,customer4142@example.com,Chennai,39,YouTube,2025-12-15,High Value,True,3.0,8394.0,2026-07-24
CUST04143,Customer 4143,customer4143@example.com,Hyderabad,23,Google,2025-01-06,Window Shopper,False,0.0,0.0,2025-01-06
CUST04144,Customer 4144,customer4144@example.com,Mumbai,37,Google,2025-12-03,Price Sensitive,False,2.0,6397.0,2025-09-07
CUST04145,Customer 4145,customer4145@example.com,Hyderabad,55,Instagram,2026-04-26,Window Shopper,False,1.0,3998.0,2026-05-17
CUST04146,Customer 4146,customer4146@example.com,Ahmedabad,41,Google,2025-01-05,Dormant,False,0.0,0.0,2025-01-05
CUST04147,Customer 4147,customer4147@example.com,Ahmedabad,43,Direct,2025-01-31,New Customer,False,2.0,8896.0,2026-08-08
CUST04148,Customer 4148,customer4148@example.com,Ahmedabad,18,Google,2026-04-16,New Customer,False,1.0,3198.0,2026-08-07
CUST04149,Customer 4149,customer4149@example.com,Pune,26,Direct,2025-06-07,Price Sensitive,False,2.0,5297.0,2025-06-28
CUST04150,Customer 4150,customer4150@example.com,Kolkata,34,YouTube,2026-01-21,New Customer,False,1.0,7997.0,2025-03-16
CUST04151,Customer 4151,customer4151@example.com,Ahmedabad,41,Organic,2025-12-14,New Customer,False,0.0,0.0,2025-12-14
CUST04152,Customer 4152,customer4152@example.com,Kolkata,35,YouTube,2025-10-07,New Customer,False,1.0,2499.0,2026-07-22
CUST04153,Customer 4153,customer4153@example.com,Ahmedabad,49,Google,2025-09-23,New Customer,False,1.0,2499.0,2026-07-15
CUST04154,Customer 4154,customer4154@example.com,Kolkata,44,Google,2025-04-12,Repeat Buyer,False,2.0,5495.0,2025-10-11
CUST04155,Customer 4155,customer4155@example.com,Hyderabad,42,Referral,2026-02-18,Dormant,False,0.0,0.0,2026-02-18
CUST04156,Customer 4156,customer4156@example.com,Kolkata,36,YouTube,2025-02-07,Repeat Buyer,False,3.0,15192.0,2026-01-17
CUST04157,Customer 4157,customer4157@example.com,Ahmedabad,29,Google,2026-01-19,New Customer,False,1.0,499.0,2026-05-19
CUST04158,Customer 4158,customer4158@example.com,Kolkata,29,Google,2026-05-08,New Customer,False,1.0,5497.0,2026-06-05
CUST04159,Customer 4159,customer4159@example.com,Hyderabad,42,Referral,2025-07-23,Repeat Buyer,True,3.0,7397.0,2026-05-03
CUST04160,Customer 4160,customer4160@example.com,Kolkata,29,Google,2026-04-02,New Customer,False,1.0,499.0,2026-06-04
CUST04161,Customer 4161,customer4161@example.com,Mumbai,55,Direct,2025-11-05,Repeat Buyer,True,4.0,9993.0,2026-07-31
CUST04162,Customer 4162,customer4162@example.com,Delhi,31,Organic,2026-01-20,Price Sensitive,False,3.0,13294.0,2026-05-21
CUST04163,Customer 4163,customer4163@example.com,Kolkata,53,YouTube,2025-08-26,High Value,True,7.0,17989.0,2026-07-28
CUST04164,Customer 4164,customer4164@example.com,Mumbai,41,Referral,2025-01-07,Price Sensitive,False,3.0,15494.0,2026-05-29
CUST04165,Customer 4165,customer4165@example.com,Mumbai,21,YouTube,2026-05-01,Repeat Buyer,True,1.0,499.0,2025-08-10
CUST04166,Customer 4166,customer4166@example.com,Delhi,24,Organic,2025-04-13,Window Shopper,False,1.0,999.0,2025-10-02
CUST04167,Customer 4167,customer4167@example.com,Bangalore,27,Google,2025-07-26,High Value,False,6.0,28988.0,2026-06-21
CUST04168,Customer 4168,customer4168@example.com,Bangalore,36,Organic,2025-01-26,New Customer,True,2.0,3398.0,2026-03-12
CUST04169,Customer 4169,customer4169@example.com,Ahmedabad,43,Google,2026-03-07,Price Sensitive,False,2.0,1498.0,2026-03-31
CUST04170,Customer 4170,customer4170@example.com,Bangalore,37,Direct,2025-11-30,High Value,False,8.0,22086.0,2026-06-13
CUST04171,Customer 4171,customer4171@example.com,Chennai,54,Instagram,2025-04-22,Price Sensitive,False,2.0,6496.0,2025-11-19
CUST04172,Customer 4172,customer4172@example.com,Ahmedabad,38,Google,2026-04-07,Repeat Buyer,True,5.0,25690.0,2025-10-17
CUST04173,Customer 4173,customer4173@example.com,Mumbai,20,YouTube,2025-11-10,High Value,True,7.0,17889.0,2026-08-03
CUST04174,Customer 4174,customer4174@example.com,Kolkata,37,Google,2026-01-16,High Value,True,5.0,20689.0,2026-04-23
CUST04175,Customer 4175,customer4175@example.com,Mumbai,36,Instagram,2025-06-18,Price Sensitive,False,1.0,7997.0,2026-08-05
CUST04176,Customer 4176,customer4176@example.com,Mumbai,21,YouTube,2025-04-04,High Value,False,4.0,20591.0,2026-07-17
CUST04177,Customer 4177,customer4177@example.com,Hyderabad,54,Referral,2025-08-07,New Customer,False,1.0,4298.0,2025-07-08
CUST04178,Customer 4178,customer4178@example.com,Bangalore,34,YouTube,2026-04-09,Repeat Buyer,False,5.0,19489.0,2026-07-26
CUST04179,Customer 4179,customer4179@example.com,Hyderabad,41,Referral,2025-10-01,High Value,True,7.0,21488.0,2026-07-06
CUST04180,Customer 4180,customer4180@example.com,Ahmedabad,41,Google,2025-11-18,New Customer,True,1.0,4798.0,2026-04-27
CUST04181,Customer 4181,customer4181@example.com,Kolkata,44,Instagram,2026-04-25,Dormant,False,0.0,0.0,2026-04-25
CUST04182,Customer 4182,customer4182@example.com,Ahmedabad,27,Direct,2026-04-14,High Value,True,7.0,27985.0,2026-03-22
CUST04183,Customer 4183,customer4183@example.com,Chennai,18,Organic,2025-05-07,Price Sensitive,False,2.0,5796.0,2026-03-29
CUST04184,Customer 4184,customer4184@example.com,Chennai,25,Direct,2025-03-25,Price Sensitive,False,1.0,3999.0,2025-10-19
CUST04185,Customer 4185,customer4185@example.com,Delhi,48,Direct,2025-11-13,Repeat Buyer,False,3.0,9594.0,2026-03-26
CUST04186,Customer 4186,customer4186@example.com,Hyderabad,21,Referral,2025-09-08,Repeat Buyer,True,1.0,4397.0,2025-06-02
CUST04187,Customer 4187,customer4187@example.com,Bangalore,49,Organic,2025-02-01,Repeat Buyer,True,5.0,16591.0,2026-04-16
CUST04188,Customer 4188,customer4188@example.com,Mumbai,20,Google,2025-12-22,New Customer,True,1.0,2999.0,2025-11-05
CUST04189,Customer 4189,customer4189@example.com,Bangalore,55,Google,2025-09-22,Repeat Buyer,True,4.0,16690.0,2026-08-19
CUST04190,Customer 4190,customer4190@example.com,Hyderabad,30,Organic,2026-01-10,Repeat Buyer,True,4.0,20989.0,2026-06-01
CUST04191,Customer 4191,customer4191@example.com,Chennai,35,Referral,2025-05-27,New Customer,False,1.0,4498.0,2025-10-29
CUST04192,Customer 4192,customer4192@example.com,Chennai,49,Referral,2025-01-14,High Value,True,4.0,15590.0,2026-07-07
CUST04193,Customer 4193,customer4193@example.com,Kolkata,26,Google,2025-06-11,Repeat Buyer,False,2.0,4397.0,2026-06-14
CUST04194,Customer 4194,customer4194@example.com,Hyderabad,48,Referral,2025-06-14,Dormant,False,1.0,2698.0,2025-10-01
CUST04195,Customer 4195,customer4195@example.com,Bangalore,48,Direct,2025-01-18,New Customer,False,1.0,499.0,2025-05-25
CUST04196,Customer 4196,customer4196@example.com,Pune,23,Referral,2025-12-22,Dormant,False,0.0,0.0,2025-12-22
CUST04197,Customer 4197,customer4197@example.com,Pune,23,Organic,2025-06-30,New Customer,False,2.0,10595.0,2026-07-20
CUST04198,Customer 4198,customer4198@example.com,Hyderabad,22,YouTube,2026-02-11,Repeat Buyer,False,5.0,24089.0,2026-04-25
CUST04199,Customer 4199,customer4199@example.com,Pune,52,Direct,2025-02-10,Repeat Buyer,True,4.0,17391.0,2026-05-19
CUST04200,Customer 4200,customer4200@example.com,Pune,46,Organic,2025-05-19,Price Sensitive,False,1.0,1398.0,2026-05-20
CUST04201,Customer 4201,customer4201@example.com,Pune,33,YouTube,2025-12-08,Price Sensitive,False,3.0,9795.0,2026-07-16
CUST04202,Customer 4202,customer4202@example.com,Ahmedabad,48,Instagram,2025-01-26,New Customer,False,1.0,3999.0,2025-10-06
CUST04203,Customer 4203,customer4203@example.com,Hyderabad,37,Organic,2026-04-03,New Customer,False,1.0,3798.0,2025-05-15
CUST04204,Customer 4204,customer4204@example.com,Hyderabad,33,YouTube,2026-04-18,Repeat Buyer,True,6.0,22688.0,2026-07-09
CUST04205,Customer 4205,customer4205@example.com,Mumbai,23,YouTube,2025-01-13,Price Sensitive,False,1.0,2499.0,2025-07-05
CUST04206,Customer 4206,customer4206@example.com,Kolkata,28,Direct,2026-01-10,Price Sensitive,False,2.0,7997.0,2026-03-24
CUST04207,Customer 4207,customer4207@example.com,Kolkata,35,Direct,2026-05-13,New Customer,False,1.0,899.0,2025-06-17
CUST04208,Customer 4208,customer4208@example.com,Ahmedabad,52,YouTube,2025-01-07,Price Sensitive,True,2.0,9394.0,2026-05-04
CUST04209,Customer 4209,customer4209@example.com,Pune,23,Referral,2025-05-25,New Customer,False,1.0,1998.0,2026-04-17
CUST04210,Customer 4210,customer4210@example.com,Delhi,31,Direct,2025-05-02,Price Sensitive,False,2.0,3798.0,2026-02-04
CUST04211,Customer 4211,customer4211@example.com,Delhi,21,Google,2025-11-06,Repeat Buyer,True,2.0,5795.0,2026-03-02
CUST04212,Customer 4212,customer4212@example.com,Hyderabad,50,YouTube,2026-04-06,Dormant,False,1.0,2499.0,2025-08-14
CUST04213,Customer 4213,customer4213@example.com,Kolkata,49,Instagram,2025-09-16,New Customer,False,1.0,1799.0,2025-10-01
CUST04214,Customer 4214,customer4214@example.com,Ahmedabad,20,YouTube,2025-03-28,Price Sensitive,False,2.0,3797.0,2025-09-07
CUST04215,Customer 4215,customer4215@example.com,Bangalore,23,YouTube,2026-03-06,New Customer,False,1.0,3698.0,2025-09-05
CUST04216,Customer 4216,customer4216@example.com,Chennai,32,Instagram,2025-02-17,Price Sensitive,False,1.0,2499.0,2025-11-24
CUST04217,Customer 4217,customer4217@example.com,Mumbai,42,Referral,2025-02-21,New Customer,False,1.0,3999.0,2026-03-07
CUST04218,Customer 4218,customer4218@example.com,Pune,53,Instagram,2025-06-25,New Customer,False,2.0,9496.0,2026-08-14
CUST04219,Customer 4219,customer4219@example.com,Mumbai,25,Instagram,2025-11-01,New Customer,False,1.0,2798.0,2026-06-17
CUST04220,Customer 4220,customer4220@example.com,Ahmedabad,28,Google,2025-01-10,Price Sensitive,True,3.0,9794.0,2025-12-15
CUST04221,Customer 4221,customer4221@example.com,Ahmedabad,18,Referral,2025-09-02,Repeat Buyer,True,5.0,13792.0,2026-06-30
CUST04222,Customer 4222,customer4222@example.com,Chennai,36,Referral,2026-01-07,Dormant,False,1.0,3197.0,2026-02-11
CUST04223,Customer 4223,customer4223@example.com,Mumbai,30,Instagram,2025-08-16,Price Sensitive,False,2.0,5696.0,2026-05-29
CUST04224,Customer 4224,customer4224@example.com,Bangalore,54,Organic,2026-01-09,Price Sensitive,False,2.0,3498.0,2025-10-04
CUST04225,Customer 4225,customer4225@example.com,Ahmedabad,42,Referral,2025-03-09,New Customer,False,1.0,4197.0,2025-04-02
CUST04226,Customer 4226,customer4226@example.com,Pune,54,Referral,2026-04-18,Window Shopper,True,1.0,6297.0,2026-05-21
CUST04227,Customer 4227,customer4227@example.com,Hyderabad,26,Direct,2025-07-16,New Customer,False,2.0,9395.0,2026-08-17
CUST04228,Customer 4228,customer4228@example.com,Hyderabad,26,Organic,2025-09-06,New Customer,False,0.0,0.0,2025-09-06
CUST04229,Customer 4229,customer4229@example.com,Hyderabad,31,Referral,2025-09-22,Window Shopper,False,0.0,0.0,2025-09-22
CUST04230,Customer 4230,customer4230@example.com,Hyderabad,43,Google,2025-01-22,Repeat Buyer,True,2.0,4497.0,2026-08-18
CUST04231,Customer 4231,customer4231@example.com,Hyderabad,41,Instagram,2025-03-08,Repeat Buyer,True,1.0,5498.0,2026-03-27
CUST04232,Customer 4232,customer4232@example.com,Bangalore,45,Organic,2026-03-05,Price Sensitive,False,2.0,6497.0,2025-11-09
CUST04233,Customer 4233,customer4233@example.com,Bangalore,18,Google,2025-10-28,New Customer,False,1.0,1799.0,2025-06-08
CUST04234,Customer 4234,customer4234@example.com,Mumbai,21,Direct,2025-05-02,New Customer,True,1.0,2998.0,2025-11-29
CUST04235,Customer 4235,customer4235@example.com,Mumbai,19,YouTube,2025-05-15,High Value,True,4.0,11191.0,2026-04-08
CUST04236,Customer 4236,customer4236@example.com,Ahmedabad,41,YouTube,2025-08-28,Repeat Buyer,True,4.0,15292.0,2026-07-11
CUST04237,Customer 4237,customer4237@example.com,Bangalore,54,Direct,2026-02-27,Price Sensitive,False,1.0,4697.0,2025-03-10
CUST04238,Customer 4238,customer4238@example.com,Hyderabad,52,Referral,2025-01-23,New Customer,False,2.0,6497.0,2025-12-06
CUST04239,Customer 4239,customer4239@example.com,Pune,49,Organic,2025-12-05,New Customer,False,1.0,1998.0,2025-10-10
CUST04240,Customer 4240,customer4240@example.com,Mumbai,20,Organic,2025-05-27,Repeat Buyer,False,5.0,18590.0,2026-06-04
CUST04241,Customer 4241,customer4241@example.com,Chennai,36,Organic,2025-04-26,Price Sensitive,False,1.0,2499.0,2025-05-15
CUST04242,Customer 4242,customer4242@example.com,Hyderabad,53,Instagram,2026-01-03,Repeat Buyer,True,4.0,14295.0,2026-03-27
CUST04243,Customer 4243,customer4243@example.com,Pune,51,Google,2025-05-26,High Value,True,7.0,27785.0,2026-08-21
CUST04244,Customer 4244,customer4244@example.com,Pune,43,Referral,2025-03-22,Window Shopper,False,0.0,0.0,2025-03-22
CUST04245,Customer 4245,customer4245@example.com,Pune,27,Instagram,2025-09-10,Window Shopper,False,0.0,0.0,2025-09-10
CUST04246,Customer 4246,customer4246@example.com,Kolkata,42,Instagram,2025-05-01,High Value,True,6.0,16089.0,2026-08-21
CUST04247,Customer 4247,customer4247@example.com,Kolkata,26,Organic,2025-10-05,Dormant,False,0.0,0.0,2025-10-05
CUST04248,Customer 4248,customer4248@example.com,Chennai,46,Direct,2025-03-20,Repeat Buyer,True,2.0,7195.0,2026-04-07
CUST04249,Customer 4249,customer4249@example.com,Kolkata,19,Google,2025-04-11,Price Sensitive,False,1.0,999.0,2026-01-09
CUST04250,Customer 4250,customer4250@example.com,Pune,50,Organic,2025-01-14,Repeat Buyer,False,2.0,8495.0,2025-12-03
CUST04251,Customer 4251,customer4251@example.com,Hyderabad,22,Referral,2025-04-28,New Customer,False,0.0,0.0,2025-04-28
CUST04252,Customer 4252,customer4252@example.com,Bangalore,45,Referral,2026-02-19,Price Sensitive,False,2.0,7997.0,2026-01-17
CUST04253,Customer 4253,customer4253@example.com,Pune,51,Referral,2025-10-20,New Customer,False,2.0,3597.0,2026-07-24
CUST04254,Customer 4254,customer4254@example.com,Chennai,37,Instagram,2025-04-18,New Customer,True,1.0,7297.0,2026-08-04
CUST04255,Customer 4255,customer4255@example.com,Ahmedabad,54,Organic,2025-01-29,New Customer,False,1.0,1799.0,2026-05-02
CUST04256,Customer 4256,customer4256@example.com,Pune,31,Instagram,2025-12-15,Price Sensitive,False,3.0,9495.0,2026-05-11
CUST04257,Customer 4257,customer4257@example.com,Ahmedabad,55,Instagram,2025-06-13,Window Shopper,False,1.0,3999.0,2026-02-02
CUST04258,Customer 4258,customer4258@example.com,Bangalore,51,Direct,2025-10-22,Price Sensitive,True,3.0,8896.0,2026-06-02
CUST04259,Customer 4259,customer4259@example.com,Chennai,43,YouTube,2025-04-20,High Value,True,5.0,22487.0,2026-08-06
CUST04260,Customer 4260,customer4260@example.com,Bangalore,53,Google,2025-04-10,Repeat Buyer,True,3.0,8396.0,2026-01-27
CUST04261,Customer 4261,customer4261@example.com,Ahmedabad,34,Direct,2025-12-10,Window Shopper,False,0.0,0.0,2025-12-10
CUST04262,Customer 4262,customer4262@example.com,Hyderabad,41,Direct,2025-08-28,High Value,True,6.0,21689.0,2026-07-15
CUST04263,Customer 4263,customer4263@example.com,Delhi,48,Referral,2026-02-15,New Customer,True,0.0,0.0,2026-02-15
CUST04264,Customer 4264,customer4264@example.com,Delhi,18,Direct,2025-02-21,Price Sensitive,False,3.0,15892.0,2025-09-16
CUST04265,Customer 4265,customer4265@example.com,Pune,45,Referral,2025-05-04,High Value,True,5.0,13491.0,2026-06-02
CUST04266,Customer 4266,customer4266@example.com,Mumbai,48,Google,2026-02-07,New Customer,False,2.0,7397.0,2025-07-23
CUST04267,Customer 4267,customer4267@example.com,Kolkata,36,Organic,2025-01-21,Price Sensitive,False,1.0,6498.0,2025-07-06
CUST04268,Customer 4268,customer4268@example.com,Mumbai,38,Google,2026-01-26,New Customer,False,1.0,3998.0,2026-05-02
CUST04269,Customer 4269,customer4269@example.com,Ahmedabad,42,YouTube,2026-03-17,New Customer,False,1.0,4998.0,2026-08-05
CUST04270,Customer 4270,customer4270@example.com,Mumbai,46,Referral,2026-04-16,High Value,True,8.0,32681.0,2026-08-19
CUST04271,Customer 4271,customer4271@example.com,Mumbai,32,Direct,2025-10-01,New Customer,False,1.0,1499.0,2025-08-29
CUST04272,Customer 4272,customer4272@example.com,Hyderabad,26,Google,2025-12-18,Window Shopper,False,0.0,0.0,2025-12-18
CUST04273,Customer 4273,customer4273@example.com,Chennai,18,Instagram,2025-08-05,New Customer,False,1.0,2499.0,2026-06-04
CUST04274,Customer 4274,customer4274@example.com,Mumbai,51,Organic,2025-05-31,High Value,True,4.0,7993.0,2026-06-12
CUST04275,Customer 4275,customer4275@example.com,Ahmedabad,22,YouTube,2025-10-30,New Customer,False,2.0,8195.0,2026-04-12
CUST04276,Customer 4276,customer4276@example.com,Hyderabad,48,Organic,2026-02-24,High Value,False,5.0,15392.0,2026-07-13
CUST04277,Customer 4277,customer4277@example.com,Chennai,39,Google,2026-04-05,Repeat Buyer,True,2.0,10796.0,2026-08-06
CUST04278,Customer 4278,customer4278@example.com,Ahmedabad,38,Referral,2025-10-19,Repeat Buyer,False,5.0,22491.0,2026-08-11
CUST04279,Customer 4279,customer4279@example.com,Delhi,53,Google,2025-03-05,Price Sensitive,False,2.0,4298.0,2026-07-08
CUST04280,Customer 4280,customer4280@example.com,Kolkata,36,Google,2025-04-20,New Customer,False,1.0,3398.0,2026-07-15
CUST04281,Customer 4281,customer4281@example.com,Kolkata,27,Google,2025-09-10,Price Sensitive,True,2.0,7197.0,2026-05-31
CUST04282,Customer 4282,customer4282@example.com,Delhi,22,Referral,2026-03-30,Repeat Buyer,True,2.0,10095.0,2026-05-27
CUST04283,Customer 4283,customer4283@example.com,Hyderabad,43,Referral,2026-04-21,Price Sensitive,False,1.0,899.0,2026-01-03
CUST04284,Customer 4284,customer4284@example.com,Ahmedabad,18,Google,2025-10-13,New Customer,False,1.0,3197.0,2025-08-20
CUST04285,Customer 4285,customer4285@example.com,Hyderabad,39,YouTube,2025-06-10,Repeat Buyer,True,6.0,20988.0,2026-08-05
CUST04286,Customer 4286,customer4286@example.com,Chennai,26,Direct,2025-05-28,New Customer,False,1.0,2499.0,2026-07-19
CUST04287,Customer 4287,customer4287@example.com,Ahmedabad,37,Direct,2025-01-28,New Customer,False,1.0,3398.0,2025-11-11
CUST04288,Customer 4288,customer4288@example.com,Hyderabad,45,Referral,2026-02-05,New Customer,False,2.0,7997.0,2025-10-30
CUST04289,Customer 4289,customer4289@example.com,Kolkata,47,Referral,2025-03-12,Price Sensitive,False,3.0,8795.0,2026-03-11
CUST04290,Customer 4290,customer4290@example.com,Kolkata,28,Instagram,2026-03-08,Repeat Buyer,False,3.0,12093.0,2026-06-13
CUST04291,Customer 4291,customer4291@example.com,Delhi,50,Direct,2025-07-02,New Customer,False,1.0,3398.0,2026-01-23
CUST04292,Customer 4292,customer4292@example.com,Kolkata,34,Referral,2026-01-09,High Value,False,4.0,20592.0,2026-03-18
CUST04293,Customer 4293,customer4293@example.com,Chennai,38,YouTube,2025-09-06,New Customer,False,1.0,3498.0,2026-07-28
CUST04294,Customer 4294,customer4294@example.com,Delhi,55,Direct,2026-01-30,High Value,True,6.0,20489.0,2026-05-20
CUST04295,Customer 4295,customer4295@example.com,Chennai,22,Organic,2025-11-03,High Value,True,4.0,7693.0,2026-08-11
CUST04296,Customer 4296,customer4296@example.com,Hyderabad,55,Direct,2025-11-14,Window Shopper,False,1.0,899.0,2026-01-31
CUST04297,Customer 4297,customer4297@example.com,Hyderabad,36,YouTube,2025-12-26,Window Shopper,False,0.0,0.0,2025-12-26
CUST04298,Customer 4298,customer4298@example.com,Kolkata,45,Organic,2025-04-21,Window Shopper,False,0.0,0.0,2025-04-21
CUST04299,Customer 4299,customer4299@example.com,Chennai,42,Instagram,2025-03-08,New Customer,False,1.0,3197.0,2025-10-09
CUST04300,Customer 4300,customer4300@example.com,Bangalore,24,Organic,2025-11-12,New Customer,False,1.0,4097.0,2026-03-02
CUST04301,Customer 4301,customer4301@example.com,Delhi,34,Instagram,2025-01-03,New Customer,False,1.0,899.0,2026-01-29
CUST04302,Customer 4302,customer4302@example.com,Ahmedabad,45,Direct,2025-12-24,Price Sensitive,True,1.0,8797.0,2026-08-13
CUST04303,Customer 4303,customer4303@example.com,Mumbai,30,YouTube,2026-05-13,Dormant,False,1.0,3798.0,2026-05-15
CUST04304,Customer 4304,customer4304@example.com,Ahmedabad,37,Google,2026-02-28,High Value,False,4.0,13192.0,2026-08-02
CUST04305,Customer 4305,customer4305@example.com,Pune,43,Direct,2025-08-25,Window Shopper,False,0.0,0.0,2025-08-25
CUST04306,Customer 4306,customer4306@example.com,Bangalore,50,YouTube,2025-09-27,Price Sensitive,False,3.0,9496.0,2026-06-08
CUST04307,Customer 4307,customer4307@example.com,Delhi,46,YouTube,2025-11-26,New Customer,False,1.0,4697.0,2025-08-22
CUST04308,Customer 4308,customer4308@example.com,Pune,52,Organic,2025-02-04,High Value,True,3.0,10493.0,2025-12-24
CUST04309,Customer 4309,customer4309@example.com,Bangalore,30,Direct,2026-01-06,Repeat Buyer,True,2.0,5996.0,2026-03-28
CUST04310,Customer 4310,customer4310@example.com,Kolkata,37,Referral,2026-01-18,New Customer,False,1.0,499.0,2026-03-27
CUST04311,Customer 4311,customer4311@example.com,Chennai,43,Instagram,2026-01-21,Dormant,False,0.0,0.0,2026-01-21
CUST04312,Customer 4312,customer4312@example.com,Ahmedabad,35,YouTube,2026-02-01,Price Sensitive,False,1.0,1299.0,2026-02-10
CUST04313,Customer 4313,customer4313@example.com,Delhi,18,YouTube,2026-03-16,Price Sensitive,True,1.0,3497.0,2025-07-23
CUST04314,Customer 4314,customer4314@example.com,Kolkata,25,Instagram,2026-03-06,Window Shopper,True,0.0,0.0,2026-03-06
CUST04315,Customer 4315,customer4315@example.com,Mumbai,44,Instagram,2025-07-16,High Value,True,6.0,25289.0,2026-07-02
CUST04316,Customer 4316,customer4316@example.com,Kolkata,38,Organic,2026-04-07,Repeat Buyer,True,4.0,6595.0,2026-05-13
CUST04317,Customer 4317,customer4317@example.com,Kolkata,35,Organic,2025-09-13,Repeat Buyer,True,4.0,10494.0,2026-06-13
CUST04318,Customer 4318,customer4318@example.com,Kolkata,38,Organic,2026-01-20,Price Sensitive,False,3.0,12893.0,2026-05-30
CUST04319,Customer 4319,customer4319@example.com,Pune,24,Google,2025-05-11,Price Sensitive,False,2.0,4896.0,2026-05-23
CUST04320,Customer 4320,customer4320@example.com,Hyderabad,21,Referral,2025-09-26,Repeat Buyer,True,6.0,13093.0,2026-07-11
CUST04321,Customer 4321,customer4321@example.com,Kolkata,51,Google,2025-05-30,Repeat Buyer,True,4.0,12492.0,2026-08-01
CUST04322,Customer 4322,customer4322@example.com,Kolkata,42,Organic,2025-05-11,Price Sensitive,False,1.0,2998.0,2025-09-25
CUST04323,Customer 4323,customer4323@example.com,Chennai,37,Organic,2025-02-05,Repeat Buyer,True,2.0,4797.0,2025-12-23
CUST04324,Customer 4324,customer4324@example.com,Ahmedabad,36,Instagram,2025-03-15,Price Sensitive,False,3.0,14694.0,2026-03-14
CUST04325,Customer 4325,customer4325@example.com,Delhi,51,Referral,2026-04-13,Window Shopper,False,0.0,0.0,2026-04-13
CUST04326,Customer 4326,customer4326@example.com,Delhi,38,Referral,2026-03-21,High Value,True,6.0,24490.0,2026-01-24
CUST04327,Customer 4327,customer4327@example.com,Hyderabad,33,Referral,2025-04-10,New Customer,True,1.0,1398.0,2026-01-22
CUST04328,Customer 4328,customer4328@example.com,Chennai,27,Google,2025-09-20,New Customer,False,1.0,1398.0,2026-07-31
CUST04329,Customer 4329,customer4329@example.com,Hyderabad,39,Direct,2025-01-25,High Value,True,5.0,19091.0,2026-03-18
CUST04330,Customer 4330,customer4330@example.com,Delhi,19,YouTube,2026-02-02,High Value,False,4.0,15191.0,2026-03-02
CUST04331,Customer 4331,customer4331@example.com,Delhi,35,Direct,2025-10-24,Window Shopper,False,0.0,0.0,2025-10-24
CUST04332,Customer 4332,customer4332@example.com,Bangalore,48,YouTube,2025-09-06,New Customer,False,0.0,0.0,2025-09-06
CUST04333,Customer 4333,customer4333@example.com,Ahmedabad,26,Organic,2025-06-22,Window Shopper,False,1.0,1299.0,2025-06-16
CUST04334,Customer 4334,customer4334@example.com,Bangalore,31,Organic,2025-07-19,Dormant,False,0.0,0.0,2025-07-19
CUST04335,Customer 4335,customer4335@example.com,Chennai,38,Instagram,2025-08-26,High Value,True,6.0,30187.0,2026-07-20
CUST04336,Customer 4336,customer4336@example.com,Kolkata,49,Organic,2025-09-18,New Customer,False,0.0,0.0,2025-09-18
CUST04337,Customer 4337,customer4337@example.com,Pune,49,Direct,2025-11-24,Dormant,True,1.0,2499.0,2026-05-29
CUST04338,Customer 4338,customer4338@example.com,Hyderabad,39,YouTube,2026-03-01,Dormant,False,0.0,0.0,2026-03-01
CUST04339,Customer 4339,customer4339@example.com,Mumbai,45,Instagram,2025-03-28,High Value,True,7.0,23789.0,2026-05-15
CUST04340,Customer 4340,customer4340@example.com,Mumbai,20,Google,2026-05-12,Price Sensitive,False,3.0,11093.0,2026-07-03
CUST04341,Customer 4341,customer4341@example.com,Mumbai,39,YouTube,2025-05-24,New Customer,False,1.0,3497.0,2026-01-11
CUST04342,Customer 4342,customer4342@example.com,Ahmedabad,30,Organic,2025-03-20,High Value,False,6.0,11090.0,2026-08-04
CUST04343,Customer 4343,customer4343@example.com,Ahmedabad,47,Referral,2025-05-27,New Customer,True,1.0,3998.0,2026-01-29
CUST04344,Customer 4344,customer4344@example.com,Pune,25,Direct,2025-06-08,High Value,True,6.0,20689.0,2026-02-17
CUST04345,Customer 4345,customer4345@example.com,Chennai,51,Direct,2025-03-23,New Customer,False,1.0,2998.0,2026-02-04
CUST04346,Customer 4346,customer4346@example.com,Mumbai,38,Direct,2025-09-24,New Customer,False,1.0,3998.0,2025-03-04
CUST04347,Customer 4347,customer4347@example.com,Chennai,24,YouTube,2025-08-04,Window Shopper,False,0.0,0.0,2025-08-04
CUST04348,Customer 4348,customer4348@example.com,Delhi,28,Referral,2025-01-16,New Customer,False,1.0,1299.0,2026-05-28
CUST04349,Customer 4349,customer4349@example.com,Kolkata,35,Google,2025-08-24,Price Sensitive,False,2.0,12794.0,2026-06-18
CUST04350,Customer 4350,customer4350@example.com,Delhi,24,Referral,2025-04-09,Repeat Buyer,True,5.0,10893.0,2026-05-19
CUST04351,Customer 4351,customer4351@example.com,Mumbai,55,Google,2025-12-03,Price Sensitive,False,0.0,0.0,2025-12-03
CUST04352,Customer 4352,customer4352@example.com,Bangalore,41,Instagram,2026-02-20,Dormant,False,0.0,0.0,2026-02-20
CUST04353,Customer 4353,customer4353@example.com,Bangalore,47,YouTube,2025-09-14,High Value,False,5.0,19490.0,2026-06-18
CUST04354,Customer 4354,customer4354@example.com,Kolkata,41,Organic,2025-10-16,New Customer,False,2.0,8796.0,2025-06-29
CUST04355,Customer 4355,customer4355@example.com,Hyderabad,44,Google,2025-05-01,Repeat Buyer,True,4.0,10992.0,2026-01-12
CUST04356,Customer 4356,customer4356@example.com,Delhi,48,Instagram,2025-08-19,New Customer,False,1.0,5297.0,2025-11-08
CUST04357,Customer 4357,customer4357@example.com,Hyderabad,27,Google,2025-04-27,High Value,False,7.0,26687.0,2026-08-01
CUST04358,Customer 4358,customer4358@example.com,Hyderabad,20,Direct,2026-02-21,Repeat Buyer,False,2.0,6497.0,2026-06-28
CUST04359,Customer 4359,customer4359@example.com,Pune,35,Direct,2025-10-05,Price Sensitive,False,2.0,4497.0,2026-01-29
CUST04360,Customer 4360,customer4360@example.com,Chennai,47,Referral,2025-10-25,High Value,True,6.0,31186.0,2026-08-23
CUST04361,Customer 4361,customer4361@example.com,Ahmedabad,44,Referral,2025-06-10,Repeat Buyer,True,5.0,11693.0,2026-08-18
CUST04362,Customer 4362,customer4362@example.com,Bangalore,52,YouTube,2025-11-16,Repeat Buyer,True,4.0,10893.0,2026-08-05
CUST04363,Customer 4363,customer4363@example.com,Delhi,47,YouTube,2025-02-03,Price Sensitive,False,2.0,12395.0,2026-05-25
CUST04364,Customer 4364,customer4364@example.com,Ahmedabad,21,YouTube,2025-10-25,Repeat Buyer,True,4.0,13492.0,2026-04-30
CUST04365,Customer 4365,customer4365@example.com,Kolkata,28,Referral,2026-02-28,Repeat Buyer,True,5.0,20389.0,2026-06-07
CUST04366,Customer 4366,customer4366@example.com,Ahmedabad,44,Google,2025-09-26,High Value,True,5.0,22288.0,2026-02-01
CUST04367,Customer 4367,customer4367@example.com,Hyderabad,48,Referral,2025-02-10,New Customer,True,1.0,1398.0,2025-11-03
CUST04368,Customer 4368,customer4368@example.com,Bangalore,29,Instagram,2026-04-25,New Customer,False,2.0,3897.0,2026-02-22
CUST04369,Customer 4369,customer4369@example.com,Hyderabad,39,Direct,2025-02-15,High Value,True,6.0,29589.0,2026-05-06
CUST04370,Customer 4370,customer4370@example.com,Bangalore,27,YouTube,2025-11-28,High Value,False,6.0,20088.0,2026-05-01
CUST04371,Customer 4371,customer4371@example.com,Kolkata,24,YouTube,2026-01-28,Price Sensitive,False,1.0,2999.0,2026-03-04
CUST04372,Customer 4372,customer4372@example.com,Ahmedabad,18,Referral,2025-07-18,New Customer,False,2.0,3298.0,2025-09-18
CUST04373,Customer 4373,customer4373@example.com,Hyderabad,25,Instagram,2025-08-21,Price Sensitive,False,1.0,5498.0,2025-09-30
CUST04374,Customer 4374,customer4374@example.com,Mumbai,55,YouTube,2025-03-15,High Value,True,4.0,12293.0,2026-07-13
CUST04375,Customer 4375,customer4375@example.com,Delhi,32,Organic,2026-04-09,Repeat Buyer,True,4.0,14492.0,2026-07-29
CUST04376,Customer 4376,customer4376@example.com,Kolkata,37,YouTube,2026-04-07,Price Sensitive,False,3.0,8296.0,2026-07-01
CUST04377,Customer 4377,customer4377@example.com,Pune,20,Referral,2025-09-09,Repeat Buyer,True,3.0,9795.0,2026-05-07
CUST04378,Customer 4378,customer4378@example.com,Kolkata,51,Direct,2026-03-19,Repeat Buyer,True,6.0,16888.0,2026-08-11
CUST04379,Customer 4379,customer4379@example.com,Pune,40,Direct,2025-08-17,New Customer,False,1.0,6998.0,2025-08-07
CUST04380,Customer 4380,customer4380@example.com,Delhi,24,Google,2026-03-07,New Customer,False,1.0,2499.0,2026-06-12
CUST04381,Customer 4381,customer4381@example.com,Delhi,24,Organic,2025-06-18,Window Shopper,False,1.0,1998.0,2025-04-26
CUST04382,Customer 4382,customer4382@example.com,Pune,46,Direct,2026-04-09,Repeat Buyer,True,3.0,10695.0,2025-12-03
CUST04383,Customer 4383,customer4383@example.com,Bangalore,51,Referral,2025-11-13,New Customer,True,1.0,3999.0,2026-01-02
CUST04384,Customer 4384,customer4384@example.com,Delhi,51,Organic,2025-12-30,High Value,False,7.0,29386.0,2025-10-28
CUST04385,Customer 4385,customer4385@example.com,Chennai,41,YouTube,2025-10-03,Window Shopper,False,0.0,0.0,2025-10-03
CUST04386,Customer 4386,customer4386@example.com,Chennai,22,Organic,2026-03-31,New Customer,False,1.0,3998.0,2025-10-23
CUST04387,Customer 4387,customer4387@example.com,Bangalore,27,Google,2026-05-16,Repeat Buyer,True,3.0,14192.0,2026-02-24
CUST04388,Customer 4388,customer4388@example.com,Hyderabad,30,Referral,2025-10-02,High Value,True,8.0,29285.0,2026-06-24
CUST04389,Customer 4389,customer4389@example.com,Kolkata,52,YouTube,2025-02-08,Dormant,True,0.0,0.0,2025-02-08
CUST04390,Customer 4390,customer4390@example.com,Ahmedabad,46,YouTube,2025-08-17,Price Sensitive,False,2.0,3498.0,2026-03-02
CUST04391,Customer 4391,customer4391@example.com,Mumbai,32,Direct,2026-05-14,High Value,False,4.0,15692.0,2026-04-11
CUST04392,Customer 4392,customer4392@example.com,Chennai,40,Referral,2025-09-20,Repeat Buyer,False,5.0,23189.0,2026-06-03
CUST04393,Customer 4393,customer4393@example.com,Ahmedabad,54,Organic,2025-01-13,New Customer,False,1.0,8297.0,2026-02-27
CUST04394,Customer 4394,customer4394@example.com,Kolkata,45,Organic,2026-02-21,Window Shopper,False,0.0,0.0,2026-02-21
CUST04395,Customer 4395,customer4395@example.com,Mumbai,38,Referral,2025-04-22,New Customer,False,1.0,1598.0,2026-07-28
CUST04396,Customer 4396,customer4396@example.com,Delhi,25,Organic,2025-10-26,Price Sensitive,False,2.0,5897.0,2026-01-10
CUST04397,Customer 4397,customer4397@example.com,Mumbai,27,Direct,2025-08-13,Dormant,False,1.0,3998.0,2026-03-15
CUST04398,Customer 4398,customer4398@example.com,Delhi,20,Google,2025-10-17,New Customer,False,1.0,699.0,2026-07-19
CUST04399,Customer 4399,customer4399@example.com,Pune,37,Direct,2025-03-25,Window Shopper,False,0.0,0.0,2025-03-25
CUST04400,Customer 4400,customer4400@example.com,Mumbai,37,Instagram,2025-07-12,Dormant,False,0.0,0.0,2025-07-12
CUST04401,Customer 4401,customer4401@example.com,Bangalore,53,Organic,2025-11-17,Window Shopper,False,0.0,0.0,2025-11-17
CUST04402,Customer 4402,customer4402@example.com,Kolkata,42,Instagram,2026-04-30,Price Sensitive,False,2.0,3397.0,2026-05-01
CUST04403,Customer 4403,customer4403@example.com,Chennai,42,Referral,2025-12-30,Repeat Buyer,True,4.0,17690.0,2026-06-22
CUST04404,Customer 4404,customer4404@example.com,Bangalore,40,Direct,2025-11-20,New Customer,True,2.0,8495.0,2026-06-08
CUST04405,Customer 4405,customer4405@example.com,Bangalore,49,Organic,2026-01-15,High Value,True,5.0,19291.0,2026-07-11
CUST04406,Customer 4406,customer4406@example.com,Bangalore,45,Instagram,2025-08-15,Dormant,False,1.0,4697.0,2026-08-17
CUST04407,Customer 4407,customer4407@example.com,Mumbai,28,Instagram,2025-09-20,New Customer,True,2.0,5395.0,2026-07-12
CUST04408,Customer 4408,customer4408@example.com,Bangalore,36,Instagram,2025-04-27,Price Sensitive,False,1.0,2697.0,2025-07-26
CUST04409,Customer 4409,customer4409@example.com,Chennai,48,Referral,2025-12-24,Price Sensitive,False,1.0,1798.0,2026-08-17
CUST04410,Customer 4410,customer4410@example.com,Chennai,53,Google,2025-12-22,Window Shopper,False,0.0,0.0,2025-12-22
CUST04411,Customer 4411,customer4411@example.com,Hyderabad,26,YouTube,2026-02-19,Repeat Buyer,True,4.0,10993.0,2026-05-06
CUST04412,Customer 4412,customer4412@example.com,Kolkata,36,Direct,2025-11-23,Price Sensitive,True,2.0,6997.0,2026-05-04
CUST04413,Customer 4413,customer4413@example.com,Hyderabad,27,Referral,2026-05-08,Dormant,False,0.0,0.0,2026-05-08
CUST04414,Customer 4414,customer4414@example.com,Hyderabad,54,Direct,2025-11-27,Window Shopper,False,0.0,0.0,2025-11-27
CUST04415,Customer 4415,customer4415@example.com,Mumbai,25,YouTube,2026-04-02,High Value,False,4.0,11693.0,2026-08-03
CUST04416,Customer 4416,customer4416@example.com,Ahmedabad,25,YouTube,2026-01-18,New Customer,False,1.0,4297.0,2025-05-12
CUST04417,Customer 4417,customer4417@example.com,Kolkata,22,Instagram,2025-03-13,Repeat Buyer,True,3.0,12894.0,2026-03-02
CUST04418,Customer 4418,customer4418@example.com,Delhi,35,Google,2026-02-20,Dormant,False,0.0,0.0,2026-02-20
CUST04419,Customer 4419,customer4419@example.com,Mumbai,26,Direct,2025-12-24,Dormant,True,0.0,0.0,2025-12-24
CUST04420,Customer 4420,customer4420@example.com,Hyderabad,22,Google,2026-01-07,Dormant,False,0.0,0.0,2026-01-07
CUST04421,Customer 4421,customer4421@example.com,Delhi,44,Referral,2025-07-03,Repeat Buyer,True,2.0,3697.0,2026-03-08
CUST04422,Customer 4422,customer4422@example.com,Ahmedabad,46,YouTube,2025-02-06,High Value,True,5.0,15491.0,2026-05-26
CUST04423,Customer 4423,customer4423@example.com,Chennai,43,Instagram,2025-05-21,Repeat Buyer,True,2.0,4298.0,2025-11-13
CUST04424,Customer 4424,customer4424@example.com,Delhi,33,Organic,2025-02-02,New Customer,False,1.0,6498.0,2025-04-07
CUST04425,Customer 4425,customer4425@example.com,Pune,45,Organic,2025-03-13,Repeat Buyer,False,2.0,7796.0,2026-06-20
CUST04426,Customer 4426,customer4426@example.com,Hyderabad,25,YouTube,2025-07-16,Window Shopper,False,0.0,0.0,2025-07-16
CUST04427,Customer 4427,customer4427@example.com,Kolkata,31,Instagram,2025-10-18,New Customer,False,1.0,499.0,2026-03-31
CUST04428,Customer 4428,customer4428@example.com,Kolkata,39,Organic,2025-10-26,High Value,False,7.0,29883.0,2026-08-04
CUST04429,Customer 4429,customer4429@example.com,Ahmedabad,46,Referral,2026-03-12,Price Sensitive,False,3.0,11095.0,2026-05-18
CUST04430,Customer 4430,customer4430@example.com,Chennai,20,Instagram,2025-04-21,Window Shopper,False,0.0,0.0,2025-04-21
CUST04431,Customer 4431,customer4431@example.com,Pune,18,Google,2026-01-16,Dormant,False,1.0,6498.0,2025-06-25
CUST04432,Customer 4432,customer4432@example.com,Delhi,35,Organic,2026-04-19,Window Shopper,False,1.0,5298.0,2026-08-01
CUST04433,Customer 4433,customer4433@example.com,Kolkata,48,Google,2025-04-03,Price Sensitive,False,1.0,699.0,2025-10-03
CUST04434,Customer 4434,customer4434@example.com,Hyderabad,37,Referral,2026-01-22,High Value,True,7.0,19989.0,2026-04-26
CUST04435,Customer 4435,customer4435@example.com,Chennai,41,Organic,2025-07-13,New Customer,False,1.0,2499.0,2025-11-28
CUST04436,Customer 4436,customer4436@example.com,Pune,48,Organic,2025-10-25,Price Sensitive,False,3.0,9795.0,2026-08-03
CUST04437,Customer 4437,customer4437@example.com,Bangalore,25,Organic,2025-12-23,Window Shopper,True,1.0,1299.0,2026-02-11
CUST04438,Customer 4438,customer4438@example.com,Ahmedabad,55,Organic,2025-04-20,Price Sensitive,False,2.0,9095.0,2025-08-07
CUST04439,Customer 4439,customer4439@example.com,Hyderabad,36,Instagram,2025-10-26,New Customer,False,1.0,4998.0,2025-04-16
CUST04440,Customer 4440,customer4440@example.com,Ahmedabad,45,Referral,2025-02-18,Repeat Buyer,True,3.0,11695.0,2026-07-02
CUST04441,Customer 4441,customer4441@example.com,Pune,50,Instagram,2025-01-31,Repeat Buyer,True,2.0,5197.0,2025-07-13
CUST04442,Customer 4442,customer4442@example.com,Ahmedabad,33,Instagram,2025-06-09,New Customer,False,1.0,4298.0,2025-10-08
CUST04443,Customer 4443,customer4443@example.com,Bangalore,22,Organic,2025-04-28,New Customer,True,1.0,6297.0,2025-12-07
CUST04444,Customer 4444,customer4444@example.com,Mumbai,24,Instagram,2025-09-06,Repeat Buyer,True,3.0,12194.0,2026-07-19
CUST04445,Customer 4445,customer4445@example.com,Ahmedabad,24,Instagram,2025-11-11,Price Sensitive,True,2.0,3198.0,2026-04-19
CUST04446,Customer 4446,customer4446@example.com,Pune,45,Organic,2025-03-07,Price Sensitive,False,3.0,8995.0,2026-02-21
CUST04447,Customer 4447,customer4447@example.com,Hyderabad,44,Direct,2025-10-08,Repeat Buyer,True,3.0,11994.0,2026-06-27
CUST04448,Customer 4448,customer4448@example.com,Kolkata,55,Direct,2025-04-12,Price Sensitive,True,2.0,5997.0,2025-09-19
CUST04449,Customer 4449,customer4449@example.com,Bangalore,41,Organic,2025-04-02,New Customer,False,2.0,8396.0,2026-04-13
CUST04450,Customer 4450,customer4450@example.com,Kolkata,20,Instagram,2025-04-05,Price Sensitive,True,2.0,3196.0,2026-02-20
CUST04451,Customer 4451,customer4451@example.com,Kolkata,39,Direct,2025-12-20,New Customer,True,2.0,7196.0,2026-01-31
CUST04452,Customer 4452,customer4452@example.com,Hyderabad,38,Google,2025-03-28,Dormant,False,0.0,0.0,2025-03-28
CUST04453,Customer 4453,customer4453@example.com,Chennai,27,Instagram,2025-07-26,New Customer,True,1.0,4498.0,2025-07-03
CUST04454,Customer 4454,customer4454@example.com,Pune,22,Organic,2025-06-13,Repeat Buyer,True,3.0,15293.0,2026-01-16
CUST04455,Customer 4455,customer4455@example.com,Hyderabad,24,Referral,2025-08-06,Price Sensitive,False,1.0,7497.0,2026-06-07
CUST04456,Customer 4456,customer4456@example.com,Mumbai,26,Google,2026-03-13,Window Shopper,False,0.0,0.0,2026-03-13
CUST04457,Customer 4457,customer4457@example.com,Pune,32,YouTube,2025-03-08,New Customer,True,0.0,0.0,2025-03-08
CUST04458,Customer 4458,customer4458@example.com,Pune,42,Google,2025-12-02,New Customer,True,1.0,3697.0,2026-07-11
CUST04459,Customer 4459,customer4459@example.com,Hyderabad,22,Instagram,2026-01-24,New Customer,False,1.0,899.0,2025-05-07
CUST04460,Customer 4460,customer4460@example.com,Delhi,32,YouTube,2025-02-21,New Customer,False,1.0,3999.0,2026-02-08
CUST04461,Customer 4461,customer4461@example.com,Pune,29,YouTube,2025-07-13,New Customer,False,1.0,3498.0,2025-08-05
CUST04462,Customer 4462,customer4462@example.com,Delhi,28,Google,2026-01-11,Dormant,True,0.0,0.0,2026-01-11
CUST04463,Customer 4463,customer4463@example.com,Kolkata,36,Organic,2025-03-06,High Value,True,4.0,10195.0,2026-04-07
CUST04464,Customer 4464,customer4464@example.com,Kolkata,37,Organic,2025-11-09,New Customer,True,1.0,1499.0,2025-03-01
CUST04465,Customer 4465,customer4465@example.com,Mumbai,34,YouTube,2025-09-20,Repeat Buyer,False,3.0,4296.0,2026-04-02
CUST04466,Customer 4466,customer4466@example.com,Mumbai,21,Direct,2026-02-19,Repeat Buyer,True,4.0,17592.0,2026-06-24
CUST04467,Customer 4467,customer4467@example.com,Kolkata,47,Direct,2025-12-10,High Value,True,6.0,11492.0,2026-07-09
CUST04468,Customer 4468,customer4468@example.com,Delhi,35,Direct,2025-10-21,Repeat Buyer,False,5.0,11991.0,2026-07-23
CUST04469,Customer 4469,customer4469@example.com,Mumbai,48,Google,2025-07-02,High Value,True,6.0,22189.0,2026-05-26
CUST04470,Customer 4470,customer4470@example.com,Pune,29,Referral,2026-05-07,Repeat Buyer,False,3.0,7496.0,2026-01-23
CUST04471,Customer 4471,customer4471@example.com,Bangalore,35,Referral,2026-01-27,Repeat Buyer,False,3.0,11794.0,2026-05-28
CUST04472,Customer 4472,customer4472@example.com,Pune,33,Direct,2025-09-19,Window Shopper,False,0.0,0.0,2025-09-19
CUST04473,Customer 4473,customer4473@example.com,Kolkata,37,Instagram,2025-05-17,New Customer,False,1.0,6498.0,2026-05-17
CUST04474,Customer 4474,customer4474@example.com,Delhi,33,Referral,2026-03-11,Repeat Buyer,False,5.0,16990.0,2026-07-16
CUST04475,Customer 4475,customer4475@example.com,Chennai,46,Organic,2026-04-18,High Value,True,7.0,21888.0,2026-08-22
CUST04476,Customer 4476,customer4476@example.com,Pune,32,Organic,2025-04-17,Price Sensitive,False,1.0,1499.0,2025-04-26
CUST04477,Customer 4477,customer4477@example.com,Kolkata,26,Direct,2026-03-27,High Value,True,6.0,22486.0,2026-02-03
CUST04478,Customer 4478,customer4478@example.com,Pune,33,Google,2025-05-29,Price Sensitive,False,1.0,999.0,2026-01-02
CUST04479,Customer 4479,customer4479@example.com,Kolkata,49,YouTube,2025-03-19,New Customer,False,0.0,0.0,2025-03-19
CUST04480,Customer 4480,customer4480@example.com,Bangalore,28,Direct,2025-08-23,New Customer,False,1.0,1998.0,2025-04-12
CUST04481,Customer 4481,customer4481@example.com,Kolkata,30,Direct,2025-11-17,Window Shopper,False,0.0,0.0,2025-11-17
CUST04482,Customer 4482,customer4482@example.com,Chennai,31,Direct,2025-05-27,High Value,True,6.0,19190.0,2026-05-05
CUST04483,Customer 4483,customer4483@example.com,Kolkata,33,Direct,2025-10-23,Repeat Buyer,True,3.0,11795.0,2025-10-22
CUST04484,Customer 4484,customer4484@example.com,Kolkata,52,Google,2025-06-01,New Customer,False,1.0,2498.0,2026-04-12
CUST04485,Customer 4485,customer4485@example.com,Delhi,52,Direct,2025-02-09,High Value,True,6.0,18589.0,2026-06-09
CUST04486,Customer 4486,customer4486@example.com,Delhi,50,Instagram,2025-02-21,Repeat Buyer,True,5.0,9293.0,2026-08-07
CUST04487,Customer 4487,customer4487@example.com,Delhi,47,Instagram,2025-01-15,Repeat Buyer,False,5.0,21888.0,2026-08-07
CUST04488,Customer 4488,customer4488@example.com,Delhi,48,Google,2025-07-14,New Customer,False,1.0,3998.0,2026-03-31
CUST04489,Customer 4489,customer4489@example.com,Hyderabad,24,Organic,2025-10-02,New Customer,False,1.0,3797.0,2025-10-15
CUST04490,Customer 4490,customer4490@example.com,Hyderabad,53,Google,2025-07-17,High Value,False,4.0,6794.0,2026-07-24
CUST04491,Customer 4491,customer4491@example.com,Bangalore,26,Instagram,2025-05-27,Price Sensitive,False,3.0,9595.0,2026-07-08
CUST04492,Customer 4492,customer4492@example.com,Chennai,46,Referral,2025-04-05,Repeat Buyer,True,6.0,21591.0,2026-06-18
CUST04493,Customer 4493,customer4493@example.com,Mumbai,55,Direct,2025-03-26,Repeat Buyer,True,4.0,13795.0,2026-04-12
CUST04494,Customer 4494,customer4494@example.com,Pune,43,Google,2026-04-15,Repeat Buyer,False,4.0,10593.0,2026-08-09
CUST04495,Customer 4495,customer4495@example.com,Ahmedabad,26,Direct,2026-04-22,Window Shopper,False,1.0,2998.0,2026-03-25
CUST04496,Customer 4496,customer4496@example.com,Chennai,18,Google,2025-07-22,High Value,False,7.0,25886.0,2026-08-03
CUST04497,Customer 4497,customer4497@example.com,Bangalore,25,Google,2025-11-25,Window Shopper,False,0.0,0.0,2025-11-25
CUST04498,Customer 4498,customer4498@example.com,Chennai,54,Referral,2025-02-15,Repeat Buyer,False,5.0,16889.0,2026-07-09
CUST04499,Customer 4499,customer4499@example.com,Hyderabad,44,Direct,2026-04-01,High Value,True,5.0,7093.0,2026-06-07
CUST04500,Customer 4500,customer4500@example.com,Delhi,25,Instagram,2025-02-23,High Value,True,6.0,19289.0,2026-06-13
CUST04501,Customer 4501,customer4501@example.com,Pune,54,Instagram,2025-02-28,Dormant,True,0.0,0.0,2025-02-28
CUST04502,Customer 4502,customer4502@example.com,Chennai,55,Instagram,2026-01-25,Repeat Buyer,False,6.0,12491.0,2026-06-06
CUST04503,Customer 4503,customer4503@example.com,Delhi,35,Organic,2025-04-21,Price Sensitive,True,1.0,3798.0,2026-04-29
CUST04504,Customer 4504,customer4504@example.com,Ahmedabad,31,Direct,2025-05-21,Repeat Buyer,True,3.0,7895.0,2026-08-07
CUST04505,Customer 4505,customer4505@example.com,Hyderabad,54,YouTube,2026-02-13,High Value,True,6.0,24688.0,2026-03-07
CUST04506,Customer 4506,customer4506@example.com,Hyderabad,22,Referral,2025-09-10,Price Sensitive,True,1.0,3697.0,2025-09-13
CUST04507,Customer 4507,customer4507@example.com,Chennai,52,Instagram,2025-02-23,High Value,True,6.0,19591.0,2026-06-13
CUST04508,Customer 4508,customer4508@example.com,Bangalore,19,Instagram,2026-03-11,Repeat Buyer,False,2.0,4696.0,2025-05-25
CUST04509,Customer 4509,customer4509@example.com,Mumbai,20,Google,2025-09-29,Repeat Buyer,False,4.0,12191.0,2026-01-22
CUST04510,Customer 4510,customer4510@example.com,Kolkata,25,Referral,2026-04-14,High Value,False,5.0,12593.0,2026-07-15
CUST04511,Customer 4511,customer4511@example.com,Bangalore,20,Google,2025-05-30,High Value,True,5.0,18090.0,2026-06-09
CUST04512,Customer 4512,customer4512@example.com,Delhi,34,YouTube,2026-04-04,New Customer,False,1.0,2499.0,2025-12-01
CUST04513,Customer 4513,customer4513@example.com,Chennai,27,Instagram,2025-04-18,Price Sensitive,False,2.0,3497.0,2026-07-10
CUST04514,Customer 4514,customer4514@example.com,Hyderabad,48,YouTube,2025-12-10,Repeat Buyer,True,6.0,15189.0,2026-06-26
CUST04515,Customer 4515,customer4515@example.com,Bangalore,31,YouTube,2025-07-15,New Customer,False,1.0,2999.0,2026-04-10
CUST04516,Customer 4516,customer4516@example.com,Ahmedabad,24,Direct,2026-03-29,New Customer,False,2.0,3697.0,2026-05-24
CUST04517,Customer 4517,customer4517@example.com,Delhi,26,Direct,2025-02-20,New Customer,False,1.0,4298.0,2026-01-05
CUST04518,Customer 4518,customer4518@example.com,Hyderabad,26,Organic,2026-04-09,High Value,True,8.0,30884.0,2026-08-19
CUST04519,Customer 4519,customer4519@example.com,Mumbai,51,YouTube,2026-02-16,Repeat Buyer,False,5.0,24690.0,2026-04-12
CUST04520,Customer 4520,customer4520@example.com,Bangalore,26,YouTube,2025-08-24,Price Sensitive,False,2.0,10695.0,2025-10-21
CUST04521,Customer 4521,customer4521@example.com,Mumbai,49,Direct,2025-02-08,Window Shopper,False,0.0,0.0,2025-02-08
CUST04522,Customer 4522,customer4522@example.com,Kolkata,48,YouTube,2025-07-08,Price Sensitive,False,3.0,10396.0,2026-04-27
CUST04523,Customer 4523,customer4523@example.com,Kolkata,30,YouTube,2025-02-06,Repeat Buyer,True,3.0,6495.0,2026-07-02
CUST04524,Customer 4524,customer4524@example.com,Bangalore,20,Direct,2025-09-13,New Customer,False,1.0,4298.0,2026-04-29
CUST04525,Customer 4525,customer4525@example.com,Kolkata,25,YouTube,2025-05-27,Repeat Buyer,False,4.0,13193.0,2026-06-15
CUST04526,Customer 4526,customer4526@example.com,Bangalore,40,Organic,2026-03-26,New Customer,False,1.0,2798.0,2025-12-08
CUST04527,Customer 4527,customer4527@example.com,Bangalore,39,Google,2025-06-19,New Customer,False,0.0,0.0,2025-06-19
CUST04528,Customer 4528,customer4528@example.com,Kolkata,29,Referral,2025-02-04,New Customer,False,1.0,2298.0,2026-04-24
CUST04529,Customer 4529,customer4529@example.com,Pune,39,Google,2025-06-15,Repeat Buyer,True,2.0,5498.0,2025-12-22
CUST04530,Customer 4530,customer4530@example.com,Chennai,22,Instagram,2025-03-13,New Customer,False,1.0,3999.0,2025-11-13
CUST04531,Customer 4531,customer4531@example.com,Bangalore,47,YouTube,2025-10-05,High Value,True,7.0,24189.0,2026-06-28
CUST04532,Customer 4532,customer4532@example.com,Pune,45,Referral,2025-11-06,High Value,True,4.0,19993.0,2026-02-21
CUST04533,Customer 4533,customer4533@example.com,Delhi,21,Instagram,2025-07-09,New Customer,False,1.0,7097.0,2026-04-30
CUST04534,Customer 4534,customer4534@example.com,Pune,45,Referral,2025-06-28,New Customer,False,1.0,6498.0,2026-02-26
CUST04535,Customer 4535,customer4535@example.com,Delhi,41,Organic,2026-02-03,Dormant,False,0.0,0.0,2026-02-03
CUST04536,Customer 4536,customer4536@example.com,Mumbai,46,Direct,2026-01-06,Repeat Buyer,False,5.0,13293.0,2026-06-25
CUST04537,Customer 4537,customer4537@example.com,Kolkata,26,Direct,2025-07-05,New Customer,True,1.0,999.0,2025-06-24
CUST04538,Customer 4538,customer4538@example.com,Kolkata,18,Referral,2025-01-12,Repeat Buyer,True,3.0,14294.0,2026-08-23
CUST04539,Customer 4539,customer4539@example.com,Chennai,25,Google,2025-01-03,Price Sensitive,True,1.0,3097.0,2025-10-29
CUST04540,Customer 4540,customer4540@example.com,Kolkata,29,Organic,2025-01-21,Dormant,False,1.0,2499.0,2025-06-17
CUST04541,Customer 4541,customer4541@example.com,Bangalore,18,Instagram,2026-05-11,Price Sensitive,False,0.0,0.0,2026-05-11
CUST04542,Customer 4542,customer4542@example.com,Kolkata,52,YouTube,2025-01-31,High Value,False,5.0,13794.0,2026-06-26
CUST04543,Customer 4543,customer4543@example.com,Bangalore,49,Google,2025-10-02,Price Sensitive,False,1.0,3798.0,2025-11-13
CUST04544,Customer 4544,customer4544@example.com,Mumbai,30,YouTube,2026-01-04,New Customer,False,1.0,6998.0,2026-08-10
CUST04545,Customer 4545,customer4545@example.com,Mumbai,26,Google,2025-03-15,New Customer,False,2.0,7297.0,2026-07-13
CUST04546,Customer 4546,customer4546@example.com,Mumbai,36,Instagram,2025-10-02,High Value,True,4.0,16791.0,2026-06-19
CUST04547,Customer 4547,customer4547@example.com,Mumbai,51,Google,2025-07-03,New Customer,False,1.0,2499.0,2026-02-09
CUST04548,Customer 4548,customer4548@example.com,Chennai,20,Instagram,2025-05-20,Dormant,False,0.0,0.0,2025-05-20
CUST04549,Customer 4549,customer4549@example.com,Chennai,46,YouTube,2026-02-15,New Customer,False,1.0,2398.0,2025-03-10
CUST04550,Customer 4550,customer4550@example.com,Bangalore,25,Google,2025-06-27,New Customer,False,1.0,3798.0,2026-04-16
CUST04551,Customer 4551,customer4551@example.com,Pune,30,Organic,2026-05-11,Price Sensitive,False,2.0,7696.0,2026-02-15
CUST04552,Customer 4552,customer4552@example.com,Mumbai,28,Direct,2025-09-29,Price Sensitive,False,3.0,8995.0,2026-07-30
CUST04553,Customer 4553,customer4553@example.com,Hyderabad,45,Organic,2025-03-02,High Value,False,7.0,24589.0,2026-06-04
CUST04554,Customer 4554,customer4554@example.com,Pune,49,YouTube,2025-01-21,High Value,False,5.0,28088.0,2026-05-08
CUST04555,Customer 4555,customer4555@example.com,Delhi,19,Google,2026-04-20,High Value,True,5.0,10694.0,2026-06-25
CUST04556,Customer 4556,customer4556@example.com,Hyderabad,37,Instagram,2025-11-15,High Value,False,7.0,21288.0,2026-08-10
CUST04557,Customer 4557,customer4557@example.com,Pune,33,Organic,2025-02-09,New Customer,False,1.0,5498.0,2025-09-13
CUST04558,Customer 4558,customer4558@example.com,Mumbai,50,Instagram,2026-04-22,High Value,False,4.0,8895.0,2026-08-15
CUST04559,Customer 4559,customer4559@example.com,Kolkata,47,Organic,2026-01-11,Price Sensitive,False,0.0,0.0,2026-01-11
CUST04560,Customer 4560,customer4560@example.com,Hyderabad,29,Instagram,2025-11-25,Window Shopper,True,0.0,0.0,2025-11-25
CUST04561,Customer 4561,customer4561@example.com,Delhi,19,Referral,2025-04-24,Repeat Buyer,True,6.0,17088.0,2026-06-13
CUST04562,Customer 4562,customer4562@example.com,Hyderabad,32,Referral,2025-10-13,Price Sensitive,False,3.0,15794.0,2026-07-23
CUST04563,Customer 4563,customer4563@example.com,Mumbai,24,Google,2026-02-26,High Value,True,6.0,17690.0,2026-04-29
CUST04564,Customer 4564,customer4564@example.com,Ahmedabad,34,Google,2026-02-25,Price Sensitive,False,1.0,2499.0,2025-11-19
CUST04565,Customer 4565,customer4565@example.com,Hyderabad,38,Organic,2025-10-10,Price Sensitive,False,3.0,13392.0,2026-08-03
CUST04566,Customer 4566,customer4566@example.com,Ahmedabad,41,YouTube,2025-10-20,Repeat Buyer,True,6.0,18289.0,2026-08-13
CUST04567,Customer 4567,customer4567@example.com,Chennai,29,YouTube,2026-04-04,Repeat Buyer,False,5.0,13093.0,2026-01-25
CUST04568,Customer 4568,customer4568@example.com,Kolkata,54,Direct,2025-01-26,Price Sensitive,False,3.0,12393.0,2026-05-28
CUST04569,Customer 4569,customer4569@example.com,Mumbai,51,YouTube,2026-02-15,Price Sensitive,False,2.0,7996.0,2025-07-23
CUST04570,Customer 4570,customer4570@example.com,Bangalore,21,Referral,2025-06-19,High Value,True,5.0,11293.0,2026-02-11
CUST04571,Customer 4571,customer4571@example.com,Ahmedabad,35,Organic,2025-08-16,Repeat Buyer,True,4.0,14993.0,2026-01-10
CUST04572,Customer 4572,customer4572@example.com,Pune,27,Referral,2025-08-01,Window Shopper,True,0.0,0.0,2025-08-01
CUST04573,Customer 4573,customer4573@example.com,Bangalore,37,YouTube,2026-04-06,New Customer,False,1.0,2499.0,2026-06-20
CUST04574,Customer 4574,customer4574@example.com,Delhi,19,YouTube,2025-05-24,High Value,True,6.0,18689.0,2026-08-07
CUST04575,Customer 4575,customer4575@example.com,Mumbai,43,Organic,2025-05-18,New Customer,False,1.0,3098.0,2026-07-21
CUST04576,Customer 4576,customer4576@example.com,Ahmedabad,29,Organic,2026-02-15,Repeat Buyer,False,5.0,14689.0,2026-07-27
CUST04577,Customer 4577,customer4577@example.com,Chennai,29,Google,2026-01-16,Window Shopper,True,1.0,4298.0,2025-12-15
CUST04578,Customer 4578,customer4578@example.com,Delhi,37,YouTube,2025-01-03,New Customer,False,2.0,8996.0,2025-10-24
CUST04579,Customer 4579,customer4579@example.com,Ahmedabad,26,Organic,2025-02-26,Price Sensitive,False,2.0,6797.0,2026-07-22
CUST04580,Customer 4580,customer4580@example.com,Kolkata,24,Organic,2025-10-01,Price Sensitive,False,3.0,12393.0,2026-06-19
CUST04581,Customer 4581,customer4581@example.com,Hyderabad,42,Google,2026-03-04,Repeat Buyer,True,3.0,10393.0,2026-02-10
CUST04582,Customer 4582,customer4582@example.com,Hyderabad,28,Organic,2025-03-26,Repeat Buyer,False,4.0,17193.0,2026-06-30
CUST04583,Customer 4583,customer4583@example.com,Delhi,32,Direct,2025-03-15,Repeat Buyer,True,3.0,7895.0,2026-08-07
CUST04584,Customer 4584,customer4584@example.com,Chennai,40,Google,2026-04-22,High Value,True,4.0,17092.0,2026-03-31
CUST04585,Customer 4585,customer4585@example.com,Mumbai,51,Referral,2025-04-26,New Customer,True,2.0,5497.0,2026-08-05
CUST04586,Customer 4586,customer4586@example.com,Mumbai,45,Referral,2025-04-05,New Customer,True,1.0,3999.0,2025-06-02
CUST04587,Customer 4587,customer4587@example.com,Bangalore,46,Google,2025-02-20,Window Shopper,False,0.0,0.0,2025-02-20
CUST04588,Customer 4588,customer4588@example.com,Mumbai,26,Instagram,2025-06-04,Repeat Buyer,False,4.0,10093.0,2026-06-18
CUST04589,Customer 4589,customer4589@example.com,Mumbai,25,Organic,2025-12-17,New Customer,False,1.0,4797.0,2025-03-21
CUST04590,Customer 4590,customer4590@example.com,Kolkata,42,YouTube,2025-04-18,New Customer,True,0.0,0.0,2025-04-18
CUST04591,Customer 4591,customer4591@example.com,Hyderabad,43,Google,2025-03-06,Repeat Buyer,False,2.0,10396.0,2026-07-28
CUST04592,Customer 4592,customer4592@example.com,Delhi,25,Google,2025-10-28,Window Shopper,False,0.0,0.0,2025-10-28
CUST04593,Customer 4593,customer4593@example.com,Pune,18,Google,2025-03-19,New Customer,True,1.0,5498.0,2025-04-15
CUST04594,Customer 4594,customer4594@example.com,Hyderabad,24,YouTube,2025-05-03,New Customer,True,1.0,2498.0,2025-11-12
CUST04595,Customer 4595,customer4595@example.com,Delhi,49,YouTube,2025-09-07,High Value,True,4.0,9595.0,2026-07-19
CUST04596,Customer 4596,customer4596@example.com,Hyderabad,19,Google,2025-12-29,New Customer,True,1.0,1698.0,2026-06-26
CUST04597,Customer 4597,customer4597@example.com,Bangalore,42,Google,2025-04-05,High Value,True,4.0,14692.0,2026-07-22
CUST04598,Customer 4598,customer4598@example.com,Chennai,49,Instagram,2025-09-21,Window Shopper,False,1.0,3999.0,2025-03-07
CUST04599,Customer 4599,customer4599@example.com,Chennai,18,Direct,2025-08-19,Price Sensitive,False,1.0,4498.0,2026-02-26
CUST04600,Customer 4600,customer4600@example.com,Mumbai,32,Instagram,2025-05-27,High Value,True,8.0,24187.0,2026-08-01
CUST04601,Customer 4601,customer4601@example.com,Delhi,26,Direct,2025-04-30,Price Sensitive,False,1.0,3498.0,2025-06-06
CUST04602,Customer 4602,customer4602@example.com,Ahmedabad,47,YouTube,2026-01-29,New Customer,False,1.0,3398.0,2025-11-17
CUST04603,Customer 4603,customer4603@example.com,Chennai,46,Direct,2025-05-28,New Customer,False,1.0,1499.0,2025-10-31
CUST04604,Customer 4604,customer4604@example.com,Bangalore,36,Organic,2025-04-11,Window Shopper,False,1.0,3997.0,2026-06-05
CUST04605,Customer 4605,customer4605@example.com,Bangalore,23,Direct,2025-08-20,Price Sensitive,False,1.0,1198.0,2026-01-03
CUST04606,Customer 4606,customer4606@example.com,Kolkata,45,Organic,2025-01-30,Dormant,False,0.0,0.0,2025-01-30
CUST04607,Customer 4607,customer4607@example.com,Kolkata,22,Google,2025-01-14,Repeat Buyer,True,5.0,21190.0,2026-04-06
CUST04608,Customer 4608,customer4608@example.com,Bangalore,38,Referral,2025-10-08,Price Sensitive,True,2.0,7296.0,2026-07-22
CUST04609,Customer 4609,customer4609@example.com,Hyderabad,27,Google,2025-05-06,New Customer,False,0.0,0.0,2025-05-06
CUST04610,Customer 4610,customer4610@example.com,Ahmedabad,53,Direct,2026-04-20,New Customer,True,0.0,0.0,2026-04-20
CUST04611,Customer 4611,customer4611@example.com,Ahmedabad,45,Google,2025-06-21,Repeat Buyer,True,3.0,12994.0,2025-07-11
CUST04612,Customer 4612,customer4612@example.com,Ahmedabad,25,YouTube,2025-07-02,New Customer,True,0.0,0.0,2025-07-02
CUST04613,Customer 4613,customer4613@example.com,Mumbai,42,Direct,2025-09-22,High Value,True,4.0,11594.0,2026-04-21
CUST04614,Customer 4614,customer4614@example.com,Pune,44,Google,2026-04-12,Price Sensitive,False,2.0,3998.0,2026-08-16
CUST04615,Customer 4615,customer4615@example.com,Mumbai,37,Google,2025-01-12,Repeat Buyer,True,5.0,16293.0,2026-03-30
CUST04616,Customer 4616,customer4616@example.com,Delhi,47,Organic,2026-01-31,New Customer,False,1.0,2298.0,2025-05-07
CUST04617,Customer 4617,customer4617@example.com,Mumbai,33,Direct,2025-12-24,Window Shopper,False,0.0,0.0,2025-12-24
CUST04618,Customer 4618,customer4618@example.com,Kolkata,40,YouTube,2025-12-04,New Customer,True,1.0,2499.0,2025-09-19
CUST04619,Customer 4619,customer4619@example.com,Kolkata,31,Google,2026-05-13,High Value,False,4.0,20789.0,2026-06-28
CUST04620,Customer 4620,customer4620@example.com,Chennai,24,Referral,2025-12-04,Repeat Buyer,False,3.0,11292.0,2026-07-03
CUST04621,Customer 4621,customer4621@example.com,Ahmedabad,44,Organic,2025-10-19,High Value,False,7.0,22387.0,2026-07-29
CUST04622,Customer 4622,customer4622@example.com,Delhi,51,Google,2025-01-22,New Customer,False,1.0,699.0,2025-05-12
CUST04623,Customer 4623,customer4623@example.com,Hyderabad,42,Organic,2025-03-25,New Customer,False,2.0,7996.0,2025-05-23
CUST04624,Customer 4624,customer4624@example.com,Mumbai,45,Referral,2026-03-20,Price Sensitive,False,2.0,13295.0,2026-01-27
CUST04625,Customer 4625,customer4625@example.com,Pune,22,Google,2025-09-07,Price Sensitive,False,2.0,10196.0,2026-07-11
CUST04626,Customer 4626,customer4626@example.com,Pune,32,Google,2025-09-08,New Customer,False,1.0,699.0,2026-03-23
CUST04627,Customer 4627,customer4627@example.com,Kolkata,38,Referral,2025-11-11,Dormant,False,0.0,0.0,2025-11-11
CUST04628,Customer 4628,customer4628@example.com,Ahmedabad,50,Organic,2025-10-29,Repeat Buyer,True,3.0,13794.0,2026-07-13
CUST04629,Customer 4629,customer4629@example.com,Chennai,41,Instagram,2025-01-12,Repeat Buyer,True,6.0,21989.0,2026-08-02
CUST04630,Customer 4630,customer4630@example.com,Pune,18,Referral,2025-10-24,Repeat Buyer,True,5.0,19391.0,2026-02-16
CUST04631,Customer 4631,customer4631@example.com,Pune,42,YouTube,2026-04-21,New Customer,False,1.0,3198.0,2026-06-04
CUST04632,Customer 4632,customer4632@example.com,Hyderabad,44,Google,2026-01-20,Repeat Buyer,True,5.0,8592.0,2026-04-26
CUST04633,Customer 4633,customer4633@example.com,Ahmedabad,29,YouTube,2026-04-29,Repeat Buyer,True,6.0,18788.0,2026-07-10
CUST04634,Customer 4634,customer4634@example.com,Hyderabad,46,YouTube,2026-02-03,New Customer,False,1.0,4997.0,2025-11-10
CUST04635,Customer 4635,customer4635@example.com,Chennai,26,Instagram,2025-03-09,New Customer,False,1.0,2499.0,2025-07-31
CUST04636,Customer 4636,customer4636@example.com,Pune,18,Google,2025-03-17,High Value,True,8.0,21983.0,2026-07-20
CUST04637,Customer 4637,customer4637@example.com,Ahmedabad,47,YouTube,2026-03-15,Price Sensitive,False,2.0,7696.0,2025-08-02
CUST04638,Customer 4638,customer4638@example.com,Hyderabad,36,Organic,2026-05-13,Price Sensitive,False,1.0,3197.0,2025-11-05
CUST04639,Customer 4639,customer4639@example.com,Mumbai,41,Instagram,2026-03-19,Repeat Buyer,True,2.0,5996.0,2025-09-18
CUST04640,Customer 4640,customer4640@example.com,Hyderabad,47,Instagram,2025-04-15,Repeat Buyer,True,3.0,9995.0,2026-07-18
CUST04641,Customer 4641,customer4641@example.com,Mumbai,23,Organic,2025-08-20,New Customer,False,1.0,5498.0,2025-04-24
CUST04642,Customer 4642,customer4642@example.com,Mumbai,33,Google,2025-08-16,High Value,False,5.0,18589.0,2025-10-18
CUST04643,Customer 4643,customer4643@example.com,Hyderabad,54,Direct,2025-12-27,High Value,False,8.0,29985.0,2026-08-18
CUST04644,Customer 4644,customer4644@example.com,Kolkata,49,Referral,2026-01-28,New Customer,True,1.0,3998.0,2025-05-08
CUST04645,Customer 4645,customer4645@example.com,Delhi,44,Direct,2025-04-23,Price Sensitive,True,2.0,10694.0,2026-07-30
CUST04646,Customer 4646,customer4646@example.com,Kolkata,30,Instagram,2025-02-27,Price Sensitive,False,2.0,6296.0,2026-01-09
CUST04647,Customer 4647,customer4647@example.com,Mumbai,19,Instagram,2026-04-02,New Customer,True,1.0,2798.0,2026-01-07
CUST04648,Customer 4648,customer4648@example.com,Chennai,50,Organic,2025-03-06,Window Shopper,False,0.0,0.0,2025-03-06
CUST04649,Customer 4649,customer4649@example.com,Delhi,31,Google,2025-08-05,Repeat Buyer,True,2.0,11695.0,2025-08-21
CUST04650,Customer 4650,customer4650@example.com,Kolkata,19,YouTube,2025-03-27,Window Shopper,False,0.0,0.0,2025-03-27
CUST04651,Customer 4651,customer4651@example.com,Kolkata,49,Direct,2026-01-14,Dormant,False,1.0,7397.0,2026-06-17
CUST04652,Customer 4652,customer4652@example.com,Kolkata,18,Organic,2025-11-24,High Value,True,7.0,25187.0,2026-06-23
CUST04653,Customer 4653,customer4653@example.com,Chennai,45,YouTube,2025-03-10,Price Sensitive,False,2.0,7695.0,2026-06-06
CUST04654,Customer 4654,customer4654@example.com,Kolkata,35,YouTube,2026-01-02,New Customer,False,1.0,699.0,2025-09-24
CUST04655,Customer 4655,customer4655@example.com,Delhi,27,Organic,2025-11-15,Window Shopper,True,0.0,0.0,2025-11-15
CUST04656,Customer 4656,customer4656@example.com,Delhi,41,Instagram,2026-02-27,Repeat Buyer,False,5.0,17088.0,2026-08-11
CUST04657,Customer 4657,customer4657@example.com,Hyderabad,22,Instagram,2026-04-06,Price Sensitive,False,3.0,6996.0,2026-05-26
CUST04658,Customer 4658,customer4658@example.com,Ahmedabad,40,YouTube,2026-01-02,Repeat Buyer,True,4.0,16892.0,2026-08-07
CUST04659,Customer 4659,customer4659@example.com,Hyderabad,52,Instagram,2025-04-21,Price Sensitive,False,1.0,2499.0,2025-03-15
CUST04660,Customer 4660,customer4660@example.com,Hyderabad,36,Organic,2025-11-23,Dormant,False,0.0,0.0,2025-11-23
CUST04661,Customer 4661,customer4661@example.com,Chennai,33,Instagram,2025-06-28,New Customer,False,0.0,0.0,2025-06-28
CUST04662,Customer 4662,customer4662@example.com,Pune,22,Direct,2025-04-20,Repeat Buyer,False,3.0,9195.0,2026-06-11
CUST04663,Customer 4663,customer4663@example.com,Bangalore,35,YouTube,2025-11-27,Window Shopper,True,0.0,0.0,2025-11-27
CUST04664,Customer 4664,customer4664@example.com,Pune,40,YouTube,2025-01-26,New Customer,False,1.0,3197.0,2025-06-06
CUST04665,Customer 4665,customer4665@example.com,Hyderabad,24,Referral,2025-09-22,New Customer,False,1.0,4697.0,2026-02-06
CUST04666,Customer 4666,customer4666@example.com,Ahmedabad,25,Referral,2026-03-07,Dormant,False,0.0,0.0,2026-03-07
CUST04667,Customer 4667,customer4667@example.com,Hyderabad,23,YouTube,2025-01-20,Window Shopper,False,0.0,0.0,2025-01-20
CUST04668,Customer 4668,customer4668@example.com,Bangalore,43,YouTube,2025-09-27,New Customer,False,1.0,1799.0,2025-12-28
CUST04669,Customer 4669,customer4669@example.com,Delhi,48,Direct,2025-02-22,Price Sensitive,False,1.0,2298.0,2026-05-22
CUST04670,Customer 4670,customer4670@example.com,Kolkata,45,YouTube,2026-05-16,Repeat Buyer,True,4.0,6894.0,2026-02-09
CUST04671,Customer 4671,customer4671@example.com,Ahmedabad,42,Referral,2025-07-02,Repeat Buyer,True,3.0,7895.0,2026-08-12
CUST04672,Customer 4672,customer4672@example.com,Delhi,30,Google,2025-07-31,High Value,False,8.0,31785.0,2026-04-12
CUST04673,Customer 4673,customer4673@example.com,Pune,19,Organic,2026-05-12,New Customer,False,1.0,4597.0,2026-03-21
CUST04674,Customer 4674,customer4674@example.com,Delhi,34,Organic,2025-11-26,Dormant,False,0.0,0.0,2025-11-26
CUST04675,Customer 4675,customer4675@example.com,Kolkata,38,Referral,2025-12-28,High Value,True,5.0,15590.0,2026-05-15
CUST04676,Customer 4676,customer4676@example.com,Pune,33,Google,2025-10-24,New Customer,False,1.0,3897.0,2025-07-20
CUST04677,Customer 4677,customer4677@example.com,Mumbai,36,Google,2025-07-18,Price Sensitive,False,3.0,9296.0,2026-02-19
CUST04678,Customer 4678,customer4678@example.com,Ahmedabad,48,Organic,2025-10-14,Repeat Buyer,True,2.0,6797.0,2025-10-20
CUST04679,Customer 4679,customer4679@example.com,Chennai,45,Referral,2025-10-08,New Customer,False,1.0,6097.0,2026-02-04
CUST04680,Customer 4680,customer4680@example.com,Hyderabad,30,Instagram,2025-03-19,Repeat Buyer,False,4.0,10294.0,2026-07-24
CUST04681,Customer 4681,customer4681@example.com,Mumbai,47,Google,2025-09-03,Price Sensitive,False,1.0,7797.0,2026-02-10
CUST04682,Customer 4682,customer4682@example.com,Delhi,34,Organic,2025-02-05,Price Sensitive,False,3.0,8094.0,2025-11-26
CUST04683,Customer 4683,customer4683@example.com,Hyderabad,28,Organic,2025-03-06,High Value,False,8.0,22883.0,2026-08-08
CUST04684,Customer 4684,customer4684@example.com,Chennai,45,Instagram,2026-05-11,Window Shopper,False,1.0,1398.0,2025-10-12
CUST04685,Customer 4685,customer4685@example.com,Ahmedabad,30,Instagram,2025-10-02,New Customer,False,1.0,1798.0,2026-03-21
CUST04686,Customer 4686,customer4686@example.com,Mumbai,18,Direct,2025-08-22,Window Shopper,False,0.0,0.0,2025-08-22
CUST04687,Customer 4687,customer4687@example.com,Mumbai,48,Referral,2025-08-29,Price Sensitive,False,2.0,10396.0,2026-04-07
CUST04688,Customer 4688,customer4688@example.com,Bangalore,25,YouTube,2025-05-30,Repeat Buyer,False,2.0,8796.0,2026-02-07
CUST04689,Customer 4689,customer4689@example.com,Ahmedabad,50,Referral,2025-04-12,New Customer,True,1.0,5498.0,2026-08-17
CUST04690,Customer 4690,customer4690@example.com,Hyderabad,46,Instagram,2025-03-16,New Customer,False,1.0,2499.0,2026-03-29
CUST04691,Customer 4691,customer4691@example.com,Chennai,27,Google,2025-06-01,New Customer,False,2.0,4998.0,2025-08-22
CUST04692,Customer 4692,customer4692@example.com,Hyderabad,40,Direct,2025-12-04,Price Sensitive,False,2.0,3697.0,2025-06-02
CUST04693,Customer 4693,customer4693@example.com,Ahmedabad,48,Instagram,2026-01-23,Repeat Buyer,False,2.0,8896.0,2026-03-29
CUST04694,Customer 4694,customer4694@example.com,Kolkata,25,Direct,2025-10-24,High Value,False,4.0,12593.0,2026-07-10
CUST04695,Customer 4695,customer4695@example.com,Kolkata,41,Direct,2025-11-09,High Value,True,5.0,17790.0,2026-08-23
CUST04696,Customer 4696,customer4696@example.com,Kolkata,47,Referral,2025-06-01,Repeat Buyer,False,5.0,14692.0,2026-08-23
CUST04697,Customer 4697,customer4697@example.com,Kolkata,51,Google,2025-04-10,New Customer,False,1.0,499.0,2026-03-14
CUST04698,Customer 4698,customer4698@example.com,Hyderabad,41,Google,2025-03-24,New Customer,False,1.0,999.0,2025-11-20
CUST04699,Customer 4699,customer4699@example.com,Mumbai,42,Direct,2025-12-31,Dormant,False,1.0,5798.0,2025-11-12
CUST04700,Customer 4700,customer4700@example.com,Delhi,29,Google,2026-03-05,Repeat Buyer,False,3.0,9495.0,2026-07-17
CUST04701,Customer 4701,customer4701@example.com,Chennai,33,YouTube,2025-12-27,New Customer,True,1.0,5797.0,2026-04-13
CUST04702,Customer 4702,customer4702@example.com,Chennai,48,Direct,2025-05-05,New Customer,True,2.0,3997.0,2026-03-05
CUST04703,Customer 4703,customer4703@example.com,Pune,49,Direct,2025-10-28,Repeat Buyer,False,4.0,11093.0,2026-05-29
CUST04704,Customer 4704,customer4704@example.com,Pune,20,Direct,2025-12-26,New Customer,False,2.0,8496.0,2026-07-22
CUST04705,Customer 4705,customer4705@example.com,Mumbai,44,Instagram,2025-01-16,New Customer,True,1.0,2499.0,2025-12-20
CUST04706,Customer 4706,customer4706@example.com,Pune,53,YouTube,2026-01-03,Repeat Buyer,True,3.0,7893.0,2026-07-08
CUST04707,Customer 4707,customer4707@example.com,Ahmedabad,39,YouTube,2025-08-22,New Customer,False,1.0,3498.0,2025-11-20
CUST04708,Customer 4708,customer4708@example.com,Delhi,32,Organic,2025-05-28,Window Shopper,False,0.0,0.0,2025-05-28
CUST04709,Customer 4709,customer4709@example.com,Pune,49,Instagram,2025-11-04,Repeat Buyer,False,3.0,3996.0,2026-08-11
CUST04710,Customer 4710,customer4710@example.com,Kolkata,48,YouTube,2025-02-16,New Customer,False,1.0,2498.0,2026-07-07
CUST04711,Customer 4711,customer4711@example.com,Kolkata,42,Organic,2025-12-14,Window Shopper,False,1.0,5297.0,2026-02-18
CUST04712,Customer 4712,customer4712@example.com,Hyderabad,31,Instagram,2026-04-28,Window Shopper,False,0.0,0.0,2026-04-28
CUST04713,Customer 4713,customer4713@example.com,Mumbai,44,Referral,2025-07-06,Dormant,False,0.0,0.0,2025-07-06
CUST04714,Customer 4714,customer4714@example.com,Chennai,43,YouTube,2025-06-20,New Customer,False,1.0,1299.0,2025-06-05
CUST04715,Customer 4715,customer4715@example.com,Mumbai,49,Direct,2025-03-07,New Customer,False,1.0,3098.0,2025-08-09
CUST04716,Customer 4716,customer4716@example.com,Hyderabad,27,Instagram,2025-10-07,New Customer,True,1.0,4298.0,2026-07-02
CUST04717,Customer 4717,customer4717@example.com,Chennai,42,Instagram,2025-06-13,Repeat Buyer,True,5.0,15492.0,2026-07-20
CUST04718,Customer 4718,customer4718@example.com,Pune,35,Google,2026-02-26,New Customer,True,1.0,1898.0,2026-06-26
CUST04719,Customer 4719,customer4719@example.com,Kolkata,30,Direct,2025-01-30,New Customer,False,1.0,2499.0,2026-05-10
CUST04720,Customer 4720,customer4720@example.com,Delhi,33,Organic,2026-04-06,Window Shopper,False,1.0,6498.0,2025-05-04
CUST04721,Customer 4721,customer4721@example.com,Delhi,42,YouTube,2025-12-31,Repeat Buyer,True,3.0,10894.0,2026-08-11
CUST04722,Customer 4722,customer4722@example.com,Hyderabad,23,Instagram,2025-01-30,Price Sensitive,False,2.0,6696.0,2026-03-08
CUST04723,Customer 4723,customer4723@example.com,Delhi,22,YouTube,2025-08-16,Price Sensitive,False,3.0,7595.0,2025-08-06
CUST04724,Customer 4724,customer4724@example.com,Chennai,52,Instagram,2025-03-30,High Value,False,6.0,16690.0,2026-08-11
CUST04725,Customer 4725,customer4725@example.com,Delhi,39,Direct,2026-05-03,High Value,False,5.0,15991.0,2026-04-21
CUST04726,Customer 4726,customer4726@example.com,Mumbai,21,YouTube,2026-01-14,New Customer,False,1.0,6397.0,2026-02-19
CUST04727,Customer 4727,customer4727@example.com,Delhi,46,Referral,2025-08-06,New Customer,False,1.0,4197.0,2025-10-21
CUST04728,Customer 4728,customer4728@example.com,Kolkata,28,YouTube,2026-04-15,New Customer,False,2.0,8997.0,2026-03-31
CUST04729,Customer 4729,customer4729@example.com,Bangalore,26,Google,2025-12-12,High Value,True,7.0,17789.0,2026-06-03
CUST04730,Customer 4730,customer4730@example.com,Pune,54,Organic,2026-02-04,High Value,True,5.0,11590.0,2026-01-23
CUST04731,Customer 4731,customer4731@example.com,Chennai,47,Instagram,2026-03-23,Repeat Buyer,True,5.0,18689.0,2026-07-17
CUST04732,Customer 4732,customer4732@example.com,Bangalore,23,Instagram,2025-06-28,Repeat Buyer,False,6.0,18690.0,2026-06-15
CUST04733,Customer 4733,customer4733@example.com,Delhi,18,YouTube,2025-08-10,Price Sensitive,False,1.0,6197.0,2025-08-01
CUST04734,Customer 4734,customer4734@example.com,Ahmedabad,50,Organic,2025-03-13,Repeat Buyer,True,4.0,13393.0,2026-04-27
CUST04735,Customer 4735,customer4735@example.com,Bangalore,37,Google,2025-12-08,New Customer,False,1.0,5498.0,2026-03-31
CUST04736,Customer 4736,customer4736@example.com,Kolkata,40,Direct,2025-01-15,Repeat Buyer,True,5.0,28090.0,2026-08-03
CUST04737,Customer 4737,customer4737@example.com,Ahmedabad,45,Referral,2025-12-20,Price Sensitive,True,2.0,6497.0,2026-02-28
CUST04738,Customer 4738,customer4738@example.com,Ahmedabad,43,Google,2025-12-03,Window Shopper,False,0.0,0.0,2025-12-03
CUST04739,Customer 4739,customer4739@example.com,Delhi,44,Google,2025-08-10,High Value,False,4.0,11094.0,2025-12-19
CUST04740,Customer 4740,customer4740@example.com,Pune,19,Instagram,2026-01-09,High Value,False,4.0,8594.0,2026-07-24
CUST04741,Customer 4741,customer4741@example.com,Mumbai,47,Referral,2025-03-30,Price Sensitive,False,3.0,13793.0,2026-06-16
CUST04742,Customer 4742,customer4742@example.com,Kolkata,45,Referral,2025-09-21,High Value,True,3.0,6696.0,2026-06-21
CUST04743,Customer 4743,customer4743@example.com,Delhi,46,Direct,2025-07-23,Window Shopper,False,0.0,0.0,2025-07-23
CUST04744,Customer 4744,customer4744@example.com,Pune,28,Google,2025-10-09,New Customer,False,2.0,5197.0,2026-06-24
CUST04745,Customer 4745,customer4745@example.com,Hyderabad,47,Organic,2025-10-25,Window Shopper,False,1.0,3998.0,2025-08-22
CUST04746,Customer 4746,customer4746@example.com,Bangalore,26,Organic,2025-06-24,High Value,False,6.0,14293.0,2025-12-16
CUST04747,Customer 4747,customer4747@example.com,Mumbai,45,Organic,2026-05-14,High Value,True,7.0,24886.0,2026-07-25
CUST04748,Customer 4748,customer4748@example.com,Chennai,19,YouTube,2026-03-06,High Value,True,6.0,28788.0,2026-07-16
CUST04749,Customer 4749,customer4749@example.com,Hyderabad,38,Instagram,2026-04-19,New Customer,False,1.0,4298.0,2026-02-21
CUST04750,Customer 4750,customer4750@example.com,Chennai,25,Referral,2025-02-25,New Customer,False,2.0,6696.0,2026-07-23
CUST04751,Customer 4751,customer4751@example.com,Pune,48,YouTube,2025-10-26,Window Shopper,False,0.0,0.0,2025-10-26
CUST04752,Customer 4752,customer4752@example.com,Mumbai,55,Organic,2026-03-21,New Customer,True,1.0,5498.0,2026-03-29
CUST04753,Customer 4753,customer4753@example.com,Ahmedabad,23,Direct,2025-02-28,Repeat Buyer,False,5.0,15190.0,2026-06-26
CUST04754,Customer 4754,customer4754@example.com,Kolkata,20,Instagram,2026-03-23,Window Shopper,False,0.0,0.0,2026-03-23
CUST04755,Customer 4755,customer4755@example.com,Hyderabad,29,Organic,2025-05-19,Price Sensitive,False,2.0,8297.0,2026-01-03
CUST04756,Customer 4756,customer4756@example.com,Ahmedabad,53,Referral,2025-06-28,High Value,True,7.0,21590.0,2026-06-24
CUST04757,Customer 4757,customer4757@example.com,Delhi,19,Google,2025-10-29,High Value,False,4.0,16092.0,2026-06-07
CUST04758,Customer 4758,customer4758@example.com,Mumbai,39,Direct,2025-01-07,New Customer,True,2.0,8496.0,2025-12-10
CUST04759,Customer 4759,customer4759@example.com,Hyderabad,49,Organic,2025-03-29,New Customer,False,1.0,2499.0,2026-04-22
CUST04760,Customer 4760,customer4760@example.com,Kolkata,40,Google,2025-04-03,High Value,False,7.0,14290.0,2026-07-30
CUST04761,Customer 4761,customer4761@example.com,Kolkata,31,Instagram,2025-11-21,New Customer,False,1.0,5298.0,2025-11-17
CUST04762,Customer 4762,customer4762@example.com,Hyderabad,18,Referral,2025-11-24,High Value,True,6.0,22188.0,2026-08-11
CUST04763,Customer 4763,customer4763@example.com,Chennai,29,Referral,2025-11-30,New Customer,False,1.0,3999.0,2026-07-19
CUST04764,Customer 4764,customer4764@example.com,Ahmedabad,41,Google,2025-08-29,Price Sensitive,True,1.0,4898.0,2026-04-10
CUST04765,Customer 4765,customer4765@example.com,Chennai,19,Direct,2026-02-19,Dormant,False,0.0,0.0,2026-02-19
CUST04766,Customer 4766,customer4766@example.com,Bangalore,35,Organic,2025-07-20,Repeat Buyer,False,4.0,11193.0,2026-06-27
CUST04767,Customer 4767,customer4767@example.com,Pune,44,Direct,2026-02-02,Dormant,False,0.0,0.0,2026-02-02
CUST04768,Customer 4768,customer4768@example.com,Kolkata,52,Referral,2026-02-08,Window Shopper,False,1.0,4798.0,2025-04-05
CUST04769,Customer 4769,customer4769@example.com,Chennai,41,Google,2025-05-11,New Customer,False,1.0,1499.0,2025-10-20
CUST04770,Customer 4770,customer4770@example.com,Kolkata,45,YouTube,2026-05-15,Repeat Buyer,True,1.0,8797.0,2025-06-14
CUST04771,Customer 4771,customer4771@example.com,Pune,50,Google,2025-12-08,High Value,False,7.0,31685.0,2026-07-18
CUST04772,Customer 4772,customer4772@example.com,Delhi,36,YouTube,2026-01-15,Price Sensitive,False,1.0,5498.0,2026-01-27
CUST04773,Customer 4773,customer4773@example.com,Pune,53,Referral,2025-11-19,Window Shopper,False,1.0,2397.0,2026-04-01
CUST04774,Customer 4774,customer4774@example.com,Ahmedabad,31,Referral,2025-07-20,New Customer,False,0.0,0.0,2025-07-20
CUST04775,Customer 4775,customer4775@example.com,Delhi,27,Instagram,2026-03-17,Window Shopper,False,1.0,7997.0,2025-11-09
CUST04776,Customer 4776,customer4776@example.com,Pune,51,Referral,2025-01-03,Price Sensitive,False,3.0,9295.0,2025-12-05
CUST04777,Customer 4777,customer4777@example.com,Chennai,33,Google,2026-01-31,Dormant,False,1.0,1799.0,2026-01-28
CUST04778,Customer 4778,customer4778@example.com,Delhi,34,Organic,2025-05-05,Window Shopper,False,1.0,1799.0,2026-03-22
CUST04779,Customer 4779,customer4779@example.com,Pune,52,Instagram,2025-07-02,Window Shopper,False,0.0,0.0,2025-07-02
CUST04780,Customer 4780,customer4780@example.com,Chennai,38,Instagram,2025-07-04,New Customer,False,1.0,2999.0,2026-07-07
CUST04781,Customer 4781,customer4781@example.com,Mumbai,52,Organic,2025-07-25,Dormant,True,0.0,0.0,2025-07-25
CUST04782,Customer 4782,customer4782@example.com,Hyderabad,21,Referral,2025-04-11,Repeat Buyer,False,5.0,10393.0,2026-07-18
CUST04783,Customer 4783,customer4783@example.com,Delhi,54,Instagram,2025-12-23,New Customer,False,0.0,0.0,2025-12-23
CUST04784,Customer 4784,customer4784@example.com,Ahmedabad,27,YouTube,2025-06-11,Repeat Buyer,True,5.0,9892.0,2026-06-19
CUST04785,Customer 4785,customer4785@example.com,Pune,18,Google,2025-10-15,New Customer,False,1.0,2998.0,2025-10-06
CUST04786,Customer 4786,customer4786@example.com,Mumbai,39,YouTube,2025-06-29,Dormant,True,0.0,0.0,2025-06-29
CUST04787,Customer 4787,customer4787@example.com,Mumbai,18,Organic,2025-06-25,New Customer,True,2.0,6596.0,2026-02-02
CUST04788,Customer 4788,customer4788@example.com,Bangalore,37,Google,2025-06-25,New Customer,True,1.0,4997.0,2025-08-20
CUST04789,Customer 4789,customer4789@example.com,Ahmedabad,34,Direct,2025-12-18,New Customer,True,1.0,2198.0,2025-03-07
CUST04790,Customer 4790,customer4790@example.com,Delhi,49,YouTube,2026-03-16,Price Sensitive,False,2.0,6096.0,2026-08-05
CUST04791,Customer 4791,customer4791@example.com,Bangalore,24,Instagram,2025-03-14,Window Shopper,False,0.0,0.0,2025-03-14
CUST04792,Customer 4792,customer4792@example.com,Hyderabad,35,Google,2025-07-25,New Customer,False,1.0,2997.0,2026-03-28
CUST04793,Customer 4793,customer4793@example.com,Chennai,27,YouTube,2025-08-11,Repeat Buyer,False,2.0,5297.0,2025-10-03
CUST04794,Customer 4794,customer4794@example.com,Mumbai,40,Instagram,2025-12-21,Window Shopper,False,0.0,0.0,2025-12-21
CUST04795,Customer 4795,customer4795@example.com,Delhi,51,Google,2025-10-11,New Customer,False,1.0,4498.0,2026-05-04
CUST04796,Customer 4796,customer4796@example.com,Chennai,39,Instagram,2025-05-13,Price Sensitive,False,1.0,2498.0,2025-06-30
CUST04797,Customer 4797,customer4797@example.com,Hyderabad,23,YouTube,2025-04-29,High Value,True,7.0,14289.0,2026-05-24
CUST04798,Customer 4798,customer4798@example.com,Chennai,40,Organic,2025-06-10,Repeat Buyer,True,2.0,8996.0,2026-04-02
CUST04799,Customer 4799,customer4799@example.com,Ahmedabad,20,Referral,2025-03-11,Price Sensitive,False,2.0,5297.0,2026-05-12
CUST04800,Customer 4800,customer4800@example.com,Bangalore,44,Referral,2025-04-13,Repeat Buyer,True,2.0,7696.0,2025-10-20
CUST04801,Customer 4801,customer4801@example.com,Bangalore,26,Instagram,2025-12-08,New Customer,False,1.0,3998.0,2025-09-01
CUST04802,Customer 4802,customer4802@example.com,Kolkata,28,Referral,2025-05-12,Repeat Buyer,True,6.0,31084.0,2026-07-16
CUST04803,Customer 4803,customer4803@example.com,Kolkata,19,YouTube,2025-05-12,Window Shopper,True,0.0,0.0,2025-05-12
CUST04804,Customer 4804,customer4804@example.com,Ahmedabad,43,Google,2025-01-08,High Value,True,7.0,21589.0,2026-04-07
CUST04805,Customer 4805,customer4805@example.com,Kolkata,54,Google,2025-02-12,High Value,False,5.0,11093.0,2026-04-15
CUST04806,Customer 4806,customer4806@example.com,Hyderabad,33,YouTube,2025-11-03,High Value,True,3.0,18092.0,2026-04-27
CUST04807,Customer 4807,customer4807@example.com,Ahmedabad,21,Organic,2025-06-21,Repeat Buyer,True,3.0,7696.0,2026-05-30
CUST04808,Customer 4808,customer4808@example.com,Mumbai,26,Direct,2025-12-27,New Customer,False,1.0,2499.0,2026-01-24
CUST04809,Customer 4809,customer4809@example.com,Bangalore,29,Google,2025-05-24,Price Sensitive,False,1.0,699.0,2025-09-15
CUST04810,Customer 4810,customer4810@example.com,Hyderabad,37,YouTube,2025-06-26,Price Sensitive,False,2.0,7796.0,2025-10-25
CUST04811,Customer 4811,customer4811@example.com,Chennai,27,Instagram,2025-03-16,Window Shopper,True,0.0,0.0,2025-03-16
CUST04812,Customer 4812,customer4812@example.com,Kolkata,37,Organic,2025-01-24,Repeat Buyer,False,3.0,8394.0,2025-07-30
CUST04813,Customer 4813,customer4813@example.com,Mumbai,33,Instagram,2025-05-07,Window Shopper,True,0.0,0.0,2025-05-07
CUST04814,Customer 4814,customer4814@example.com,Pune,46,Referral,2025-08-27,New Customer,False,1.0,3398.0,2025-07-14
CUST04815,Customer 4815,customer4815@example.com,Bangalore,39,Organic,2025-10-30,New Customer,False,1.0,1799.0,2026-05-31
CUST04816,Customer 4816,customer4816@example.com,Chennai,30,Instagram,2025-09-24,New Customer,False,0.0,0.0,2025-09-24
CUST04817,Customer 4817,customer4817@example.com,Chennai,33,Referral,2026-03-29,Window Shopper,False,0.0,0.0,2026-03-29
CUST04818,Customer 4818,customer4818@example.com,Bangalore,20,Direct,2025-12-01,High Value,True,3.0,9594.0,2026-04-15
CUST04819,Customer 4819,customer4819@example.com,Ahmedabad,48,Instagram,2025-12-14,Window Shopper,False,0.0,0.0,2025-12-14
CUST04820,Customer 4820,customer4820@example.com,Kolkata,27,Direct,2025-10-27,High Value,True,5.0,22088.0,2026-08-04
CUST04821,Customer 4821,customer4821@example.com,Ahmedabad,26,Referral,2026-04-08,New Customer,False,0.0,0.0,2026-04-08
CUST04822,Customer 4822,customer4822@example.com,Bangalore,46,Google,2026-03-15,Price Sensitive,False,1.0,1499.0,2026-06-18
CUST04823,Customer 4823,customer4823@example.com,Kolkata,27,Direct,2025-11-11,New Customer,True,1.0,2397.0,2025-05-07
CUST04824,Customer 4824,customer4824@example.com,Ahmedabad,32,YouTube,2025-03-21,New Customer,True,1.0,2398.0,2025-08-08
CUST04825,Customer 4825,customer4825@example.com,Delhi,43,YouTube,2026-04-06,New Customer,False,1.0,999.0,2025-08-15
CUST04826,Customer 4826,customer4826@example.com,Delhi,47,Referral,2026-02-03,New Customer,False,1.0,6498.0,2025-11-04
CUST04827,Customer 4827,customer4827@example.com,Pune,26,YouTube,2025-09-21,Repeat Buyer,False,3.0,13993.0,2025-12-25
CUST04828,Customer 4828,customer4828@example.com,Ahmedabad,36,Organic,2026-03-12,Price Sensitive,False,0.0,0.0,2026-03-12
CUST04829,Customer 4829,customer4829@example.com,Bangalore,41,Google,2025-01-29,High Value,True,8.0,25284.0,2026-08-17
CUST04830,Customer 4830,customer4830@example.com,Hyderabad,29,Instagram,2025-03-09,New Customer,False,1.0,6997.0,2026-07-27
CUST04831,Customer 4831,customer4831@example.com,Delhi,53,Referral,2025-10-12,Price Sensitive,False,1.0,4498.0,2025-12-04
CUST04832,Customer 4832,customer4832@example.com,Chennai,40,Instagram,2025-03-29,High Value,False,6.0,17889.0,2026-08-06
CUST04833,Customer 4833,customer4833@example.com,Ahmedabad,43,Instagram,2025-05-02,High Value,True,6.0,13790.0,2026-08-16
CUST04834,Customer 4834,customer4834@example.com,Hyderabad,31,Organic,2025-07-28,High Value,True,5.0,13090.0,2026-08-12
CUST04835,Customer 4835,customer4835@example.com,Pune,37,Direct,2025-02-05,Price Sensitive,False,3.0,12694.0,2026-05-04
CUST04836,Customer 4836,customer4836@example.com,Delhi,45,YouTube,2025-09-16,High Value,False,6.0,20989.0,2026-07-17
CUST04837,Customer 4837,customer4837@example.com,Delhi,53,Direct,2025-03-09,New Customer,True,1.0,3198.0,2025-10-25
CUST04838,Customer 4838,customer4838@example.com,Pune,24,Google,2025-05-06,Repeat Buyer,True,2.0,4097.0,2025-06-21
CUST04839,Customer 4839,customer4839@example.com,Chennai,28,Google,2025-01-02,New Customer,True,1.0,1799.0,2025-05-05
CUST04840,Customer 4840,customer4840@example.com,Mumbai,41,Google,2025-03-30,New Customer,False,1.0,2198.0,2026-05-27
CUST04841,Customer 4841,customer4841@example.com,Delhi,22,Direct,2025-07-18,New Customer,False,0.0,0.0,2025-07-18
CUST04842,Customer 4842,customer4842@example.com,Kolkata,32,Referral,2026-03-07,High Value,False,5.0,10192.0,2026-04-29
CUST04843,Customer 4843,customer4843@example.com,Bangalore,48,Google,2026-01-13,New Customer,False,1.0,499.0,2025-10-01
CUST04844,Customer 4844,customer4844@example.com,Chennai,49,Referral,2025-09-04,Repeat Buyer,True,2.0,3498.0,2026-04-11
CUST04845,Customer 4845,customer4845@example.com,Pune,26,Instagram,2025-05-12,New Customer,True,0.0,0.0,2025-05-12
CUST04846,Customer 4846,customer4846@example.com,Hyderabad,48,Instagram,2025-08-22,Price Sensitive,True,2.0,9294.0,2025-11-07
CUST04847,Customer 4847,customer4847@example.com,Pune,19,Direct,2025-12-10,New Customer,False,2.0,4997.0,2026-06-19
CUST04848,Customer 4848,customer4848@example.com,Bangalore,29,Google,2025-08-23,High Value,True,5.0,14691.0,2026-06-26
CUST04849,Customer 4849,customer4849@example.com,Bangalore,55,Instagram,2025-11-15,New Customer,False,1.0,2499.0,2025-05-19
CUST04850,Customer 4850,customer4850@example.com,Pune,34,Organic,2025-08-04,New Customer,False,1.0,2298.0,2026-05-10
CUST04851,Customer 4851,customer4851@example.com,Kolkata,40,Organic,2025-07-19,High Value,True,5.0,17191.0,2026-07-19
CUST04852,Customer 4852,customer4852@example.com,Ahmedabad,45,Referral,2025-02-10,Window Shopper,False,1.0,2798.0,2026-08-10
CUST04853,Customer 4853,customer4853@example.com,Bangalore,50,YouTube,2025-08-01,New Customer,False,2.0,8297.0,2026-07-08
CUST04854,Customer 4854,customer4854@example.com,Delhi,55,Organic,2025-07-25,Price Sensitive,False,2.0,2298.0,2026-03-19
CUST04855,Customer 4855,customer4855@example.com,Kolkata,46,YouTube,2025-04-23,New Customer,False,1.0,7497.0,2025-11-27
CUST04856,Customer 4856,customer4856@example.com,Ahmedabad,31,Referral,2025-02-20,Dormant,False,0.0,0.0,2025-02-20
CUST04857,Customer 4857,customer4857@example.com,Ahmedabad,36,Instagram,2025-03-26,New Customer,False,1.0,2499.0,2026-05-16
CUST04858,Customer 4858,customer4858@example.com,Chennai,42,Instagram,2025-06-04,Price Sensitive,False,2.0,9594.0,2026-03-18
CUST04859,Customer 4859,customer4859@example.com,Kolkata,29,Referral,2025-08-06,New Customer,False,2.0,8695.0,2025-12-03
CUST04860,Customer 4860,customer4860@example.com,Chennai,25,Instagram,2026-02-17,New Customer,False,2.0,5596.0,2026-08-03
CUST04861,Customer 4861,customer4861@example.com,Chennai,29,Direct,2025-12-10,Repeat Buyer,False,5.0,8692.0,2026-08-18
CUST04862,Customer 4862,customer4862@example.com,Delhi,25,YouTube,2025-07-23,New Customer,True,1.0,5797.0,2025-03-06
CUST04863,Customer 4863,customer4863@example.com,Delhi,44,Organic,2025-09-03,Dormant,False,0.0,0.0,2025-09-03
CUST04864,Customer 4864,customer4864@example.com,Pune,42,YouTube,2026-05-16,New Customer,False,1.0,2499.0,2025-12-17
CUST04865,Customer 4865,customer4865@example.com,Ahmedabad,19,Google,2025-07-13,High Value,True,5.0,23089.0,2026-08-11
CUST04866,Customer 4866,customer4866@example.com,Delhi,18,Instagram,2025-05-23,High Value,False,6.0,11492.0,2026-06-14
CUST04867,Customer 4867,customer4867@example.com,Delhi,43,Direct,2025-04-27,High Value,True,4.0,16392.0,2025-12-14
CUST04868,Customer 4868,customer4868@example.com,Pune,54,Google,2026-01-18,Price Sensitive,True,3.0,9995.0,2026-03-26
CUST04869,Customer 4869,customer4869@example.com,Bangalore,28,Referral,2026-04-24,Dormant,False,1.0,6498.0,2025-05-23
CUST04870,Customer 4870,customer4870@example.com,Delhi,35,Instagram,2025-01-23,New Customer,False,1.0,1499.0,2025-05-03
CUST04871,Customer 4871,customer4871@example.com,Mumbai,55,Instagram,2025-02-11,Window Shopper,True,1.0,2499.0,2026-06-10
CUST04872,Customer 4872,customer4872@example.com,Mumbai,35,Referral,2025-03-05,High Value,True,3.0,10092.0,2026-08-14
CUST04873,Customer 4873,customer4873@example.com,Bangalore,46,Direct,2025-10-26,Repeat Buyer,True,6.0,27387.0,2026-08-08
CUST04874,Customer 4874,customer4874@example.com,Hyderabad,48,Organic,2025-12-13,Price Sensitive,False,2.0,4996.0,2025-09-29
CUST04875,Customer 4875,customer4875@example.com,Chennai,54,Referral,2026-04-03,Repeat Buyer,True,4.0,12492.0,2026-04-16
CUST04876,Customer 4876,customer4876@example.com,Hyderabad,38,Google,2026-04-22,New Customer,False,1.0,1798.0,2026-07-26
CUST04877,Customer 4877,customer4877@example.com,Bangalore,25,Organic,2025-10-07,Window Shopper,True,1.0,5298.0,2025-07-19
CUST04878,Customer 4878,customer4878@example.com,Kolkata,40,YouTube,2026-01-13,Window Shopper,False,0.0,0.0,2026-01-13
CUST04879,Customer 4879,customer4879@example.com,Bangalore,18,Referral,2025-02-09,New Customer,False,1.0,2499.0,2025-03-27
CUST04880,Customer 4880,customer4880@example.com,Pune,44,Google,2025-02-18,Repeat Buyer,True,3.0,14593.0,2025-12-16
CUST04881,Customer 4881,customer4881@example.com,Bangalore,28,YouTube,2025-08-25,Dormant,False,0.0,0.0,2025-08-25
CUST04882,Customer 4882,customer4882@example.com,Pune,46,Google,2026-01-17,Dormant,False,0.0,0.0,2026-01-17
CUST04883,Customer 4883,customer4883@example.com,Kolkata,37,YouTube,2025-07-30,Window Shopper,False,0.0,0.0,2025-07-30
CUST04884,Customer 4884,customer4884@example.com,Bangalore,23,YouTube,2026-03-06,New Customer,False,1.0,4498.0,2025-08-20
CUST04885,Customer 4885,customer4885@example.com,Hyderabad,43,YouTube,2026-05-16,Window Shopper,False,0.0,0.0,2026-05-16
CUST04886,Customer 4886,customer4886@example.com,Bangalore,31,Direct,2026-02-26,Dormant,False,0.0,0.0,2026-02-26
CUST04887,Customer 4887,customer4887@example.com,Ahmedabad,40,Google,2026-02-12,New Customer,True,2.0,5196.0,2025-06-10
CUST04888,Customer 4888,customer4888@example.com,Kolkata,32,Direct,2025-04-10,Price Sensitive,True,2.0,8697.0,2026-06-27
CUST04889,Customer 4889,customer4889@example.com,Delhi,22,Referral,2025-11-11,Repeat Buyer,True,6.0,19189.0,2026-02-08
CUST04890,Customer 4890,customer4890@example.com,Hyderabad,20,Organic,2025-12-19,Window Shopper,False,1.0,3998.0,2026-05-20
CUST04891,Customer 4891,customer4891@example.com,Ahmedabad,28,YouTube,2025-07-02,High Value,True,7.0,26286.0,2026-06-16
CUST04892,Customer 4892,customer4892@example.com,Pune,50,Google,2025-06-24,Price Sensitive,False,2.0,5895.0,2026-02-15
CUST04893,Customer 4893,customer4893@example.com,Delhi,55,YouTube,2026-01-24,Price Sensitive,False,3.0,12394.0,2025-06-30
CUST04894,Customer 4894,customer4894@example.com,Chennai,31,YouTube,2025-11-20,Window Shopper,True,1.0,2298.0,2026-05-22
CUST04895,Customer 4895,customer4895@example.com,Pune,24,Referral,2026-02-19,New Customer,False,0.0,0.0,2026-02-19
CUST04896,Customer 4896,customer4896@example.com,Mumbai,38,YouTube,2026-03-27,New Customer,False,1.0,8297.0,2025-05-18
CUST04897,Customer 4897,customer4897@example.com,Chennai,49,Referral,2026-04-05,Window Shopper,False,0.0,0.0,2026-04-05
CUST04898,Customer 4898,customer4898@example.com,Mumbai,30,Referral,2026-02-20,New Customer,False,2.0,7496.0,2026-05-23
CUST04899,Customer 4899,customer4899@example.com,Kolkata,32,YouTube,2025-11-03,New Customer,False,1.0,2798.0,2026-01-12
CUST04900,Customer 4900,customer4900@example.com,Delhi,53,Organic,2025-06-12,New Customer,False,2.0,6498.0,2026-07-03
CUST04901,Customer 4901,customer4901@example.com,Delhi,21,YouTube,2025-05-05,New Customer,False,1.0,2697.0,2026-03-24
CUST04902,Customer 4902,customer4902@example.com,Ahmedabad,43,YouTube,2025-12-05,New Customer,False,2.0,7997.0,2026-07-23
CUST04903,Customer 4903,customer4903@example.com,Hyderabad,55,Referral,2025-12-23,Price Sensitive,False,1.0,2498.0,2025-09-15
CUST04904,Customer 4904,customer4904@example.com,Ahmedabad,26,Direct,2025-05-23,Price Sensitive,False,0.0,0.0,2025-05-23
CUST04905,Customer 4905,customer4905@example.com,Mumbai,24,Referral,2025-09-05,Window Shopper,True,0.0,0.0,2025-09-05
CUST04906,Customer 4906,customer4906@example.com,Pune,23,Referral,2025-07-25,High Value,False,6.0,19489.0,2026-05-20
CUST04907,Customer 4907,customer4907@example.com,Delhi,31,YouTube,2025-08-29,Repeat Buyer,True,4.0,12593.0,2025-09-19
CUST04908,Customer 4908,customer4908@example.com,Hyderabad,48,Direct,2025-03-11,New Customer,False,1.0,2999.0,2025-11-13
CUST04909,Customer 4909,customer4909@example.com,Chennai,18,Direct,2026-04-16,New Customer,False,1.0,2298.0,2025-07-17
CUST04910,Customer 4910,customer4910@example.com,Mumbai,28,Direct,2026-03-12,New Customer,True,1.0,5197.0,2025-10-01
CUST04911,Customer 4911,customer4911@example.com,Delhi,21,Referral,2025-12-11,Dormant,True,1.0,5297.0,2025-08-12
CUST04912,Customer 4912,customer4912@example.com,Delhi,45,Organic,2025-06-07,Window Shopper,True,1.0,1898.0,2026-03-21
CUST04913,Customer 4913,customer4913@example.com,Bangalore,37,Organic,2025-05-18,Window Shopper,True,1.0,3198.0,2026-02-07
CUST04914,Customer 4914,customer4914@example.com,Chennai,27,Direct,2025-12-09,New Customer,False,1.0,2499.0,2026-04-13
CUST04915,Customer 4915,customer4915@example.com,Delhi,41,Instagram,2025-12-24,New Customer,False,2.0,2397.0,2025-08-13
CUST04916,Customer 4916,customer4916@example.com,Pune,23,Instagram,2025-12-09,High Value,True,6.0,14889.0,2026-04-10
CUST04917,Customer 4917,customer4917@example.com,Bangalore,39,Referral,2025-05-21,Price Sensitive,False,3.0,11794.0,2026-03-28
CUST04918,Customer 4918,customer4918@example.com,Chennai,24,Organic,2025-09-11,New Customer,False,1.0,1799.0,2025-03-10
CUST04919,Customer 4919,customer4919@example.com,Bangalore,30,Referral,2025-01-20,Repeat Buyer,True,6.0,32287.0,2026-07-17
CUST04920,Customer 4920,customer4920@example.com,Mumbai,37,Organic,2025-02-17,Repeat Buyer,False,4.0,10193.0,2026-02-28
CUST04921,Customer 4921,customer4921@example.com,Mumbai,42,Instagram,2025-12-08,Price Sensitive,False,2.0,5897.0,2026-04-21
CUST04922,Customer 4922,customer4922@example.com,Hyderabad,30,Organic,2025-07-16,Window Shopper,False,0.0,0.0,2025-07-16
CUST04923,Customer 4923,customer4923@example.com,Mumbai,20,Direct,2026-05-05,Repeat Buyer,True,3.0,11194.0,2025-12-14
CUST04924,Customer 4924,customer4924@example.com,Kolkata,45,YouTube,2025-12-06,New Customer,False,1.0,5797.0,2025-06-29
CUST04925,Customer 4925,customer4925@example.com,Mumbai,28,YouTube,2025-06-27,Dormant,False,0.0,0.0,2025-06-27
CUST04926,Customer 4926,customer4926@example.com,Bangalore,54,Organic,2025-02-17,New Customer,False,1.0,2698.0,2025-05-15
CUST04927,Customer 4927,customer4927@example.com,Delhi,19,YouTube,2026-02-11,Window Shopper,False,0.0,0.0,2026-02-11
CUST04928,Customer 4928,customer4928@example.com,Mumbai,35,Direct,2025-11-20,New Customer,False,1.0,7197.0,2026-08-13
CUST04929,Customer 4929,customer4929@example.com,Kolkata,45,Direct,2025-04-01,Window Shopper,False,0.0,0.0,2025-04-01
CUST04930,Customer 4930,customer4930@example.com,Kolkata,30,Google,2026-02-17,Repeat Buyer,True,2.0,4497.0,2026-05-30
CUST04931,Customer 4931,customer4931@example.com,Delhi,33,Organic,2025-04-17,New Customer,False,1.0,1799.0,2026-05-05
CUST04932,Customer 4932,customer4932@example.com,Kolkata,45,YouTube,2025-05-11,Repeat Buyer,True,5.0,15390.0,2026-08-12
CUST04933,Customer 4933,customer4933@example.com,Pune,36,Google,2025-05-26,Price Sensitive,False,2.0,8496.0,2025-12-08
CUST04934,Customer 4934,customer4934@example.com,Kolkata,26,YouTube,2025-06-18,New Customer,False,1.0,1598.0,2025-09-27
CUST04935,Customer 4935,customer4935@example.com,Delhi,39,Instagram,2025-10-23,Repeat Buyer,True,5.0,24089.0,2026-07-30
CUST04936,Customer 4936,customer4936@example.com,Pune,35,Referral,2026-03-08,Window Shopper,True,0.0,0.0,2026-03-08
CUST04937,Customer 4937,customer4937@example.com,Kolkata,45,Organic,2025-06-17,High Value,True,7.0,27684.0,2026-06-08
CUST04938,Customer 4938,customer4938@example.com,Ahmedabad,43,Organic,2025-01-23,New Customer,False,2.0,6397.0,2026-03-06
CUST04939,Customer 4939,customer4939@example.com,Delhi,18,Instagram,2026-01-26,New Customer,True,1.0,2499.0,2025-10-28
CUST04940,Customer 4940,customer4940@example.com,Chennai,26,YouTube,2025-09-18,High Value,True,7.0,26987.0,2026-06-08
CUST04941,Customer 4941,customer4941@example.com,Chennai,36,Direct,2026-01-09,Dormant,False,0.0,0.0,2026-01-09
CUST04942,Customer 4942,customer4942@example.com,Kolkata,51,Referral,2025-08-09,High Value,True,4.0,9494.0,2026-05-23
CUST04943,Customer 4943,customer4943@example.com,Chennai,47,Instagram,2025-07-29,Repeat Buyer,True,2.0,3197.0,2025-07-17
CUST04944,Customer 4944,customer4944@example.com,Hyderabad,45,YouTube,2025-01-27,Price Sensitive,False,2.0,5595.0,2025-12-29
CUST04945,Customer 4945,customer4945@example.com,Ahmedabad,23,Instagram,2025-01-14,New Customer,False,1.0,2499.0,2026-06-16
CUST04946,Customer 4946,customer4946@example.com,Chennai,46,Instagram,2025-06-22,Dormant,False,0.0,0.0,2025-06-22
CUST04947,Customer 4947,customer4947@example.com,Kolkata,45,Direct,2025-06-16,Repeat Buyer,False,2.0,5797.0,2025-10-05
CUST04948,Customer 4948,customer4948@example.com,Kolkata,19,Direct,2025-02-19,New Customer,False,1.0,6998.0,2026-08-11
CUST04949,Customer 4949,customer4949@example.com,Chennai,54,Direct,2025-12-16,Repeat Buyer,True,1.0,3298.0,2025-12-11
CUST04950,Customer 4950,customer4950@example.com,Delhi,41,YouTube,2026-03-31,New Customer,False,1.0,999.0,2026-04-19
CUST04951,Customer 4951,customer4951@example.com,Pune,19,Organic,2025-06-15,High Value,True,7.0,24687.0,2026-08-21
CUST04952,Customer 4952,customer4952@example.com,Pune,44,Referral,2026-03-15,Price Sensitive,True,1.0,4297.0,2025-11-03
CUST04953,Customer 4953,customer4953@example.com,Delhi,49,Organic,2025-06-09,Price Sensitive,False,1.0,499.0,2025-09-22
CUST04954,Customer 4954,customer4954@example.com,Chennai,29,YouTube,2025-08-11,New Customer,False,2.0,9497.0,2026-07-15
CUST04955,Customer 4955,customer4955@example.com,Mumbai,39,Referral,2025-03-05,New Customer,False,1.0,3697.0,2025-07-14
CUST04956,Customer 4956,customer4956@example.com,Mumbai,39,Instagram,2026-03-18,Repeat Buyer,True,1.0,499.0,2026-05-23
CUST04957,Customer 4957,customer4957@example.com,Pune,49,Referral,2026-01-17,Price Sensitive,False,1.0,4397.0,2026-02-14
CUST04958,Customer 4958,customer4958@example.com,Chennai,50,Instagram,2025-11-19,New Customer,False,1.0,6697.0,2025-11-26
CUST04959,Customer 4959,customer4959@example.com,Chennai,54,Google,2026-01-24,Repeat Buyer,False,5.0,15491.0,2026-07-27
CUST04960,Customer 4960,customer4960@example.com,Hyderabad,42,Google,2025-06-15,Price Sensitive,False,3.0,5795.0,2026-01-20
CUST04961,Customer 4961,customer4961@example.com,Bangalore,19,Instagram,2026-03-12,Repeat Buyer,True,2.0,10296.0,2025-06-27
CUST04962,Customer 4962,customer4962@example.com,Kolkata,39,Instagram,2026-05-11,Price Sensitive,False,2.0,5795.0,2025-04-26
CUST04963,Customer 4963,customer4963@example.com,Hyderabad,36,Direct,2026-04-17,Window Shopper,False,1.0,1598.0,2025-11-06
CUST04964,Customer 4964,customer4964@example.com,Ahmedabad,47,Organic,2025-09-26,Repeat Buyer,True,3.0,11395.0,2026-04-22
CUST04965,Customer 4965,customer4965@example.com,Delhi,42,Organic,2025-08-01,Repeat Buyer,True,5.0,19590.0,2025-11-28
CUST04966,Customer 4966,customer4966@example.com,Kolkata,31,Organic,2025-06-05,New Customer,False,1.0,2999.0,2026-01-10
CUST04967,Customer 4967,customer4967@example.com,Chennai,43,YouTube,2026-02-04,Price Sensitive,False,3.0,9393.0,2026-07-12
CUST04968,Customer 4968,customer4968@example.com,Delhi,32,Instagram,2025-10-03,High Value,False,4.0,11992.0,2026-04-16
CUST04969,Customer 4969,customer4969@example.com,Delhi,32,Organic,2025-08-14,New Customer,False,1.0,5597.0,2026-05-02
CUST04970,Customer 4970,customer4970@example.com,Hyderabad,46,Google,2026-03-06,Price Sensitive,True,3.0,5897.0,2026-08-01
CUST04971,Customer 4971,customer4971@example.com,Chennai,40,Referral,2025-08-25,New Customer,False,2.0,5496.0,2026-04-12
CUST04972,Customer 4972,customer4972@example.com,Kolkata,26,Referral,2025-05-06,Window Shopper,True,0.0,0.0,2025-05-06
CUST04973,Customer 4973,customer4973@example.com,Pune,20,YouTube,2025-11-11,Dormant,False,0.0,0.0,2025-11-11
CUST04974,Customer 4974,customer4974@example.com,Ahmedabad,49,Organic,2026-02-06,Window Shopper,False,0.0,0.0,2026-02-06
CUST04975,Customer 4975,customer4975@example.com,Pune,35,Direct,2025-05-27,Repeat Buyer,False,4.0,9993.0,2026-03-01
CUST04976,Customer 4976,customer4976@example.com,Pune,26,YouTube,2025-07-01,Price Sensitive,False,2.0,7997.0,2026-08-22
CUST04977,Customer 4977,customer4977@example.com,Ahmedabad,34,Instagram,2026-05-08,Window Shopper,False,1.0,2499.0,2025-05-07
CUST04978,Customer 4978,customer4978@example.com,Kolkata,47,Referral,2025-10-13,Price Sensitive,False,3.0,11994.0,2026-08-14
CUST04979,Customer 4979,customer4979@example.com,Mumbai,19,Referral,2025-08-04,Repeat Buyer,True,3.0,9495.0,2026-05-09
CUST04980,Customer 4980,customer4980@example.com,Ahmedabad,40,Google,2025-06-02,Repeat Buyer,True,6.0,18089.0,2026-05-26
CUST04981,Customer 4981,customer4981@example.com,Ahmedabad,31,Direct,2026-02-02,New Customer,False,1.0,3998.0,2025-05-27
CUST04982,Customer 4982,customer4982@example.com,Hyderabad,20,Direct,2026-01-03,New Customer,False,1.0,2499.0,2025-04-27
CUST04983,Customer 4983,customer4983@example.com,Hyderabad,44,Organic,2025-07-23,New Customer,False,1.0,8297.0,2026-05-06
CUST04984,Customer 4984,customer4984@example.com,Delhi,36,Direct,2025-05-15,Repeat Buyer,True,2.0,3797.0,2026-08-09
CUST04985,Customer 4985,customer4985@example.com,Pune,45,Organic,2025-05-06,Repeat Buyer,True,3.0,2796.0,2026-01-15
CUST04986,Customer 4986,customer4986@example.com,Delhi,26,Referral,2025-08-09,Repeat Buyer,True,3.0,9194.0,2026-08-10
CUST04987,Customer 4987,customer4987@example.com,Hyderabad,20,Organic,2025-08-27,Dormant,False,0.0,0.0,2025-08-27
CUST04988,Customer 4988,customer4988@example.com,Bangalore,22,Instagram,2026-01-12,New Customer,False,1.0,3998.0,2026-08-10
CUST04989,Customer 4989,customer4989@example.com,Pune,44,Instagram,2025-02-10,New Customer,False,1.0,3898.0,2025-06-22
CUST04990,Customer 4990,customer4990@example.com,Kolkata,38,Instagram,2025-02-14,High Value,False,8.0,26985.0,2026-04-27
CUST04991,Customer 4991,customer4991@example.com,Pune,50,Google,2026-01-19,High Value,True,5.0,15192.0,2026-08-03
CUST04992,Customer 4992,customer4992@example.com,Chennai,43,Referral,2025-02-09,Dormant,False,0.0,0.0,2025-02-09
CUST04993,Customer 4993,customer4993@example.com,Ahmedabad,45,Instagram,2025-09-19,Repeat Buyer,True,3.0,11494.0,2026-04-17
CUST04994,Customer 4994,customer4994@example.com,Ahmedabad,18,Organic,2026-01-04,High Value,True,6.0,26687.0,2026-07-09
CUST04995,Customer 4995,customer4995@example.com,Kolkata,42,YouTube,2026-03-30,Repeat Buyer,True,4.0,7294.0,2026-07-27
CUST04996,Customer 4996,customer4996@example.com,Pune,26,Organic,2025-07-26,New Customer,False,0.0,0.0,2025-07-26
CUST04997,Customer 4997,customer4997@example.com,Pune,19,YouTube,2025-11-25,Repeat Buyer,True,3.0,7795.0,2025-12-28
CUST04998,Customer 4998,customer4998@example.com,Mumbai,32,Direct,2025-04-29,High Value,True,8.0,25486.0,2026-06-06
CUST04999,Customer 4999,customer4999@example.com,Mumbai,49,Referral,2026-04-11,New Customer,True,0.0,0.0,2026-04-11
CUST05000,Customer 5000,customer5000@example.com,Chennai,48,Direct,2025-05-04,New Customer,True,1.0,4797.0,2026-04-19
