order_id,customer_id,order_date,order_status,payment_method,total_amount
ORD000001,CUST00001,2026-05-07,completed,UPI,6498
ORD000002,CUST00001,2026-04-02,completed,Card,1799
ORD000003,CUST00001,2025-06-01,completed,NetBanking,2999
ORD000004,CUST00001,2026-06-10,completed,NetBanking,2499
ORD000005,CUST00001,2025-11-24,completed,COD,4297
ORD000006,CUST00001,2025-10-18,completed,COD,1698
ORD000007,CUST00002,2026-01-04,completed,Card,6997
ORD000008,CUST00003,2026-02-27,completed,Card,9497
ORD000009,CUST00004,2026-08-22,completed,UPI,8497
ORD000010,CUST00004,2026-08-18,completed,NetBanking,2298
ORD000011,CUST00004,2026-08-14,completed,Card,5297
ORD000012,CUST00004,2025-06-08,completed,UPI,6498
ORD000013,CUST00004,2025-11-20,completed,Card,4297
ORD000014,CUST00004,2025-06-14,completed,UPI,2298
ORD000015,CUST00006,2025-08-25,completed,NetBanking,4498
ORD000016,CUST00006,2026-04-16,completed,Card,5498
ORD000017,CUST00007,2025-04-25,cancelled,NetBanking,499
ORD000018,CUST00007,2025-12-29,completed,COD,3999
ORD000019,CUST00008,2026-03-05,completed,NetBanking,3998
ORD000020,CUST00008,2026-01-28,returned,Card,2198
ORD000021,CUST00008,2026-04-21,cancelled,COD,1998
ORD000022,CUST00008,2026-01-09,completed,COD,3999
ORD000023,CUST00008,2025-06-16,cancelled,UPI,1898
ORD000024,CUST00010,2025-04-30,completed,NetBanking,2798
ORD000025,CUST00011,2025-07-16,completed,Card,3998
ORD000026,CUST00012,2025-05-25,completed,COD,999
ORD000027,CUST00013,2026-03-26,cancelled,UPI,8297
ORD000028,CUST00014,2025-03-12,completed,Card,5498
ORD000029,CUST00014,2025-07-14,completed,Card,499
ORD000030,CUST00015,2025-04-01,completed,Card,5497
ORD000031,CUST00015,2025-11-16,completed,NetBanking,4298
ORD000032,CUST00015,2026-02-06,completed,Card,6997
ORD000033,CUST00015,2026-08-11,completed,Card,3198
ORD000034,CUST00016,2025-11-24,completed,UPI,2698
ORD000035,CUST00017,2025-03-24,completed,COD,6397
ORD000036,CUST00018,2025-11-21,completed,Card,5498
ORD000037,CUST00018,2025-10-12,completed,COD,2498
ORD000038,CUST00018,2025-10-30,completed,UPI,2298
ORD000039,CUST00018,2025-05-30,returned,COD,3998
ORD000040,CUST00018,2025-12-09,completed,UPI,3398
ORD000041,CUST00018,2025-09-29,completed,Card,1598
ORD000042,CUST00018,2025-08-20,cancelled,Card,8297
ORD000043,CUST00019,2026-01-10,completed,COD,2999
ORD000044,CUST00019,2026-06-29,completed,COD,2998
ORD000045,CUST00019,2026-07-19,completed,COD,2498
ORD000046,CUST00020,2025-07-31,completed,Card,5297
ORD000047,CUST00020,2025-03-02,completed,NetBanking,2499
ORD000048,CUST00020,2025-10-01,completed,COD,5197
ORD000049,CUST00020,2026-07-10,cancelled,NetBanking,3498
ORD000050,CUST00020,2025-10-11,completed,NetBanking,3398
ORD000051,CUST00020,2025-07-29,completed,NetBanking,6998
ORD000052,CUST00021,2025-08-10,cancelled,UPI,2498
ORD000053,CUST00021,2025-05-05,completed,COD,2298
ORD000054,CUST00021,2026-01-25,completed,COD,4898
ORD000055,CUST00021,2025-11-19,completed,COD,6498
ORD000056,CUST00021,2026-01-13,completed,UPI,2498
ORD000057,CUST00021,2025-04-21,completed,UPI,2499
ORD000058,CUST00021,2025-06-21,completed,COD,5997
ORD000059,CUST00022,2025-08-06,completed,Card,1998
ORD000060,CUST00022,2026-07-05,completed,UPI,4997
ORD000061,CUST00022,2025-12-07,completed,NetBanking,2499
ORD000062,CUST00022,2025-10-11,completed,COD,3498
ORD000063,CUST00022,2025-06-15,cancelled,NetBanking,999
ORD000064,CUST00022,2025-11-06,completed,COD,2698
ORD000065,CUST00022,2025-07-20,completed,COD,2499
ORD000066,CUST00025,2026-01-01,completed,NetBanking,2499
ORD000067,CUST00026,2026-04-23,completed,UPI,6797
ORD000068,CUST00028,2026-03-01,returned,COD,499
ORD000069,CUST00029,2026-06-08,completed,COD,3999
ORD000070,CUST00029,2025-09-03,completed,NetBanking,5797
ORD000071,CUST00030,2026-04-09,completed,UPI,6697
ORD000072,CUST00030,2026-07-30,completed,NetBanking,3999
ORD000073,CUST00031,2026-01-01,completed,UPI,2999
ORD000074,CUST00031,2026-05-14,cancelled,COD,4997
ORD000075,CUST00031,2025-12-04,completed,UPI,5498
ORD000076,CUST00032,2026-03-06,completed,COD,1198
ORD000077,CUST00033,2026-06-26,completed,UPI,3798
ORD000078,CUST00034,2025-11-28,completed,UPI,2298
ORD000079,CUST00034,2026-02-18,completed,UPI,3999
ORD000080,CUST00034,2025-06-21,completed,NetBanking,2298
ORD000081,CUST00034,2025-11-02,completed,Card,2198
ORD000082,CUST00034,2025-08-25,completed,Card,3698
ORD000083,CUST00035,2026-02-14,completed,NetBanking,5798
ORD000084,CUST00036,2026-03-19,completed,Card,1299
ORD000085,CUST00036,2026-03-11,returned,COD,2698
ORD000086,CUST00036,2026-03-06,cancelled,Card,2499
ORD000087,CUST00036,2025-11-24,completed,Card,2499
ORD000088,CUST00036,2025-10-05,completed,UPI,3198
ORD000089,CUST00037,2026-06-20,completed,COD,5798
ORD000090,CUST00037,2026-07-14,completed,NetBanking,7497
ORD000091,CUST00037,2026-02-12,returned,UPI,5797
ORD000092,CUST00037,2026-06-16,completed,UPI,3999
ORD000093,CUST00037,2026-06-15,completed,COD,2499
ORD000094,CUST00038,2025-04-06,cancelled,COD,3198
ORD000095,CUST00038,2025-08-30,cancelled,NetBanking,5298
ORD000096,CUST00038,2025-10-29,completed,Card,1498
ORD000097,CUST00038,2026-05-13,completed,COD,4997
ORD000098,CUST00038,2025-04-29,completed,Card,6498
ORD000099,CUST00038,2026-02-17,completed,NetBanking,2499
ORD000100,CUST00039,2025-09-11,completed,COD,2497
ORD000101,CUST00039,2025-10-17,completed,NetBanking,2698
ORD000102,CUST00039,2026-08-15,returned,COD,2998
ORD000103,CUST00039,2026-03-09,completed,Card,3798
ORD000104,CUST00040,2026-04-30,completed,COD,4698
ORD000105,CUST00042,2026-05-14,cancelled,Card,3798
ORD000106,CUST00042,2025-05-17,completed,COD,5298
ORD000107,CUST00042,2025-07-29,completed,NetBanking,2798
ORD000108,CUST00042,2026-03-22,cancelled,UPI,3698
ORD000109,CUST00042,2026-08-16,completed,Card,2999
ORD000110,CUST00045,2026-03-27,cancelled,UPI,5498
ORD000111,CUST00046,2025-09-28,completed,COD,4898
ORD000112,CUST00046,2026-05-14,completed,COD,4698
ORD000113,CUST00046,2025-07-16,completed,Card,1499
ORD000114,CUST00046,2025-11-04,completed,COD,3999
ORD000115,CUST00046,2025-08-21,completed,COD,499
ORD000116,CUST00046,2026-04-09,cancelled,COD,3398
ORD000117,CUST00046,2026-07-08,completed,UPI,3997
ORD000118,CUST00046,2026-07-08,completed,UPI,999
ORD000119,CUST00047,2026-07-24,completed,NetBanking,1499
ORD000120,CUST00048,2025-06-14,completed,Card,2499
ORD000121,CUST00049,2026-04-01,completed,NetBanking,1698
ORD000122,CUST00049,2025-06-20,completed,NetBanking,2998
ORD000123,CUST00049,2025-04-03,returned,NetBanking,2499
ORD000124,CUST00049,2025-07-12,completed,UPI,3398
ORD000125,CUST00049,2026-03-18,completed,UPI,4797
ORD000126,CUST00050,2026-06-17,completed,UPI,2499
ORD000127,CUST00050,2025-11-10,completed,COD,2999
ORD000128,CUST00050,2025-03-04,completed,COD,2499
ORD000129,CUST00051,2026-03-11,completed,Card,899
ORD000130,CUST00053,2026-03-12,completed,COD,5397
ORD000131,CUST00054,2026-03-06,completed,NetBanking,4698
ORD000132,CUST00054,2026-03-22,completed,UPI,2999
ORD000133,CUST00054,2025-08-14,completed,UPI,1798
ORD000134,CUST00054,2026-02-02,completed,Card,2698
ORD000135,CUST00054,2026-02-11,completed,COD,5798
ORD000136,CUST00057,2025-03-28,completed,NetBanking,1799
ORD000137,CUST00059,2025-05-15,completed,NetBanking,999
ORD000138,CUST00059,2025-06-04,returned,Card,6997
ORD000139,CUST00060,2026-06-02,completed,COD,3498
ORD000140,CUST00060,2026-05-21,completed,COD,6397
ORD000141,CUST00060,2025-10-25,completed,Card,499
ORD000142,CUST00060,2025-10-18,completed,UPI,4798
ORD000143,CUST00060,2026-01-04,completed,UPI,3197
ORD000144,CUST00061,2026-02-16,completed,NetBanking,3798
ORD000145,CUST00062,2026-01-01,completed,UPI,3999
ORD000146,CUST00063,2026-07-09,cancelled,NetBanking,3698
ORD000147,CUST00063,2026-05-03,completed,COD,3798
ORD000148,CUST00063,2025-10-02,completed,UPI,2499
ORD000149,CUST00063,2026-08-02,completed,COD,3998
ORD000150,CUST00063,2026-03-24,completed,Card,999
ORD000151,CUST00063,2026-08-14,completed,COD,1799
ORD000152,CUST00065,2026-05-26,completed,Card,1799
ORD000153,CUST00065,2026-04-21,completed,COD,2499
ORD000154,CUST00065,2025-05-11,completed,NetBanking,2499
ORD000155,CUST00067,2025-07-05,completed,Card,3798
ORD000156,CUST00068,2025-12-20,completed,UPI,2499
ORD000157,CUST00069,2025-07-25,completed,COD,1698
ORD000158,CUST00070,2025-03-29,completed,NetBanking,3897
ORD000159,CUST00070,2025-07-12,completed,NetBanking,2999
ORD000160,CUST00070,2025-06-01,completed,COD,2499
ORD000161,CUST00070,2025-11-27,completed,NetBanking,4498
ORD000162,CUST00070,2025-11-07,completed,NetBanking,1499
ORD000163,CUST00070,2025-08-18,completed,NetBanking,1499
ORD000164,CUST00070,2025-11-09,returned,COD,4298
ORD000165,CUST00072,2026-05-09,completed,Card,5297
ORD000166,CUST00072,2025-07-12,completed,NetBanking,2499
ORD000167,CUST00072,2026-04-15,returned,COD,3997
ORD000168,CUST00072,2025-08-11,cancelled,NetBanking,5298
ORD000169,CUST00073,2026-04-23,completed,UPI,1598
ORD000170,CUST00074,2026-05-12,completed,COD,3998
ORD000171,CUST00074,2025-03-05,completed,NetBanking,4797
ORD000172,CUST00074,2025-05-21,completed,COD,2499
ORD000173,CUST00074,2026-03-05,completed,Card,2498
ORD000174,CUST00075,2025-05-09,completed,COD,999
ORD000175,CUST00076,2026-01-22,completed,COD,2998
ORD000176,CUST00076,2026-06-02,completed,COD,3997
ORD000177,CUST00076,2026-02-13,completed,NetBanking,499
ORD000178,CUST00076,2026-08-02,cancelled,UPI,2998
ORD000179,CUST00077,2026-05-11,completed,Card,3398
ORD000180,CUST00079,2025-07-16,completed,COD,9497
ORD000181,CUST00080,2025-03-08,completed,COD,2998
ORD000182,CUST00080,2026-07-08,completed,Card,2998
ORD000183,CUST00082,2025-04-17,completed,Card,2999
ORD000184,CUST00082,2025-10-19,completed,NetBanking,3897
ORD000185,CUST00083,2026-07-31,completed,UPI,4498
ORD000186,CUST00084,2025-05-19,completed,Card,6498
ORD000187,CUST00084,2025-03-20,cancelled,Card,4698
ORD000188,CUST00084,2026-01-01,completed,Card,2198
ORD000189,CUST00084,2026-02-18,completed,NetBanking,4498
ORD000190,CUST00084,2026-06-25,completed,Card,4298
ORD000191,CUST00084,2025-11-20,completed,COD,3898
ORD000192,CUST00084,2025-08-16,completed,NetBanking,1799
ORD000193,CUST00084,2026-04-20,completed,UPI,3998
ORD000194,CUST00085,2025-10-18,completed,NetBanking,699
ORD000195,CUST00086,2026-06-26,completed,UPI,3198
ORD000196,CUST00086,2026-05-04,completed,NetBanking,999
ORD000197,CUST00087,2025-08-19,completed,NetBanking,1299
ORD000198,CUST00090,2025-11-23,completed,UPI,1498
ORD000199,CUST00091,2025-11-30,cancelled,COD,6998
ORD000200,CUST00092,2025-11-03,completed,COD,1299
ORD000201,CUST00093,2026-01-13,cancelled,UPI,3498
ORD000202,CUST00093,2026-08-17,completed,NetBanking,2097
ORD000203,CUST00093,2025-08-15,completed,UPI,5797
ORD000204,CUST00093,2026-02-25,completed,Card,1998
ORD000205,CUST00094,2026-04-17,completed,UPI,3398
ORD000206,CUST00095,2025-04-26,completed,Card,4698
ORD000207,CUST00095,2026-06-06,completed,UPI,5498
ORD000208,CUST00095,2025-12-16,completed,UPI,3398
ORD000209,CUST00095,2026-05-18,completed,Card,899
ORD000210,CUST00095,2026-01-08,cancelled,NetBanking,899
ORD000211,CUST00096,2026-01-22,completed,NetBanking,899
ORD000212,CUST00096,2025-08-26,completed,UPI,3498
ORD000213,CUST00097,2025-10-13,completed,Card,1198
ORD000214,CUST00098,2025-10-22,completed,UPI,4298
ORD000215,CUST00098,2026-03-19,completed,Card,2499
ORD000216,CUST00098,2026-02-19,completed,Card,2499
ORD000217,CUST00099,2025-07-14,completed,COD,6998
ORD000218,CUST00099,2025-04-25,completed,NetBanking,3798
ORD000219,CUST00101,2026-02-13,completed,NetBanking,2499
ORD000220,CUST00101,2026-03-17,completed,COD,2499
ORD000221,CUST00102,2026-08-12,completed,NetBanking,5498
ORD000222,CUST00103,2025-10-15,completed,NetBanking,5798
ORD000223,CUST00103,2026-07-23,completed,Card,4998
ORD000224,CUST00103,2026-08-10,completed,UPI,2499
ORD000225,CUST00104,2026-05-15,completed,NetBanking,5497
ORD000226,CUST00105,2025-07-13,completed,NetBanking,999
ORD000227,CUST00105,2025-04-12,completed,COD,6497
ORD000228,CUST00105,2026-05-31,completed,COD,2499
ORD000229,CUST00106,2025-03-25,cancelled,UPI,899
ORD000230,CUST00107,2025-04-15,completed,Card,3999
ORD000231,CUST00107,2025-07-31,completed,Card,1499
ORD000232,CUST00107,2025-04-09,completed,COD,5997
ORD000233,CUST00107,2026-08-03,completed,UPI,6998
ORD000234,CUST00107,2026-02-22,completed,COD,5797
ORD000235,CUST00107,2025-08-28,completed,UPI,4298
ORD000236,CUST00107,2025-06-23,completed,Card,1799
ORD000237,CUST00107,2026-06-13,completed,Card,4797
ORD000238,CUST00108,2025-04-20,completed,NetBanking,5597
ORD000239,CUST00108,2025-09-26,completed,COD,4197
ORD000240,CUST00108,2026-08-22,completed,UPI,6998
ORD000241,CUST00108,2025-05-26,completed,COD,3898
ORD000242,CUST00108,2025-09-29,returned,Card,4298
ORD000243,CUST00108,2025-03-17,completed,Card,3498
ORD000244,CUST00109,2025-11-01,completed,Card,499
ORD000245,CUST00109,2025-06-10,completed,UPI,5298
ORD000246,CUST00109,2026-03-16,completed,Card,2499
ORD000247,CUST00109,2025-11-24,completed,UPI,5498
ORD000248,CUST00109,2025-04-29,returned,Card,4897
ORD000249,CUST00109,2026-07-21,completed,COD,2798
ORD000250,CUST00110,2025-06-08,completed,UPI,2998
ORD000251,CUST00111,2025-05-21,completed,COD,1198
ORD000252,CUST00111,2025-12-10,completed,COD,1698
ORD000253,CUST00111,2025-08-04,completed,COD,2999
ORD000254,CUST00112,2025-08-08,completed,UPI,3498
ORD000255,CUST00112,2025-08-17,completed,UPI,5297
ORD000256,CUST00112,2025-09-05,completed,UPI,3398
ORD000257,CUST00112,2026-08-11,completed,NetBanking,2499
ORD000258,CUST00112,2025-05-11,completed,Card,1499
ORD000259,CUST00113,2025-10-09,completed,COD,3397
ORD000260,CUST00113,2025-09-15,completed,NetBanking,4697
ORD000261,CUST00114,2025-08-07,completed,NetBanking,3998
ORD000262,CUST00114,2026-04-07,completed,COD,2499
ORD000263,CUST00115,2025-05-18,completed,UPI,2499
ORD000264,CUST00116,2025-08-04,completed,UPI,5397
ORD000265,CUST00116,2026-03-28,completed,UPI,2499
ORD000266,CUST00116,2025-06-13,completed,Card,4298
ORD000267,CUST00116,2026-01-06,completed,Card,4498
ORD000268,CUST00116,2025-11-24,completed,UPI,6498
ORD000269,CUST00117,2026-01-14,completed,NetBanking,499
ORD000270,CUST00118,2025-06-27,completed,NetBanking,2498
ORD000271,CUST00118,2026-04-29,completed,COD,4998
ORD000272,CUST00118,2026-08-22,completed,COD,2998
ORD000273,CUST00118,2025-12-04,completed,NetBanking,7297
ORD000274,CUST00118,2025-04-25,completed,COD,3198
ORD000275,CUST00118,2025-03-04,completed,NetBanking,2998
ORD000276,CUST00118,2025-05-31,completed,COD,3999
ORD000277,CUST00119,2025-03-18,completed,UPI,2999
ORD000278,CUST00119,2025-04-16,completed,UPI,499
ORD000279,CUST00119,2025-05-23,completed,Card,3998
ORD000280,CUST00119,2026-01-24,completed,UPI,2499
ORD000281,CUST00119,2025-12-13,completed,NetBanking,3497
ORD000282,CUST00120,2026-08-03,completed,UPI,2998
ORD000283,CUST00120,2025-03-26,returned,UPI,1799
ORD000284,CUST00120,2026-05-30,completed,Card,2698
ORD000285,CUST00120,2025-09-23,completed,UPI,1499
ORD000286,CUST00120,2025-05-15,completed,NetBanking,2499
ORD000287,CUST00120,2025-03-25,completed,NetBanking,2499
ORD000288,CUST00121,2026-02-06,completed,Card,499
ORD000289,CUST00122,2026-08-14,completed,UPI,4298
ORD000290,CUST00122,2026-07-05,completed,NetBanking,2499
ORD000291,CUST00122,2025-11-05,cancelled,COD,2897
ORD000292,CUST00122,2026-02-20,completed,UPI,2698
ORD000293,CUST00122,2026-06-09,completed,COD,2298
ORD000294,CUST00123,2025-08-03,cancelled,Card,6497
ORD000295,CUST00124,2025-08-05,completed,UPI,5498
ORD000296,CUST00124,2025-11-03,completed,COD,3398
ORD000297,CUST00125,2025-04-04,completed,COD,4498
ORD000298,CUST00126,2025-07-07,completed,Card,3798
ORD000299,CUST00126,2026-03-15,completed,UPI,2897
ORD000300,CUST00126,2025-06-13,cancelled,Card,4798
ORD000301,CUST00127,2025-10-30,completed,COD,2499
ORD000302,CUST00127,2026-04-12,cancelled,UPI,6797
ORD000303,CUST00128,2025-08-25,completed,UPI,2499
ORD000304,CUST00128,2025-04-26,completed,COD,999
ORD000305,CUST00129,2025-09-14,completed,Card,2398
ORD000306,CUST00129,2025-05-29,completed,Card,3998
ORD000307,CUST00130,2026-01-05,completed,COD,899
ORD000308,CUST00130,2026-07-03,completed,NetBanking,3999
ORD000309,CUST00130,2025-11-24,completed,NetBanking,1498
ORD000310,CUST00131,2026-05-04,completed,Card,3998
ORD000311,CUST00131,2025-03-22,completed,COD,4998
ORD000312,CUST00131,2025-05-04,completed,Card,499
ORD000313,CUST00131,2025-09-11,completed,Card,1498
ORD000314,CUST00133,2026-01-19,cancelled,Card,3498
ORD000315,CUST00134,2025-10-17,completed,Card,2697
ORD000316,CUST00134,2025-07-31,completed,Card,1799
ORD000317,CUST00134,2026-03-25,completed,Card,6397
ORD000318,CUST00134,2026-01-15,completed,Card,2198
ORD000319,CUST00134,2026-05-14,completed,UPI,1499
ORD000320,CUST00134,2025-05-16,completed,UPI,3198
ORD000321,CUST00136,2026-01-23,completed,Card,6497
ORD000322,CUST00137,2026-07-07,completed,Card,2198
ORD000323,CUST00138,2025-03-17,completed,COD,2499
ORD000324,CUST00139,2025-08-20,completed,Card,3498
ORD000325,CUST00141,2025-09-11,completed,NetBanking,2499
ORD000326,CUST00142,2026-02-16,completed,COD,1799
ORD000327,CUST00143,2025-09-17,completed,Card,3898
ORD000328,CUST00143,2025-11-16,completed,COD,2499
ORD000329,CUST00144,2025-10-08,returned,COD,2499
ORD000330,CUST00144,2025-07-30,returned,Card,5798
ORD000331,CUST00144,2026-03-09,cancelled,UPI,499
ORD000332,CUST00145,2025-03-15,completed,Card,5297
ORD000333,CUST00146,2025-11-14,returned,Card,1799
ORD000334,CUST00147,2025-06-22,completed,Card,1998
ORD000335,CUST00147,2026-05-26,completed,Card,3698
ORD000336,CUST00148,2025-03-03,completed,NetBanking,2499
ORD000337,CUST00148,2025-07-20,completed,COD,3798
ORD000338,CUST00149,2025-10-01,completed,NetBanking,3898
ORD000339,CUST00149,2025-06-02,completed,UPI,2499
ORD000340,CUST00149,2026-08-08,completed,COD,1998
ORD000341,CUST00149,2025-08-25,completed,COD,2499
ORD000342,CUST00150,2025-07-16,completed,UPI,1499
ORD000343,CUST00152,2025-09-11,completed,COD,699
ORD000344,CUST00152,2026-02-02,completed,UPI,899
ORD000345,CUST00152,2025-06-23,completed,NetBanking,6797
ORD000346,CUST00152,2025-03-10,completed,UPI,3698
ORD000347,CUST00152,2026-04-03,completed,UPI,1799
ORD000348,CUST00152,2025-12-20,completed,NetBanking,2499
ORD000349,CUST00153,2025-06-06,completed,Card,4797
ORD000350,CUST00154,2025-12-28,completed,COD,3398
ORD000351,CUST00155,2025-06-10,completed,NetBanking,2999
ORD000352,CUST00156,2026-03-17,completed,NetBanking,3998
ORD000353,CUST00157,2026-07-29,completed,NetBanking,3198
ORD000354,CUST00158,2025-12-03,completed,NetBanking,1698
ORD000355,CUST00159,2025-09-20,completed,NetBanking,2499
ORD000356,CUST00159,2025-08-10,completed,COD,999
ORD000357,CUST00159,2026-05-31,completed,Card,999
ORD000358,CUST00160,2025-05-24,returned,UPI,2499
ORD000359,CUST00161,2025-11-16,cancelled,COD,1499
ORD000360,CUST00161,2025-06-29,completed,Card,1299
ORD000361,CUST00161,2026-03-12,cancelled,NetBanking,4997
ORD000362,CUST00161,2026-02-25,completed,UPI,2698
ORD000363,CUST00162,2025-09-09,completed,NetBanking,499
ORD000364,CUST00163,2026-02-03,completed,COD,4698
ORD000365,CUST00163,2025-03-01,completed,UPI,3298
ORD000366,CUST00164,2026-02-20,completed,Card,3999
ORD000367,CUST00167,2026-03-24,completed,Card,2499
ORD000368,CUST00168,2025-12-04,completed,Card,3697
ORD000369,CUST00168,2025-03-08,completed,UPI,999
ORD000370,CUST00168,2025-11-08,completed,COD,2698
ORD000371,CUST00168,2025-06-16,completed,Card,999
ORD000372,CUST00169,2025-10-03,completed,NetBanking,4498
ORD000373,CUST00169,2026-08-07,completed,COD,699
ORD000374,CUST00170,2026-04-10,completed,NetBanking,2998
ORD000375,CUST00171,2025-12-30,completed,UPI,699
ORD000376,CUST00171,2026-06-06,completed,COD,999
ORD000377,CUST00171,2026-02-15,completed,COD,3398
ORD000378,CUST00171,2025-04-01,cancelled,NetBanking,4498
ORD000379,CUST00172,2025-04-25,completed,COD,2498
ORD000380,CUST00173,2026-08-02,completed,COD,4498
ORD000381,CUST00173,2026-07-02,completed,Card,3198
ORD000382,CUST00173,2025-04-28,returned,Card,2798
ORD000383,CUST00173,2026-01-18,completed,COD,3298
ORD000384,CUST00173,2025-08-08,completed,Card,3198
ORD000385,CUST00173,2025-09-10,completed,Card,6797
ORD000386,CUST00174,2025-10-16,completed,COD,1498
ORD000387,CUST00174,2025-10-30,completed,Card,4898
ORD000388,CUST00175,2025-11-24,completed,Card,2998
ORD000389,CUST00175,2025-11-30,completed,Card,5498
ORD000390,CUST00175,2026-03-01,completed,UPI,2499
ORD000391,CUST00175,2025-04-11,completed,NetBanking,1198
ORD000392,CUST00175,2025-12-06,completed,Card,1299
ORD000393,CUST00175,2025-06-04,cancelled,COD,2499
ORD000394,CUST00175,2026-01-27,completed,Card,1299
ORD000395,CUST00176,2025-10-29,completed,NetBanking,1698
ORD000396,CUST00177,2025-11-10,completed,Card,2999
ORD000397,CUST00177,2026-04-22,completed,Card,3397
ORD000398,CUST00177,2025-07-19,completed,NetBanking,899
ORD000399,CUST00177,2026-04-25,completed,Card,1398
ORD000400,CUST00178,2026-05-09,completed,UPI,1299
ORD000401,CUST00178,2026-05-29,completed,COD,999
ORD000402,CUST00178,2025-04-08,completed,UPI,6498
ORD000403,CUST00179,2025-08-24,completed,COD,3198
ORD000404,CUST00179,2026-07-01,completed,Card,5797
ORD000405,CUST00179,2025-10-23,completed,COD,899
ORD000406,CUST00179,2025-07-29,completed,Card,6498
ORD000407,CUST00180,2026-05-02,completed,Card,2499
ORD000408,CUST00181,2026-06-18,completed,NetBanking,2499
ORD000409,CUST00181,2025-12-18,completed,Card,3298
ORD000410,CUST00181,2025-05-03,completed,Card,2499
ORD000411,CUST00183,2026-05-06,returned,NetBanking,1698
ORD000412,CUST00184,2025-07-19,completed,COD,3498
ORD000413,CUST00185,2025-08-07,completed,COD,3798
ORD000414,CUST00186,2025-10-09,completed,COD,3997
ORD000415,CUST00186,2025-03-04,completed,COD,2798
ORD000416,CUST00187,2025-04-24,returned,NetBanking,5797
ORD000417,CUST00188,2025-08-06,completed,UPI,3798
ORD000418,CUST00188,2026-03-22,completed,COD,2999
ORD000419,CUST00189,2025-05-16,completed,Card,5497
ORD000420,CUST00190,2025-05-16,completed,UPI,5797
ORD000421,CUST00190,2025-07-26,completed,NetBanking,4298
ORD000422,CUST00191,2025-12-02,completed,NetBanking,4898
ORD000423,CUST00191,2025-03-21,completed,UPI,4997
ORD000424,CUST00191,2026-03-11,completed,NetBanking,6498
ORD000425,CUST00192,2025-04-29,completed,COD,7297
ORD000426,CUST00193,2026-06-07,completed,UPI,999
ORD000427,CUST00193,2026-01-30,returned,COD,2499
ORD000428,CUST00193,2025-04-22,completed,Card,2999
ORD000429,CUST00193,2025-03-13,completed,Card,4298
ORD000430,CUST00193,2025-08-27,completed,COD,4298
ORD000431,CUST00194,2025-12-01,completed,COD,4497
ORD000432,CUST00195,2026-01-11,completed,Card,2897
ORD000433,CUST00196,2025-04-27,completed,NetBanking,3498
ORD000434,CUST00196,2025-04-10,cancelled,Card,3999
ORD000435,CUST00197,2026-06-13,cancelled,COD,3697
ORD000436,CUST00197,2026-03-24,completed,COD,5498
ORD000437,CUST00200,2025-05-30,completed,COD,3998
ORD000438,CUST00201,2026-08-11,completed,UPI,2499
ORD000439,CUST00201,2025-10-03,cancelled,NetBanking,999
ORD000440,CUST00202,2025-04-16,completed,COD,2999
ORD000441,CUST00202,2025-10-01,completed,COD,2999
ORD000442,CUST00202,2025-06-20,completed,NetBanking,2499
ORD000443,CUST00202,2025-05-12,returned,Card,6397
ORD000444,CUST00202,2025-08-17,completed,Card,999
ORD000445,CUST00202,2025-04-23,completed,UPI,2697
ORD000446,CUST00202,2025-08-07,completed,Card,2198
ORD000447,CUST00202,2025-03-09,completed,UPI,2798
ORD000448,CUST00203,2025-07-23,returned,COD,3997
ORD000449,CUST00204,2026-01-07,completed,NetBanking,4498
ORD000450,CUST00204,2026-06-29,returned,Card,4698
ORD000451,CUST00204,2026-07-25,completed,Card,2499
ORD000452,CUST00204,2026-05-08,completed,COD,2398
ORD000453,CUST00204,2026-06-25,completed,Card,3198
ORD000454,CUST00204,2025-12-10,completed,UPI,1398
ORD000455,CUST00206,2026-01-31,returned,NetBanking,6697
ORD000456,CUST00207,2026-03-21,completed,NetBanking,3999
ORD000457,CUST00207,2026-08-23,completed,UPI,3498
ORD000458,CUST00207,2025-05-11,returned,COD,1798
ORD000459,CUST00208,2025-03-29,completed,NetBanking,1499
ORD000460,CUST00209,2025-10-24,completed,Card,3198
ORD000461,CUST00209,2025-04-24,completed,COD,3098
ORD000462,CUST00209,2025-08-13,completed,UPI,999
ORD000463,CUST00210,2025-06-16,completed,COD,2499
ORD000464,CUST00211,2025-09-07,completed,NetBanking,4998
ORD000465,CUST00212,2026-02-19,completed,COD,1498
ORD000466,CUST00212,2026-01-28,completed,Card,2499
ORD000467,CUST00213,2026-02-10,completed,NetBanking,4997
ORD000468,CUST00214,2026-04-04,completed,Card,699
ORD000469,CUST00216,2025-12-19,completed,UPI,2499
ORD000470,CUST00216,2025-10-12,completed,Card,4298
ORD000471,CUST00217,2025-10-01,completed,NetBanking,2498
ORD000472,CUST00219,2025-07-08,completed,COD,2798
ORD000473,CUST00219,2026-02-10,completed,UPI,2998
ORD000474,CUST00220,2026-07-31,returned,UPI,2298
ORD000475,CUST00221,2026-04-21,completed,Card,3698
ORD000476,CUST00222,2026-02-14,completed,COD,2499
ORD000477,CUST00222,2026-07-25,completed,NetBanking,1198
ORD000478,CUST00222,2026-06-25,completed,NetBanking,1798
ORD000479,CUST00222,2026-06-02,cancelled,NetBanking,3798
ORD000480,CUST00222,2026-02-09,completed,UPI,2298
ORD000481,CUST00222,2025-12-26,completed,NetBanking,1499
ORD000482,CUST00223,2026-05-06,completed,COD,1799
ORD000483,CUST00224,2026-02-15,completed,COD,4697
ORD000484,CUST00225,2026-07-25,completed,NetBanking,7797
ORD000485,CUST00227,2026-02-24,completed,COD,2499
ORD000486,CUST00227,2025-08-13,completed,COD,1598
ORD000487,CUST00227,2025-12-07,completed,UPI,4498
ORD000488,CUST00227,2025-05-27,completed,UPI,1998
ORD000489,CUST00227,2025-11-03,completed,Card,999
ORD000490,CUST00227,2025-11-09,completed,UPI,6998
ORD000491,CUST00227,2025-06-28,completed,NetBanking,2499
ORD000492,CUST00227,2026-04-18,completed,NetBanking,5597
ORD000493,CUST00228,2026-03-26,completed,COD,4597
ORD000494,CUST00228,2026-02-12,completed,NetBanking,2999
ORD000495,CUST00230,2026-01-26,completed,UPI,2499
ORD000496,CUST00231,2026-05-28,completed,NetBanking,7497
ORD000497,CUST00231,2025-07-13,completed,COD,1299
ORD000498,CUST00232,2026-07-26,completed,UPI,2999
ORD000499,CUST00234,2025-09-06,completed,Card,2498
ORD000500,CUST00235,2025-05-01,completed,COD,2499
ORD000501,CUST00235,2026-03-30,completed,Card,499
ORD000502,CUST00235,2026-01-02,cancelled,UPI,2998
ORD000503,CUST00236,2025-08-20,completed,Card,4297
ORD000504,CUST00236,2025-12-22,completed,UPI,4898
ORD000505,CUST00236,2025-04-09,completed,UPI,3898
ORD000506,CUST00236,2025-03-28,completed,Card,699
ORD000507,CUST00237,2025-10-29,cancelled,UPI,2499
ORD000508,CUST00238,2025-06-25,completed,UPI,4997
ORD000509,CUST00238,2025-09-23,completed,COD,2298
ORD000510,CUST00239,2026-04-30,completed,UPI,1299
ORD000511,CUST00242,2025-08-02,completed,UPI,6997
ORD000512,CUST00242,2025-06-03,completed,UPI,2499
ORD000513,CUST00242,2026-08-23,completed,Card,3998
ORD000514,CUST00242,2025-06-28,completed,Card,3798
ORD000515,CUST00242,2025-09-13,completed,COD,499
ORD000516,CUST00242,2025-08-03,completed,UPI,3498
ORD000517,CUST00244,2026-07-09,completed,UPI,7297
ORD000518,CUST00244,2026-01-23,completed,Card,2499
ORD000519,CUST00245,2025-03-24,completed,UPI,3698
ORD000520,CUST00245,2026-07-18,completed,NetBanking,5297
ORD000521,CUST00245,2025-08-05,completed,UPI,1299
ORD000522,CUST00246,2026-03-22,completed,COD,2499
ORD000523,CUST00247,2026-07-29,completed,Card,4298
ORD000524,CUST00247,2026-03-24,completed,NetBanking,2499
ORD000525,CUST00248,2025-12-13,completed,Card,1898
ORD000526,CUST00248,2025-11-09,completed,NetBanking,1799
ORD000527,CUST00248,2026-08-18,completed,NetBanking,1799
ORD000528,CUST00248,2025-04-19,completed,COD,2998
ORD000529,CUST00248,2026-02-09,completed,Card,2697
ORD000530,CUST00249,2025-11-05,completed,NetBanking,2198
ORD000531,CUST00250,2025-07-23,completed,Card,3698
ORD000532,CUST00250,2025-06-26,completed,Card,1998
ORD000533,CUST00250,2026-05-13,completed,COD,3298
ORD000534,CUST00250,2025-09-14,completed,Card,2998
ORD000535,CUST00251,2026-04-26,completed,NetBanking,3497
ORD000536,CUST00252,2025-06-09,completed,COD,1299
ORD000537,CUST00253,2025-10-20,completed,UPI,2698
ORD000538,CUST00254,2025-07-03,completed,UPI,1499
ORD000539,CUST00255,2025-12-01,completed,Card,7197
ORD000540,CUST00255,2026-03-24,completed,UPI,2499
ORD000541,CUST00256,2026-01-09,completed,Card,6498
ORD000542,CUST00256,2026-04-14,completed,NetBanking,3198
ORD000543,CUST00256,2025-11-20,completed,COD,1698
ORD000544,CUST00256,2026-06-06,completed,NetBanking,2998
ORD000545,CUST00257,2026-01-17,completed,UPI,3998
ORD000546,CUST00257,2025-03-10,completed,Card,3997
ORD000547,CUST00257,2025-08-03,completed,Card,5297
ORD000548,CUST00257,2025-06-10,completed,NetBanking,1998
ORD000549,CUST00257,2025-04-26,cancelled,Card,1799
ORD000550,CUST00257,2025-11-20,completed,UPI,6998
ORD000551,CUST00257,2025-05-11,completed,NetBanking,2499
ORD000552,CUST00258,2026-08-23,completed,COD,4298
ORD000553,CUST00258,2025-08-24,completed,Card,4898
ORD000554,CUST00259,2026-02-27,completed,Card,3998
ORD000555,CUST00259,2025-05-26,returned,NetBanking,4298
ORD000556,CUST00259,2025-08-20,completed,NetBanking,6797
ORD000557,CUST00259,2026-01-08,completed,NetBanking,4298
ORD000558,CUST00259,2025-06-29,completed,COD,499
ORD000559,CUST00259,2025-12-11,cancelled,UPI,6498
ORD000560,CUST00259,2026-05-30,completed,NetBanking,2198
ORD000561,CUST00259,2026-06-03,completed,NetBanking,2499
ORD000562,CUST00260,2026-01-03,completed,NetBanking,4297
ORD000563,CUST00260,2025-08-01,completed,NetBanking,3297
ORD000564,CUST00261,2026-04-20,completed,Card,4498
ORD000565,CUST00262,2026-04-29,completed,UPI,1799
ORD000566,CUST00263,2026-02-13,completed,COD,2499
ORD000567,CUST00264,2025-04-08,completed,UPI,699
ORD000568,CUST00264,2026-07-13,completed,UPI,2499
ORD000569,CUST00265,2026-01-02,cancelled,Card,6498
ORD000570,CUST00265,2025-05-01,completed,Card,1998
ORD000571,CUST00265,2026-08-11,cancelled,COD,1299
ORD000572,CUST00265,2026-07-08,returned,COD,4298
ORD000573,CUST00265,2025-07-02,completed,Card,2999
ORD000574,CUST00265,2025-05-28,completed,COD,3798
ORD000575,CUST00266,2026-07-08,completed,COD,3498
ORD000576,CUST00266,2026-03-05,cancelled,UPI,3498
ORD000577,CUST00267,2026-04-24,completed,UPI,1499
ORD000578,CUST00267,2025-03-02,completed,COD,3398
ORD000579,CUST00268,2025-04-17,completed,UPI,2997
ORD000580,CUST00268,2026-07-24,completed,NetBanking,3998
ORD000581,CUST00268,2026-07-30,completed,COD,4997
ORD000582,CUST00268,2026-04-24,cancelled,COD,2499
ORD000583,CUST00268,2025-12-19,completed,COD,4298
ORD000584,CUST00268,2026-06-26,completed,NetBanking,6197
ORD000585,CUST00270,2026-07-24,completed,Card,3498
ORD000586,CUST00270,2025-05-02,completed,UPI,899
ORD000587,CUST00271,2025-10-08,completed,COD,1998
ORD000588,CUST00273,2025-10-15,completed,COD,3198
ORD000589,CUST00273,2025-10-19,completed,COD,3098
ORD000590,CUST00274,2026-03-12,completed,NetBanking,3897
ORD000591,CUST00275,2025-10-01,completed,Card,899
ORD000592,CUST00276,2025-07-18,completed,Card,2499
ORD000593,CUST00277,2026-02-27,completed,Card,2998
ORD000594,CUST00278,2025-10-11,completed,UPI,2998
ORD000595,CUST00278,2025-10-25,completed,NetBanking,2499
ORD000596,CUST00278,2025-07-24,completed,COD,2499
ORD000597,CUST00279,2025-03-12,completed,UPI,2499
ORD000598,CUST00280,2026-08-09,completed,NetBanking,3999
ORD000599,CUST00280,2026-07-12,completed,UPI,1198
ORD000600,CUST00281,2026-08-19,completed,COD,7497
ORD000601,CUST00281,2025-12-28,completed,NetBanking,1998
ORD000602,CUST00281,2026-07-15,completed,NetBanking,3098
ORD000603,CUST00283,2025-03-31,completed,COD,1799
ORD000604,CUST00283,2026-08-17,completed,UPI,2798
ORD000605,CUST00283,2025-10-13,completed,Card,3298
ORD000606,CUST00283,2025-05-22,completed,COD,3998
ORD000607,CUST00283,2026-02-17,completed,NetBanking,2499
ORD000608,CUST00284,2025-03-12,completed,COD,3998
ORD000609,CUST00285,2025-10-15,returned,Card,6397
ORD000610,CUST00285,2025-07-24,completed,NetBanking,6498
ORD000611,CUST00285,2025-09-06,completed,UPI,1299
ORD000612,CUST00286,2026-01-28,completed,NetBanking,3297
ORD000613,CUST00287,2026-02-08,cancelled,NetBanking,4498
ORD000614,CUST00288,2026-04-29,completed,UPI,2999
ORD000615,CUST00288,2026-06-25,completed,UPI,2499
ORD000616,CUST00289,2025-03-17,completed,Card,1498
ORD000617,CUST00289,2026-02-23,completed,Card,1798
ORD000618,CUST00289,2025-12-17,cancelled,COD,4498
ORD000619,CUST00289,2025-03-06,completed,NetBanking,899
ORD000620,CUST00290,2026-08-14,completed,Card,4298
ORD000621,CUST00290,2026-04-28,completed,NetBanking,3797
ORD000622,CUST00290,2026-03-07,completed,UPI,2998
ORD000623,CUST00291,2026-04-29,completed,UPI,4498
ORD000624,CUST00291,2025-12-18,completed,COD,1698
ORD000625,CUST00291,2025-10-05,completed,UPI,7297
ORD000626,CUST00291,2026-02-03,completed,COD,1499
ORD000627,CUST00291,2026-01-05,completed,COD,1499
ORD000628,CUST00291,2025-12-06,completed,Card,3998
ORD000629,CUST00292,2026-07-29,completed,Card,2499
ORD000630,CUST00293,2025-04-16,completed,Card,2298
ORD000631,CUST00294,2025-12-31,completed,Card,3398
ORD000632,CUST00294,2025-06-23,completed,Card,2499
ORD000633,CUST00294,2026-07-30,completed,NetBanking,2499
ORD000634,CUST00295,2026-01-12,completed,Card,3398
ORD000635,CUST00296,2026-07-02,completed,UPI,1898
ORD000636,CUST00298,2026-05-11,completed,Card,2499
ORD000637,CUST00298,2026-04-19,completed,UPI,6497
ORD000638,CUST00298,2025-04-13,completed,Card,1998
ORD000639,CUST00299,2026-03-17,completed,UPI,999
ORD000640,CUST00300,2025-10-15,completed,NetBanking,2499
ORD000641,CUST00300,2026-07-07,completed,Card,2499
ORD000642,CUST00300,2025-12-27,completed,NetBanking,1499
ORD000643,CUST00300,2025-04-26,completed,Card,899
ORD000644,CUST00300,2026-04-15,completed,COD,7897
ORD000645,CUST00301,2026-05-23,completed,COD,1799
ORD000646,CUST00302,2025-03-08,completed,COD,4797
ORD000647,CUST00302,2025-06-12,completed,Card,2499
ORD000648,CUST00303,2025-07-22,completed,Card,2499
ORD000649,CUST00303,2025-04-13,completed,COD,2499
ORD000650,CUST00304,2025-05-14,cancelled,Card,4498
ORD000651,CUST00304,2026-06-03,completed,Card,2499
ORD000652,CUST00305,2026-04-29,completed,COD,2998
ORD000653,CUST00307,2026-03-15,cancelled,UPI,3999
ORD000654,CUST00307,2025-06-29,completed,Card,6498
ORD000655,CUST00308,2025-10-22,completed,UPI,499
ORD000656,CUST00308,2025-09-03,completed,COD,3697
ORD000657,CUST00309,2025-08-02,completed,UPI,5497
ORD000658,CUST00310,2025-03-21,completed,NetBanking,7497
ORD000659,CUST00310,2025-04-01,completed,Card,2499
ORD000660,CUST00310,2026-05-07,completed,UPI,2499
ORD000661,CUST00310,2025-11-15,completed,UPI,7397
ORD000662,CUST00312,2025-11-18,completed,NetBanking,1598
ORD000663,CUST00312,2025-12-13,completed,Card,5498
ORD000664,CUST00312,2026-06-11,completed,NetBanking,1499
ORD000665,CUST00313,2025-04-11,completed,NetBanking,2499
ORD000666,CUST00313,2025-07-25,completed,Card,2698
ORD000667,CUST00314,2026-01-18,completed,COD,3298
ORD000668,CUST00314,2025-05-27,completed,COD,2499
ORD000669,CUST00314,2025-12-18,completed,COD,999
ORD000670,CUST00314,2025-12-26,completed,COD,5498
ORD000671,CUST00314,2025-07-11,completed,COD,3999
ORD000672,CUST00315,2026-04-01,completed,Card,999
ORD000673,CUST00316,2026-01-10,completed,UPI,4997
ORD000674,CUST00316,2025-07-06,completed,Card,2498
ORD000675,CUST00317,2025-05-04,completed,UPI,1299
ORD000676,CUST00318,2025-07-30,completed,COD,3798
ORD000677,CUST00318,2025-04-04,completed,Card,4898
ORD000678,CUST00318,2025-06-19,completed,NetBanking,1299
ORD000679,CUST00318,2025-10-20,completed,COD,4698
ORD000680,CUST00318,2025-03-18,completed,Card,1798
ORD000681,CUST00318,2025-07-08,completed,Card,899
ORD000682,CUST00319,2025-12-03,cancelled,Card,8297
ORD000683,CUST00321,2025-11-27,completed,NetBanking,3997
ORD000684,CUST00321,2025-04-16,completed,UPI,4297
ORD000685,CUST00321,2025-10-09,completed,UPI,1499
ORD000686,CUST00321,2025-03-16,returned,NetBanking,999
ORD000687,CUST00321,2025-08-14,returned,NetBanking,2498
ORD000688,CUST00321,2026-03-06,completed,COD,2999
ORD000689,CUST00321,2025-10-05,completed,Card,1499
ORD000690,CUST00321,2026-07-19,completed,NetBanking,3798
ORD000691,CUST00323,2025-09-24,completed,UPI,3998
ORD000692,CUST00323,2026-02-03,completed,Card,2499
ORD000693,CUST00324,2026-08-06,returned,COD,3498
ORD000694,CUST00324,2026-03-24,cancelled,NetBanking,2798
ORD000695,CUST00324,2026-01-23,completed,COD,5298
ORD000696,CUST00324,2026-01-15,completed,NetBanking,4497
ORD000697,CUST00324,2025-07-18,completed,NetBanking,7197
ORD000698,CUST00324,2025-10-12,completed,NetBanking,999
ORD000699,CUST00324,2025-12-19,completed,NetBanking,5797
ORD000700,CUST00325,2025-09-26,completed,UPI,1799
ORD000701,CUST00325,2026-03-07,completed,COD,3197
ORD000702,CUST00326,2025-03-30,completed,NetBanking,1198
ORD000703,CUST00328,2026-01-03,completed,UPI,5497
ORD000704,CUST00328,2026-08-19,completed,NetBanking,5297
ORD000705,CUST00328,2025-08-05,completed,Card,2499
ORD000706,CUST00328,2026-07-16,cancelled,UPI,499
ORD000707,CUST00331,2025-08-12,completed,COD,3998
ORD000708,CUST00331,2025-03-15,completed,COD,3998
ORD000709,CUST00333,2026-06-18,completed,COD,699
ORD000710,CUST00334,2025-03-19,completed,UPI,999
ORD000711,CUST00334,2026-06-04,completed,UPI,1499
ORD000712,CUST00335,2025-09-02,completed,Card,5497
ORD000713,CUST00336,2026-07-06,completed,Card,3697
ORD000714,CUST00337,2025-09-19,completed,Card,3898
ORD000715,CUST00338,2025-04-07,cancelled,Card,3998
ORD000716,CUST00338,2025-06-05,completed,NetBanking,2499
ORD000717,CUST00338,2026-08-16,completed,NetBanking,6498
ORD000718,CUST00338,2026-05-18,completed,UPI,2499
ORD000719,CUST00338,2026-04-03,completed,Card,6498
ORD000720,CUST00338,2026-03-21,completed,NetBanking,7997
ORD000721,CUST00338,2026-03-06,completed,UPI,3698
ORD000722,CUST00338,2025-11-08,completed,COD,1498
ORD000723,CUST00341,2025-08-29,completed,NetBanking,2698
ORD000724,CUST00341,2026-05-10,completed,UPI,7697
ORD000725,CUST00342,2025-12-30,completed,UPI,499
ORD000726,CUST00343,2026-07-15,completed,UPI,2499
ORD000727,CUST00344,2025-05-16,completed,NetBanking,3198
ORD000728,CUST00345,2025-09-04,completed,NetBanking,3098
ORD000729,CUST00346,2025-03-14,completed,COD,999
ORD000730,CUST00346,2025-11-12,completed,COD,5597
ORD000731,CUST00346,2025-10-16,completed,COD,2698
ORD000732,CUST00347,2025-10-23,completed,UPI,3997
ORD000733,CUST00347,2025-09-02,completed,Card,699
ORD000734,CUST00347,2025-04-28,completed,NetBanking,2198
ORD000735,CUST00347,2026-06-24,completed,COD,5297
ORD000736,CUST00348,2026-06-22,completed,COD,3398
ORD000737,CUST00348,2026-07-25,completed,COD,999
ORD000738,CUST00348,2026-08-03,completed,NetBanking,5498
ORD000739,CUST00348,2026-06-29,completed,Card,2498
ORD000740,CUST00348,2026-04-25,completed,COD,1798
ORD000741,CUST00348,2026-04-10,completed,COD,4597
ORD000742,CUST00348,2026-04-01,completed,NetBanking,8297
ORD000743,CUST00348,2025-10-31,completed,UPI,6797
ORD000744,CUST00350,2026-03-09,completed,COD,4697
ORD000745,CUST00351,2026-01-17,completed,Card,2999
ORD000746,CUST00352,2026-05-26,completed,NetBanking,3998
ORD000747,CUST00354,2025-10-22,completed,Card,3398
ORD000748,CUST00354,2025-07-02,completed,NetBanking,1499
ORD000749,CUST00354,2025-03-30,completed,NetBanking,699
ORD000750,CUST00355,2025-03-02,completed,NetBanking,699
ORD000751,CUST00356,2025-06-14,completed,COD,2498
ORD000752,CUST00357,2026-05-17,completed,COD,2798
ORD000753,CUST00357,2026-05-17,completed,COD,2499
ORD000754,CUST00357,2025-09-18,completed,NetBanking,699
ORD000755,CUST00357,2025-07-29,completed,UPI,699
ORD000756,CUST00357,2025-05-30,completed,NetBanking,3998
ORD000757,CUST00357,2025-06-26,completed,Card,2698
ORD000758,CUST00358,2025-10-28,completed,COD,2998
ORD000759,CUST00358,2026-03-16,completed,NetBanking,899
ORD000760,CUST00359,2025-03-24,cancelled,COD,3798
ORD000761,CUST00359,2025-03-30,completed,COD,4798
ORD000762,CUST00360,2025-05-27,completed,Card,3999
ORD000763,CUST00360,2025-10-31,completed,Card,4498
ORD000764,CUST00360,2026-07-17,completed,Card,5597
ORD000765,CUST00360,2025-11-10,completed,COD,3998
ORD000766,CUST00360,2025-05-07,completed,UPI,2999
ORD000767,CUST00360,2026-05-12,completed,NetBanking,1499
ORD000768,CUST00360,2026-05-26,completed,Card,2499
ORD000769,CUST00360,2025-11-16,completed,UPI,4197
ORD000770,CUST00361,2025-12-24,completed,UPI,3798
ORD000771,CUST00364,2026-06-06,completed,COD,5497
ORD000772,CUST00365,2026-08-14,completed,NetBanking,4697
ORD000773,CUST00366,2025-10-07,completed,UPI,5498
ORD000774,CUST00366,2026-02-14,completed,Card,6998
ORD000775,CUST00366,2025-04-08,completed,Card,1898
ORD000776,CUST00366,2025-03-22,cancelled,NetBanking,1498
ORD000777,CUST00366,2025-03-04,returned,NetBanking,6498
ORD000778,CUST00366,2025-05-01,completed,UPI,1299
ORD000779,CUST00366,2025-07-28,completed,NetBanking,499
ORD000780,CUST00367,2025-03-05,completed,UPI,4297
ORD000781,CUST00367,2026-03-29,cancelled,UPI,3998
ORD000782,CUST00367,2025-10-30,cancelled,COD,3998
ORD000783,CUST00367,2025-10-09,cancelled,Card,2897
ORD000784,CUST00367,2025-12-03,completed,UPI,2999
ORD000785,CUST00368,2026-03-19,completed,NetBanking,1798
ORD000786,CUST00368,2025-07-13,completed,NetBanking,2798
ORD000787,CUST00369,2026-06-22,completed,UPI,9497
ORD000788,CUST00370,2026-08-08,completed,COD,1598
ORD000789,CUST00370,2026-04-01,completed,UPI,2198
ORD000790,CUST00370,2026-01-28,completed,Card,1698
ORD000791,CUST00371,2026-02-04,completed,Card,3898
ORD000792,CUST00373,2026-03-13,completed,COD,3798
ORD000793,CUST00374,2026-02-01,completed,Card,2498
ORD000794,CUST00374,2026-03-14,completed,NetBanking,2298
ORD000795,CUST00375,2025-11-10,completed,NetBanking,3198
ORD000796,CUST00375,2025-12-17,completed,COD,5697
ORD000797,CUST00375,2025-07-14,completed,Card,1799
ORD000798,CUST00376,2026-02-01,completed,COD,2499
ORD000799,CUST00377,2026-05-16,completed,Card,4998
ORD000800,CUST00377,2026-07-16,completed,NetBanking,499
ORD000801,CUST00379,2026-03-12,cancelled,COD,699
ORD000802,CUST00379,2025-04-20,completed,NetBanking,3498
ORD000803,CUST00379,2026-02-28,completed,UPI,999
ORD000804,CUST00379,2026-05-09,returned,NetBanking,499
ORD000805,CUST00379,2026-07-09,completed,UPI,4397
ORD000806,CUST00380,2026-01-03,returned,Card,3498
ORD000807,CUST00381,2025-05-21,completed,UPI,4798
ORD000808,CUST00381,2026-06-11,completed,Card,2499
ORD000809,CUST00381,2025-05-10,completed,UPI,5397
ORD000810,CUST00381,2025-05-30,completed,UPI,4498
ORD000811,CUST00381,2026-03-14,completed,Card,2499
ORD000812,CUST00382,2025-10-30,completed,Card,1398
ORD000813,CUST00384,2025-03-03,completed,UPI,4597
ORD000814,CUST00384,2025-10-03,completed,COD,1499
ORD000815,CUST00384,2026-06-07,completed,UPI,2499
ORD000816,CUST00384,2025-10-25,completed,COD,699
ORD000817,CUST00384,2026-05-20,completed,UPI,3198
ORD000818,CUST00384,2025-11-19,completed,COD,2198
ORD000819,CUST00384,2025-11-01,completed,COD,1499
ORD000820,CUST00384,2026-05-29,completed,NetBanking,899
ORD000821,CUST00386,2026-04-02,completed,NetBanking,1598
ORD000822,CUST00386,2025-11-11,completed,NetBanking,2298
ORD000823,CUST00386,2025-03-11,cancelled,NetBanking,3398
ORD000824,CUST00387,2026-04-02,completed,Card,3999
ORD000825,CUST00387,2025-07-21,completed,Card,4097
ORD000826,CUST00388,2025-04-23,completed,COD,3198
ORD000827,CUST00388,2025-05-05,completed,NetBanking,3797
ORD000828,CUST00388,2026-02-01,completed,COD,5797
ORD000829,CUST00388,2025-03-03,completed,NetBanking,4097
ORD000830,CUST00388,2025-11-26,completed,COD,3798
ORD000831,CUST00390,2025-06-18,completed,UPI,1998
ORD000832,CUST00391,2025-12-24,completed,UPI,1698
ORD000833,CUST00392,2026-03-13,completed,UPI,7997
ORD000834,CUST00395,2026-02-12,completed,UPI,1998
ORD000835,CUST00395,2025-05-29,completed,COD,3997
ORD000836,CUST00395,2025-09-26,completed,Card,3798
ORD000837,CUST00395,2025-06-07,completed,COD,3398
ORD000838,CUST00395,2025-04-14,completed,COD,3198
ORD000839,CUST00395,2025-12-28,completed,Card,3398
ORD000840,CUST00396,2026-06-28,completed,NetBanking,6498
ORD000841,CUST00396,2025-10-07,completed,NetBanking,4298
ORD000842,CUST00396,2025-07-05,completed,Card,899
ORD000843,CUST00396,2025-06-20,completed,COD,2999
ORD000844,CUST00397,2025-06-21,completed,Card,2998
ORD000845,CUST00398,2026-05-29,completed,Card,999
ORD000846,CUST00398,2025-10-13,completed,Card,5498
ORD000847,CUST00398,2025-11-12,completed,Card,2298
ORD000848,CUST00399,2026-04-19,completed,UPI,4298
ORD000849,CUST00399,2025-03-08,completed,COD,2798
ORD000850,CUST00400,2025-03-03,completed,UPI,1299
ORD000851,CUST00400,2026-03-28,completed,NetBanking,1299
ORD000852,CUST00402,2025-09-09,completed,UPI,2499
ORD000853,CUST00402,2026-03-15,completed,COD,2999
ORD000854,CUST00402,2026-02-02,completed,UPI,2998
ORD000855,CUST00402,2026-08-23,completed,NetBanking,3198
ORD000856,CUST00402,2026-02-02,completed,NetBanking,6498
ORD000857,CUST00402,2026-07-30,completed,Card,899
ORD000858,CUST00403,2025-12-17,completed,UPI,499
ORD000859,CUST00404,2026-01-18,completed,COD,699
ORD000860,CUST00404,2025-04-24,completed,COD,4698
ORD000861,CUST00404,2026-06-03,completed,NetBanking,1799
ORD000862,CUST00405,2026-05-26,completed,Card,899
ORD000863,CUST00406,2025-10-04,cancelled,COD,1799
ORD000864,CUST00406,2026-03-19,completed,NetBanking,5498
ORD000865,CUST00407,2025-06-05,completed,UPI,899
ORD000866,CUST00407,2025-05-10,returned,Card,6998
ORD000867,CUST00407,2025-11-09,completed,NetBanking,4997
ORD000868,CUST00407,2026-01-02,completed,Card,4997
ORD000869,CUST00407,2026-03-13,completed,NetBanking,2999
ORD000870,CUST00407,2026-04-06,completed,Card,5498
ORD000871,CUST00408,2025-09-03,completed,Card,999
ORD000872,CUST00408,2026-03-28,completed,UPI,7497
ORD000873,CUST00408,2025-03-28,returned,UPI,999
ORD000874,CUST00408,2025-12-11,completed,UPI,4298
ORD000875,CUST00410,2025-09-18,returned,COD,3798
ORD000876,CUST00410,2026-06-20,completed,Card,4898
ORD000877,CUST00410,2026-03-30,completed,COD,6998
ORD000878,CUST00410,2026-01-08,completed,UPI,3498
ORD000879,CUST00410,2025-08-19,completed,COD,1498
ORD000880,CUST00410,2025-12-15,completed,COD,3798
ORD000881,CUST00410,2026-03-01,completed,NetBanking,3298
ORD000882,CUST00410,2025-07-02,completed,NetBanking,3298
ORD000883,CUST00411,2026-07-25,completed,NetBanking,6397
ORD000884,CUST00411,2025-10-08,completed,Card,2698
ORD000885,CUST00412,2026-02-23,completed,UPI,2998
ORD000886,CUST00412,2026-03-25,completed,COD,3999
ORD000887,CUST00412,2026-07-16,completed,Card,3398
ORD000888,CUST00413,2026-03-14,completed,COD,2499
ORD000889,CUST00414,2025-10-08,completed,Card,3098
ORD000890,CUST00415,2025-10-28,completed,Card,1299
ORD000891,CUST00415,2025-12-09,completed,Card,5798
ORD000892,CUST00415,2025-08-09,completed,COD,3498
ORD000893,CUST00415,2025-10-23,completed,COD,2998
ORD000894,CUST00415,2026-06-15,completed,UPI,2997
ORD000895,CUST00417,2026-01-18,completed,NetBanking,5798
ORD000896,CUST00417,2025-09-25,completed,NetBanking,5498
ORD000897,CUST00419,2025-11-09,completed,Card,2999
ORD000898,CUST00420,2026-06-14,completed,NetBanking,2998
ORD000899,CUST00421,2026-06-05,completed,UPI,1398
ORD000900,CUST00421,2026-04-21,completed,NetBanking,3998
ORD000901,CUST00421,2025-03-17,completed,UPI,1598
ORD000902,CUST00421,2025-05-01,completed,NetBanking,3398
ORD000903,CUST00421,2025-09-14,completed,UPI,3999
ORD000904,CUST00421,2026-08-20,completed,Card,4898
ORD000905,CUST00422,2025-11-07,completed,UPI,5197
ORD000906,CUST00422,2026-01-27,completed,UPI,5498
ORD000907,CUST00422,2025-06-03,completed,NetBanking,4298
ORD000908,CUST00422,2026-05-01,returned,Card,2499
ORD000909,CUST00422,2026-02-13,completed,Card,1299
ORD000910,CUST00422,2025-12-17,completed,NetBanking,1799
ORD000911,CUST00422,2025-10-21,completed,UPI,1598
ORD000912,CUST00422,2025-04-21,completed,COD,4898
ORD000913,CUST00423,2026-03-02,completed,UPI,2998
ORD000914,CUST00423,2025-08-29,completed,COD,2499
ORD000915,CUST00423,2026-02-10,completed,UPI,1898
ORD000916,CUST00423,2026-02-07,completed,UPI,3498
ORD000917,CUST00424,2025-07-22,completed,UPI,7997
ORD000918,CUST00425,2026-05-24,completed,UPI,3998
ORD000919,CUST00425,2026-02-01,completed,UPI,1299
ORD000920,CUST00425,2025-06-27,completed,UPI,4097
ORD000921,CUST00425,2025-12-23,completed,Card,6497
ORD000922,CUST00425,2025-07-02,completed,UPI,2499
ORD000923,CUST00425,2025-08-14,completed,Card,2499
ORD000924,CUST00426,2025-04-22,completed,COD,3097
ORD000925,CUST00426,2026-04-17,completed,COD,1499
ORD000926,CUST00426,2025-09-08,cancelled,NetBanking,7997
ORD000927,CUST00426,2025-12-05,completed,UPI,499
ORD000928,CUST00428,2025-03-27,completed,Card,2998
ORD000929,CUST00428,2025-10-09,completed,NetBanking,1299
ORD000930,CUST00428,2025-09-04,completed,NetBanking,1299
ORD000931,CUST00428,2026-04-09,completed,UPI,499
ORD000932,CUST00429,2025-07-21,completed,COD,1299
ORD000933,CUST00430,2026-05-26,completed,NetBanking,999
ORD000934,CUST00430,2025-07-16,completed,COD,3697
ORD000935,CUST00430,2026-06-25,completed,UPI,3098
ORD000936,CUST00430,2026-06-03,completed,Card,2499
ORD000937,CUST00430,2025-10-10,completed,COD,3999
ORD000938,CUST00430,2025-07-27,completed,NetBanking,4298
ORD000939,CUST00430,2025-12-22,completed,COD,3297
ORD000940,CUST00431,2025-10-26,completed,Card,5797
ORD000941,CUST00432,2026-03-26,completed,UPI,3797
ORD000942,CUST00432,2026-07-03,completed,Card,699
ORD000943,CUST00433,2026-02-24,cancelled,NetBanking,499
ORD000944,CUST00434,2025-10-27,completed,UPI,3398
ORD000945,CUST00434,2025-09-12,completed,UPI,4298
ORD000946,CUST00434,2025-12-30,completed,COD,1398
ORD000947,CUST00434,2026-03-22,completed,Card,1299
ORD000948,CUST00434,2025-03-12,completed,Card,7697
ORD000949,CUST00434,2025-08-14,cancelled,Card,3999
ORD000950,CUST00434,2025-04-05,completed,COD,699
ORD000951,CUST00434,2025-09-30,completed,COD,3999
ORD000952,CUST00435,2026-07-23,completed,NetBanking,2998
ORD000953,CUST00436,2025-03-11,cancelled,COD,699
ORD000954,CUST00436,2025-10-30,completed,NetBanking,1299
ORD000955,CUST00436,2025-07-16,completed,Card,1799
ORD000956,CUST00436,2025-08-24,completed,UPI,5298
ORD000957,CUST00436,2026-08-21,completed,NetBanking,2997
ORD000958,CUST00436,2025-07-21,cancelled,COD,6497
ORD000959,CUST00437,2025-10-09,completed,UPI,499
ORD000960,CUST00437,2026-07-29,completed,UPI,4697
ORD000961,CUST00437,2025-03-28,completed,Card,1499
ORD000962,CUST00438,2026-05-02,completed,Card,6498
ORD000963,CUST00438,2025-05-09,completed,UPI,699
ORD000964,CUST00440,2026-06-02,completed,COD,5498
ORD000965,CUST00441,2025-09-13,completed,Card,4298
ORD000966,CUST00442,2025-07-10,returned,Card,2498
ORD000967,CUST00443,2025-09-26,completed,UPI,6498
ORD000968,CUST00443,2025-12-27,completed,UPI,2998
ORD000969,CUST00444,2025-09-21,completed,UPI,2498
ORD000970,CUST00444,2026-06-27,completed,COD,4797
ORD000971,CUST00444,2025-07-12,completed,COD,3298
ORD000972,CUST00444,2026-05-23,cancelled,Card,7297
ORD000973,CUST00444,2025-05-26,completed,NetBanking,3098
ORD000974,CUST00444,2026-08-01,completed,NetBanking,3198
ORD000975,CUST00445,2026-07-27,completed,UPI,2298
ORD000976,CUST00445,2025-04-01,completed,UPI,3498
ORD000977,CUST00445,2026-02-20,completed,NetBanking,7497
ORD000978,CUST00445,2025-10-31,completed,Card,4197
ORD000979,CUST00445,2026-06-02,completed,COD,5997
ORD000980,CUST00445,2025-03-09,completed,Card,6498
ORD000981,CUST00446,2026-06-13,completed,NetBanking,2998
ORD000982,CUST00446,2026-02-20,completed,COD,3698
ORD000983,CUST00446,2026-08-11,completed,Card,4597
ORD000984,CUST00446,2025-06-17,completed,UPI,2998
ORD000985,CUST00447,2025-12-09,completed,UPI,1799
ORD000986,CUST00448,2025-08-25,completed,UPI,4298
ORD000987,CUST00449,2025-03-24,cancelled,COD,2798
ORD000988,CUST00450,2025-11-19,cancelled,UPI,3198
ORD000989,CUST00450,2025-11-20,completed,UPI,3999
ORD000990,CUST00453,2026-07-28,completed,NetBanking,499
ORD000991,CUST00454,2026-06-18,completed,UPI,699
ORD000992,CUST00454,2026-06-18,completed,NetBanking,3697
ORD000993,CUST00454,2025-05-01,completed,UPI,699
ORD000994,CUST00454,2026-06-19,completed,NetBanking,2398
ORD000995,CUST00454,2026-04-18,completed,UPI,3998
ORD000996,CUST00455,2025-09-13,completed,Card,499
ORD000997,CUST00455,2025-05-25,completed,COD,4998
ORD000998,CUST00455,2026-03-12,completed,Card,2499
ORD000999,CUST00455,2025-12-03,completed,COD,1798
ORD001000,CUST00456,2026-06-24,completed,COD,2999
ORD001001,CUST00456,2025-07-20,completed,UPI,1299
ORD001002,CUST00456,2025-05-14,completed,UPI,2499
ORD001003,CUST00456,2025-07-19,completed,Card,3997
ORD001004,CUST00456,2025-04-24,completed,NetBanking,1299
ORD001005,CUST00457,2025-11-27,completed,NetBanking,3498
ORD001006,CUST00457,2025-07-18,completed,NetBanking,999
ORD001007,CUST00457,2026-01-13,completed,NetBanking,2499
ORD001008,CUST00458,2026-02-01,completed,COD,1499
ORD001009,CUST00459,2025-07-09,completed,NetBanking,1499
ORD001010,CUST00459,2026-01-13,returned,NetBanking,2499
ORD001011,CUST00459,2026-03-15,completed,Card,5997
ORD001012,CUST00459,2026-08-03,completed,COD,2999
ORD001013,CUST00459,2026-08-03,completed,NetBanking,1799
ORD001014,CUST00459,2025-11-21,completed,NetBanking,2999
ORD001015,CUST00460,2026-06-28,completed,Card,1698
ORD001016,CUST00460,2025-04-04,completed,COD,4897
ORD001017,CUST00460,2025-12-30,completed,Card,5498
ORD001018,CUST00460,2026-07-22,completed,COD,6197
ORD001019,CUST00463,2025-03-22,completed,UPI,2998
ORD001020,CUST00464,2026-06-23,completed,UPI,1498
ORD001021,CUST00464,2026-05-19,completed,NetBanking,499
ORD001022,CUST00464,2026-06-23,completed,Card,7097
ORD001023,CUST00464,2025-07-06,completed,NetBanking,4297
ORD001024,CUST00464,2025-11-08,completed,NetBanking,1998
ORD001025,CUST00464,2025-08-07,completed,COD,3398
ORD001026,CUST00464,2025-11-24,completed,COD,3898
ORD001027,CUST00465,2026-08-02,completed,NetBanking,6498
ORD001028,CUST00465,2025-07-26,completed,NetBanking,2499
ORD001029,CUST00466,2025-03-25,completed,COD,2298
ORD001030,CUST00466,2025-06-13,completed,NetBanking,3198
ORD001031,CUST00467,2026-04-03,completed,UPI,2298
ORD001032,CUST00468,2025-07-04,returned,UPI,2198
ORD001033,CUST00468,2026-07-02,completed,Card,2999
ORD001034,CUST00468,2026-05-27,completed,Card,3098
ORD001035,CUST00468,2026-01-20,completed,Card,4298
ORD001036,CUST00468,2026-05-26,completed,UPI,3398
ORD001037,CUST00468,2026-02-16,completed,UPI,4298
ORD001038,CUST00469,2025-11-19,completed,Card,3397
ORD001039,CUST00469,2026-07-22,completed,UPI,499
ORD001040,CUST00469,2026-02-28,completed,COD,499
ORD001041,CUST00470,2025-10-14,completed,Card,3398
ORD001042,CUST00470,2026-06-22,completed,COD,3999
ORD001043,CUST00471,2025-09-14,completed,UPI,3998
ORD001044,CUST00471,2025-08-11,completed,UPI,4697
ORD001045,CUST00472,2025-03-01,completed,Card,4298
ORD001046,CUST00473,2025-07-03,completed,Card,2999
ORD001047,CUST00474,2026-01-26,completed,UPI,499
ORD001048,CUST00474,2026-01-30,completed,UPI,3298
ORD001049,CUST00474,2026-06-15,completed,Card,499
ORD001050,CUST00474,2025-03-15,completed,COD,3198
ORD001051,CUST00474,2026-02-08,completed,Card,699
ORD001052,CUST00474,2025-03-25,completed,NetBanking,5797
ORD001053,CUST00474,2026-02-10,cancelled,NetBanking,2499
ORD001054,CUST00474,2026-02-07,completed,COD,1299
ORD001055,CUST00475,2026-04-27,completed,COD,1799
ORD001056,CUST00477,2026-02-11,completed,NetBanking,1299
ORD001057,CUST00478,2025-10-18,completed,NetBanking,2499
ORD001058,CUST00478,2026-04-15,completed,Card,1198
ORD001059,CUST00478,2025-12-19,completed,COD,1698
ORD001060,CUST00478,2026-05-04,completed,UPI,7697
ORD001061,CUST00478,2026-04-09,completed,COD,1998
ORD001062,CUST00479,2025-10-28,completed,COD,2999
ORD001063,CUST00480,2026-06-28,completed,UPI,899
ORD001064,CUST00480,2026-05-16,completed,Card,2198
ORD001065,CUST00481,2026-05-24,completed,COD,2998
ORD001066,CUST00481,2025-09-22,completed,Card,5498
ORD001067,CUST00481,2026-05-17,completed,Card,2499
ORD001068,CUST00481,2026-06-24,cancelled,NetBanking,3999
ORD001069,CUST00481,2026-04-03,completed,UPI,1299
ORD001070,CUST00481,2025-03-28,completed,Card,8497
ORD001071,CUST00482,2025-07-24,completed,UPI,2499
ORD001072,CUST00482,2026-02-05,cancelled,Card,1898
ORD001073,CUST00482,2025-04-01,completed,Card,1498
ORD001074,CUST00482,2025-07-07,completed,COD,2398
ORD001075,CUST00482,2025-03-29,completed,COD,2499
ORD001076,CUST00483,2025-12-04,cancelled,Card,2499
ORD001077,CUST00484,2026-05-30,completed,NetBanking,8297
ORD001078,CUST00484,2025-09-18,completed,COD,999
ORD001079,CUST00485,2026-05-22,completed,UPI,4298
ORD001080,CUST00485,2026-01-27,completed,COD,6297
ORD001081,CUST00485,2026-01-09,completed,UPI,2499
ORD001082,CUST00486,2025-11-12,completed,Card,2798
ORD001083,CUST00487,2025-11-20,completed,Card,2499
ORD001084,CUST00488,2025-10-11,completed,NetBanking,1299
ORD001085,CUST00488,2025-03-25,completed,UPI,499
ORD001086,CUST00488,2025-12-22,completed,UPI,4798
ORD001087,CUST00489,2026-03-08,completed,UPI,2798
ORD001088,CUST00490,2025-12-29,completed,UPI,899
ORD001089,CUST00491,2026-04-16,completed,COD,2798
ORD001090,CUST00491,2026-04-14,cancelled,UPI,2798
ORD001091,CUST00492,2026-02-25,completed,NetBanking,5297
ORD001092,CUST00493,2026-01-23,cancelled,COD,4897
ORD001093,CUST00493,2025-07-16,completed,Card,2498
ORD001094,CUST00493,2025-03-06,completed,Card,5498
ORD001095,CUST00494,2026-06-22,completed,UPI,3198
ORD001096,CUST00494,2026-03-25,completed,Card,2998
ORD001097,CUST00494,2025-05-29,completed,UPI,2998
ORD001098,CUST00495,2025-05-20,completed,NetBanking,5498
ORD001099,CUST00495,2026-02-15,completed,NetBanking,2997
ORD001100,CUST00496,2025-05-16,completed,NetBanking,3997
ORD001101,CUST00496,2025-05-14,cancelled,UPI,1998
ORD001102,CUST00497,2025-11-03,completed,COD,1398
ORD001103,CUST00498,2025-11-12,completed,UPI,3998
ORD001104,CUST00498,2025-06-22,completed,COD,2997
ORD001105,CUST00498,2026-05-06,completed,Card,3998
ORD001106,CUST00499,2026-05-16,completed,COD,1799
ORD001107,CUST00499,2026-07-06,completed,Card,3999
ORD001108,CUST00499,2026-07-20,completed,Card,2198
ORD001109,CUST00499,2026-06-09,completed,NetBanking,9497
ORD001110,CUST00499,2026-02-24,completed,UPI,1998
ORD001111,CUST00499,2025-06-05,completed,Card,3498
ORD001112,CUST00500,2025-12-20,completed,UPI,2499
ORD001113,CUST00501,2025-12-09,completed,NetBanking,4097
ORD001114,CUST00501,2025-08-11,completed,NetBanking,699
ORD001115,CUST00502,2025-04-20,completed,Card,899
ORD001116,CUST00503,2025-09-05,completed,Card,2698
ORD001117,CUST00503,2025-11-27,completed,UPI,3999
ORD001118,CUST00504,2026-06-23,completed,COD,3498
ORD001119,CUST00504,2026-06-30,completed,COD,3198
ORD001120,CUST00505,2025-05-06,completed,UPI,3498
ORD001121,CUST00506,2025-12-21,completed,NetBanking,3498
ORD001122,CUST00506,2025-11-08,completed,COD,1998
ORD001123,CUST00506,2025-04-22,completed,NetBanking,6498
ORD001124,CUST00506,2025-10-14,completed,NetBanking,3697
ORD001125,CUST00506,2026-07-30,completed,Card,1799
ORD001126,CUST00506,2025-05-11,completed,COD,2499
ORD001127,CUST00507,2025-06-23,completed,NetBanking,3398
ORD001128,CUST00507,2026-01-17,completed,UPI,1299
ORD001129,CUST00507,2026-05-06,cancelled,UPI,6497
ORD001130,CUST00507,2025-04-16,completed,COD,3198
ORD001131,CUST00507,2025-11-29,completed,Card,7497
ORD001132,CUST00507,2025-08-08,completed,COD,3798
ORD001133,CUST00508,2026-04-12,completed,NetBanking,3998
ORD001134,CUST00509,2026-07-07,completed,UPI,3498
ORD001135,CUST00509,2025-03-15,completed,Card,2998
ORD001136,CUST00509,2025-07-22,completed,COD,4798
ORD001137,CUST00509,2026-03-14,completed,UPI,3198
ORD001138,CUST00509,2025-11-03,completed,Card,499
ORD001139,CUST00510,2025-12-19,completed,NetBanking,1698
ORD001140,CUST00510,2025-12-29,completed,Card,6998
ORD001141,CUST00510,2026-01-16,returned,COD,2999
ORD001142,CUST00511,2026-04-10,completed,UPI,3898
ORD001143,CUST00512,2025-04-12,completed,Card,3498
ORD001144,CUST00512,2026-04-09,completed,UPI,1299
ORD001145,CUST00513,2025-08-11,completed,NetBanking,4698
ORD001146,CUST00514,2026-07-05,cancelled,COD,1798
ORD001147,CUST00516,2026-04-11,completed,UPI,3198
ORD001148,CUST00516,2025-09-06,completed,COD,3999
ORD001149,CUST00516,2025-08-06,completed,Card,2998
ORD001150,CUST00516,2026-01-13,completed,NetBanking,1299
ORD001151,CUST00517,2025-04-03,completed,NetBanking,1698
ORD001152,CUST00519,2025-03-27,completed,COD,3897
ORD001153,CUST00519,2025-10-04,completed,UPI,1898
ORD001154,CUST00520,2026-05-23,completed,COD,3197
ORD001155,CUST00521,2025-03-05,completed,NetBanking,2797
ORD001156,CUST00521,2025-03-17,completed,COD,3998
ORD001157,CUST00521,2025-09-05,completed,NetBanking,499
ORD001158,CUST00522,2026-06-02,completed,Card,4397
ORD001159,CUST00523,2026-06-28,returned,Card,1799
ORD001160,CUST00523,2025-11-02,completed,UPI,3498
ORD001161,CUST00525,2025-04-17,completed,UPI,1898
ORD001162,CUST00525,2026-03-23,completed,NetBanking,2398
ORD001163,CUST00526,2025-11-12,completed,UPI,1398
ORD001164,CUST00527,2026-08-15,cancelled,Card,999
ORD001165,CUST00527,2026-01-01,completed,Card,499
ORD001166,CUST00527,2025-03-29,completed,Card,5697
ORD001167,CUST00527,2026-07-19,returned,Card,3398
ORD001168,CUST00527,2025-08-11,cancelled,NetBanking,2499
ORD001169,CUST00527,2025-09-01,completed,NetBanking,899
ORD001170,CUST00528,2025-08-03,completed,UPI,5497
ORD001171,CUST00528,2025-08-29,completed,COD,499
ORD001172,CUST00529,2026-07-09,completed,Card,899
ORD001173,CUST00530,2025-06-09,completed,UPI,6397
ORD001174,CUST00530,2025-06-16,completed,Card,4998
ORD001175,CUST00530,2025-08-26,cancelled,NetBanking,2298
ORD001176,CUST00530,2025-05-14,completed,COD,4998
ORD001177,CUST00530,2025-04-29,completed,COD,2499
ORD001178,CUST00530,2025-07-23,completed,UPI,2998
ORD001179,CUST00531,2025-04-17,completed,Card,1499
ORD001180,CUST00532,2025-12-15,completed,Card,1299
ORD001181,CUST00532,2025-06-24,completed,NetBanking,3498
ORD001182,CUST00532,2025-05-17,completed,Card,5597
ORD001183,CUST00533,2026-03-05,completed,UPI,3999
ORD001184,CUST00533,2025-06-10,completed,Card,699
ORD001185,CUST00533,2025-08-19,completed,COD,5798
ORD001186,CUST00534,2026-06-23,completed,NetBanking,3798
ORD001187,CUST00535,2025-06-07,completed,UPI,3098
ORD001188,CUST00535,2025-08-22,completed,UPI,6998
ORD001189,CUST00536,2025-12-15,cancelled,NetBanking,2499
ORD001190,CUST00536,2025-05-16,completed,NetBanking,6197
ORD001191,CUST00537,2025-08-15,completed,Card,1799
ORD001192,CUST00537,2026-07-22,completed,UPI,1799
ORD001193,CUST00537,2025-10-19,returned,NetBanking,699
ORD001194,CUST00537,2026-08-05,completed,Card,5298
ORD001195,CUST00537,2026-06-09,completed,Card,3798
ORD001196,CUST00537,2025-07-12,completed,Card,2499
ORD001197,CUST00538,2025-11-17,completed,UPI,1499
ORD001198,CUST00538,2025-04-10,completed,UPI,2998
ORD001199,CUST00538,2025-05-07,completed,UPI,1799
ORD001200,CUST00538,2026-06-15,completed,COD,3898
ORD001201,CUST00539,2025-09-16,completed,NetBanking,3398
ORD001202,CUST00539,2025-12-30,completed,UPI,3998
ORD001203,CUST00540,2025-07-06,completed,COD,3998
ORD001204,CUST00542,2026-06-19,completed,NetBanking,2999
ORD001205,CUST00542,2026-04-13,completed,UPI,2998
ORD001206,CUST00542,2026-06-04,completed,Card,1799
ORD001207,CUST00542,2025-08-04,completed,NetBanking,2999
ORD001208,CUST00542,2026-06-06,completed,NetBanking,2499
ORD001209,CUST00543,2025-09-11,completed,NetBanking,4697
ORD001210,CUST00544,2026-08-19,completed,Card,4498
ORD001211,CUST00544,2026-06-13,cancelled,UPI,5297
ORD001212,CUST00544,2025-08-15,completed,COD,4497
ORD001213,CUST00544,2025-09-17,completed,NetBanking,2498
ORD001214,CUST00544,2025-07-17,completed,Card,6497
ORD001215,CUST00544,2025-05-19,completed,COD,3098
ORD001216,CUST00545,2025-11-10,completed,Card,2998
ORD001217,CUST00546,2025-04-27,completed,NetBanking,2998
ORD001218,CUST00547,2025-07-15,completed,COD,3698
ORD001219,CUST00547,2025-10-03,completed,Card,2798
ORD001220,CUST00547,2026-03-09,completed,NetBanking,7697
ORD001221,CUST00547,2025-12-23,cancelled,NetBanking,2998
ORD001222,CUST00547,2025-11-27,completed,UPI,699
ORD001223,CUST00548,2026-01-01,completed,UPI,999
ORD001224,CUST00551,2026-03-11,completed,NetBanking,3697
ORD001225,CUST00551,2026-04-01,completed,NetBanking,1799
ORD001226,CUST00551,2026-05-26,completed,NetBanking,2398
ORD001227,CUST00551,2025-06-30,completed,NetBanking,5798
ORD001228,CUST00551,2025-05-17,completed,NetBanking,4297
ORD001229,CUST00551,2026-06-20,completed,UPI,3498
ORD001230,CUST00552,2026-07-29,completed,COD,2499
ORD001231,CUST00553,2026-03-29,cancelled,COD,6498
ORD001232,CUST00553,2025-03-14,completed,UPI,999
ORD001233,CUST00553,2026-03-22,completed,UPI,2298
ORD001234,CUST00554,2025-07-29,completed,NetBanking,4298
ORD001235,CUST00554,2025-03-10,completed,NetBanking,1799
ORD001236,CUST00554,2025-03-10,completed,Card,2499
ORD001237,CUST00554,2025-05-23,completed,Card,2499
ORD001238,CUST00556,2026-07-06,completed,Card,1499
ORD001239,CUST00557,2025-06-24,cancelled,NetBanking,2499
ORD001240,CUST00558,2025-12-28,completed,COD,4397
ORD001241,CUST00558,2026-07-31,completed,UPI,6498
ORD001242,CUST00558,2025-12-10,completed,COD,4298
ORD001243,CUST00558,2025-08-21,completed,NetBanking,6998
ORD001244,CUST00558,2025-12-05,completed,COD,999
ORD001245,CUST00558,2026-07-29,completed,Card,5197
ORD001246,CUST00558,2026-04-04,completed,NetBanking,6498
ORD001247,CUST00558,2025-10-10,completed,Card,6498
ORD001248,CUST00559,2025-04-27,returned,NetBanking,2499
ORD001249,CUST00560,2026-04-24,completed,NetBanking,3498
ORD001250,CUST00560,2026-01-09,completed,Card,5498
ORD001251,CUST00560,2025-05-29,completed,Card,999
ORD001252,CUST00560,2026-03-24,completed,Card,1499
ORD001253,CUST00560,2025-12-10,completed,COD,3498
ORD001254,CUST00560,2026-03-18,completed,COD,2499
ORD001255,CUST00561,2026-06-08,completed,COD,6497
ORD001256,CUST00561,2025-10-15,completed,UPI,4298
ORD001257,CUST00562,2025-08-22,completed,UPI,2498
ORD001258,CUST00563,2025-05-24,completed,COD,2897
ORD001259,CUST00563,2026-01-30,completed,UPI,4097
ORD001260,CUST00563,2025-07-24,completed,NetBanking,2499
ORD001261,CUST00563,2025-05-31,completed,COD,699
ORD001262,CUST00563,2026-01-22,completed,COD,5997
ORD001263,CUST00563,2026-03-20,completed,Card,4698
ORD001264,CUST00563,2026-05-19,completed,Card,2998
ORD001265,CUST00563,2025-03-23,completed,COD,6498
ORD001266,CUST00564,2026-08-21,completed,Card,2298
ORD001267,CUST00565,2025-10-10,completed,UPI,6997
ORD001268,CUST00565,2026-03-29,completed,NetBanking,2998
ORD001269,CUST00565,2025-12-24,completed,Card,1498
ORD001270,CUST00567,2025-03-17,completed,Card,4497
ORD001271,CUST00568,2025-05-08,completed,COD,3498
ORD001272,CUST00568,2026-06-18,completed,NetBanking,2498
ORD001273,CUST00568,2025-12-31,completed,NetBanking,7697
ORD001274,CUST00568,2025-09-23,completed,Card,3999
ORD001275,CUST00569,2026-03-26,completed,UPI,499
ORD001276,CUST00569,2025-07-17,completed,Card,2499
ORD001277,CUST00569,2026-03-09,completed,UPI,6997
ORD001278,CUST00569,2025-07-25,completed,UPI,2998
ORD001279,CUST00569,2026-03-30,completed,COD,4698
ORD001280,CUST00569,2026-05-22,completed,COD,2497
ORD001281,CUST00570,2025-11-11,completed,Card,3998
ORD001282,CUST00571,2026-02-17,completed,COD,4497
ORD001283,CUST00571,2025-06-23,completed,NetBanking,6197
ORD001284,CUST00572,2026-03-02,cancelled,NetBanking,3898
ORD001285,CUST00572,2026-01-16,completed,UPI,1998
ORD001286,CUST00573,2025-03-31,completed,COD,699
ORD001287,CUST00573,2026-07-21,completed,COD,2499
ORD001288,CUST00574,2026-07-13,completed,COD,4698
ORD001289,CUST00574,2025-04-14,completed,Card,5297
ORD001290,CUST00575,2026-07-29,completed,COD,6498
ORD001291,CUST00576,2025-04-03,completed,Card,999
ORD001292,CUST00576,2025-06-17,completed,UPI,5197
ORD001293,CUST00576,2026-03-30,completed,Card,4298
ORD001294,CUST00577,2026-07-28,completed,NetBanking,2298
ORD001295,CUST00577,2025-06-01,cancelled,NetBanking,2498
ORD001296,CUST00577,2026-03-03,completed,COD,3498
ORD001297,CUST00579,2026-04-29,completed,Card,2998
ORD001298,CUST00579,2026-04-02,completed,COD,3898
ORD001299,CUST00579,2025-06-28,completed,Card,3498
ORD001300,CUST00579,2025-07-13,completed,NetBanking,1499
ORD001301,CUST00580,2026-04-09,completed,COD,2499
ORD001302,CUST00580,2026-06-05,completed,COD,3497
ORD001303,CUST00580,2026-08-02,completed,COD,499
ORD001304,CUST00582,2025-10-16,completed,Card,2998
ORD001305,CUST00582,2025-09-01,completed,Card,4698
ORD001306,CUST00583,2025-03-05,cancelled,COD,2499
ORD001307,CUST00583,2026-04-04,completed,Card,3998
ORD001308,CUST00583,2026-06-21,returned,COD,2999
ORD001309,CUST00584,2025-03-05,completed,COD,2998
ORD001310,CUST00585,2026-06-25,completed,NetBanking,3497
ORD001311,CUST00585,2025-05-06,completed,Card,2499
ORD001312,CUST00585,2026-06-24,completed,COD,5597
ORD001313,CUST00585,2025-09-28,completed,UPI,1498
ORD001314,CUST00586,2026-08-10,completed,COD,4397
ORD001315,CUST00587,2025-07-21,completed,Card,3999
ORD001316,CUST00587,2026-07-28,completed,COD,2499
ORD001317,CUST00587,2026-05-09,completed,Card,3198
ORD001318,CUST00587,2026-08-02,completed,UPI,4097
ORD001319,CUST00587,2025-09-14,completed,UPI,4697
ORD001320,CUST00588,2025-10-17,completed,UPI,2499
ORD001321,CUST00588,2025-09-22,completed,COD,7297
ORD001322,CUST00590,2025-06-09,completed,NetBanking,499
ORD001323,CUST00591,2026-04-17,completed,COD,3999
ORD001324,CUST00591,2026-02-01,completed,NetBanking,1598
ORD001325,CUST00591,2025-08-11,completed,UPI,1998
ORD001326,CUST00591,2025-05-15,completed,UPI,3498
ORD001327,CUST00591,2025-11-07,completed,Card,3498
ORD001328,CUST00591,2026-08-03,cancelled,NetBanking,9497
ORD001329,CUST00592,2025-03-25,completed,NetBanking,699
ORD001330,CUST00592,2026-01-22,completed,Card,999
ORD001331,CUST00592,2026-05-22,completed,NetBanking,3398
ORD001332,CUST00592,2026-02-18,completed,Card,499
ORD001333,CUST00592,2026-03-09,cancelled,UPI,999
ORD001334,CUST00592,2025-12-17,completed,Card,7997
ORD001335,CUST00593,2026-04-24,completed,Card,3798
ORD001336,CUST00594,2025-03-30,cancelled,UPI,1998
ORD001337,CUST00595,2025-08-09,completed,Card,2798
ORD001338,CUST00595,2026-05-28,completed,NetBanking,2499
ORD001339,CUST00597,2025-11-12,completed,COD,4798
ORD001340,CUST00597,2025-06-12,completed,NetBanking,3998
ORD001341,CUST00597,2025-09-15,completed,Card,3998
ORD001342,CUST00597,2025-11-05,completed,COD,5498
ORD001343,CUST00597,2026-07-21,completed,UPI,4997
ORD001344,CUST00597,2025-04-29,completed,NetBanking,2298
ORD001345,CUST00598,2025-12-04,returned,UPI,5498
ORD001346,CUST00598,2025-06-01,completed,UPI,3398
ORD001347,CUST00599,2025-05-12,cancelled,NetBanking,1799
ORD001348,CUST00600,2025-11-19,completed,Card,2997
ORD001349,CUST00600,2026-04-16,completed,NetBanking,2499
ORD001350,CUST00600,2025-06-16,completed,Card,2698
ORD001351,CUST00600,2025-07-25,completed,NetBanking,699
ORD001352,CUST00601,2025-08-27,completed,NetBanking,2499
ORD001353,CUST00602,2026-01-02,completed,UPI,3398
ORD001354,CUST00602,2025-09-02,completed,Card,899
ORD001355,CUST00602,2025-07-21,completed,NetBanking,3498
ORD001356,CUST00602,2025-05-12,completed,Card,3897
ORD001357,CUST00602,2026-06-16,completed,UPI,499
ORD001358,CUST00602,2026-08-05,completed,COD,3897
ORD001359,CUST00603,2025-03-09,completed,UPI,1499
ORD001360,CUST00603,2026-06-27,completed,Card,6998
ORD001361,CUST00604,2025-10-15,completed,NetBanking,3498
ORD001362,CUST00604,2026-05-23,completed,Card,1799
ORD001363,CUST00605,2025-07-17,completed,COD,3098
ORD001364,CUST00605,2025-12-02,completed,COD,2998
ORD001365,CUST00606,2025-03-14,completed,COD,5298
ORD001366,CUST00607,2025-08-27,completed,COD,3999
ORD001367,CUST00607,2025-12-14,completed,NetBanking,2999
ORD001368,CUST00607,2026-01-18,completed,Card,3698
ORD001369,CUST00608,2026-01-25,completed,UPI,899
ORD001370,CUST00608,2026-08-16,completed,NetBanking,2499
ORD001371,CUST00608,2026-05-18,completed,COD,6498
ORD001372,CUST00609,2026-05-13,completed,COD,2999
ORD001373,CUST00610,2025-03-10,returned,Card,499
ORD001374,CUST00611,2025-11-21,completed,UPI,3298
ORD001375,CUST00612,2025-11-10,cancelled,Card,3498
ORD001376,CUST00612,2025-11-06,completed,UPI,4298
ORD001377,CUST00612,2026-02-11,completed,Card,3098
ORD001378,CUST00613,2025-03-08,completed,UPI,3798
ORD001379,CUST00613,2026-03-22,completed,COD,999
ORD001380,CUST00614,2026-06-17,cancelled,Card,2499
ORD001381,CUST00614,2026-06-24,completed,Card,2198
ORD001382,CUST00614,2026-04-28,completed,NetBanking,5298
ORD001383,CUST00614,2025-06-01,completed,UPI,499
ORD001384,CUST00614,2026-04-06,completed,NetBanking,9497
ORD001385,CUST00616,2026-03-12,completed,NetBanking,3297
ORD001386,CUST00616,2025-03-04,completed,Card,2499
ORD001387,CUST00616,2025-08-10,completed,COD,6197
ORD001388,CUST00616,2026-03-25,completed,Card,4397
ORD001389,CUST00618,2025-06-03,completed,COD,3498
ORD001390,CUST00618,2026-01-16,completed,Card,1698
ORD001391,CUST00618,2025-10-02,completed,NetBanking,4697
ORD001392,CUST00618,2026-04-09,completed,UPI,999
ORD001393,CUST00618,2026-04-11,completed,COD,2499
ORD001394,CUST00618,2025-08-09,completed,Card,1499
ORD001395,CUST00620,2025-09-29,completed,UPI,4997
ORD001396,CUST00621,2025-06-01,completed,UPI,2998
ORD001397,CUST00622,2025-05-02,completed,COD,999
ORD001398,CUST00622,2026-05-16,completed,NetBanking,4498
ORD001399,CUST00623,2025-05-14,completed,Card,3398
ORD001400,CUST00623,2025-08-14,completed,UPI,4197
ORD001401,CUST00623,2026-03-27,completed,COD,2499
ORD001402,CUST00623,2025-03-07,completed,UPI,7697
ORD001403,CUST00623,2026-03-24,completed,UPI,2499
ORD001404,CUST00624,2026-05-01,completed,Card,2498
ORD001405,CUST00625,2025-05-17,completed,Card,3198
ORD001406,CUST00625,2026-08-20,completed,COD,699
ORD001407,CUST00625,2025-05-18,completed,NetBanking,1799
ORD001408,CUST00626,2025-03-25,completed,COD,5498
ORD001409,CUST00626,2026-05-30,completed,COD,499
ORD001410,CUST00626,2025-05-22,completed,Card,6998
ORD001411,CUST00628,2025-12-25,completed,UPI,2499
ORD001412,CUST00628,2026-03-01,completed,UPI,5498
ORD001413,CUST00628,2026-05-26,completed,Card,2198
ORD001414,CUST00628,2026-02-06,returned,UPI,3597
ORD001415,CUST00628,2025-10-24,completed,UPI,1798
ORD001416,CUST00628,2025-08-20,completed,UPI,1198
ORD001417,CUST00629,2025-10-24,completed,NetBanking,2097
ORD001418,CUST00629,2026-08-20,completed,NetBanking,2998
ORD001419,CUST00629,2025-06-07,completed,NetBanking,6797
ORD001420,CUST00629,2025-04-28,completed,UPI,6498
ORD001421,CUST00630,2026-01-17,completed,UPI,3798
ORD001422,CUST00630,2025-04-23,completed,UPI,5397
ORD001423,CUST00631,2026-06-26,completed,Card,2499
ORD001424,CUST00631,2025-11-18,completed,COD,1698
ORD001425,CUST00631,2025-09-30,completed,COD,999
ORD001426,CUST00631,2025-07-17,completed,Card,699
ORD001427,CUST00631,2025-03-07,completed,Card,1898
ORD001428,CUST00631,2026-02-28,completed,NetBanking,3198
ORD001429,CUST00631,2025-10-08,completed,Card,999
ORD001430,CUST00632,2026-04-10,completed,NetBanking,4097
ORD001431,CUST00632,2025-04-22,completed,NetBanking,6297
ORD001432,CUST00633,2025-08-01,completed,Card,1498
ORD001433,CUST00633,2026-08-10,completed,NetBanking,3498
ORD001434,CUST00634,2025-07-17,completed,Card,3998
ORD001435,CUST00634,2025-09-02,completed,UPI,2998
ORD001436,CUST00634,2025-11-16,completed,COD,3698
ORD001437,CUST00634,2025-09-23,completed,UPI,4397
ORD001438,CUST00634,2026-01-12,completed,COD,2698
ORD001439,CUST00635,2025-06-05,completed,NetBanking,3198
ORD001440,CUST00635,2026-06-25,completed,UPI,899
ORD001441,CUST00635,2026-08-14,completed,COD,4298
ORD001442,CUST00636,2025-12-10,completed,UPI,2499
ORD001443,CUST00636,2026-07-28,completed,COD,1799
ORD001444,CUST00636,2025-06-12,completed,UPI,4498
ORD001445,CUST00636,2025-11-26,completed,COD,4998
ORD001446,CUST00637,2026-01-30,completed,COD,5298
ORD001447,CUST00638,2026-08-04,completed,COD,899
ORD001448,CUST00639,2025-03-27,completed,NetBanking,4498
ORD001449,CUST00639,2025-09-14,completed,COD,2998
ORD001450,CUST00641,2025-09-25,completed,UPI,3498
ORD001451,CUST00641,2026-05-20,completed,NetBanking,5498
ORD001452,CUST00644,2025-03-03,completed,UPI,5498
ORD001453,CUST00644,2025-07-31,completed,UPI,3498
ORD001454,CUST00644,2026-05-30,completed,NetBanking,3697
ORD001455,CUST00644,2026-01-07,completed,Card,3397
ORD001456,CUST00644,2026-03-19,completed,COD,2298
ORD001457,CUST00644,2026-01-24,returned,UPI,3797
ORD001458,CUST00645,2026-01-25,completed,COD,2198
ORD001459,CUST00645,2026-07-21,completed,UPI,999
ORD001460,CUST00646,2026-06-30,completed,Card,2998
ORD001461,CUST00646,2026-02-22,completed,Card,699
ORD001462,CUST00647,2025-06-10,completed,UPI,3098
ORD001463,CUST00648,2026-05-23,completed,COD,4298
ORD001464,CUST00648,2026-05-15,completed,UPI,4097
ORD001465,CUST00648,2025-12-27,completed,COD,2798
ORD001466,CUST00649,2025-07-17,cancelled,Card,2499
ORD001467,CUST00651,2026-02-20,completed,NetBanking,4498
ORD001468,CUST00652,2026-05-06,completed,NetBanking,999
ORD001469,CUST00653,2026-03-29,completed,UPI,4297
ORD001470,CUST00654,2026-04-05,completed,Card,5498
ORD001471,CUST00654,2026-04-07,cancelled,UPI,4797
ORD001472,CUST00654,2025-07-17,completed,COD,2798
ORD001473,CUST00654,2026-01-25,completed,Card,3798
ORD001474,CUST00654,2025-06-25,completed,NetBanking,699
ORD001475,CUST00654,2025-10-16,completed,COD,999
ORD001476,CUST00655,2025-03-13,completed,NetBanking,1499
ORD001477,CUST00658,2026-06-07,completed,NetBanking,3998
ORD001478,CUST00659,2026-03-01,completed,COD,3999
ORD001479,CUST00659,2025-03-12,returned,NetBanking,1799
ORD001480,CUST00660,2025-08-08,completed,NetBanking,2798
ORD001481,CUST00660,2025-06-03,completed,COD,4897
ORD001482,CUST00660,2025-08-25,cancelled,COD,899
ORD001483,CUST00661,2025-11-08,completed,NetBanking,2499
ORD001484,CUST00661,2026-02-18,completed,Card,7297
ORD001485,CUST00661,2026-06-30,completed,Card,2499
ORD001486,CUST00661,2026-06-09,completed,COD,7997
ORD001487,CUST00662,2026-05-08,completed,NetBanking,6498
ORD001488,CUST00663,2026-03-21,completed,Card,5498
ORD001489,CUST00664,2025-07-23,completed,UPI,1799
ORD001490,CUST00664,2025-03-03,completed,NetBanking,3098
ORD001491,CUST00664,2025-04-14,completed,COD,699
ORD001492,CUST00665,2026-01-04,completed,COD,3999
ORD001493,CUST00666,2026-08-10,completed,UPI,499
ORD001494,CUST00666,2026-08-16,completed,UPI,3398
ORD001495,CUST00666,2025-07-02,completed,NetBanking,2499
ORD001496,CUST00666,2025-04-04,completed,COD,3997
ORD001497,CUST00666,2025-04-08,completed,COD,3999
ORD001498,CUST00666,2026-04-29,completed,NetBanking,3999
ORD001499,CUST00666,2026-05-15,returned,NetBanking,5298
ORD001500,CUST00666,2026-08-19,completed,NetBanking,4697
ORD001501,CUST00667,2026-01-23,completed,Card,3798
ORD001502,CUST00667,2025-10-16,completed,UPI,3998
ORD001503,CUST00667,2026-05-04,completed,UPI,3999
ORD001504,CUST00667,2025-12-18,returned,COD,699
ORD001505,CUST00667,2025-12-23,completed,NetBanking,3498
ORD001506,CUST00667,2025-09-11,completed,UPI,2499
ORD001507,CUST00668,2026-06-27,returned,UPI,2498
ORD001508,CUST00669,2025-09-07,completed,NetBanking,3898
ORD001509,CUST00670,2026-01-23,completed,Card,5997
ORD001510,CUST00670,2026-01-14,completed,COD,3198
ORD001511,CUST00671,2026-08-10,completed,COD,5298
ORD001512,CUST00672,2026-03-28,completed,Card,3898
ORD001513,CUST00672,2026-06-13,completed,Card,2998
ORD001514,CUST00672,2026-06-25,completed,NetBanking,1499
ORD001515,CUST00672,2026-02-11,completed,Card,2499
ORD001516,CUST00673,2026-08-09,completed,Card,6498
ORD001517,CUST00673,2025-12-29,completed,NetBanking,1898
ORD001518,CUST00673,2026-06-09,completed,NetBanking,699
ORD001519,CUST00673,2025-11-08,completed,UPI,2499
ORD001520,CUST00673,2026-05-16,completed,COD,3398
ORD001521,CUST00673,2026-07-12,cancelled,UPI,3798
ORD001522,CUST00673,2025-05-21,completed,NetBanking,2998
ORD001523,CUST00673,2025-11-08,completed,UPI,999
ORD001524,CUST00674,2026-06-01,completed,NetBanking,3498
ORD001525,CUST00674,2025-07-24,completed,NetBanking,3798
ORD001526,CUST00674,2025-07-10,completed,COD,1799
ORD001527,CUST00674,2026-06-11,completed,UPI,2499
ORD001528,CUST00675,2026-08-16,completed,COD,5498
ORD001529,CUST00676,2025-04-05,completed,NetBanking,2997
ORD001530,CUST00676,2025-08-28,completed,NetBanking,3198
ORD001531,CUST00677,2025-11-08,completed,COD,2498
ORD001532,CUST00678,2025-11-06,completed,UPI,2499
ORD001533,CUST00678,2025-08-01,returned,COD,999
ORD001534,CUST00678,2026-06-29,completed,COD,6697
ORD001535,CUST00679,2025-10-07,completed,NetBanking,4197
ORD001536,CUST00679,2025-07-17,completed,Card,4298
ORD001537,CUST00679,2026-02-04,returned,COD,2998
ORD001538,CUST00679,2026-05-07,completed,COD,3898
ORD001539,CUST00679,2026-06-19,completed,UPI,1299
ORD001540,CUST00679,2025-04-15,completed,NetBanking,2499
ORD001541,CUST00679,2025-08-30,completed,COD,899
ORD001542,CUST00679,2025-09-03,completed,UPI,4898
ORD001543,CUST00680,2026-04-12,completed,UPI,3998
ORD001544,CUST00680,2025-11-27,completed,NetBanking,1799
ORD001545,CUST00680,2025-08-08,completed,COD,1598
ORD001546,CUST00681,2026-02-21,completed,NetBanking,2998
ORD001547,CUST00681,2025-06-26,completed,Card,2999
ORD001548,CUST00684,2025-10-09,completed,NetBanking,2499
ORD001549,CUST00684,2025-10-24,cancelled,NetBanking,1799
ORD001550,CUST00684,2025-07-12,completed,Card,4498
ORD001551,CUST00684,2025-05-11,completed,UPI,5798
ORD001552,CUST00685,2026-06-25,cancelled,UPI,3798
ORD001553,CUST00685,2025-04-06,completed,NetBanking,5297
ORD001554,CUST00687,2026-06-29,completed,NetBanking,3999
ORD001555,CUST00687,2025-10-22,completed,Card,2998
ORD001556,CUST00688,2026-02-20,completed,NetBanking,4298
ORD001557,CUST00688,2026-05-31,completed,UPI,2998
ORD001558,CUST00688,2025-04-26,completed,COD,3398
ORD001559,CUST00688,2026-03-31,completed,COD,3999
ORD001560,CUST00688,2025-05-30,completed,COD,1498
ORD001561,CUST00688,2025-08-28,completed,Card,1698
ORD001562,CUST00688,2025-04-09,completed,Card,3498
ORD001563,CUST00689,2025-03-17,completed,NetBanking,5298
ORD001564,CUST00691,2025-05-19,completed,UPI,3998
ORD001565,CUST00692,2025-09-26,completed,Card,3297
ORD001566,CUST00692,2026-07-08,cancelled,COD,4498
ORD001567,CUST00692,2026-06-15,completed,UPI,3398
ORD001568,CUST00693,2025-09-03,completed,NetBanking,4898
ORD001569,CUST00693,2025-09-04,returned,UPI,4297
ORD001570,CUST00693,2025-10-04,returned,UPI,1198
ORD001571,CUST00694,2025-08-08,completed,COD,5498
ORD001572,CUST00695,2026-07-07,completed,NetBanking,2499
ORD001573,CUST00695,2025-08-24,completed,COD,1898
ORD001574,CUST00696,2026-05-21,completed,Card,2798
ORD001575,CUST00697,2026-03-13,completed,Card,4298
ORD001576,CUST00697,2025-03-06,completed,NetBanking,4297
ORD001577,CUST00697,2025-07-26,completed,NetBanking,1799
ORD001578,CUST00697,2025-09-15,completed,COD,2798
ORD001579,CUST00697,2026-08-21,completed,UPI,3698
ORD001580,CUST00698,2026-06-09,completed,UPI,3999
ORD001581,CUST00699,2026-02-25,completed,COD,4298
ORD001582,CUST00700,2026-01-12,completed,UPI,9497
ORD001583,CUST00701,2025-06-20,completed,NetBanking,1898
ORD001584,CUST00702,2025-11-15,completed,COD,3998
ORD001585,CUST00703,2025-09-15,completed,Card,1498
ORD001586,CUST00704,2026-01-02,completed,COD,1398
ORD001587,CUST00704,2025-07-30,completed,UPI,999
ORD001588,CUST00704,2025-05-16,completed,COD,2499
ORD001589,CUST00705,2025-11-06,completed,NetBanking,1299
ORD001590,CUST00705,2025-03-09,completed,COD,1799
ORD001591,CUST00705,2025-03-28,completed,NetBanking,6197
ORD001592,CUST00706,2026-07-12,completed,NetBanking,999
ORD001593,CUST00707,2025-06-26,completed,COD,2998
ORD001594,CUST00707,2026-03-09,completed,NetBanking,3097
ORD001595,CUST00707,2026-03-06,completed,NetBanking,3998
ORD001596,CUST00708,2025-11-26,cancelled,NetBanking,7497
ORD001597,CUST00708,2026-07-04,completed,Card,1798
ORD001598,CUST00708,2025-10-14,completed,COD,7897
ORD001599,CUST00708,2026-02-04,completed,Card,1499
ORD001600,CUST00708,2025-09-08,completed,NetBanking,2499
ORD001601,CUST00708,2025-03-13,completed,COD,1799
ORD001602,CUST00708,2026-01-24,completed,Card,899
ORD001603,CUST00709,2025-12-09,completed,Card,4298
ORD001604,CUST00709,2025-09-09,completed,COD,2499
ORD001605,CUST00709,2026-02-08,completed,UPI,4798
ORD001606,CUST00709,2026-04-10,returned,COD,7497
ORD001607,CUST00709,2026-07-14,completed,COD,1499
ORD001608,CUST00709,2025-09-11,completed,Card,4298
ORD001609,CUST00709,2026-08-10,completed,COD,999
ORD001610,CUST00709,2026-07-24,completed,NetBanking,2499
ORD001611,CUST00710,2025-12-10,returned,UPI,2298
ORD001612,CUST00710,2025-05-23,completed,COD,4298
ORD001613,CUST00711,2026-08-12,completed,UPI,3398
ORD001614,CUST00711,2026-02-23,completed,COD,4497
ORD001615,CUST00711,2025-08-16,completed,UPI,6697
ORD001616,CUST00711,2026-08-01,completed,UPI,2999
ORD001617,CUST00711,2026-03-09,completed,COD,1799
ORD001618,CUST00711,2026-08-17,completed,UPI,6498
ORD001619,CUST00712,2026-04-23,completed,COD,5298
ORD001620,CUST00712,2025-11-04,completed,COD,4798
ORD001621,CUST00712,2025-08-07,completed,NetBanking,899
ORD001622,CUST00712,2025-05-26,completed,Card,5997
ORD001623,CUST00712,2025-04-04,completed,COD,2499
ORD001624,CUST00712,2026-08-11,cancelled,NetBanking,1498
ORD001625,CUST00713,2026-04-28,completed,COD,3898
ORD001626,CUST00713,2025-11-05,completed,UPI,699
ORD001627,CUST00713,2026-01-21,cancelled,UPI,3098
ORD001628,CUST00715,2025-12-26,completed,NetBanking,6397
ORD001629,CUST00715,2026-01-28,completed,COD,3198
ORD001630,CUST00715,2025-07-31,completed,UPI,2499
ORD001631,CUST00716,2025-12-19,completed,UPI,3398
ORD001632,CUST00717,2026-04-20,completed,NetBanking,4998
ORD001633,CUST00717,2026-03-11,completed,NetBanking,1198
ORD001634,CUST00718,2026-05-26,completed,Card,6197
ORD001635,CUST00718,2025-07-12,completed,NetBanking,4397
ORD001636,CUST00718,2025-11-03,completed,Card,1499
ORD001637,CUST00718,2026-04-08,completed,Card,2499
ORD001638,CUST00719,2026-01-06,completed,NetBanking,6997
ORD001639,CUST00720,2025-05-06,completed,COD,2897
ORD001640,CUST00721,2026-04-16,completed,UPI,5498
ORD001641,CUST00722,2025-12-05,completed,Card,2498
ORD001642,CUST00722,2026-01-18,completed,COD,2499
ORD001643,CUST00723,2025-04-22,completed,COD,499
ORD001644,CUST00723,2025-03-15,cancelled,UPI,6497
ORD001645,CUST00724,2025-10-22,completed,Card,899
ORD001646,CUST00724,2025-06-07,completed,Card,3498
ORD001647,CUST00724,2026-03-14,completed,COD,2499
ORD001648,CUST00724,2025-06-19,completed,NetBanking,3098
ORD001649,CUST00724,2026-07-24,completed,UPI,4798
ORD001650,CUST00724,2026-07-31,completed,NetBanking,499
ORD001651,CUST00725,2026-07-21,completed,NetBanking,5298
ORD001652,CUST00726,2026-06-02,completed,Card,4698
ORD001653,CUST00726,2026-05-15,completed,NetBanking,3797
ORD001654,CUST00727,2026-03-13,completed,COD,3999
ORD001655,CUST00727,2025-04-15,completed,Card,1299
ORD001656,CUST00728,2025-09-13,completed,COD,2298
ORD001657,CUST00729,2025-12-14,completed,COD,2499
ORD001658,CUST00732,2025-07-05,completed,UPI,5498
ORD001659,CUST00732,2025-09-19,completed,Card,1299
ORD001660,CUST00732,2025-11-17,cancelled,UPI,2999
ORD001661,CUST00732,2026-02-24,completed,NetBanking,3798
ORD001662,CUST00733,2025-03-07,completed,UPI,4697
ORD001663,CUST00733,2026-05-24,completed,NetBanking,2499
ORD001664,CUST00733,2025-04-03,completed,Card,3998
ORD001665,CUST00733,2025-08-03,completed,COD,2499
ORD001666,CUST00733,2025-07-07,completed,UPI,5797
ORD001667,CUST00733,2025-12-25,completed,NetBanking,3997
ORD001668,CUST00733,2025-11-30,completed,COD,2998
ORD001669,CUST00734,2026-02-18,completed,UPI,2498
ORD001670,CUST00734,2026-02-02,completed,Card,1499
ORD001671,CUST00734,2025-04-02,completed,COD,499
ORD001672,CUST00734,2026-06-04,completed,Card,2499
ORD001673,CUST00736,2025-09-10,completed,COD,6498
ORD001674,CUST00736,2026-04-17,completed,Card,4297
ORD001675,CUST00736,2026-07-26,completed,UPI,2999
ORD001676,CUST00736,2025-06-21,completed,COD,6297
ORD001677,CUST00736,2025-11-07,completed,UPI,2499
ORD001678,CUST00736,2026-03-22,completed,Card,2499
ORD001679,CUST00737,2026-03-25,completed,NetBanking,1299
ORD001680,CUST00737,2026-07-20,completed,Card,2999
ORD001681,CUST00737,2026-05-11,returned,NetBanking,2499
ORD001682,CUST00737,2025-04-14,cancelled,NetBanking,2499
ORD001683,CUST00737,2026-07-05,completed,UPI,4697
ORD001684,CUST00738,2025-04-08,completed,COD,2999
ORD001685,CUST00738,2026-04-10,completed,COD,1998
ORD001686,CUST00739,2025-08-15,completed,COD,2998
ORD001687,CUST00739,2025-05-24,cancelled,UPI,2499
ORD001688,CUST00739,2025-08-06,completed,COD,3498
ORD001689,CUST00741,2025-04-10,completed,Card,5497
ORD001690,CUST00741,2025-05-04,completed,Card,5298
ORD001691,CUST00741,2025-08-25,completed,UPI,1998
ORD001692,CUST00741,2025-12-29,completed,NetBanking,2198
ORD001693,CUST00741,2025-12-24,completed,UPI,6197
ORD001694,CUST00741,2025-04-28,completed,Card,1998
ORD001695,CUST00742,2026-04-14,completed,NetBanking,3498
ORD001696,CUST00743,2025-03-18,completed,UPI,2298
ORD001697,CUST00744,2025-03-14,completed,Card,3398
ORD001698,CUST00745,2025-06-27,completed,Card,2499
ORD001699,CUST00746,2026-03-07,returned,Card,699
ORD001700,CUST00746,2025-10-29,completed,UPI,3498
ORD001701,CUST00746,2025-05-25,completed,NetBanking,2998
ORD001702,CUST00746,2025-09-07,completed,UPI,4697
ORD001703,CUST00746,2026-04-02,completed,Card,2499
ORD001704,CUST00747,2025-06-28,completed,UPI,1299
ORD001705,CUST00747,2025-03-08,completed,NetBanking,3398
ORD001706,CUST00748,2026-06-20,cancelled,NetBanking,2499
ORD001707,CUST00748,2025-03-30,completed,NetBanking,2499
ORD001708,CUST00749,2026-04-27,completed,COD,2999
ORD001709,CUST00749,2025-10-18,completed,NetBanking,999
ORD001710,CUST00750,2025-09-03,completed,Card,2499
ORD001711,CUST00752,2026-08-22,completed,COD,3498
ORD001712,CUST00752,2025-03-23,completed,NetBanking,4798
ORD001713,CUST00752,2025-05-23,completed,COD,1799
ORD001714,CUST00752,2026-02-09,completed,NetBanking,5197
ORD001715,CUST00752,2025-08-15,completed,UPI,4897
ORD001716,CUST00752,2026-04-15,completed,UPI,3999
ORD001717,CUST00752,2025-11-20,completed,NetBanking,3998
ORD001718,CUST00752,2026-01-07,returned,NetBanking,6297
ORD001719,CUST00753,2025-06-03,completed,NetBanking,1898
ORD001720,CUST00753,2026-01-20,completed,NetBanking,2499
ORD001721,CUST00753,2025-03-08,completed,UPI,5798
ORD001722,CUST00753,2026-04-01,completed,Card,3999
ORD001723,CUST00753,2026-06-06,completed,Card,6498
ORD001724,CUST00753,2025-03-31,cancelled,NetBanking,3898
ORD001725,CUST00753,2025-03-13,completed,UPI,4298
ORD001726,CUST00754,2026-05-23,completed,COD,3999
ORD001727,CUST00755,2025-12-12,completed,NetBanking,4698
ORD001728,CUST00755,2026-06-28,completed,NetBanking,999
ORD001729,CUST00756,2026-08-23,completed,Card,3498
ORD001730,CUST00756,2025-05-15,completed,NetBanking,3198
ORD001731,CUST00756,2025-06-09,completed,NetBanking,1498
ORD001732,CUST00757,2025-07-29,completed,Card,3998
ORD001733,CUST00757,2025-06-09,cancelled,UPI,3398
ORD001734,CUST00757,2026-01-26,completed,NetBanking,4498
ORD001735,CUST00757,2026-05-10,completed,UPI,6498
ORD001736,CUST00757,2026-07-09,completed,UPI,3998
ORD001737,CUST00757,2026-08-22,completed,NetBanking,5997
ORD001738,CUST00757,2025-12-16,completed,Card,1398
ORD001739,CUST00758,2026-05-17,completed,NetBanking,3998
ORD001740,CUST00758,2025-11-03,completed,UPI,4298
ORD001741,CUST00758,2025-10-06,completed,COD,6497
ORD001742,CUST00759,2025-12-01,completed,NetBanking,3798
ORD001743,CUST00759,2025-04-03,completed,Card,5997
ORD001744,CUST00760,2026-04-04,completed,UPI,4697
ORD001745,CUST00760,2026-05-11,cancelled,COD,3498
ORD001746,CUST00761,2026-08-08,completed,Card,3998
ORD001747,CUST00761,2025-05-31,completed,COD,2499
ORD001748,CUST00761,2026-02-04,completed,Card,1299
ORD001749,CUST00761,2025-05-23,completed,NetBanking,4297
ORD001750,CUST00761,2026-05-14,completed,NetBanking,2499
ORD001751,CUST00761,2025-06-03,completed,Card,1799
ORD001752,CUST00762,2025-09-23,completed,NetBanking,3098
ORD001753,CUST00762,2025-08-02,completed,NetBanking,2998
ORD001754,CUST00763,2025-06-23,completed,UPI,2198
ORD001755,CUST00763,2026-02-01,returned,COD,5997
ORD001756,CUST00764,2026-07-20,completed,Card,2497
ORD001757,CUST00764,2026-06-15,completed,UPI,5498
ORD001758,CUST00764,2025-07-09,completed,UPI,2499
ORD001759,CUST00765,2025-11-01,completed,Card,2998
ORD001760,CUST00766,2026-03-17,cancelled,NetBanking,1598
ORD001761,CUST00766,2025-06-15,completed,Card,2499
ORD001762,CUST00767,2025-08-22,cancelled,NetBanking,3298
ORD001763,CUST00768,2025-09-29,completed,NetBanking,1799
ORD001764,CUST00768,2026-05-25,cancelled,Card,2499
ORD001765,CUST00769,2025-06-23,completed,COD,1299
ORD001766,CUST00770,2025-04-25,completed,UPI,4498
ORD001767,CUST00770,2025-10-24,completed,UPI,3097
ORD001768,CUST00770,2025-09-19,completed,Card,6997
ORD001769,CUST00770,2025-09-30,completed,NetBanking,1998
ORD001770,CUST00770,2026-01-15,completed,NetBanking,2499
ORD001771,CUST00771,2025-10-25,cancelled,Card,1499
ORD001772,CUST00773,2025-11-26,completed,Card,3998
ORD001773,CUST00774,2026-08-12,returned,COD,3998
ORD001774,CUST00775,2026-07-06,completed,COD,4798
ORD001775,CUST00775,2025-05-11,returned,UPI,4498
ORD001776,CUST00775,2026-05-31,completed,COD,1799
ORD001777,CUST00776,2025-10-05,completed,COD,2499
ORD001778,CUST00776,2025-06-04,returned,Card,3498
ORD001779,CUST00776,2026-07-15,completed,COD,2499
ORD001780,CUST00776,2026-07-18,completed,COD,1398
ORD001781,CUST00776,2025-06-08,completed,COD,6797
ORD001782,CUST00776,2025-07-26,completed,NetBanking,2498
ORD001783,CUST00776,2026-05-16,completed,COD,4298
ORD001784,CUST00776,2026-01-31,completed,COD,2998
ORD001785,CUST00777,2025-07-01,completed,UPI,5498
ORD001786,CUST00778,2025-10-26,completed,NetBanking,7397
ORD001787,CUST00779,2025-12-10,completed,COD,3298
ORD001788,CUST00779,2025-11-25,completed,NetBanking,5498
ORD001789,CUST00779,2026-01-28,completed,UPI,3798
ORD001790,CUST00779,2026-04-08,completed,UPI,1398
ORD001791,CUST00779,2025-05-13,completed,COD,3998
ORD001792,CUST00779,2026-07-04,completed,NetBanking,3498
ORD001793,CUST00780,2026-08-14,completed,NetBanking,2499
ORD001794,CUST00780,2026-04-27,completed,NetBanking,3298
ORD001795,CUST00780,2026-05-26,completed,COD,2897
ORD001796,CUST00780,2026-05-10,completed,UPI,3999
ORD001797,CUST00781,2026-06-25,completed,Card,1499
ORD001798,CUST00781,2025-06-18,completed,UPI,2999
ORD001799,CUST00781,2026-03-12,completed,NetBanking,499
ORD001800,CUST00781,2025-03-23,completed,NetBanking,6797
ORD001801,CUST00781,2026-07-06,cancelled,UPI,999
ORD001802,CUST00781,2025-04-10,completed,COD,499
ORD001803,CUST00782,2026-04-16,completed,NetBanking,6498
ORD001804,CUST00783,2025-12-25,completed,NetBanking,5797
ORD001805,CUST00784,2025-05-26,cancelled,UPI,1499
ORD001806,CUST00784,2025-11-03,completed,COD,2897
ORD001807,CUST00784,2026-01-27,returned,UPI,4697
ORD001808,CUST00784,2026-01-11,completed,NetBanking,2497
ORD001809,CUST00784,2026-07-29,completed,COD,2499
ORD001810,CUST00785,2026-04-11,completed,Card,1898
ORD001811,CUST00785,2026-06-07,completed,COD,7097
ORD001812,CUST00785,2025-07-08,completed,UPI,2798
ORD001813,CUST00785,2025-07-02,completed,Card,2298
ORD001814,CUST00785,2025-06-24,completed,COD,5498
ORD001815,CUST00785,2026-01-21,completed,COD,3997
ORD001816,CUST00785,2026-07-10,completed,NetBanking,1799
ORD001817,CUST00785,2025-04-04,completed,NetBanking,2499
ORD001818,CUST00786,2025-03-19,completed,NetBanking,699
ORD001819,CUST00787,2026-06-13,completed,NetBanking,2998
ORD001820,CUST00788,2025-11-29,cancelled,COD,4798
ORD001821,CUST00788,2025-10-02,completed,NetBanking,1299
ORD001822,CUST00788,2025-03-28,returned,COD,4298
ORD001823,CUST00788,2026-06-25,completed,COD,5297
ORD001824,CUST00788,2025-05-01,cancelled,UPI,2298
ORD001825,CUST00788,2025-10-27,completed,Card,1499
ORD001826,CUST00788,2026-06-19,completed,NetBanking,1499
ORD001827,CUST00788,2025-09-18,completed,COD,3498
ORD001828,CUST00789,2026-02-27,completed,COD,2798
ORD001829,CUST00789,2025-06-17,completed,COD,899
ORD001830,CUST00789,2025-09-14,cancelled,NetBanking,4298
ORD001831,CUST00790,2025-08-28,completed,UPI,5297
ORD001832,CUST00791,2026-07-05,completed,UPI,2998
ORD001833,CUST00791,2025-09-18,completed,Card,899
ORD001834,CUST00791,2025-09-30,cancelled,NetBanking,2198
ORD001835,CUST00791,2025-06-09,completed,UPI,6397
ORD001836,CUST00791,2025-08-26,completed,UPI,2499
ORD001837,CUST00791,2025-06-18,completed,NetBanking,4998
ORD001838,CUST00794,2025-06-07,returned,UPI,499
ORD001839,CUST00795,2026-03-12,completed,Card,1898
ORD001840,CUST00795,2025-10-09,completed,NetBanking,3797
ORD001841,CUST00795,2025-08-10,completed,NetBanking,1799
ORD001842,CUST00795,2026-01-27,completed,COD,3798
ORD001843,CUST00796,2025-07-18,completed,UPI,2499
ORD001844,CUST00796,2026-04-15,completed,COD,2998
ORD001845,CUST00797,2026-05-29,completed,COD,4697
ORD001846,CUST00797,2025-07-26,completed,NetBanking,3797
ORD001847,CUST00798,2025-05-21,completed,COD,1799
ORD001848,CUST00798,2026-07-05,completed,UPI,899
ORD001849,CUST00798,2025-12-27,completed,NetBanking,3898
ORD001850,CUST00798,2025-06-11,completed,Card,1499
ORD001851,CUST00798,2025-03-19,completed,COD,2499
ORD001852,CUST00798,2025-06-13,completed,UPI,2998
ORD001853,CUST00798,2025-09-01,completed,NetBanking,1698
ORD001854,CUST00798,2026-01-20,completed,UPI,499
ORD001855,CUST00799,2025-04-01,completed,Card,1698
ORD001856,CUST00799,2025-06-02,completed,Card,8297
ORD001857,CUST00800,2025-06-03,cancelled,Card,2998
ORD001858,CUST00800,2025-06-15,completed,COD,499
ORD001859,CUST00801,2025-04-15,completed,Card,5997
ORD001860,CUST00801,2025-05-18,completed,NetBanking,1299
ORD001861,CUST00801,2025-03-16,returned,COD,4498
ORD001862,CUST00801,2026-04-17,completed,UPI,4498
ORD001863,CUST00801,2025-12-09,completed,NetBanking,2499
ORD001864,CUST00801,2026-02-11,completed,UPI,499
ORD001865,CUST00801,2026-01-30,completed,Card,999
ORD001866,CUST00801,2026-07-07,completed,UPI,3497
ORD001867,CUST00802,2026-01-30,completed,NetBanking,999
ORD001868,CUST00802,2026-06-27,completed,UPI,2298
ORD001869,CUST00802,2026-04-01,completed,COD,3498
ORD001870,CUST00803,2026-02-09,completed,COD,1499
ORD001871,CUST00803,2026-07-24,completed,COD,2499
ORD001872,CUST00805,2025-04-26,completed,COD,3898
ORD001873,CUST00806,2025-04-13,completed,NetBanking,4498
ORD001874,CUST00806,2025-12-03,completed,COD,4497
ORD001875,CUST00808,2026-07-19,completed,UPI,5498
ORD001876,CUST00808,2026-01-31,completed,COD,3498
ORD001877,CUST00809,2026-08-05,completed,UPI,3798
ORD001878,CUST00809,2026-04-25,completed,UPI,699
ORD001879,CUST00809,2026-05-30,returned,COD,4298
ORD001880,CUST00810,2025-05-19,cancelled,COD,4297
ORD001881,CUST00810,2026-04-05,completed,UPI,2998
ORD001882,CUST00811,2026-06-14,completed,COD,4298
ORD001883,CUST00811,2026-02-20,completed,UPI,2499
ORD001884,CUST00811,2026-06-03,cancelled,COD,4498
ORD001885,CUST00811,2026-05-22,completed,COD,1799
ORD001886,CUST00811,2026-05-13,completed,Card,1299
ORD001887,CUST00811,2026-01-01,completed,UPI,3398
ORD001888,CUST00811,2026-03-07,completed,COD,5297
ORD001889,CUST00811,2026-06-18,cancelled,Card,3398
ORD001890,CUST00812,2025-04-16,completed,UPI,3497
ORD001891,CUST00812,2025-06-01,completed,UPI,999
ORD001892,CUST00812,2025-10-08,completed,Card,1499
ORD001893,CUST00812,2026-03-02,completed,COD,4797
ORD001894,CUST00812,2025-11-02,completed,UPI,3398
ORD001895,CUST00813,2026-01-20,completed,COD,4998
ORD001896,CUST00813,2026-02-19,completed,NetBanking,2998
ORD001897,CUST00813,2025-11-05,returned,UPI,499
ORD001898,CUST00813,2025-07-30,completed,UPI,3398
ORD001899,CUST00814,2026-05-24,completed,NetBanking,5997
ORD001900,CUST00815,2025-06-29,completed,NetBanking,3498
ORD001901,CUST00816,2026-08-10,completed,UPI,899
ORD001902,CUST00816,2025-03-06,completed,COD,3498
ORD001903,CUST00816,2025-04-09,completed,NetBanking,5997
ORD001904,CUST00816,2026-06-22,completed,UPI,4498
ORD001905,CUST00816,2025-11-25,completed,COD,2499
ORD001906,CUST00816,2026-05-10,completed,NetBanking,2499
ORD001907,CUST00817,2026-07-16,completed,NetBanking,1499
ORD001908,CUST00818,2025-09-01,completed,NetBanking,2499
ORD001909,CUST00819,2025-03-03,completed,NetBanking,1299
ORD001910,CUST00820,2025-07-22,returned,UPI,2999
ORD001911,CUST00821,2025-09-10,completed,NetBanking,5797
ORD001912,CUST00823,2025-03-14,completed,UPI,7197
ORD001913,CUST00824,2026-03-03,completed,UPI,1299
ORD001914,CUST00825,2026-07-18,completed,NetBanking,2999
ORD001915,CUST00826,2026-05-13,completed,COD,499
ORD001916,CUST00829,2026-04-21,completed,Card,4097
ORD001917,CUST00830,2026-08-06,completed,NetBanking,899
ORD001918,CUST00831,2025-08-30,completed,COD,3498
ORD001919,CUST00831,2025-04-16,completed,Card,2499
ORD001920,CUST00831,2026-07-02,completed,NetBanking,3999
ORD001921,CUST00831,2025-05-11,completed,NetBanking,1398
ORD001922,CUST00831,2025-09-29,returned,NetBanking,499
ORD001923,CUST00832,2026-01-17,completed,NetBanking,4498
ORD001924,CUST00832,2025-04-02,completed,COD,5197
ORD001925,CUST00832,2026-07-04,completed,Card,2499
ORD001926,CUST00832,2025-03-09,completed,Card,499
ORD001927,CUST00832,2025-06-15,completed,Card,2999
ORD001928,CUST00832,2026-07-21,completed,COD,2499
ORD001929,CUST00833,2026-03-24,completed,UPI,3098
ORD001930,CUST00833,2025-08-12,completed,COD,1898
ORD001931,CUST00833,2026-07-29,completed,UPI,2499
ORD001932,CUST00833,2026-08-21,returned,COD,2499
ORD001933,CUST00834,2025-03-31,completed,NetBanking,1499
ORD001934,CUST00834,2026-06-19,completed,COD,2999
ORD001935,CUST00834,2025-07-20,completed,COD,999
ORD001936,CUST00834,2026-06-15,completed,COD,5498
ORD001937,CUST00835,2025-03-12,completed,Card,1499
ORD001938,CUST00836,2026-07-12,completed,NetBanking,2999
ORD001939,CUST00836,2026-03-22,completed,COD,1499
ORD001940,CUST00836,2025-07-16,completed,Card,2698
ORD001941,CUST00836,2025-07-05,completed,NetBanking,3998
ORD001942,CUST00837,2025-11-19,cancelled,NetBanking,899
ORD001943,CUST00837,2025-11-08,completed,UPI,4597
ORD001944,CUST00837,2025-09-04,completed,UPI,3498
ORD001945,CUST00837,2026-01-22,cancelled,UPI,2498
ORD001946,CUST00840,2026-07-24,completed,NetBanking,3998
ORD001947,CUST00840,2025-11-02,completed,UPI,3998
ORD001948,CUST00841,2025-12-20,returned,COD,8297
ORD001949,CUST00841,2025-09-22,completed,Card,6998
ORD001950,CUST00841,2025-12-02,completed,Card,699
ORD001951,CUST00841,2025-06-22,completed,COD,2998
ORD001952,CUST00841,2026-04-23,completed,COD,2499
ORD001953,CUST00841,2026-08-16,completed,NetBanking,2499
ORD001954,CUST00841,2026-05-27,completed,COD,1299
ORD001955,CUST00841,2026-08-06,completed,NetBanking,4997
ORD001956,CUST00842,2026-02-06,completed,COD,2198
ORD001957,CUST00843,2025-08-13,completed,UPI,3398
ORD001958,CUST00843,2025-06-10,completed,Card,1798
ORD001959,CUST00843,2026-04-21,completed,Card,899
ORD001960,CUST00843,2026-08-20,completed,COD,4997
ORD001961,CUST00844,2025-09-08,completed,NetBanking,2499
ORD001962,CUST00844,2026-04-16,completed,COD,3198
ORD001963,CUST00845,2025-05-21,completed,COD,4797
ORD001964,CUST00845,2025-04-02,completed,UPI,3198
ORD001965,CUST00845,2026-05-19,completed,UPI,899
ORD001966,CUST00845,2025-04-18,completed,NetBanking,1598
ORD001967,CUST00846,2025-11-10,completed,COD,3498
ORD001968,CUST00846,2025-12-31,completed,Card,5498
ORD001969,CUST00847,2026-02-12,completed,COD,2298
ORD001970,CUST00848,2025-09-20,completed,UPI,3898
ORD001971,CUST00849,2026-06-02,completed,UPI,999
ORD001972,CUST00849,2026-07-20,completed,UPI,3798
ORD001973,CUST00850,2025-03-23,completed,NetBanking,3198
ORD001974,CUST00850,2026-01-08,completed,NetBanking,3998
ORD001975,CUST00850,2025-09-14,completed,UPI,699
ORD001976,CUST00850,2026-04-26,completed,COD,2897
ORD001977,CUST00850,2026-02-15,completed,NetBanking,3997
ORD001978,CUST00851,2025-05-11,completed,UPI,2798
ORD001979,CUST00851,2025-06-10,completed,Card,499
ORD001980,CUST00851,2025-07-16,completed,Card,699
ORD001981,CUST00852,2025-07-27,completed,NetBanking,2798
ORD001982,CUST00852,2025-04-25,completed,NetBanking,1799
ORD001983,CUST00853,2026-04-07,completed,NetBanking,2798
ORD001984,CUST00854,2025-06-14,completed,UPI,6498
ORD001985,CUST00854,2026-05-27,completed,UPI,2198
ORD001986,CUST00855,2026-03-24,completed,COD,2499
ORD001987,CUST00856,2026-02-28,completed,NetBanking,2499
ORD001988,CUST00856,2026-08-11,completed,NetBanking,3398
ORD001989,CUST00857,2025-11-23,completed,NetBanking,6297
ORD001990,CUST00860,2025-09-26,cancelled,Card,2998
ORD001991,CUST00860,2026-01-31,completed,UPI,2498
ORD001992,CUST00860,2026-06-27,completed,UPI,1299
ORD001993,CUST00860,2025-05-13,completed,NetBanking,5498
ORD001994,CUST00860,2025-11-18,completed,COD,1998
ORD001995,CUST00860,2025-04-23,completed,NetBanking,1799
ORD001996,CUST00860,2025-03-21,completed,COD,499
ORD001997,CUST00861,2026-04-19,completed,Card,2499
ORD001998,CUST00861,2026-05-12,completed,COD,3398
ORD001999,CUST00861,2025-04-11,completed,NetBanking,3197
ORD002000,CUST00861,2025-08-14,completed,COD,1898
ORD002001,CUST00861,2025-06-20,completed,Card,699
ORD002002,CUST00861,2026-08-02,cancelled,Card,899
ORD002003,CUST00861,2026-04-14,completed,NetBanking,6998
ORD002004,CUST00861,2026-01-16,completed,NetBanking,3298
ORD002005,CUST00862,2026-02-03,completed,Card,4797
ORD002006,CUST00863,2025-12-31,completed,COD,4998
ORD002007,CUST00864,2026-03-05,completed,UPI,2499
ORD002008,CUST00864,2025-08-23,completed,UPI,5697
ORD002009,CUST00864,2026-02-23,completed,UPI,3498
ORD002010,CUST00864,2025-03-03,completed,Card,3398
ORD002011,CUST00864,2026-06-22,completed,COD,3098
ORD002012,CUST00864,2025-09-08,completed,UPI,3898
ORD002013,CUST00864,2025-05-18,completed,COD,699
ORD002014,CUST00865,2025-07-16,completed,NetBanking,6997
ORD002015,CUST00866,2025-11-13,completed,COD,2499
ORD002016,CUST00867,2025-12-02,completed,NetBanking,999
ORD002017,CUST00867,2025-09-24,completed,COD,3798
ORD002018,CUST00867,2025-05-16,completed,COD,3998
ORD002019,CUST00868,2025-04-30,completed,Card,6498
ORD002020,CUST00868,2025-05-31,completed,NetBanking,9497
ORD002021,CUST00868,2026-03-18,completed,COD,3697
ORD002022,CUST00868,2025-03-10,returned,NetBanking,699
ORD002023,CUST00869,2025-03-02,completed,COD,5498
ORD002024,CUST00869,2026-03-23,completed,Card,2798
ORD002025,CUST00869,2026-07-02,completed,COD,2999
ORD002026,CUST00869,2026-08-15,completed,Card,3798
ORD002027,CUST00869,2025-04-25,completed,NetBanking,1299
ORD002028,CUST00869,2026-07-10,completed,Card,1498
ORD002029,CUST00870,2025-03-13,completed,COD,2198
ORD002030,CUST00871,2026-08-23,completed,COD,1798
ORD002031,CUST00871,2025-06-23,completed,COD,2998
ORD002032,CUST00871,2026-04-12,completed,UPI,3498
ORD002033,CUST00872,2025-12-01,completed,Card,2698
ORD002034,CUST00873,2025-06-15,completed,COD,1799
ORD002035,CUST00874,2025-04-19,completed,Card,2499
ORD002036,CUST00874,2025-08-01,completed,COD,5797
ORD002037,CUST00874,2026-06-07,completed,NetBanking,1798
ORD002038,CUST00874,2026-04-17,returned,COD,999
ORD002039,CUST00874,2025-11-15,cancelled,UPI,2499
ORD002040,CUST00875,2026-05-25,completed,UPI,2999
ORD002041,CUST00875,2025-09-16,completed,NetBanking,6297
ORD002042,CUST00875,2026-03-27,completed,Card,699
ORD002043,CUST00876,2025-09-03,cancelled,UPI,5197
ORD002044,CUST00876,2026-05-05,completed,UPI,4297
ORD002045,CUST00876,2026-03-18,cancelled,UPI,5798
ORD002046,CUST00877,2025-05-04,completed,UPI,1398
ORD002047,CUST00877,2025-12-08,cancelled,NetBanking,1698
ORD002048,CUST00877,2025-05-01,completed,COD,5197
ORD002049,CUST00878,2025-06-04,returned,UPI,2198
ORD002050,CUST00878,2025-03-22,completed,NetBanking,7497
ORD002051,CUST00880,2025-05-22,completed,UPI,999
ORD002052,CUST00880,2026-07-02,completed,UPI,699
ORD002053,CUST00881,2026-04-24,completed,Card,6997
ORD002054,CUST00882,2025-12-12,returned,NetBanking,5197
ORD002055,CUST00882,2026-07-09,completed,Card,499
ORD002056,CUST00882,2025-05-25,completed,COD,999
ORD002057,CUST00882,2026-02-19,completed,NetBanking,3797
ORD002058,CUST00882,2025-06-11,completed,Card,1499
ORD002059,CUST00883,2026-03-07,completed,COD,2499
ORD002060,CUST00883,2025-10-24,completed,NetBanking,3098
ORD002061,CUST00884,2026-01-08,completed,NetBanking,2499
ORD002062,CUST00885,2026-03-15,completed,UPI,1499
ORD002063,CUST00886,2025-11-02,completed,COD,5498
ORD002064,CUST00886,2025-12-09,completed,NetBanking,3999
ORD002065,CUST00887,2026-03-13,completed,COD,2499
ORD002066,CUST00887,2026-03-06,completed,UPI,1799
ORD002067,CUST00887,2026-06-17,completed,NetBanking,2998
ORD002068,CUST00887,2025-10-27,completed,COD,7297
ORD002069,CUST00887,2026-01-28,cancelled,Card,2998
ORD002070,CUST00888,2026-03-18,completed,NetBanking,4498
ORD002071,CUST00889,2026-08-13,completed,COD,3298
ORD002072,CUST00890,2025-09-08,completed,COD,3597
ORD002073,CUST00890,2025-08-09,completed,UPI,2298
ORD002074,CUST00890,2026-08-19,completed,UPI,1299
ORD002075,CUST00890,2026-04-23,returned,NetBanking,3999
ORD002076,CUST00890,2025-09-19,completed,NetBanking,2499
ORD002077,CUST00890,2025-06-06,completed,COD,4297
ORD002078,CUST00890,2025-10-03,completed,UPI,5197
ORD002079,CUST00890,2026-02-04,completed,Card,6498
ORD002080,CUST00891,2025-10-15,returned,COD,2999
ORD002081,CUST00892,2026-04-03,completed,Card,4298
ORD002082,CUST00893,2025-08-21,completed,NetBanking,1498
ORD002083,CUST00894,2025-07-13,completed,UPI,3999
ORD002084,CUST00895,2026-06-02,completed,Card,4397
ORD002085,CUST00895,2025-11-25,completed,Card,4297
ORD002086,CUST00895,2025-05-12,completed,NetBanking,999
ORD002087,CUST00895,2025-09-06,completed,Card,3999
ORD002088,CUST00896,2026-05-06,completed,NetBanking,3998
ORD002089,CUST00896,2025-04-05,completed,Card,3999
ORD002090,CUST00896,2026-01-21,completed,COD,4897
ORD002091,CUST00896,2025-04-01,completed,Card,6498
ORD002092,CUST00896,2025-09-26,completed,NetBanking,3998
ORD002093,CUST00896,2026-07-31,completed,Card,1798
ORD002094,CUST00898,2025-08-25,completed,Card,2798
ORD002095,CUST00898,2025-05-14,completed,NetBanking,2499
ORD002096,CUST00898,2025-10-25,completed,COD,4298
ORD002097,CUST00898,2026-08-07,completed,UPI,2499
ORD002098,CUST00899,2025-05-07,completed,Card,5997
ORD002099,CUST00899,2025-06-16,completed,COD,2698
ORD002100,CUST00899,2025-03-08,completed,UPI,2499
ORD002101,CUST00899,2026-07-15,completed,Card,699
ORD002102,CUST00899,2025-07-22,completed,UPI,1499
ORD002103,CUST00899,2026-01-20,completed,NetBanking,2499
ORD002104,CUST00901,2025-06-28,completed,UPI,7397
ORD002105,CUST00901,2026-02-16,completed,UPI,6197
ORD002106,CUST00901,2025-10-17,completed,Card,2998
ORD002107,CUST00901,2026-06-03,cancelled,NetBanking,3998
ORD002108,CUST00901,2025-03-06,completed,Card,999
ORD002109,CUST00901,2026-04-17,completed,UPI,1799
ORD002110,CUST00902,2025-12-15,completed,COD,1499
ORD002111,CUST00903,2025-09-26,completed,Card,499
ORD002112,CUST00904,2026-03-07,completed,NetBanking,5298
ORD002113,CUST00904,2025-12-04,completed,Card,9497
ORD002114,CUST00904,2025-10-13,completed,UPI,2499
ORD002115,CUST00904,2025-08-01,completed,COD,2998
ORD002116,CUST00905,2026-04-29,completed,COD,4497
ORD002117,CUST00906,2025-12-10,completed,NetBanking,5498
ORD002118,CUST00906,2025-06-13,completed,UPI,2999
ORD002119,CUST00906,2026-01-12,completed,NetBanking,2998
ORD002120,CUST00906,2025-03-06,returned,NetBanking,3898
ORD002121,CUST00907,2026-04-02,completed,UPI,2499
ORD002122,CUST00908,2025-03-22,completed,UPI,2998
ORD002123,CUST00908,2026-08-17,completed,NetBanking,6498
ORD002124,CUST00908,2025-04-03,completed,COD,899
ORD002125,CUST00908,2026-06-16,completed,Card,4698
ORD002126,CUST00908,2025-07-27,completed,COD,699
ORD002127,CUST00908,2026-02-18,completed,UPI,3298
ORD002128,CUST00909,2025-07-24,completed,UPI,4298
ORD002129,CUST00909,2025-10-19,completed,UPI,1698
ORD002130,CUST00910,2025-11-14,completed,COD,4298
ORD002131,CUST00910,2025-12-28,completed,UPI,5498
ORD002132,CUST00910,2025-04-22,completed,NetBanking,1898
ORD002133,CUST00910,2026-06-25,completed,COD,1998
ORD002134,CUST00910,2025-06-04,completed,NetBanking,2198
ORD002135,CUST00910,2025-04-28,completed,UPI,3198
ORD002136,CUST00910,2025-08-02,completed,COD,699
ORD002137,CUST00910,2025-04-30,completed,NetBanking,2499
ORD002138,CUST00912,2026-01-25,cancelled,NetBanking,2499
ORD002139,CUST00912,2025-06-04,completed,NetBanking,2499
ORD002140,CUST00912,2026-01-01,cancelled,COD,2499
ORD002141,CUST00912,2025-11-09,returned,UPI,4997
ORD002142,CUST00912,2026-05-31,completed,Card,7497
ORD002143,CUST00913,2026-05-08,completed,UPI,3999
ORD002144,CUST00913,2026-03-27,completed,COD,3498
ORD002145,CUST00914,2026-02-28,completed,UPI,4498
ORD002146,CUST00914,2026-01-08,completed,COD,2198
ORD002147,CUST00914,2025-03-16,completed,Card,5498
ORD002148,CUST00914,2026-08-16,completed,Card,699
ORD002149,CUST00914,2026-01-25,completed,NetBanking,3998
ORD002150,CUST00915,2025-06-29,completed,NetBanking,1499
ORD002151,CUST00916,2025-09-07,completed,NetBanking,2499
ORD002152,CUST00916,2025-09-16,completed,UPI,3998
ORD002153,CUST00916,2025-10-19,completed,COD,6797
ORD002154,CUST00916,2025-07-24,completed,UPI,6498
ORD002155,CUST00916,2026-07-15,completed,NetBanking,2698
ORD002156,CUST00917,2026-02-20,cancelled,Card,6498
ORD002157,CUST00918,2026-08-05,completed,UPI,2198
ORD002158,CUST00919,2026-01-20,completed,Card,5797
ORD002159,CUST00921,2026-03-22,completed,Card,1799
ORD002160,CUST00922,2025-11-26,cancelled,UPI,1398
ORD002161,CUST00922,2026-01-29,completed,Card,4498
ORD002162,CUST00923,2025-03-22,completed,COD,499
ORD002163,CUST00923,2026-03-29,completed,NetBanking,999
ORD002164,CUST00923,2025-05-28,completed,Card,1998
ORD002165,CUST00923,2026-05-13,completed,Card,2998
ORD002166,CUST00924,2025-05-17,completed,NetBanking,2499
ORD002167,CUST00924,2026-07-07,completed,COD,1499
ORD002168,CUST00924,2025-07-06,completed,COD,3098
ORD002169,CUST00924,2025-09-26,completed,NetBanking,6998
ORD002170,CUST00925,2026-02-21,completed,UPI,1799
ORD002171,CUST00926,2025-06-09,completed,COD,899
ORD002172,CUST00927,2026-04-17,completed,Card,4697
ORD002173,CUST00927,2025-04-16,completed,NetBanking,5798
ORD002174,CUST00927,2026-05-18,completed,UPI,699
ORD002175,CUST00927,2025-07-11,completed,COD,2798
ORD002176,CUST00929,2025-05-07,completed,COD,4298
ORD002177,CUST00930,2025-09-23,completed,COD,3999
ORD002178,CUST00930,2025-07-15,completed,NetBanking,3998
ORD002179,CUST00930,2025-03-07,completed,UPI,2998
ORD002180,CUST00930,2025-05-22,completed,COD,899
ORD002181,CUST00932,2025-09-19,completed,Card,3999
ORD002182,CUST00933,2026-06-30,completed,UPI,3298
ORD002183,CUST00933,2026-03-08,completed,Card,4497
ORD002184,CUST00933,2025-05-30,completed,NetBanking,2998
ORD002185,CUST00934,2025-05-14,cancelled,COD,4298
ORD002186,CUST00934,2026-01-12,completed,UPI,4697
ORD002187,CUST00934,2026-02-10,completed,Card,3998
ORD002188,CUST00934,2026-08-05,completed,Card,1998
ORD002189,CUST00934,2025-04-29,completed,NetBanking,3298
ORD002190,CUST00935,2026-05-10,completed,Card,4697
ORD002191,CUST00935,2025-04-13,completed,UPI,999
ORD002192,CUST00936,2026-02-12,completed,COD,499
ORD002193,CUST00937,2026-07-24,completed,UPI,4298
ORD002194,CUST00938,2025-12-09,completed,NetBanking,2499
ORD002195,CUST00939,2025-12-27,completed,Card,2998
ORD002196,CUST00941,2025-12-17,completed,Card,999
ORD002197,CUST00942,2026-06-03,completed,COD,4498
ORD002198,CUST00942,2026-06-14,returned,NetBanking,2499
ORD002199,CUST00943,2025-05-07,completed,COD,899
ORD002200,CUST00944,2026-03-04,completed,Card,2498
ORD002201,CUST00946,2026-04-30,completed,UPI,3498
ORD002202,CUST00947,2026-08-02,completed,Card,7297
ORD002203,CUST00947,2025-12-09,returned,NetBanking,5997
ORD002204,CUST00947,2026-01-14,completed,NetBanking,1498
ORD002205,CUST00947,2025-07-12,completed,UPI,7297
ORD002206,CUST00947,2026-07-04,completed,UPI,7997
ORD002207,CUST00947,2025-03-04,returned,NetBanking,499
ORD002208,CUST00948,2025-03-03,completed,NetBanking,2998
ORD002209,CUST00949,2025-06-01,completed,NetBanking,3498
ORD002210,CUST00949,2025-07-02,completed,COD,2698
ORD002211,CUST00950,2026-07-28,completed,Card,3999
ORD002212,CUST00950,2026-01-06,completed,UPI,2198
ORD002213,CUST00953,2025-05-07,completed,Card,4697
ORD002214,CUST00953,2025-05-12,returned,COD,4298
ORD002215,CUST00954,2025-04-30,completed,NetBanking,1799
ORD002216,CUST00954,2025-06-27,completed,UPI,4998
ORD002217,CUST00954,2026-02-15,completed,Card,2499
ORD002218,CUST00955,2025-12-26,completed,UPI,2698
ORD002219,CUST00956,2025-12-26,completed,NetBanking,3898
ORD002220,CUST00956,2026-03-06,completed,NetBanking,1499
ORD002221,CUST00956,2025-09-01,completed,COD,3497
ORD002222,CUST00956,2026-04-14,completed,UPI,8297
ORD002223,CUST00956,2025-12-21,completed,NetBanking,999
ORD002224,CUST00956,2026-08-22,completed,Card,999
ORD002225,CUST00957,2026-06-04,completed,UPI,899
ORD002226,CUST00957,2025-12-24,completed,Card,1299
ORD002227,CUST00957,2025-12-07,returned,COD,5197
ORD002228,CUST00958,2025-09-06,completed,Card,1799
ORD002229,CUST00958,2025-04-28,completed,COD,3998
ORD002230,CUST00958,2025-05-15,completed,Card,699
ORD002231,CUST00959,2026-04-13,completed,Card,5297
ORD002232,CUST00959,2025-07-14,completed,NetBanking,5497
ORD002233,CUST00959,2026-01-31,completed,NetBanking,1299
ORD002234,CUST00960,2026-02-06,completed,Card,4097
ORD002235,CUST00960,2025-07-20,completed,COD,4898
ORD002236,CUST00962,2026-04-01,completed,COD,4397
ORD002237,CUST00963,2026-08-13,completed,Card,699
ORD002238,CUST00963,2026-01-26,completed,NetBanking,3198
ORD002239,CUST00963,2026-06-21,completed,NetBanking,1998
ORD002240,CUST00963,2025-08-02,completed,Card,1598
ORD002241,CUST00964,2026-06-30,completed,Card,2499
ORD002242,CUST00964,2025-07-05,cancelled,UPI,1998
ORD002243,CUST00964,2025-10-20,completed,NetBanking,7397
ORD002244,CUST00964,2026-07-20,completed,Card,2499
ORD002245,CUST00964,2025-10-07,completed,COD,5497
ORD002246,CUST00966,2025-11-06,completed,COD,4998
ORD002247,CUST00966,2026-04-21,completed,COD,999
ORD002248,CUST00967,2025-10-25,completed,UPI,4498
ORD002249,CUST00967,2025-09-19,completed,UPI,2597
ORD002250,CUST00970,2025-11-14,completed,NetBanking,2698
ORD002251,CUST00971,2025-10-17,completed,NetBanking,2499
ORD002252,CUST00971,2026-02-08,completed,UPI,3798
ORD002253,CUST00971,2025-05-18,completed,UPI,1998
ORD002254,CUST00971,2025-03-25,completed,COD,2999
ORD002255,CUST00971,2026-01-24,completed,UPI,2398
ORD002256,CUST00972,2025-04-09,cancelled,NetBanking,499
ORD002257,CUST00973,2025-07-15,completed,NetBanking,2499
ORD002258,CUST00973,2026-06-11,completed,Card,2298
ORD002259,CUST00973,2026-07-05,completed,Card,499
ORD002260,CUST00974,2025-10-31,completed,UPI,699
ORD002261,CUST00974,2025-06-04,completed,COD,3498
ORD002262,CUST00975,2025-08-27,completed,COD,2999
ORD002263,CUST00975,2025-12-14,completed,COD,2499
ORD002264,CUST00976,2025-11-07,completed,NetBanking,1299
ORD002265,CUST00976,2026-05-13,completed,UPI,4698
ORD002266,CUST00976,2025-10-12,completed,NetBanking,2298
ORD002267,CUST00976,2026-01-04,completed,UPI,3398
ORD002268,CUST00976,2026-01-02,completed,NetBanking,3698
ORD002269,CUST00976,2026-05-15,completed,UPI,3498
ORD002270,CUST00977,2025-11-10,completed,NetBanking,5798
ORD002271,CUST00978,2025-04-14,completed,NetBanking,5498
ORD002272,CUST00980,2025-07-20,completed,NetBanking,3198
ORD002273,CUST00981,2025-05-19,completed,UPI,999
ORD002274,CUST00981,2026-02-21,completed,NetBanking,1799
ORD002275,CUST00981,2025-10-31,completed,Card,3498
ORD002276,CUST00981,2025-11-12,completed,NetBanking,1499
ORD002277,CUST00981,2025-11-16,completed,NetBanking,2998
ORD002278,CUST00981,2025-04-18,cancelled,Card,2998
ORD002279,CUST00981,2025-12-04,completed,COD,2198
ORD002280,CUST00981,2025-07-24,completed,NetBanking,3998
ORD002281,CUST00982,2026-07-23,completed,Card,2298
ORD002282,CUST00985,2025-12-22,completed,NetBanking,2499
ORD002283,CUST00986,2026-05-30,completed,NetBanking,1499
ORD002284,CUST00987,2026-07-07,completed,UPI,2298
ORD002285,CUST00987,2026-05-17,completed,NetBanking,4997
ORD002286,CUST00987,2026-02-13,completed,Card,5297
ORD002287,CUST00987,2025-08-08,completed,UPI,6297
ORD002288,CUST00987,2025-04-02,completed,NetBanking,3798
ORD002289,CUST00988,2026-04-14,completed,COD,4797
ORD002290,CUST00988,2025-11-21,cancelled,Card,2499
ORD002291,CUST00989,2025-04-12,completed,COD,699
ORD002292,CUST00989,2025-10-28,completed,UPI,4897
ORD002293,CUST00990,2025-09-02,completed,UPI,2499
ORD002294,CUST00990,2026-04-09,completed,COD,999
ORD002295,CUST00990,2026-04-30,completed,COD,2499
ORD002296,CUST00990,2025-10-12,completed,UPI,2999
ORD002297,CUST00990,2025-11-09,completed,COD,2499
ORD002298,CUST00990,2025-05-21,completed,COD,7797
ORD002299,CUST00991,2025-12-28,completed,UPI,699
ORD002300,CUST00991,2026-03-22,completed,COD,499
ORD002301,CUST00991,2026-07-16,completed,COD,3198
ORD002302,CUST00991,2025-06-27,completed,COD,4797
ORD002303,CUST00991,2025-08-16,completed,COD,2998
ORD002304,CUST00992,2025-08-12,completed,UPI,7397
ORD002305,CUST00992,2026-06-11,completed,NetBanking,4697
ORD002306,CUST00992,2026-06-09,completed,NetBanking,5297
ORD002307,CUST00992,2026-07-14,cancelled,NetBanking,3197
ORD002308,CUST00992,2026-04-16,completed,NetBanking,2499
ORD002309,CUST00993,2026-01-18,completed,NetBanking,2499
ORD002310,CUST00993,2025-08-26,completed,Card,2499
ORD002311,CUST00993,2026-04-07,cancelled,COD,3698
ORD002312,CUST00993,2025-12-23,completed,UPI,3798
ORD002313,CUST00993,2025-06-15,completed,Card,499
ORD002314,CUST00993,2026-02-21,completed,COD,2499
ORD002315,CUST00993,2025-10-17,completed,COD,4697
ORD002316,CUST00993,2025-05-20,completed,COD,3697
ORD002317,CUST00994,2026-01-21,completed,UPI,1299
ORD002318,CUST00994,2025-07-15,completed,UPI,3999
ORD002319,CUST00994,2026-06-08,returned,UPI,2999
ORD002320,CUST00994,2026-02-05,completed,UPI,1799
ORD002321,CUST00994,2025-03-13,completed,COD,4997
ORD002322,CUST00994,2026-01-09,completed,NetBanking,3698
ORD002323,CUST00995,2025-09-13,completed,NetBanking,2999
ORD002324,CUST00995,2026-06-14,completed,NetBanking,2698
ORD002325,CUST00995,2025-05-30,completed,UPI,3597
ORD002326,CUST00996,2025-06-11,completed,UPI,7297
ORD002327,CUST00996,2026-02-23,completed,Card,1398
ORD002328,CUST00996,2025-04-29,completed,UPI,2198
ORD002329,CUST00997,2025-06-02,completed,NetBanking,3498
ORD002330,CUST00997,2025-06-02,completed,Card,3398
ORD002331,CUST00997,2026-08-04,completed,UPI,3997
ORD002332,CUST00997,2026-02-23,cancelled,NetBanking,699
ORD002333,CUST00997,2025-09-26,completed,COD,3998
ORD002334,CUST00998,2025-11-10,completed,COD,7497
ORD002335,CUST00998,2025-07-26,completed,UPI,699
ORD002336,CUST00998,2026-04-21,completed,COD,499
ORD002337,CUST00999,2026-08-23,completed,COD,6797
ORD002338,CUST01000,2025-08-20,completed,Card,1998
ORD002339,CUST01000,2026-05-23,completed,NetBanking,2499
ORD002340,CUST01001,2026-08-16,completed,NetBanking,2798
ORD002341,CUST01002,2025-03-08,completed,COD,3198
ORD002342,CUST01002,2026-05-10,completed,COD,6497
ORD002343,CUST01002,2025-08-30,completed,NetBanking,3999
ORD002344,CUST01003,2025-07-26,completed,NetBanking,1799
ORD002345,CUST01003,2025-03-08,completed,COD,5197
ORD002346,CUST01003,2026-04-30,completed,Card,699
ORD002347,CUST01003,2025-11-11,completed,NetBanking,2298
ORD002348,CUST01003,2025-12-19,completed,UPI,1998
ORD002349,CUST01005,2026-04-01,completed,COD,4498
ORD002350,CUST01005,2026-02-25,completed,UPI,2499
ORD002351,CUST01005,2025-04-03,completed,Card,5797
ORD002352,CUST01005,2026-01-15,completed,COD,6498
ORD002353,CUST01005,2026-06-30,completed,Card,6497
ORD002354,CUST01006,2025-03-05,completed,UPI,4997
ORD002355,CUST01006,2025-09-13,completed,UPI,2198
ORD002356,CUST01006,2026-04-17,completed,Card,6197
ORD002357,CUST01007,2025-11-06,completed,UPI,7297
ORD002358,CUST01007,2025-08-20,completed,COD,999
ORD002359,CUST01008,2025-04-14,returned,UPI,7397
ORD002360,CUST01009,2025-03-08,completed,COD,2499
ORD002361,CUST01009,2025-08-05,completed,Card,3098
ORD002362,CUST01009,2025-03-11,completed,COD,2499
ORD002363,CUST01009,2025-08-22,cancelled,UPI,3498
ORD002364,CUST01010,2026-03-11,completed,COD,5498
ORD002365,CUST01010,2025-03-03,completed,Card,3997
ORD002366,CUST01010,2026-04-23,completed,COD,2997
ORD002367,CUST01011,2025-12-01,completed,NetBanking,4297
ORD002368,CUST01012,2026-03-07,completed,COD,1798
ORD002369,CUST01012,2025-10-07,completed,UPI,999
ORD002370,CUST01012,2026-02-22,completed,UPI,2999
ORD002371,CUST01012,2025-08-01,completed,UPI,3398
ORD002372,CUST01013,2026-05-13,completed,COD,3798
ORD002373,CUST01014,2026-08-03,completed,UPI,4698
ORD002374,CUST01015,2026-06-28,completed,NetBanking,3298
ORD002375,CUST01015,2025-04-13,completed,COD,999
ORD002376,CUST01015,2026-02-18,completed,UPI,1299
ORD002377,CUST01015,2025-03-24,completed,NetBanking,1598
ORD002378,CUST01015,2026-06-01,completed,NetBanking,2499
ORD002379,CUST01015,2026-02-16,returned,COD,4997
ORD002380,CUST01016,2025-03-14,completed,Card,1499
ORD002381,CUST01017,2025-10-03,completed,UPI,4097
ORD002382,CUST01017,2025-03-05,completed,COD,3398
ORD002383,CUST01018,2025-07-21,completed,COD,5498
ORD002384,CUST01018,2025-08-11,completed,UPI,1698
ORD002385,CUST01018,2025-10-04,completed,UPI,2499
ORD002386,CUST01018,2025-04-28,completed,UPI,2298
ORD002387,CUST01019,2026-07-31,completed,Card,2499
ORD002388,CUST01020,2025-08-08,completed,Card,1799
ORD002389,CUST01021,2026-05-18,returned,COD,2498
ORD002390,CUST01021,2026-03-04,completed,COD,5497
ORD002391,CUST01022,2026-03-29,completed,COD,1499
ORD002392,CUST01023,2026-01-12,completed,UPI,499
ORD002393,CUST01024,2025-04-25,completed,NetBanking,1198
ORD002394,CUST01024,2026-05-30,completed,NetBanking,2198
ORD002395,CUST01025,2026-06-10,completed,COD,3198
ORD002396,CUST01026,2025-10-04,completed,UPI,4898
ORD002397,CUST01026,2026-04-08,completed,NetBanking,3398
ORD002398,CUST01026,2025-12-12,completed,Card,499
ORD002399,CUST01027,2025-12-21,completed,UPI,5798
ORD002400,CUST01027,2025-06-19,completed,UPI,2298
ORD002401,CUST01028,2025-11-26,completed,COD,2398
ORD002402,CUST01030,2025-06-10,returned,Card,4298
ORD002403,CUST01031,2026-01-08,completed,UPI,1998
ORD002404,CUST01031,2026-04-05,completed,COD,4298
ORD002405,CUST01031,2026-01-09,returned,UPI,3198
ORD002406,CUST01031,2026-04-29,completed,UPI,4797
ORD002407,CUST01032,2025-03-29,completed,UPI,7297
ORD002408,CUST01033,2025-07-22,cancelled,COD,1598
ORD002409,CUST01033,2026-05-08,completed,Card,2798
ORD002410,CUST01033,2025-04-05,completed,Card,2499
ORD002411,CUST01033,2026-02-20,completed,Card,1198
ORD002412,CUST01033,2025-09-23,completed,NetBanking,3798
ORD002413,CUST01033,2026-01-21,completed,Card,2998
ORD002414,CUST01034,2026-06-20,completed,COD,3398
ORD002415,CUST01035,2025-09-22,completed,COD,499
ORD002416,CUST01035,2025-11-18,completed,COD,5498
ORD002417,CUST01036,2025-03-03,completed,Card,1198
ORD002418,CUST01036,2025-12-12,completed,Card,3498
ORD002419,CUST01036,2026-03-11,completed,COD,2499
ORD002420,CUST01036,2025-04-08,completed,Card,6998
ORD002421,CUST01037,2026-02-23,completed,COD,2499
ORD002422,CUST01037,2026-08-02,completed,COD,6197
ORD002423,CUST01038,2025-04-22,completed,Card,2997
ORD002424,CUST01038,2025-11-18,completed,UPI,2999
ORD002425,CUST01039,2026-04-20,completed,UPI,899
ORD002426,CUST01039,2025-11-28,completed,NetBanking,4298
ORD002427,CUST01039,2025-04-22,completed,NetBanking,2998
ORD002428,CUST01040,2026-03-10,cancelled,Card,4498
ORD002429,CUST01040,2025-11-22,completed,UPI,3197
ORD002430,CUST01040,2026-02-17,completed,Card,2998
ORD002431,CUST01040,2026-04-20,completed,NetBanking,2499
ORD002432,CUST01040,2025-11-13,completed,NetBanking,6998
ORD002433,CUST01040,2026-04-27,completed,COD,4897
ORD002434,CUST01041,2026-01-25,completed,Card,3098
ORD002435,CUST01041,2025-08-21,completed,COD,2499
ORD002436,CUST01041,2025-10-31,completed,Card,2798
ORD002437,CUST01041,2026-03-26,completed,Card,5298
ORD002438,CUST01041,2026-04-12,completed,UPI,6297
ORD002439,CUST01041,2025-07-13,completed,NetBanking,1299
ORD002440,CUST01042,2025-08-07,completed,UPI,3798
ORD002441,CUST01043,2025-06-07,completed,UPI,1798
ORD002442,CUST01044,2026-07-14,completed,Card,2999
ORD002443,CUST01045,2026-01-25,returned,NetBanking,4497
ORD002444,CUST01045,2026-04-22,completed,COD,3398
ORD002445,CUST01045,2026-03-07,completed,COD,2998
ORD002446,CUST01046,2025-04-10,completed,Card,999
ORD002447,CUST01047,2026-07-10,cancelled,UPI,6097
ORD002448,CUST01048,2026-07-15,completed,Card,999
ORD002449,CUST01049,2025-12-24,completed,Card,2698
ORD002450,CUST01050,2025-09-03,completed,NetBanking,2499
ORD002451,CUST01050,2026-05-17,completed,Card,2499
ORD002452,CUST01050,2025-09-18,completed,NetBanking,2798
ORD002453,CUST01050,2025-03-29,completed,UPI,1598
ORD002454,CUST01050,2025-12-10,completed,Card,2499
ORD002455,CUST01050,2025-08-06,completed,Card,3398
ORD002456,CUST01051,2026-02-20,completed,COD,1398
ORD002457,CUST01052,2025-12-11,completed,COD,1998
ORD002458,CUST01052,2026-08-03,completed,NetBanking,4898
ORD002459,CUST01053,2025-11-04,completed,NetBanking,2198
ORD002460,CUST01053,2026-02-17,completed,Card,4298
ORD002461,CUST01053,2025-09-12,completed,COD,999
ORD002462,CUST01053,2026-01-05,completed,UPI,4798
ORD002463,CUST01053,2025-12-01,completed,Card,4797
ORD002464,CUST01053,2026-06-13,completed,Card,3798
ORD002465,CUST01054,2026-03-13,completed,UPI,4698
ORD002466,CUST01054,2026-03-12,completed,Card,699
ORD002467,CUST01055,2026-05-07,completed,NetBanking,1499
ORD002468,CUST01055,2025-04-20,completed,Card,1799
ORD002469,CUST01055,2025-09-22,completed,COD,4297
ORD002470,CUST01055,2026-01-22,completed,Card,5298
ORD002471,CUST01055,2025-12-31,completed,NetBanking,1799
ORD002472,CUST01055,2025-07-31,completed,UPI,3999
ORD002473,CUST01055,2026-02-07,completed,UPI,5997
ORD002474,CUST01055,2025-09-07,completed,NetBanking,1898
ORD002475,CUST01056,2026-05-23,completed,NetBanking,3498
ORD002476,CUST01056,2025-08-15,completed,UPI,3998
ORD002477,CUST01056,2025-05-10,completed,NetBanking,3998
ORD002478,CUST01057,2026-04-06,completed,COD,3999
ORD002479,CUST01058,2026-01-09,completed,UPI,1598
ORD002480,CUST01058,2025-05-03,completed,NetBanking,5997
ORD002481,CUST01058,2025-09-29,completed,UPI,6498
ORD002482,CUST01058,2025-04-30,completed,UPI,499
ORD002483,CUST01059,2026-02-20,completed,NetBanking,5797
ORD002484,CUST01059,2025-04-09,completed,UPI,6498
ORD002485,CUST01060,2025-11-27,completed,NetBanking,5498
ORD002486,CUST01060,2025-07-13,cancelled,NetBanking,1299
ORD002487,CUST01060,2025-10-22,completed,UPI,2499
ORD002488,CUST01060,2025-05-21,cancelled,NetBanking,1799
ORD002489,CUST01060,2025-09-29,completed,COD,3999
ORD002490,CUST01060,2025-06-16,completed,NetBanking,4997
ORD002491,CUST01060,2026-02-20,completed,COD,1799
ORD002492,CUST01061,2025-05-16,completed,Card,3198
ORD002493,CUST01062,2026-01-02,cancelled,Card,3398
ORD002494,CUST01063,2026-01-20,completed,UPI,2499
ORD002495,CUST01063,2025-03-16,cancelled,UPI,1398
ORD002496,CUST01063,2025-12-01,completed,Card,3998
ORD002497,CUST01064,2026-06-06,cancelled,Card,2499
ORD002498,CUST01065,2026-08-11,completed,Card,4898
ORD002499,CUST01065,2026-02-28,completed,Card,2499
ORD002500,CUST01065,2026-04-19,completed,COD,2397
ORD002501,CUST01065,2025-12-11,completed,Card,2999
ORD002502,CUST01067,2025-07-17,completed,COD,499
ORD002503,CUST01067,2026-07-18,completed,COD,6797
ORD002504,CUST01067,2025-03-04,completed,NetBanking,3398
ORD002505,CUST01067,2025-05-25,completed,COD,4498
ORD002506,CUST01067,2025-08-30,completed,COD,3498
ORD002507,CUST01068,2025-08-15,completed,COD,6197
ORD002508,CUST01068,2025-04-29,completed,UPI,4898
ORD002509,CUST01068,2025-12-03,completed,COD,4297
ORD002510,CUST01069,2026-04-05,completed,Card,3498
ORD002511,CUST01069,2025-10-10,completed,UPI,5297
ORD002512,CUST01069,2026-02-12,completed,Card,3398
ORD002513,CUST01070,2025-04-14,completed,NetBanking,3398
ORD002514,CUST01070,2026-05-16,cancelled,Card,1598
ORD002515,CUST01070,2025-11-23,completed,Card,2998
ORD002516,CUST01070,2025-04-13,completed,NetBanking,4497
ORD002517,CUST01070,2025-10-02,completed,Card,2499
ORD002518,CUST01071,2025-06-04,completed,COD,6498
ORD002519,CUST01071,2026-05-20,completed,NetBanking,2998
ORD002520,CUST01072,2025-09-20,completed,NetBanking,3798
ORD002521,CUST01073,2025-04-23,completed,Card,2499
ORD002522,CUST01073,2025-04-30,completed,COD,3998
ORD002523,CUST01073,2026-03-12,completed,COD,4498
ORD002524,CUST01074,2025-12-17,completed,UPI,6498
ORD002525,CUST01075,2026-06-13,completed,COD,2499
ORD002526,CUST01075,2025-05-31,completed,UPI,2499
ORD002527,CUST01075,2026-07-28,completed,COD,3398
ORD002528,CUST01075,2026-02-19,completed,UPI,4998
ORD002529,CUST01075,2026-07-24,completed,COD,3697
ORD002530,CUST01076,2025-05-16,completed,COD,3098
ORD002531,CUST01076,2025-06-16,completed,Card,2499
ORD002532,CUST01076,2026-03-26,completed,NetBanking,4997
ORD002533,CUST01077,2026-03-28,completed,COD,1398
ORD002534,CUST01078,2025-12-07,completed,Card,1499
ORD002535,CUST01079,2025-10-25,completed,NetBanking,4698
ORD002536,CUST01080,2025-10-16,completed,COD,1799
ORD002537,CUST01081,2025-04-07,completed,COD,2999
ORD002538,CUST01082,2026-01-08,completed,UPI,2697
ORD002539,CUST01082,2025-03-14,completed,Card,4798
ORD002540,CUST01082,2025-12-28,completed,Card,2999
ORD002541,CUST01082,2025-06-23,completed,UPI,3398
ORD002542,CUST01083,2025-05-30,completed,Card,3898
ORD002543,CUST01083,2026-01-12,completed,NetBanking,4797
ORD002544,CUST01084,2025-11-12,completed,Card,3698
ORD002545,CUST01085,2026-04-13,completed,UPI,4197
ORD002546,CUST01086,2025-11-19,completed,Card,2298
ORD002547,CUST01087,2025-09-04,completed,COD,4498
ORD002548,CUST01088,2025-03-18,completed,NetBanking,899
ORD002549,CUST01089,2026-08-22,completed,NetBanking,6997
ORD002550,CUST01089,2026-01-21,completed,NetBanking,1598
ORD002551,CUST01089,2025-05-29,completed,COD,6498
ORD002552,CUST01090,2026-01-09,completed,Card,699
ORD002553,CUST01090,2025-04-16,completed,COD,3998
ORD002554,CUST01090,2026-06-01,completed,NetBanking,2999
ORD002555,CUST01091,2026-07-09,completed,COD,3997
ORD002556,CUST01091,2025-09-30,completed,UPI,3098
ORD002557,CUST01091,2026-02-28,completed,Card,2499
ORD002558,CUST01092,2026-01-18,completed,NetBanking,2497
ORD002559,CUST01092,2026-02-14,completed,Card,4798
ORD002560,CUST01093,2025-05-01,completed,COD,2499
ORD002561,CUST01094,2025-11-17,completed,Card,2499
ORD002562,CUST01096,2026-01-30,completed,COD,3998
ORD002563,CUST01098,2026-08-15,completed,UPI,4798
ORD002564,CUST01098,2025-07-16,completed,Card,6998
ORD002565,CUST01098,2026-06-06,completed,NetBanking,2798
ORD002566,CUST01098,2026-05-16,returned,NetBanking,3498
ORD002567,CUST01099,2026-04-02,completed,Card,3698
ORD002568,CUST01100,2026-01-07,completed,NetBanking,2298
ORD002569,CUST01100,2026-02-01,completed,UPI,1299
ORD002570,CUST01100,2025-11-24,completed,UPI,5297
ORD002571,CUST01100,2025-05-09,cancelled,COD,1898
ORD002572,CUST01101,2025-05-03,completed,NetBanking,5597
ORD002573,CUST01102,2026-08-13,completed,UPI,699
ORD002574,CUST01103,2025-07-13,completed,NetBanking,5297
ORD002575,CUST01103,2025-08-28,completed,NetBanking,3998
ORD002576,CUST01103,2026-05-09,completed,COD,2398
ORD002577,CUST01103,2026-04-15,completed,UPI,3098
ORD002578,CUST01103,2025-06-23,completed,COD,5798
ORD002579,CUST01104,2025-07-04,completed,COD,1799
ORD002580,CUST01105,2026-06-29,completed,NetBanking,2998
ORD002581,CUST01106,2025-03-21,completed,COD,4898
ORD002582,CUST01106,2026-04-30,completed,COD,3797
ORD002583,CUST01106,2026-07-05,completed,NetBanking,5298
ORD002584,CUST01106,2026-06-19,completed,COD,3098
ORD002585,CUST01106,2026-05-25,completed,NetBanking,5697
ORD002586,CUST01107,2026-06-15,completed,NetBanking,4298
ORD002587,CUST01107,2025-08-02,completed,UPI,2998
ORD002588,CUST01107,2025-10-15,completed,NetBanking,2499
ORD002589,CUST01107,2026-07-03,completed,UPI,8297
ORD002590,CUST01107,2025-06-24,completed,UPI,6498
ORD002591,CUST01107,2026-05-20,completed,UPI,899
ORD002592,CUST01107,2025-10-01,completed,Card,2999
ORD002593,CUST01107,2025-09-14,completed,Card,2999
ORD002594,CUST01109,2026-03-05,completed,UPI,5298
ORD002595,CUST01109,2025-08-12,completed,NetBanking,2698
ORD002596,CUST01109,2026-03-02,completed,Card,1799
ORD002597,CUST01110,2025-06-06,completed,Card,2298
ORD002598,CUST01111,2025-09-08,completed,COD,3498
ORD002599,CUST01111,2026-08-05,completed,COD,999
ORD002600,CUST01112,2026-01-02,returned,COD,4898
ORD002601,CUST01113,2025-09-15,completed,UPI,4297
ORD002602,CUST01113,2025-12-07,completed,UPI,2198
ORD002603,CUST01113,2025-05-31,completed,NetBanking,2499
ORD002604,CUST01113,2025-04-21,completed,Card,1299
ORD002605,CUST01113,2026-07-28,completed,Card,1299
ORD002606,CUST01113,2026-08-06,completed,UPI,1398
ORD002607,CUST01114,2026-03-13,completed,UPI,4798
ORD002608,CUST01114,2026-05-20,completed,UPI,3498
ORD002609,CUST01114,2026-01-12,completed,UPI,3698
ORD002610,CUST01114,2025-05-21,completed,Card,699
ORD002611,CUST01114,2026-05-01,completed,UPI,499
ORD002612,CUST01114,2025-06-19,completed,UPI,899
ORD002613,CUST01114,2026-06-29,completed,COD,7497
ORD002614,CUST01115,2025-12-25,completed,UPI,899
ORD002615,CUST01115,2026-03-13,returned,COD,2998
ORD002616,CUST01115,2026-08-15,completed,COD,1498
ORD002617,CUST01115,2025-12-24,completed,Card,2997
ORD002618,CUST01115,2025-04-30,completed,Card,4498
ORD002619,CUST01115,2025-03-30,completed,UPI,3798
ORD002620,CUST01116,2026-01-02,returned,NetBanking,5497
ORD002621,CUST01116,2025-06-08,completed,NetBanking,1998
ORD002622,CUST01116,2026-06-05,completed,Card,3999
ORD002623,CUST01117,2026-03-14,completed,COD,3897
ORD002624,CUST01118,2026-04-14,completed,UPI,2999
ORD002625,CUST01119,2026-08-02,cancelled,Card,3498
ORD002626,CUST01119,2025-11-22,completed,NetBanking,5297
ORD002627,CUST01120,2026-07-09,completed,COD,2499
ORD002628,CUST01121,2025-03-25,completed,NetBanking,1299
ORD002629,CUST01121,2026-04-24,completed,UPI,2999
ORD002630,CUST01121,2026-06-11,completed,NetBanking,3999
ORD002631,CUST01122,2025-03-23,completed,UPI,6498
ORD002632,CUST01123,2025-05-13,completed,UPI,6498
ORD002633,CUST01123,2025-03-03,completed,Card,7797
ORD002634,CUST01124,2025-11-12,completed,NetBanking,6197
ORD002635,CUST01124,2026-01-29,completed,UPI,4298
ORD002636,CUST01125,2025-12-04,completed,UPI,2698
ORD002637,CUST01125,2025-04-29,completed,NetBanking,2999
ORD002638,CUST01125,2025-06-19,completed,Card,5498
ORD002639,CUST01125,2025-11-12,completed,Card,4797
ORD002640,CUST01125,2025-07-05,completed,UPI,2398
ORD002641,CUST01125,2025-03-02,completed,COD,2499
ORD002642,CUST01126,2026-06-09,completed,Card,2798
ORD002643,CUST01126,2025-10-13,completed,NetBanking,1698
ORD002644,CUST01127,2025-11-02,completed,UPI,5597
ORD002645,CUST01128,2026-01-16,returned,NetBanking,3398
ORD002646,CUST01129,2025-03-08,completed,UPI,699
ORD002647,CUST01129,2026-05-21,completed,UPI,3098
ORD002648,CUST01130,2026-07-27,completed,NetBanking,3398
ORD002649,CUST01130,2026-06-15,cancelled,UPI,6998
ORD002650,CUST01132,2026-01-14,completed,Card,2298
ORD002651,CUST01133,2026-01-20,completed,NetBanking,3198
ORD002652,CUST01134,2026-08-20,completed,Card,4697
ORD002653,CUST01135,2025-05-17,completed,NetBanking,5497
ORD002654,CUST01135,2025-07-28,completed,Card,1499
ORD002655,CUST01135,2025-06-18,completed,UPI,4298
ORD002656,CUST01137,2025-10-10,completed,UPI,2499
ORD002657,CUST01137,2025-03-16,completed,UPI,3198
ORD002658,CUST01137,2025-12-14,completed,Card,6397
ORD002659,CUST01137,2026-07-03,returned,COD,4997
ORD002660,CUST01138,2026-08-13,cancelled,NetBanking,1898
ORD002661,CUST01139,2025-05-19,completed,Card,1898
ORD002662,CUST01140,2026-06-01,completed,COD,2499
ORD002663,CUST01140,2025-06-24,cancelled,Card,7297
ORD002664,CUST01140,2025-07-10,completed,Card,3198
ORD002665,CUST01141,2026-03-14,cancelled,UPI,1299
ORD002666,CUST01142,2026-01-06,completed,COD,2499
ORD002667,CUST01142,2026-04-20,completed,COD,2498
ORD002668,CUST01142,2025-04-10,completed,UPI,3398
ORD002669,CUST01143,2025-06-21,completed,UPI,1299
ORD002670,CUST01143,2025-09-18,completed,COD,3998
ORD002671,CUST01143,2026-01-03,completed,Card,3197
ORD002672,CUST01143,2026-05-31,completed,UPI,4498
ORD002673,CUST01143,2026-03-01,completed,NetBanking,5498
ORD002674,CUST01143,2025-12-11,completed,NetBanking,4697
ORD002675,CUST01143,2026-01-09,cancelled,NetBanking,999
ORD002676,CUST01143,2026-01-11,completed,UPI,1799
ORD002677,CUST01144,2026-08-19,completed,COD,4797
ORD002678,CUST01146,2026-06-18,completed,Card,1998
ORD002679,CUST01146,2025-11-04,completed,COD,5498
ORD002680,CUST01146,2026-07-21,completed,COD,7297
ORD002681,CUST01147,2025-05-02,completed,Card,3698
ORD002682,CUST01147,2025-03-28,returned,COD,6498
ORD002683,CUST01147,2025-08-24,returned,COD,2798
ORD002684,CUST01148,2026-06-02,completed,UPI,3798
ORD002685,CUST01148,2026-07-24,completed,Card,2298
ORD002686,CUST01148,2025-12-02,completed,UPI,1299
ORD002687,CUST01148,2025-09-06,completed,COD,2998
ORD002688,CUST01148,2025-04-12,completed,COD,7197
ORD002689,CUST01148,2026-05-04,completed,NetBanking,1799
ORD002690,CUST01148,2025-04-04,completed,NetBanking,2499
ORD002691,CUST01148,2026-04-04,completed,NetBanking,1299
ORD002692,CUST01150,2025-03-02,completed,NetBanking,7897
ORD002693,CUST01150,2025-12-05,completed,UPI,3198
ORD002694,CUST01150,2025-03-28,completed,COD,1299
ORD002695,CUST01150,2026-07-17,completed,Card,2998
ORD002696,CUST01150,2025-11-06,cancelled,UPI,4298
ORD002697,CUST01151,2026-03-21,completed,NetBanking,999
ORD002698,CUST01151,2026-08-18,completed,Card,2998
ORD002699,CUST01151,2025-08-31,completed,UPI,499
ORD002700,CUST01152,2026-06-10,completed,Card,6397
ORD002701,CUST01152,2026-04-14,completed,UPI,999
ORD002702,CUST01152,2026-07-11,completed,Card,3298
ORD002703,CUST01153,2026-07-28,completed,Card,3999
ORD002704,CUST01154,2025-04-03,completed,Card,2499
ORD002705,CUST01154,2025-10-14,completed,UPI,2298
ORD002706,CUST01156,2025-12-02,completed,NetBanking,2797
ORD002707,CUST01156,2026-04-13,completed,UPI,5298
ORD002708,CUST01156,2026-04-10,completed,COD,699
ORD002709,CUST01156,2025-11-09,completed,UPI,2499
ORD002710,CUST01157,2025-12-30,completed,UPI,5297
ORD002711,CUST01158,2025-07-31,returned,UPI,3698
ORD002712,CUST01159,2025-11-27,completed,UPI,2298
ORD002713,CUST01159,2026-02-02,completed,COD,1798
ORD002714,CUST01159,2025-11-30,completed,UPI,3998
ORD002715,CUST01159,2025-05-27,completed,Card,2998
ORD002716,CUST01159,2026-04-18,completed,NetBanking,2998
ORD002717,CUST01160,2025-06-25,completed,UPI,1799
ORD002718,CUST01162,2026-04-20,completed,COD,2497
ORD002719,CUST01162,2026-02-02,completed,COD,4998
ORD002720,CUST01162,2025-08-13,completed,COD,4497
ORD002721,CUST01164,2025-03-15,completed,Card,699
ORD002722,CUST01165,2025-09-16,completed,NetBanking,2499
ORD002723,CUST01166,2025-09-03,completed,UPI,2498
ORD002724,CUST01166,2026-07-06,completed,UPI,2499
ORD002725,CUST01168,2025-09-07,completed,UPI,3997
ORD002726,CUST01168,2025-12-13,completed,Card,2499
ORD002727,CUST01169,2025-10-14,completed,Card,2499
ORD002728,CUST01171,2026-06-27,completed,Card,899
ORD002729,CUST01172,2025-07-26,completed,Card,5197
ORD002730,CUST01173,2026-07-24,completed,Card,899
ORD002731,CUST01174,2026-04-09,completed,NetBanking,499
ORD002732,CUST01174,2025-03-31,completed,NetBanking,2499
ORD002733,CUST01174,2026-07-28,completed,UPI,5498
ORD002734,CUST01174,2025-05-03,completed,Card,2298
ORD002735,CUST01174,2025-12-01,completed,COD,4997
ORD002736,CUST01174,2026-07-14,completed,Card,4298
ORD002737,CUST01175,2025-07-30,completed,NetBanking,499
ORD002738,CUST01175,2025-04-21,completed,COD,499
ORD002739,CUST01175,2025-11-15,completed,UPI,6498
ORD002740,CUST01176,2026-04-13,completed,Card,2999
ORD002741,CUST01176,2025-09-21,completed,NetBanking,5498
ORD002742,CUST01177,2025-07-31,completed,Card,4698
ORD002743,CUST01177,2025-03-04,completed,NetBanking,7197
ORD002744,CUST01177,2026-03-09,completed,UPI,2498
ORD002745,CUST01177,2026-03-23,completed,COD,3898
ORD002746,CUST01178,2026-04-27,completed,Card,1299
ORD002747,CUST01178,2026-03-23,completed,Card,4898
ORD002748,CUST01178,2026-06-05,completed,NetBanking,699
ORD002749,CUST01180,2025-06-15,completed,NetBanking,4298
ORD002750,CUST01180,2025-12-05,completed,UPI,3198
ORD002751,CUST01180,2026-07-05,completed,Card,899
ORD002752,CUST01180,2025-11-19,completed,Card,2499
ORD002753,CUST01180,2026-03-10,completed,Card,2998
ORD002754,CUST01181,2026-06-29,completed,Card,2999
ORD002755,CUST01181,2026-01-20,completed,UPI,699
ORD002756,CUST01181,2026-05-25,returned,NetBanking,4498
ORD002757,CUST01181,2025-11-23,completed,Card,2998
ORD002758,CUST01181,2026-01-26,completed,COD,2798
ORD002759,CUST01181,2025-07-15,completed,NetBanking,4697
ORD002760,CUST01182,2026-02-18,completed,COD,6397
ORD002761,CUST01182,2025-08-28,completed,NetBanking,499
ORD002762,CUST01182,2026-01-24,completed,COD,499
ORD002763,CUST01182,2025-06-22,completed,UPI,4698
ORD002764,CUST01182,2026-05-14,completed,Card,2998
ORD002765,CUST01182,2026-03-27,completed,Card,3398
ORD002766,CUST01183,2025-05-19,completed,COD,4397
ORD002767,CUST01183,2025-07-22,returned,Card,7497
ORD002768,CUST01183,2025-05-06,completed,COD,4297
ORD002769,CUST01183,2025-11-20,completed,Card,2499
ORD002770,CUST01183,2026-03-08,completed,COD,5498
ORD002771,CUST01183,2025-06-14,completed,Card,2198
ORD002772,CUST01183,2026-06-21,completed,UPI,2498
ORD002773,CUST01184,2025-12-27,completed,NetBanking,2499
ORD002774,CUST01184,2026-04-06,completed,Card,3498
ORD002775,CUST01184,2025-09-11,completed,Card,4797
ORD002776,CUST01184,2026-03-03,completed,COD,6697
ORD002777,CUST01184,2025-11-09,completed,Card,899
ORD002778,CUST01184,2026-02-06,completed,COD,1498
ORD002779,CUST01184,2026-04-19,completed,COD,1799
ORD002780,CUST01184,2026-03-15,completed,NetBanking,3898
ORD002781,CUST01185,2026-03-14,completed,NetBanking,5797
ORD002782,CUST01185,2026-04-27,completed,NetBanking,3997
ORD002783,CUST01185,2026-01-28,completed,NetBanking,2499
ORD002784,CUST01185,2025-10-11,completed,NetBanking,5298
ORD002785,CUST01186,2025-11-14,completed,Card,2698
ORD002786,CUST01186,2026-01-13,cancelled,UPI,4298
ORD002787,CUST01186,2026-03-14,completed,Card,1799
ORD002788,CUST01186,2026-03-13,completed,COD,499
ORD002789,CUST01186,2026-05-27,completed,NetBanking,6498
ORD002790,CUST01186,2025-06-09,completed,NetBanking,1299
ORD002791,CUST01188,2026-04-22,completed,Card,7797
ORD002792,CUST01189,2025-07-21,completed,Card,2998
ORD002793,CUST01189,2026-02-28,completed,UPI,2498
ORD002794,CUST01189,2026-02-19,returned,NetBanking,3197
ORD002795,CUST01189,2026-07-20,completed,NetBanking,4498
ORD002796,CUST01189,2025-07-18,completed,NetBanking,2499
ORD002797,CUST01189,2026-04-29,completed,Card,1198
ORD002798,CUST01189,2025-12-27,completed,COD,2499
ORD002799,CUST01190,2025-11-16,completed,NetBanking,2499
ORD002800,CUST01190,2025-11-04,completed,NetBanking,2298
ORD002801,CUST01190,2025-10-26,cancelled,Card,1799
ORD002802,CUST01191,2025-06-11,completed,Card,3498
ORD002803,CUST01192,2025-08-16,returned,UPI,3998
ORD002804,CUST01193,2025-03-28,completed,Card,1299
ORD002805,CUST01193,2026-04-13,returned,NetBanking,4298
ORD002806,CUST01193,2025-11-01,completed,Card,3999
ORD002807,CUST01193,2026-02-21,completed,COD,2298
ORD002808,CUST01193,2025-08-14,completed,Card,4497
ORD002809,CUST01193,2025-05-12,completed,NetBanking,3697
ORD002810,CUST01193,2026-07-04,completed,UPI,3498
ORD002811,CUST01194,2025-03-26,completed,Card,499
ORD002812,CUST01195,2026-05-30,completed,NetBanking,3198
ORD002813,CUST01196,2026-04-03,completed,NetBanking,1299
ORD002814,CUST01196,2026-02-17,completed,UPI,3999
ORD002815,CUST01198,2026-03-08,completed,COD,4597
ORD002816,CUST01199,2025-12-03,completed,UPI,3998
ORD002817,CUST01200,2025-09-10,completed,UPI,4298
ORD002818,CUST01200,2025-07-16,completed,UPI,3998
ORD002819,CUST01201,2025-03-27,returned,UPI,2998
ORD002820,CUST01201,2025-04-23,completed,Card,3999
ORD002821,CUST01202,2026-06-08,completed,COD,6998
ORD002822,CUST01204,2025-10-06,completed,UPI,1398
ORD002823,CUST01204,2025-09-02,completed,UPI,4897
ORD002824,CUST01205,2025-08-16,completed,NetBanking,499
ORD002825,CUST01206,2026-03-09,completed,COD,2198
ORD002826,CUST01206,2026-02-22,completed,NetBanking,6397
ORD002827,CUST01207,2025-05-16,completed,Card,2298
ORD002828,CUST01207,2026-02-21,returned,COD,3998
ORD002829,CUST01207,2026-05-22,completed,UPI,4798
ORD002830,CUST01207,2026-01-24,completed,NetBanking,5197
ORD002831,CUST01209,2026-02-09,completed,NetBanking,3398
ORD002832,CUST01209,2026-04-27,completed,COD,3198
ORD002833,CUST01210,2026-03-01,completed,UPI,1698
ORD002834,CUST01211,2026-04-04,completed,COD,4697
ORD002835,CUST01212,2025-07-24,completed,Card,1299
ORD002836,CUST01212,2025-09-01,completed,UPI,2499
ORD002837,CUST01212,2025-08-26,completed,COD,1698
ORD002838,CUST01213,2026-03-23,completed,COD,2498
ORD002839,CUST01214,2025-06-02,completed,Card,3198
ORD002840,CUST01214,2026-01-15,completed,UPI,4597
ORD002841,CUST01214,2026-05-18,completed,Card,6397
ORD002842,CUST01214,2026-06-28,completed,UPI,2499
ORD002843,CUST01214,2026-07-22,completed,UPI,499
ORD002844,CUST01214,2025-05-21,completed,UPI,4497
ORD002845,CUST01215,2025-04-25,completed,UPI,3398
ORD002846,CUST01215,2026-06-07,completed,Card,7297
ORD002847,CUST01215,2025-11-24,cancelled,UPI,1598
ORD002848,CUST01215,2025-03-17,completed,COD,7797
ORD002849,CUST01215,2026-01-23,completed,NetBanking,3798
ORD002850,CUST01215,2025-04-05,completed,NetBanking,6997
ORD002851,CUST01216,2026-06-02,completed,COD,4397
ORD002852,CUST01217,2025-12-08,completed,NetBanking,2497
ORD002853,CUST01217,2026-03-04,completed,Card,5297
ORD002854,CUST01217,2025-07-18,completed,UPI,4597
ORD002855,CUST01217,2026-05-20,completed,UPI,2298
ORD002856,CUST01217,2025-03-12,completed,NetBanking,3798
ORD002857,CUST01217,2026-03-10,returned,NetBanking,899
ORD002858,CUST01218,2026-06-24,completed,NetBanking,2499
ORD002859,CUST01218,2026-05-08,completed,COD,6197
ORD002860,CUST01219,2026-07-23,completed,Card,6498
ORD002861,CUST01219,2025-10-26,completed,Card,1299
ORD002862,CUST01220,2025-06-05,completed,UPI,2998
ORD002863,CUST01220,2026-06-20,completed,Card,2798
ORD002864,CUST01220,2026-08-05,completed,Card,6498
ORD002865,CUST01220,2025-08-24,completed,NetBanking,1299
ORD002866,CUST01221,2025-12-14,completed,UPI,6297
ORD002867,CUST01221,2026-04-30,completed,NetBanking,3999
ORD002868,CUST01221,2025-07-23,completed,UPI,899
ORD002869,CUST01222,2025-09-07,completed,COD,2499
ORD002870,CUST01222,2025-04-14,completed,COD,4498
ORD002871,CUST01223,2026-07-18,completed,NetBanking,2998
ORD002872,CUST01223,2026-06-28,completed,Card,4498
ORD002873,CUST01223,2026-02-19,completed,UPI,2499
ORD002874,CUST01223,2025-05-23,completed,NetBanking,3697
ORD002875,CUST01224,2025-12-20,completed,Card,3798
ORD002876,CUST01225,2025-06-17,completed,NetBanking,3498
ORD002877,CUST01225,2026-02-09,completed,Card,3798
ORD002878,CUST01225,2026-02-04,completed,NetBanking,2197
ORD002879,CUST01226,2025-03-28,completed,NetBanking,2398
ORD002880,CUST01226,2025-12-04,completed,NetBanking,2198
ORD002881,CUST01226,2026-06-21,completed,NetBanking,5997
ORD002882,CUST01226,2026-04-26,completed,COD,2998
ORD002883,CUST01226,2026-01-28,completed,NetBanking,3698
ORD002884,CUST01226,2026-08-12,completed,COD,3797
ORD002885,CUST01226,2026-01-20,completed,NetBanking,499
ORD002886,CUST01226,2025-10-30,returned,UPI,699
ORD002887,CUST01227,2025-10-30,cancelled,NetBanking,5197
ORD002888,CUST01227,2026-08-22,completed,COD,2499
ORD002889,CUST01227,2025-07-03,returned,NetBanking,6498
ORD002890,CUST01228,2025-03-02,completed,NetBanking,4498
ORD002891,CUST01228,2026-06-30,completed,COD,3798
ORD002892,CUST01228,2025-12-30,cancelled,Card,2998
ORD002893,CUST01228,2025-08-13,completed,Card,3298
ORD002894,CUST01228,2026-03-17,completed,NetBanking,5297
ORD002895,CUST01228,2025-08-31,returned,NetBanking,4898
ORD002896,CUST01228,2025-06-11,completed,UPI,6397
ORD002897,CUST01228,2025-06-11,completed,Card,5298
ORD002898,CUST01229,2025-12-18,completed,Card,699
ORD002899,CUST01229,2026-01-21,completed,UPI,3197
ORD002900,CUST01229,2026-05-30,completed,NetBanking,2998
ORD002901,CUST01230,2025-07-30,completed,UPI,2499
ORD002902,CUST01230,2025-05-22,completed,COD,499
ORD002903,CUST01230,2025-09-14,completed,NetBanking,5797
ORD002904,CUST01230,2025-11-16,completed,COD,2499
ORD002905,CUST01230,2025-06-30,completed,COD,5797
ORD002906,CUST01230,2025-05-19,completed,Card,2198
ORD002907,CUST01232,2025-12-13,completed,UPI,4397
ORD002908,CUST01233,2026-02-28,completed,COD,3999
ORD002909,CUST01234,2026-07-18,completed,UPI,3498
ORD002910,CUST01234,2025-04-23,completed,UPI,3098
ORD002911,CUST01234,2025-06-28,completed,NetBanking,2998
ORD002912,CUST01234,2026-06-26,completed,COD,2998
ORD002913,CUST01235,2026-04-25,completed,UPI,2997
ORD002914,CUST01235,2025-12-01,completed,UPI,999
ORD002915,CUST01236,2025-08-28,completed,Card,1499
ORD002916,CUST01236,2026-04-21,completed,UPI,2999
ORD002917,CUST01236,2025-07-21,completed,Card,4498
ORD002918,CUST01236,2026-03-25,completed,Card,4997
ORD002919,CUST01236,2026-02-22,completed,NetBanking,1998
ORD002920,CUST01236,2025-12-11,completed,NetBanking,6997
ORD002921,CUST01237,2026-02-26,completed,NetBanking,3498
ORD002922,CUST01237,2025-12-14,completed,COD,2298
ORD002923,CUST01237,2026-03-29,completed,UPI,4298
ORD002924,CUST01237,2026-07-18,completed,Card,3698
ORD002925,CUST01237,2025-12-27,completed,Card,3997
ORD002926,CUST01237,2026-03-11,completed,UPI,1498
ORD002927,CUST01237,2026-04-12,completed,UPI,3298
ORD002928,CUST01237,2025-06-20,completed,Card,3897
ORD002929,CUST01238,2025-06-03,completed,UPI,4298
ORD002930,CUST01239,2025-06-04,completed,COD,4797
ORD002931,CUST01239,2025-03-28,completed,Card,4498
ORD002932,CUST01240,2026-05-12,completed,COD,3398
ORD002933,CUST01241,2025-11-22,completed,COD,4097
ORD002934,CUST01241,2025-08-19,completed,UPI,3997
ORD002935,CUST01241,2026-06-07,completed,NetBanking,1799
ORD002936,CUST01241,2025-10-25,completed,COD,1499
ORD002937,CUST01241,2026-05-24,completed,Card,4698
ORD002938,CUST01242,2025-08-10,completed,COD,899
ORD002939,CUST01243,2026-02-08,completed,Card,2499
ORD002940,CUST01243,2026-03-12,completed,COD,2999
ORD002941,CUST01243,2026-02-23,completed,UPI,2998
ORD002942,CUST01243,2025-10-13,completed,COD,3198
ORD002943,CUST01243,2025-08-09,completed,UPI,699
ORD002944,CUST01243,2025-10-03,completed,NetBanking,1498
ORD002945,CUST01244,2025-04-10,completed,UPI,2998
ORD002946,CUST01244,2025-11-10,cancelled,NetBanking,1799
ORD002947,CUST01244,2026-04-26,completed,Card,2298
ORD002948,CUST01244,2025-06-17,returned,COD,2698
ORD002949,CUST01245,2026-01-11,completed,NetBanking,5197
ORD002950,CUST01246,2025-04-22,completed,NetBanking,4498
ORD002951,CUST01246,2026-04-12,completed,NetBanking,6498
ORD002952,CUST01246,2025-11-05,completed,UPI,2499
ORD002953,CUST01247,2025-03-07,cancelled,COD,3999
ORD002954,CUST01248,2025-10-10,completed,UPI,2999
ORD002955,CUST01249,2025-07-03,cancelled,UPI,5497
ORD002956,CUST01249,2025-03-06,completed,UPI,2698
ORD002957,CUST01250,2025-06-21,completed,Card,999
ORD002958,CUST01250,2025-08-01,completed,COD,5297
ORD002959,CUST01250,2025-07-03,completed,NetBanking,2499
ORD002960,CUST01251,2025-11-15,completed,Card,3998
ORD002961,CUST01251,2025-12-08,cancelled,NetBanking,3798
ORD002962,CUST01252,2026-08-20,completed,NetBanking,3398
ORD002963,CUST01252,2025-07-24,returned,Card,999
ORD002964,CUST01252,2026-03-19,completed,UPI,4997
ORD002965,CUST01252,2025-09-15,completed,Card,4297
ORD002966,CUST01252,2025-06-17,completed,COD,3797
ORD002967,CUST01252,2025-03-12,completed,COD,2998
ORD002968,CUST01253,2025-10-22,completed,Card,2798
ORD002969,CUST01253,2026-03-23,completed,UPI,4197
ORD002970,CUST01253,2025-04-12,completed,NetBanking,1898
ORD002971,CUST01253,2026-01-23,completed,COD,3698
ORD002972,CUST01253,2025-06-29,completed,NetBanking,1799
ORD002973,CUST01253,2025-09-19,completed,Card,899
ORD002974,CUST01255,2026-08-16,cancelled,COD,1299
ORD002975,CUST01256,2026-03-22,completed,COD,2198
ORD002976,CUST01256,2026-01-07,completed,NetBanking,1698
ORD002977,CUST01256,2025-04-30,completed,UPI,2499
ORD002978,CUST01256,2026-01-02,completed,Card,2697
ORD002979,CUST01256,2025-07-18,returned,NetBanking,499
ORD002980,CUST01258,2026-04-01,completed,COD,2498
ORD002981,CUST01259,2026-03-13,completed,UPI,2499
ORD002982,CUST01259,2025-06-24,completed,UPI,999
ORD002983,CUST01261,2026-03-10,completed,UPI,3999
ORD002984,CUST01262,2026-02-28,completed,Card,999
ORD002985,CUST01263,2025-05-10,completed,UPI,1499
ORD002986,CUST01264,2026-03-02,completed,UPI,2999
ORD002987,CUST01264,2026-03-21,completed,NetBanking,2999
ORD002988,CUST01264,2026-05-24,completed,UPI,3999
ORD002989,CUST01264,2025-05-03,completed,UPI,699
ORD002990,CUST01264,2025-04-06,completed,COD,3498
ORD002991,CUST01265,2025-12-22,completed,COD,4497
ORD002992,CUST01266,2025-09-19,cancelled,NetBanking,5497
ORD002993,CUST01266,2025-11-08,completed,UPI,3998
ORD002994,CUST01266,2025-12-08,completed,Card,1698
ORD002995,CUST01266,2025-04-01,completed,NetBanking,999
ORD002996,CUST01267,2025-09-20,completed,COD,6498
ORD002997,CUST01267,2026-01-02,completed,UPI,5498
ORD002998,CUST01267,2026-02-28,completed,COD,1398
ORD002999,CUST01267,2026-02-08,completed,NetBanking,1799
ORD003000,CUST01267,2026-02-05,completed,Card,1499
ORD003001,CUST01267,2025-12-20,completed,UPI,699
ORD003002,CUST01267,2025-03-22,completed,COD,4898
ORD003003,CUST01267,2026-05-31,completed,COD,5997
ORD003004,CUST01268,2026-03-29,cancelled,Card,899
ORD003005,CUST01268,2025-10-29,completed,Card,2499
ORD003006,CUST01268,2026-02-18,completed,Card,4298
ORD003007,CUST01268,2026-06-09,completed,Card,499
ORD003008,CUST01269,2026-03-03,completed,UPI,1799
ORD003009,CUST01271,2025-10-13,returned,COD,6998
ORD003010,CUST01271,2025-10-30,completed,NetBanking,999
ORD003011,CUST01271,2025-08-28,completed,COD,3198
ORD003012,CUST01271,2026-07-01,completed,NetBanking,3898
ORD003013,CUST01272,2026-08-08,completed,COD,4497
ORD003014,CUST01273,2025-08-10,completed,COD,1498
ORD003015,CUST01273,2025-05-24,completed,COD,2499
ORD003016,CUST01274,2026-07-01,completed,NetBanking,5498
ORD003017,CUST01274,2025-10-14,completed,NetBanking,3398
ORD003018,CUST01274,2025-04-06,completed,COD,6797
ORD003019,CUST01275,2026-08-13,completed,UPI,5197
ORD003020,CUST01276,2025-05-25,completed,Card,2198
ORD003021,CUST01277,2026-04-01,completed,Card,2998
ORD003022,CUST01279,2025-08-21,completed,UPI,2798
ORD003023,CUST01280,2026-05-12,completed,UPI,4497
ORD003024,CUST01281,2025-12-23,completed,UPI,699
ORD003025,CUST01281,2025-03-05,completed,NetBanking,2498
ORD003026,CUST01281,2026-05-05,completed,COD,4498
ORD003027,CUST01281,2025-11-06,completed,COD,2499
ORD003028,CUST01281,2025-09-18,completed,COD,3298
ORD003029,CUST01281,2025-04-27,completed,COD,3498
ORD003030,CUST01282,2025-04-15,cancelled,NetBanking,2999
ORD003031,CUST01282,2025-07-30,completed,NetBanking,2498
ORD003032,CUST01282,2025-10-01,completed,Card,6497
ORD003033,CUST01283,2025-12-04,completed,Card,2197
ORD003034,CUST01283,2026-01-20,completed,UPI,2499
ORD003035,CUST01283,2025-08-07,completed,Card,2997
ORD003036,CUST01285,2025-07-27,completed,COD,5397
ORD003037,CUST01285,2025-07-10,completed,COD,1499
ORD003038,CUST01285,2026-03-06,completed,COD,1499
ORD003039,CUST01287,2026-05-25,completed,NetBanking,2198
ORD003040,CUST01287,2025-07-10,completed,COD,1499
ORD003041,CUST01288,2026-05-21,completed,UPI,1799
ORD003042,CUST01288,2025-09-28,completed,Card,1198
ORD003043,CUST01288,2026-01-28,completed,NetBanking,2798
ORD003044,CUST01288,2026-02-14,completed,UPI,2999
ORD003045,CUST01289,2026-08-14,completed,COD,2999
ORD003046,CUST01289,2025-10-06,completed,Card,5197
ORD003047,CUST01290,2025-06-04,completed,Card,699
ORD003048,CUST01290,2026-02-05,completed,COD,4298
ORD003049,CUST01290,2026-07-31,completed,NetBanking,3698
ORD003050,CUST01290,2025-07-24,completed,Card,3297
ORD003051,CUST01290,2026-02-01,cancelled,UPI,4298
ORD003052,CUST01290,2025-10-10,completed,UPI,1698
ORD003053,CUST01291,2026-04-30,completed,NetBanking,3297
ORD003054,CUST01291,2026-07-04,completed,NetBanking,2499
ORD003055,CUST01292,2025-10-31,completed,COD,4498
ORD003056,CUST01293,2026-03-13,completed,NetBanking,1898
ORD003057,CUST01293,2026-05-06,completed,Card,3498
ORD003058,CUST01293,2025-10-06,returned,UPI,2498
ORD003059,CUST01293,2025-04-04,completed,UPI,3797
ORD003060,CUST01294,2026-08-15,completed,Card,1198
ORD003061,CUST01294,2026-02-07,completed,Card,5797
ORD003062,CUST01294,2025-05-21,completed,NetBanking,3698
ORD003063,CUST01296,2026-06-30,completed,NetBanking,2398
ORD003064,CUST01297,2026-07-26,completed,UPI,3898
ORD003065,CUST01297,2025-06-10,completed,UPI,1898
ORD003066,CUST01297,2026-03-20,completed,UPI,1398
ORD003067,CUST01297,2025-03-22,completed,COD,499
ORD003068,CUST01298,2026-08-12,returned,Card,2398
ORD003069,CUST01299,2025-03-19,completed,NetBanking,2998
ORD003070,CUST01299,2025-07-22,completed,COD,2499
ORD003071,CUST01300,2026-04-21,completed,NetBanking,2499
ORD003072,CUST01300,2025-08-30,completed,COD,4298
ORD003073,CUST01300,2025-05-12,returned,COD,899
ORD003074,CUST01300,2025-04-25,completed,UPI,2798
ORD003075,CUST01300,2025-07-25,completed,Card,3098
ORD003076,CUST01300,2026-02-07,completed,NetBanking,1198
ORD003077,CUST01301,2025-09-19,cancelled,NetBanking,2097
ORD003078,CUST01302,2025-11-06,returned,UPI,2499
ORD003079,CUST01302,2026-08-15,completed,UPI,699
ORD003080,CUST01302,2025-08-27,completed,COD,2499
ORD003081,CUST01302,2025-11-13,completed,Card,2499
ORD003082,CUST01303,2025-05-19,completed,NetBanking,699
ORD003083,CUST01303,2026-05-25,completed,UPI,999
ORD003084,CUST01305,2026-07-05,completed,UPI,2897
ORD003085,CUST01306,2025-04-05,completed,NetBanking,1998
ORD003086,CUST01308,2025-05-28,cancelled,Card,2698
ORD003087,CUST01308,2025-05-22,completed,COD,4197
ORD003088,CUST01309,2026-01-21,completed,NetBanking,1799
ORD003089,CUST01309,2026-02-23,completed,Card,2498
ORD003090,CUST01309,2026-05-27,completed,COD,1799
ORD003091,CUST01311,2025-07-04,completed,COD,1398
ORD003092,CUST01311,2026-03-24,completed,Card,4298
ORD003093,CUST01311,2025-08-23,completed,NetBanking,1998
ORD003094,CUST01312,2025-09-04,completed,UPI,499
ORD003095,CUST01313,2025-10-11,completed,NetBanking,3198
ORD003096,CUST01313,2026-01-09,completed,COD,4197
ORD003097,CUST01314,2025-12-04,completed,Card,2499
ORD003098,CUST01314,2025-08-18,completed,NetBanking,4497
ORD003099,CUST01314,2026-03-17,returned,COD,2198
ORD003100,CUST01315,2026-03-31,completed,Card,3498
ORD003101,CUST01315,2025-03-19,cancelled,NetBanking,2499
ORD003102,CUST01316,2026-06-15,completed,Card,3498
ORD003103,CUST01317,2026-03-18,completed,UPI,7297
ORD003104,CUST01317,2025-12-19,completed,NetBanking,3798
ORD003105,CUST01317,2026-07-17,completed,UPI,2499
ORD003106,CUST01317,2026-07-06,returned,UPI,4997
ORD003107,CUST01317,2026-06-14,completed,Card,3398
ORD003108,CUST01317,2025-10-16,completed,Card,2298
ORD003109,CUST01318,2026-04-13,completed,Card,6998
ORD003110,CUST01320,2026-05-19,returned,NetBanking,3798
ORD003111,CUST01320,2025-04-08,completed,COD,899
ORD003112,CUST01320,2026-07-16,completed,NetBanking,7397
ORD003113,CUST01320,2026-04-18,completed,NetBanking,4697
ORD003114,CUST01320,2025-04-28,completed,UPI,2298
ORD003115,CUST01320,2025-04-27,completed,Card,2798
ORD003116,CUST01320,2026-07-07,completed,NetBanking,3398
ORD003117,CUST01320,2026-05-15,completed,UPI,499
ORD003118,CUST01321,2026-03-06,completed,NetBanking,999
ORD003119,CUST01321,2025-07-22,completed,NetBanking,2499
ORD003120,CUST01321,2026-06-27,completed,COD,6197
ORD003121,CUST01321,2026-04-07,completed,COD,2998
ORD003122,CUST01321,2025-09-03,completed,Card,3898
ORD003123,CUST01321,2026-04-11,completed,NetBanking,4497
ORD003124,CUST01322,2026-08-20,completed,Card,1898
ORD003125,CUST01323,2025-11-30,completed,UPI,6498
ORD003126,CUST01325,2026-01-12,completed,NetBanking,3898
ORD003127,CUST01326,2025-12-05,completed,UPI,2097
ORD003128,CUST01326,2025-05-02,completed,Card,2698
ORD003129,CUST01326,2025-08-01,completed,Card,4998
ORD003130,CUST01326,2025-10-29,cancelled,COD,2499
ORD003131,CUST01326,2026-03-08,completed,UPI,3697
ORD003132,CUST01327,2026-01-21,completed,COD,4397
ORD003133,CUST01327,2026-08-11,completed,COD,2499
ORD003134,CUST01327,2026-02-14,completed,NetBanking,6498
ORD003135,CUST01327,2026-02-18,cancelled,NetBanking,3798
ORD003136,CUST01327,2025-11-18,completed,Card,1299
ORD003137,CUST01327,2025-07-09,completed,Card,1598
ORD003138,CUST01328,2026-03-18,completed,UPI,1398
ORD003139,CUST01328,2025-10-31,completed,UPI,5498
ORD003140,CUST01328,2026-02-21,completed,COD,4898
ORD003141,CUST01328,2025-09-30,completed,COD,2499
ORD003142,CUST01329,2025-12-24,completed,COD,3999
ORD003143,CUST01329,2025-09-12,returned,Card,899
ORD003144,CUST01329,2025-05-10,completed,Card,4397
ORD003145,CUST01329,2025-03-08,completed,NetBanking,3798
ORD003146,CUST01329,2025-04-18,completed,COD,4498
ORD003147,CUST01329,2025-04-24,completed,NetBanking,2498
ORD003148,CUST01330,2025-05-09,completed,NetBanking,3997
ORD003149,CUST01331,2026-06-14,completed,COD,5498
ORD003150,CUST01331,2026-01-08,completed,Card,2499
ORD003151,CUST01331,2025-03-29,completed,COD,6197
ORD003152,CUST01332,2025-06-19,completed,COD,2998
ORD003153,CUST01332,2026-03-19,completed,NetBanking,2999
ORD003154,CUST01332,2025-03-22,completed,NetBanking,4798
ORD003155,CUST01332,2026-07-10,completed,NetBanking,5397
ORD003156,CUST01333,2026-07-13,completed,Card,899
ORD003157,CUST01333,2026-01-28,completed,UPI,3498
ORD003158,CUST01334,2025-03-28,completed,NetBanking,1799
ORD003159,CUST01335,2025-09-08,completed,UPI,3999
ORD003160,CUST01336,2025-04-20,completed,COD,1299
ORD003161,CUST01336,2026-06-04,completed,Card,3999
ORD003162,CUST01336,2025-03-08,completed,Card,6998
ORD003163,CUST01336,2026-07-16,completed,Card,1498
ORD003164,CUST01336,2025-09-02,completed,COD,3498
ORD003165,CUST01336,2026-04-07,completed,UPI,5498
ORD003166,CUST01338,2026-03-04,cancelled,COD,4498
ORD003167,CUST01339,2026-03-17,completed,NetBanking,3198
ORD003168,CUST01340,2026-06-08,completed,UPI,3397
ORD003169,CUST01340,2025-12-14,completed,NetBanking,6998
ORD003170,CUST01340,2026-05-12,completed,COD,1598
ORD003171,CUST01341,2025-06-04,completed,COD,4298
ORD003172,CUST01342,2026-05-13,completed,COD,2999
ORD003173,CUST01343,2025-10-12,completed,UPI,4897
ORD003174,CUST01343,2025-08-20,completed,Card,2499
ORD003175,CUST01343,2025-06-13,completed,UPI,3998
ORD003176,CUST01343,2026-08-22,completed,Card,2499
ORD003177,CUST01343,2026-04-18,completed,Card,2999
ORD003178,CUST01344,2025-05-28,completed,COD,2998
ORD003179,CUST01344,2025-06-25,completed,COD,2798
ORD003180,CUST01345,2025-09-09,completed,UPI,1798
ORD003181,CUST01345,2026-07-08,completed,Card,3998
ORD003182,CUST01346,2026-02-18,completed,Card,1198
ORD003183,CUST01349,2026-01-16,completed,COD,4298
ORD003184,CUST01349,2025-12-06,completed,COD,1799
ORD003185,CUST01349,2025-06-15,completed,UPI,5197
ORD003186,CUST01349,2026-08-01,completed,UPI,5298
ORD003187,CUST01349,2026-01-18,completed,Card,5298
ORD003188,CUST01349,2026-08-09,cancelled,UPI,2499
ORD003189,CUST01350,2026-05-11,completed,UPI,3498
ORD003190,CUST01350,2026-01-06,completed,UPI,5498
ORD003191,CUST01350,2025-06-07,completed,NetBanking,4698
ORD003192,CUST01351,2025-05-18,completed,UPI,3298
ORD003193,CUST01351,2025-05-30,completed,UPI,2499
ORD003194,CUST01351,2025-03-06,completed,UPI,4698
ORD003195,CUST01351,2026-01-14,completed,Card,5498
ORD003196,CUST01351,2026-07-12,completed,COD,1799
ORD003197,CUST01352,2026-05-11,completed,UPI,3198
ORD003198,CUST01354,2026-03-27,completed,UPI,3098
ORD003199,CUST01354,2025-04-02,completed,NetBanking,3198
ORD003200,CUST01354,2025-03-04,completed,UPI,9497
ORD003201,CUST01355,2026-08-06,completed,UPI,499
ORD003202,CUST01355,2025-08-29,completed,Card,1299
ORD003203,CUST01355,2026-07-22,completed,COD,2998
ORD003204,CUST01355,2025-04-15,completed,Card,2998
ORD003205,CUST01355,2025-08-16,completed,NetBanking,1198
ORD003206,CUST01355,2025-10-01,returned,NetBanking,4698
ORD003207,CUST01356,2026-05-19,completed,UPI,999
ORD003208,CUST01357,2026-06-13,completed,UPI,2998
ORD003209,CUST01358,2025-11-20,completed,UPI,3198
ORD003210,CUST01359,2025-05-31,completed,NetBanking,4497
ORD003211,CUST01359,2025-12-21,completed,Card,4697
ORD003212,CUST01360,2025-08-19,completed,NetBanking,3897
ORD003213,CUST01360,2026-01-02,completed,NetBanking,1299
ORD003214,CUST01360,2025-05-05,completed,NetBanking,2499
ORD003215,CUST01361,2026-05-30,completed,NetBanking,3999
ORD003216,CUST01362,2026-05-21,completed,UPI,5498
ORD003217,CUST01362,2025-10-02,completed,Card,6498
ORD003218,CUST01362,2026-08-11,completed,UPI,699
ORD003219,CUST01363,2026-01-03,completed,NetBanking,3698
ORD003220,CUST01363,2026-08-01,completed,Card,2797
ORD003221,CUST01363,2026-03-16,completed,NetBanking,2499
ORD003222,CUST01363,2025-11-10,cancelled,COD,2999
ORD003223,CUST01364,2025-09-17,completed,COD,999
ORD003224,CUST01365,2025-08-03,returned,COD,2998
ORD003225,CUST01365,2026-01-23,completed,Card,6498
ORD003226,CUST01365,2025-03-21,completed,NetBanking,1299
ORD003227,CUST01366,2026-03-08,completed,Card,3998
ORD003228,CUST01366,2025-09-12,completed,COD,5298
ORD003229,CUST01367,2025-10-23,completed,NetBanking,1299
ORD003230,CUST01367,2025-11-26,completed,NetBanking,5498
ORD003231,CUST01367,2025-07-06,completed,UPI,5797
ORD003232,CUST01368,2026-02-25,completed,Card,3198
ORD003233,CUST01368,2025-08-27,completed,Card,6497
ORD003234,CUST01368,2026-04-01,completed,NetBanking,3999
ORD003235,CUST01368,2026-05-30,completed,NetBanking,1998
ORD003236,CUST01368,2025-12-26,completed,Card,4298
ORD003237,CUST01368,2026-03-26,completed,Card,3198
ORD003238,CUST01369,2025-03-15,completed,NetBanking,1898
ORD003239,CUST01369,2025-03-13,completed,UPI,2897
ORD003240,CUST01369,2025-12-23,completed,Card,2798
ORD003241,CUST01369,2025-10-27,returned,UPI,2499
ORD003242,CUST01369,2025-07-24,completed,Card,3298
ORD003243,CUST01370,2026-06-07,completed,COD,2499
ORD003244,CUST01371,2026-04-23,returned,UPI,3698
ORD003245,CUST01371,2025-05-31,completed,NetBanking,4998
ORD003246,CUST01371,2026-06-16,completed,UPI,4197
ORD003247,CUST01371,2026-02-12,completed,UPI,2499
ORD003248,CUST01373,2025-07-26,completed,COD,5497
ORD003249,CUST01373,2025-09-10,returned,UPI,1798
ORD003250,CUST01373,2025-11-24,completed,NetBanking,3999
ORD003251,CUST01373,2026-05-18,completed,UPI,2499
ORD003252,CUST01373,2025-04-15,completed,UPI,7397
ORD003253,CUST01373,2026-01-04,completed,UPI,5498
ORD003254,CUST01374,2025-11-03,completed,COD,2298
ORD003255,CUST01375,2025-11-16,completed,NetBanking,4298
ORD003256,CUST01375,2025-11-29,completed,COD,4298
ORD003257,CUST01375,2025-03-14,completed,COD,2998
ORD003258,CUST01375,2025-12-15,completed,COD,2499
ORD003259,CUST01375,2026-08-23,completed,UPI,3298
ORD003260,CUST01375,2025-06-09,completed,UPI,2298
ORD003261,CUST01376,2025-11-21,completed,Card,4298
ORD003262,CUST01376,2025-03-09,completed,UPI,3997
ORD003263,CUST01377,2026-01-20,completed,Card,2499
ORD003264,CUST01378,2025-06-29,completed,Card,2499
ORD003265,CUST01379,2026-07-24,completed,COD,2998
ORD003266,CUST01379,2026-02-17,completed,Card,6498
ORD003267,CUST01379,2025-04-06,completed,UPI,499
ORD003268,CUST01380,2025-09-21,cancelled,COD,3498
ORD003269,CUST01380,2025-11-13,cancelled,UPI,2499
ORD003270,CUST01380,2025-06-11,completed,Card,1198
ORD003271,CUST01380,2026-04-27,completed,UPI,2499
ORD003272,CUST01381,2025-03-31,returned,Card,1598
ORD003273,CUST01381,2025-05-17,completed,COD,1498
ORD003274,CUST01382,2025-05-30,completed,Card,5197
ORD003275,CUST01382,2025-09-05,completed,NetBanking,1798
ORD003276,CUST01382,2025-09-08,completed,NetBanking,899
ORD003277,CUST01382,2026-04-21,completed,Card,1499
ORD003278,CUST01382,2026-02-18,completed,UPI,3498
ORD003279,CUST01382,2026-05-18,completed,NetBanking,6498
ORD003280,CUST01382,2025-04-11,completed,UPI,2499
ORD003281,CUST01383,2026-06-07,completed,COD,2499
ORD003282,CUST01383,2025-03-22,cancelled,NetBanking,3999
ORD003283,CUST01383,2025-07-07,completed,COD,1198
ORD003284,CUST01383,2025-08-04,completed,Card,5498
ORD003285,CUST01383,2026-04-01,completed,COD,3397
ORD003286,CUST01384,2025-09-07,completed,UPI,499
ORD003287,CUST01384,2025-10-25,completed,UPI,3998
ORD003288,CUST01384,2026-06-07,completed,COD,1799
ORD003289,CUST01384,2025-05-12,completed,NetBanking,6998
ORD003290,CUST01384,2026-06-14,completed,NetBanking,2499
ORD003291,CUST01384,2026-01-29,returned,Card,2998
ORD003292,CUST01385,2025-08-09,returned,NetBanking,999
ORD003293,CUST01386,2025-05-26,completed,NetBanking,999
ORD003294,CUST01387,2025-08-21,completed,UPI,3998
ORD003295,CUST01388,2026-05-08,completed,NetBanking,2499
ORD003296,CUST01389,2026-07-08,completed,Card,3999
ORD003297,CUST01390,2025-04-20,completed,NetBanking,3798
ORD003298,CUST01390,2026-02-02,completed,COD,1299
ORD003299,CUST01391,2025-08-04,completed,Card,3998
ORD003300,CUST01392,2025-10-16,completed,UPI,3999
ORD003301,CUST01392,2025-11-02,completed,COD,1799
ORD003302,CUST01392,2025-08-09,completed,COD,3098
ORD003303,CUST01392,2025-03-08,completed,NetBanking,2298
ORD003304,CUST01392,2025-06-15,completed,Card,2798
ORD003305,CUST01392,2025-03-25,completed,NetBanking,6997
ORD003306,CUST01393,2025-07-05,completed,UPI,2499
ORD003307,CUST01393,2025-05-04,completed,Card,699
ORD003308,CUST01393,2025-07-01,returned,UPI,1499
ORD003309,CUST01393,2026-05-23,completed,COD,5498
ORD003310,CUST01395,2025-12-12,completed,Card,699
ORD003311,CUST01395,2026-05-26,completed,NetBanking,3398
ORD003312,CUST01396,2025-11-26,completed,COD,2499
ORD003313,CUST01396,2025-10-05,returned,NetBanking,699
ORD003314,CUST01396,2025-06-26,cancelled,Card,499
ORD003315,CUST01397,2026-08-01,completed,UPI,3698
ORD003316,CUST01398,2025-11-04,completed,NetBanking,4697
ORD003317,CUST01399,2025-07-10,completed,COD,3498
ORD003318,CUST01400,2025-10-26,completed,NetBanking,1698
ORD003319,CUST01400,2026-07-04,completed,UPI,2499
ORD003320,CUST01400,2025-08-30,completed,NetBanking,8497
ORD003321,CUST01400,2026-08-21,completed,NetBanking,2499
ORD003322,CUST01400,2026-03-29,completed,NetBanking,2499
ORD003323,CUST01401,2026-04-11,completed,Card,6498
ORD003324,CUST01401,2026-02-08,completed,Card,2798
ORD003325,CUST01401,2026-06-07,completed,COD,3997
ORD003326,CUST01401,2025-05-31,completed,NetBanking,1499
ORD003327,CUST01401,2026-07-24,completed,UPI,2999
ORD003328,CUST01402,2025-11-17,completed,Card,1499
ORD003329,CUST01402,2026-08-12,completed,NetBanking,2499
ORD003330,CUST01402,2026-08-06,completed,NetBanking,1198
ORD003331,CUST01402,2025-12-28,completed,COD,2198
ORD003332,CUST01402,2025-10-13,completed,COD,2499
ORD003333,CUST01402,2026-05-04,completed,UPI,3498
ORD003334,CUST01402,2025-11-20,completed,UPI,3999
ORD003335,CUST01403,2025-10-06,completed,UPI,6498
ORD003336,CUST01404,2026-04-02,completed,UPI,3497
ORD003337,CUST01405,2026-08-17,completed,NetBanking,6297
ORD003338,CUST01405,2025-11-16,completed,NetBanking,2499
ORD003339,CUST01405,2026-07-24,completed,COD,3498
ORD003340,CUST01405,2025-08-04,completed,NetBanking,999
ORD003341,CUST01406,2025-12-27,cancelled,UPI,1299
ORD003342,CUST01408,2025-03-30,completed,Card,3998
ORD003343,CUST01408,2026-05-23,completed,NetBanking,1998
ORD003344,CUST01408,2025-04-22,completed,Card,4798
ORD003345,CUST01409,2026-05-01,completed,COD,699
ORD003346,CUST01409,2026-01-18,completed,UPI,6998
ORD003347,CUST01409,2025-07-22,completed,Card,6997
ORD003348,CUST01409,2026-03-12,completed,NetBanking,4298
ORD003349,CUST01409,2026-06-15,completed,NetBanking,499
ORD003350,CUST01409,2026-08-08,completed,COD,999
ORD003351,CUST01410,2026-08-11,completed,Card,2998
ORD003352,CUST01410,2025-12-12,cancelled,Card,7297
ORD003353,CUST01411,2025-07-05,completed,Card,2499
ORD003354,CUST01411,2025-03-10,completed,NetBanking,1498
ORD003355,CUST01411,2025-03-17,completed,NetBanking,3498
ORD003356,CUST01412,2026-06-04,completed,COD,5498
ORD003357,CUST01412,2025-03-08,completed,UPI,2499
ORD003358,CUST01413,2026-08-11,completed,COD,2198
ORD003359,CUST01414,2025-07-15,completed,COD,4498
ORD003360,CUST01415,2026-06-30,completed,NetBanking,4097
ORD003361,CUST01416,2025-09-01,completed,UPI,3097
ORD003362,CUST01416,2025-11-27,completed,COD,2499
ORD003363,CUST01417,2026-06-27,completed,UPI,5498
ORD003364,CUST01417,2026-01-24,completed,COD,7997
ORD003365,CUST01417,2026-05-27,completed,Card,2499
ORD003366,CUST01417,2025-06-24,cancelled,Card,7197
ORD003367,CUST01418,2025-03-23,completed,Card,3998
ORD003368,CUST01418,2025-08-26,completed,NetBanking,699
ORD003369,CUST01420,2026-04-04,completed,Card,2298
ORD003370,CUST01422,2026-04-25,completed,UPI,499
ORD003371,CUST01423,2025-11-03,completed,Card,2498
ORD003372,CUST01424,2025-08-30,completed,COD,2597
ORD003373,CUST01425,2025-06-13,completed,COD,499
ORD003374,CUST01425,2025-03-04,completed,COD,4897
ORD003375,CUST01427,2026-05-31,completed,UPI,4898
ORD003376,CUST01427,2025-10-07,completed,UPI,4097
ORD003377,CUST01427,2025-04-28,returned,UPI,2499
ORD003378,CUST01427,2026-02-18,completed,UPI,5498
ORD003379,CUST01427,2025-11-18,completed,NetBanking,2998
ORD003380,CUST01427,2026-06-03,completed,UPI,1299
ORD003381,CUST01427,2025-08-15,completed,Card,4297
ORD003382,CUST01427,2026-06-14,completed,COD,5297
ORD003383,CUST01428,2025-09-06,completed,Card,1598
ORD003384,CUST01428,2025-10-19,completed,NetBanking,4798
ORD003385,CUST01428,2026-03-20,completed,NetBanking,5298
ORD003386,CUST01428,2025-08-07,completed,COD,3998
ORD003387,CUST01428,2026-03-03,completed,COD,2498
ORD003388,CUST01428,2026-03-16,completed,NetBanking,899
ORD003389,CUST01428,2025-07-19,completed,NetBanking,4697
ORD003390,CUST01428,2025-06-02,completed,UPI,2998
ORD003391,CUST01430,2025-05-28,completed,NetBanking,4498
ORD003392,CUST01430,2026-07-03,completed,COD,999
ORD003393,CUST01430,2025-05-19,cancelled,Card,5498
ORD003394,CUST01430,2026-07-23,completed,NetBanking,4997
ORD003395,CUST01431,2025-08-26,cancelled,NetBanking,5498
ORD003396,CUST01431,2026-04-18,completed,UPI,1498
ORD003397,CUST01433,2026-04-19,completed,Card,499
ORD003398,CUST01434,2025-05-05,completed,COD,3998
ORD003399,CUST01434,2025-04-18,completed,NetBanking,4498
ORD003400,CUST01436,2026-05-22,completed,NetBanking,1799
ORD003401,CUST01436,2025-10-29,completed,COD,4298
ORD003402,CUST01436,2026-01-10,completed,NetBanking,5498
ORD003403,CUST01436,2026-07-11,completed,COD,2999
ORD003404,CUST01437,2025-10-31,completed,Card,5298
ORD003405,CUST01438,2025-05-22,completed,NetBanking,3398
ORD003406,CUST01439,2026-05-28,returned,NetBanking,4798
ORD003407,CUST01440,2025-10-08,completed,Card,2499
ORD003408,CUST01440,2025-07-09,returned,COD,1998
ORD003409,CUST01441,2025-11-24,completed,COD,3198
ORD003410,CUST01442,2025-09-28,completed,COD,3698
ORD003411,CUST01442,2025-07-24,completed,Card,1799
ORD003412,CUST01442,2025-11-21,cancelled,UPI,6997
ORD003413,CUST01442,2026-03-24,completed,UPI,2198
ORD003414,CUST01442,2026-05-01,completed,COD,5497
ORD003415,CUST01442,2025-08-29,returned,UPI,2499
ORD003416,CUST01443,2025-07-24,completed,NetBanking,3798
ORD003417,CUST01444,2025-11-07,completed,UPI,1499
ORD003418,CUST01445,2025-07-25,completed,NetBanking,6498
ORD003419,CUST01446,2025-05-20,completed,NetBanking,7997
ORD003420,CUST01446,2025-08-17,returned,NetBanking,3298
ORD003421,CUST01448,2025-05-19,completed,COD,1299
ORD003422,CUST01449,2025-03-28,completed,Card,2198
ORD003423,CUST01450,2026-05-11,completed,UPI,3697
ORD003424,CUST01450,2025-09-30,completed,COD,3498
ORD003425,CUST01450,2026-07-06,completed,COD,4298
ORD003426,CUST01450,2025-12-10,completed,NetBanking,2298
ORD003427,CUST01450,2025-09-27,completed,Card,2499
ORD003428,CUST01451,2026-02-28,cancelled,Card,1499
ORD003429,CUST01451,2025-09-27,completed,NetBanking,3999
ORD003430,CUST01451,2026-06-22,completed,NetBanking,3997
ORD003431,CUST01451,2026-02-15,completed,UPI,3898
ORD003432,CUST01452,2025-06-14,completed,UPI,5297
ORD003433,CUST01453,2025-04-12,completed,NetBanking,4397
ORD003434,CUST01454,2026-05-12,completed,UPI,3999
ORD003435,CUST01454,2025-09-13,completed,COD,3298
ORD003436,CUST01454,2025-09-11,completed,Card,2999
ORD003437,CUST01454,2026-07-16,completed,UPI,699
ORD003438,CUST01454,2025-03-07,completed,COD,2798
ORD003439,CUST01455,2025-11-11,completed,COD,2498
ORD003440,CUST01455,2026-01-15,completed,Card,5697
ORD003441,CUST01456,2026-02-17,completed,Card,2499
ORD003442,CUST01457,2025-05-14,completed,UPI,1799
ORD003443,CUST01457,2025-03-05,completed,NetBanking,1299
ORD003444,CUST01457,2025-10-28,completed,NetBanking,2499
ORD003445,CUST01457,2026-03-28,returned,NetBanking,2499
ORD003446,CUST01458,2026-05-09,completed,NetBanking,2499
ORD003447,CUST01459,2026-06-25,completed,COD,7397
ORD003448,CUST01459,2025-09-13,completed,COD,2999
ORD003449,CUST01460,2026-08-10,completed,Card,2798
ORD003450,CUST01460,2026-06-20,cancelled,NetBanking,2499
ORD003451,CUST01460,2025-04-24,completed,COD,2998
ORD003452,CUST01460,2025-05-02,cancelled,NetBanking,6297
ORD003453,CUST01460,2026-01-16,completed,NetBanking,2798
ORD003454,CUST01460,2026-04-26,completed,UPI,2798
ORD003455,CUST01460,2025-03-18,completed,COD,3999
ORD003456,CUST01460,2025-11-25,completed,COD,3999
ORD003457,CUST01461,2025-11-02,completed,NetBanking,2499
ORD003458,CUST01461,2025-10-15,completed,Card,1299
ORD003459,CUST01462,2025-12-01,completed,NetBanking,4298
ORD003460,CUST01462,2026-06-16,completed,UPI,3999
ORD003461,CUST01463,2025-04-06,completed,NetBanking,4998
ORD003462,CUST01463,2026-07-25,completed,NetBanking,2499
ORD003463,CUST01463,2026-08-03,completed,UPI,4397
ORD003464,CUST01464,2026-01-22,returned,UPI,1499
ORD003465,CUST01465,2026-07-29,completed,Card,6297
ORD003466,CUST01465,2025-07-18,cancelled,COD,2198
ORD003467,CUST01465,2026-01-22,completed,Card,1499
ORD003468,CUST01465,2026-08-01,completed,NetBanking,699
ORD003469,CUST01465,2025-08-29,completed,UPI,5498
ORD003470,CUST01466,2025-05-07,completed,COD,499
ORD003471,CUST01466,2025-04-08,completed,NetBanking,999
ORD003472,CUST01467,2025-12-27,completed,COD,3999
ORD003473,CUST01468,2025-10-25,completed,NetBanking,5597
ORD003474,CUST01468,2026-05-03,completed,UPI,3398
ORD003475,CUST01468,2026-01-02,completed,COD,5498
ORD003476,CUST01468,2025-06-11,completed,UPI,2198
ORD003477,CUST01468,2025-03-18,returned,NetBanking,699
ORD003478,CUST01469,2025-10-30,completed,UPI,1498
ORD003479,CUST01470,2025-11-24,completed,UPI,2398
ORD003480,CUST01471,2026-08-11,completed,NetBanking,3498
ORD003481,CUST01472,2026-01-19,completed,UPI,1998
ORD003482,CUST01474,2026-05-01,completed,UPI,4797
ORD003483,CUST01474,2025-09-19,completed,Card,4498
ORD003484,CUST01475,2025-11-16,completed,Card,3998
ORD003485,CUST01475,2025-12-23,returned,Card,5298
ORD003486,CUST01476,2026-06-07,completed,NetBanking,1499
ORD003487,CUST01477,2025-04-18,completed,UPI,499
ORD003488,CUST01478,2025-05-31,completed,UPI,5798
ORD003489,CUST01479,2025-10-18,completed,UPI,2998
ORD003490,CUST01479,2026-07-24,completed,NetBanking,4898
ORD003491,CUST01479,2025-03-06,completed,Card,2499
ORD003492,CUST01479,2025-10-31,completed,UPI,5298
ORD003493,CUST01479,2025-11-17,cancelled,Card,2499
ORD003494,CUST01480,2025-06-20,completed,COD,5298
ORD003495,CUST01481,2025-07-29,completed,COD,3198
ORD003496,CUST01481,2025-05-17,completed,NetBanking,1898
ORD003497,CUST01481,2025-09-17,completed,UPI,1598
ORD003498,CUST01481,2025-06-15,completed,Card,6197
ORD003499,CUST01481,2025-10-15,cancelled,COD,999
ORD003500,CUST01481,2026-03-23,completed,Card,7397
ORD003501,CUST01481,2026-06-12,completed,COD,2498
ORD003502,CUST01482,2025-12-29,cancelled,COD,5697
ORD003503,CUST01483,2026-07-16,completed,UPI,3998
ORD003504,CUST01484,2026-06-17,completed,Card,1499
ORD003505,CUST01484,2025-11-10,completed,COD,2998
ORD003506,CUST01484,2025-12-15,completed,NetBanking,4597
ORD003507,CUST01484,2026-06-03,completed,UPI,3198
ORD003508,CUST01485,2026-03-04,completed,Card,1299
ORD003509,CUST01485,2025-10-10,completed,Card,5297
ORD003510,CUST01485,2026-02-18,completed,Card,1498
ORD003511,CUST01485,2026-07-24,completed,UPI,7397
ORD003512,CUST01485,2026-05-02,completed,NetBanking,4698
ORD003513,CUST01486,2025-12-26,completed,COD,4697
ORD003514,CUST01488,2026-07-13,completed,COD,5197
ORD003515,CUST01488,2025-11-01,completed,COD,3198
ORD003516,CUST01488,2025-07-23,completed,NetBanking,1799
ORD003517,CUST01488,2025-03-12,completed,UPI,1799
ORD003518,CUST01488,2025-11-08,completed,UPI,3498
ORD003519,CUST01489,2025-05-04,completed,COD,1799
ORD003520,CUST01489,2025-06-22,completed,UPI,899
ORD003521,CUST01489,2026-07-01,completed,Card,3998
ORD003522,CUST01490,2025-05-20,completed,NetBanking,999
ORD003523,CUST01490,2025-04-05,completed,UPI,4498
ORD003524,CUST01490,2026-07-08,completed,NetBanking,5498
ORD003525,CUST01491,2026-01-30,completed,NetBanking,7497
ORD003526,CUST01491,2025-05-29,completed,Card,2998
ORD003527,CUST01491,2025-10-25,completed,COD,3498
ORD003528,CUST01492,2025-12-27,completed,UPI,2499
ORD003529,CUST01493,2026-04-28,completed,UPI,5297
ORD003530,CUST01493,2025-09-29,completed,UPI,2997
ORD003531,CUST01493,2026-01-18,completed,NetBanking,3198
ORD003532,CUST01493,2025-05-17,completed,NetBanking,4297
ORD003533,CUST01493,2026-04-18,completed,UPI,5298
ORD003534,CUST01494,2026-01-01,completed,UPI,2197
ORD003535,CUST01495,2025-06-09,completed,UPI,2998
ORD003536,CUST01496,2026-03-28,completed,Card,2499
ORD003537,CUST01497,2026-04-05,completed,COD,2298
ORD003538,CUST01497,2025-07-01,completed,Card,5997
ORD003539,CUST01497,2025-03-03,completed,Card,1499
ORD003540,CUST01497,2025-08-22,completed,COD,2499
ORD003541,CUST01497,2026-06-04,completed,COD,999
ORD003542,CUST01497,2025-05-27,completed,Card,2499
ORD003543,CUST01497,2025-10-20,cancelled,Card,3999
ORD003544,CUST01498,2026-03-06,completed,Card,5797
ORD003545,CUST01498,2026-01-13,returned,NetBanking,3198
ORD003546,CUST01498,2026-06-01,completed,Card,4697
ORD003547,CUST01498,2025-05-19,completed,COD,3798
ORD003548,CUST01498,2025-09-16,completed,COD,2197
ORD003549,CUST01498,2025-10-23,completed,NetBanking,1299
ORD003550,CUST01499,2025-08-10,completed,UPI,2998
ORD003551,CUST01500,2025-08-10,completed,COD,2499
ORD003552,CUST01501,2025-12-12,completed,COD,4698
ORD003553,CUST01502,2026-01-14,completed,NetBanking,2998
ORD003554,CUST01502,2025-04-04,completed,Card,499
ORD003555,CUST01502,2025-07-10,completed,NetBanking,1499
ORD003556,CUST01502,2026-03-19,completed,COD,2999
ORD003557,CUST01502,2026-07-08,completed,NetBanking,2798
ORD003558,CUST01504,2026-06-05,completed,COD,5498
ORD003559,CUST01505,2025-08-25,completed,NetBanking,5798
ORD003560,CUST01506,2026-07-01,completed,Card,5298
ORD003561,CUST01506,2026-08-14,completed,NetBanking,499
ORD003562,CUST01506,2026-05-10,completed,COD,3798
ORD003563,CUST01507,2026-07-28,completed,UPI,1299
ORD003564,CUST01507,2025-07-11,completed,NetBanking,2198
ORD003565,CUST01507,2025-11-21,completed,COD,2998
ORD003566,CUST01507,2025-07-12,completed,UPI,5298
ORD003567,CUST01507,2025-08-19,completed,Card,5397
ORD003568,CUST01507,2026-02-04,completed,Card,699
ORD003569,CUST01511,2026-05-16,completed,UPI,4298
ORD003570,CUST01511,2025-03-13,completed,NetBanking,1799
ORD003571,CUST01511,2025-04-20,completed,NetBanking,4697
ORD003572,CUST01511,2025-08-13,cancelled,Card,6498
ORD003573,CUST01511,2026-08-05,completed,NetBanking,5197
ORD003574,CUST01511,2025-12-13,cancelled,Card,3398
ORD003575,CUST01512,2026-04-20,completed,COD,1799
ORD003576,CUST01512,2025-07-07,completed,Card,2499
ORD003577,CUST01512,2026-01-18,completed,Card,1998
ORD003578,CUST01512,2025-07-17,returned,NetBanking,2798
ORD003579,CUST01513,2026-01-14,returned,UPI,3898
ORD003580,CUST01513,2026-01-04,completed,COD,2499
ORD003581,CUST01513,2025-05-30,completed,NetBanking,2499
ORD003582,CUST01513,2025-09-10,completed,UPI,899
ORD003583,CUST01513,2026-06-25,completed,NetBanking,6498
ORD003584,CUST01513,2026-05-19,completed,COD,2997
ORD003585,CUST01514,2025-06-21,completed,NetBanking,6397
ORD003586,CUST01514,2025-06-26,completed,UPI,3898
ORD003587,CUST01514,2026-07-01,completed,NetBanking,2498
ORD003588,CUST01514,2025-10-15,completed,UPI,7997
ORD003589,CUST01515,2025-06-19,completed,NetBanking,1299
ORD003590,CUST01515,2025-12-03,completed,UPI,3898
ORD003591,CUST01515,2026-07-12,completed,NetBanking,4898
ORD003592,CUST01515,2025-12-17,completed,NetBanking,2998
ORD003593,CUST01515,2025-11-18,completed,UPI,699
ORD003594,CUST01515,2025-05-11,completed,Card,7397
ORD003595,CUST01515,2025-09-09,cancelled,COD,7097
ORD003596,CUST01516,2025-12-20,completed,NetBanking,2998
ORD003597,CUST01516,2025-03-03,completed,UPI,3498
ORD003598,CUST01517,2026-08-11,completed,COD,6498
ORD003599,CUST01518,2026-03-14,completed,UPI,899
ORD003600,CUST01519,2026-03-27,completed,Card,5397
ORD003601,CUST01520,2025-05-27,completed,Card,3998
ORD003602,CUST01523,2025-11-17,cancelled,COD,6797
ORD003603,CUST01524,2026-03-20,returned,UPI,499
ORD003604,CUST01525,2025-05-22,completed,COD,2499
ORD003605,CUST01526,2026-08-20,completed,NetBanking,1798
ORD003606,CUST01528,2025-06-25,completed,COD,3999
ORD003607,CUST01528,2026-06-18,completed,COD,1499
ORD003608,CUST01529,2026-07-28,completed,NetBanking,3498
ORD003609,CUST01531,2025-07-21,completed,Card,2798
ORD003610,CUST01532,2026-02-10,completed,COD,4597
ORD003611,CUST01532,2025-05-05,completed,NetBanking,2499
ORD003612,CUST01532,2025-03-29,completed,COD,3698
ORD003613,CUST01532,2025-08-22,completed,COD,6998
ORD003614,CUST01533,2025-10-09,completed,COD,3498
ORD003615,CUST01534,2026-07-11,completed,Card,3798
ORD003616,CUST01535,2025-06-15,completed,COD,2698
ORD003617,CUST01537,2026-02-19,completed,COD,5498
ORD003618,CUST01537,2026-05-23,completed,UPI,3398
ORD003619,CUST01538,2025-06-14,completed,Card,4998
ORD003620,CUST01538,2025-10-21,completed,COD,5798
ORD003621,CUST01539,2026-02-15,completed,COD,2499
ORD003622,CUST01539,2025-06-09,completed,Card,3798
ORD003623,CUST01540,2025-10-05,completed,Card,2499
ORD003624,CUST01541,2026-01-27,completed,NetBanking,1698
ORD003625,CUST01541,2025-03-18,completed,Card,5498
ORD003626,CUST01541,2025-06-24,completed,NetBanking,1499
ORD003627,CUST01541,2026-04-29,completed,UPI,4498
ORD003628,CUST01542,2026-08-04,completed,NetBanking,2497
ORD003629,CUST01543,2025-08-01,completed,COD,5797
ORD003630,CUST01543,2026-03-29,completed,Card,2499
ORD003631,CUST01545,2025-08-12,completed,COD,1499
ORD003632,CUST01545,2025-03-04,completed,COD,5498
ORD003633,CUST01545,2025-11-25,returned,UPI,5298
ORD003634,CUST01545,2025-09-12,returned,UPI,6498
ORD003635,CUST01545,2026-01-06,completed,NetBanking,3998
ORD003636,CUST01545,2025-09-23,completed,Card,1799
ORD003637,CUST01546,2025-04-14,completed,COD,2498
ORD003638,CUST01546,2026-02-12,completed,UPI,1299
ORD003639,CUST01546,2025-04-18,cancelled,Card,2499
ORD003640,CUST01546,2026-06-04,completed,Card,499
ORD003641,CUST01546,2026-02-28,cancelled,UPI,2198
ORD003642,CUST01547,2025-05-10,completed,UPI,4697
ORD003643,CUST01548,2026-05-06,completed,UPI,1299
ORD003644,CUST01548,2025-06-04,completed,UPI,499
ORD003645,CUST01550,2025-05-19,completed,NetBanking,3198
ORD003646,CUST01551,2025-09-07,completed,UPI,6497
ORD003647,CUST01551,2025-09-22,completed,COD,3098
ORD003648,CUST01552,2025-10-22,completed,Card,899
ORD003649,CUST01552,2026-02-12,completed,COD,3998
ORD003650,CUST01552,2026-04-24,completed,NetBanking,4798
ORD003651,CUST01553,2026-01-14,completed,NetBanking,2198
ORD003652,CUST01553,2026-05-08,completed,COD,5997
ORD003653,CUST01553,2025-11-23,completed,COD,7997
ORD003654,CUST01553,2025-07-02,completed,NetBanking,4097
ORD003655,CUST01553,2026-06-08,completed,NetBanking,3197
ORD003656,CUST01553,2025-05-22,completed,NetBanking,4697
ORD003657,CUST01553,2025-07-14,completed,UPI,2499
ORD003658,CUST01554,2025-12-02,completed,Card,999
ORD003659,CUST01555,2025-10-03,completed,UPI,4298
ORD003660,CUST01555,2025-09-29,completed,COD,3297
ORD003661,CUST01556,2025-03-28,completed,UPI,1498
ORD003662,CUST01556,2026-07-04,completed,UPI,899
ORD003663,CUST01556,2025-09-11,completed,NetBanking,6997
ORD003664,CUST01557,2025-03-14,completed,UPI,4498
ORD003665,CUST01558,2026-03-07,completed,COD,4998
ORD003666,CUST01558,2026-07-28,completed,UPI,999
ORD003667,CUST01558,2026-06-24,cancelled,Card,3098
ORD003668,CUST01558,2026-07-31,completed,UPI,1698
ORD003669,CUST01558,2025-11-30,completed,NetBanking,2499
ORD003670,CUST01558,2025-11-21,completed,NetBanking,5498
ORD003671,CUST01559,2025-03-04,completed,UPI,5498
ORD003672,CUST01559,2025-09-26,completed,UPI,899
ORD003673,CUST01561,2026-08-15,completed,UPI,3798
ORD003674,CUST01561,2025-08-16,completed,COD,2798
ORD003675,CUST01562,2025-09-23,completed,NetBanking,3498
ORD003676,CUST01562,2025-05-01,completed,Card,4797
ORD003677,CUST01563,2026-01-30,completed,NetBanking,999
ORD003678,CUST01563,2026-02-22,completed,NetBanking,3999
ORD003679,CUST01563,2026-02-04,cancelled,NetBanking,2499
ORD003680,CUST01563,2025-09-20,completed,COD,2499
ORD003681,CUST01563,2025-05-03,completed,UPI,3198
ORD003682,CUST01564,2025-11-30,completed,COD,3198
ORD003683,CUST01565,2025-09-01,completed,Card,2999
ORD003684,CUST01565,2025-06-12,completed,UPI,4498
ORD003685,CUST01566,2025-08-05,completed,NetBanking,2999
ORD003686,CUST01567,2026-08-18,completed,Card,1799
ORD003687,CUST01567,2026-07-28,completed,COD,899
ORD003688,CUST01567,2026-04-02,completed,NetBanking,6797
ORD003689,CUST01567,2025-12-17,cancelled,Card,2999
ORD003690,CUST01568,2026-05-10,completed,COD,2499
ORD003691,CUST01568,2025-10-26,completed,UPI,4497
ORD003692,CUST01568,2026-02-21,completed,COD,3897
ORD003693,CUST01568,2026-06-29,completed,UPI,3998
ORD003694,CUST01568,2026-02-20,completed,COD,3798
ORD003695,CUST01569,2026-08-18,completed,COD,2998
ORD003696,CUST01569,2025-06-15,completed,UPI,2698
ORD003697,CUST01569,2026-01-26,completed,UPI,1299
ORD003698,CUST01570,2025-09-21,completed,UPI,6197
ORD003699,CUST01571,2026-01-10,completed,UPI,499
ORD003700,CUST01572,2026-01-12,completed,NetBanking,699
ORD003701,CUST01572,2025-09-07,completed,COD,2298
ORD003702,CUST01573,2025-12-10,completed,NetBanking,1698
ORD003703,CUST01573,2026-05-04,completed,COD,699
ORD003704,CUST01573,2025-05-09,completed,NetBanking,3998
ORD003705,CUST01573,2025-05-12,cancelled,COD,5597
ORD003706,CUST01573,2025-11-09,completed,UPI,2999
ORD003707,CUST01574,2025-07-04,completed,UPI,3998
ORD003708,CUST01574,2025-11-30,completed,UPI,3999
ORD003709,CUST01574,2025-05-31,completed,NetBanking,3198
ORD003710,CUST01574,2025-06-04,returned,NetBanking,999
ORD003711,CUST01574,2025-07-11,completed,NetBanking,3999
ORD003712,CUST01575,2026-01-24,completed,Card,4298
ORD003713,CUST01575,2026-06-16,completed,NetBanking,1198
ORD003714,CUST01575,2025-08-15,completed,COD,2499
ORD003715,CUST01575,2025-06-19,completed,Card,1698
ORD003716,CUST01575,2025-03-02,completed,Card,1799
ORD003717,CUST01575,2025-10-28,completed,COD,1799
ORD003718,CUST01577,2025-11-02,completed,UPI,2997
ORD003719,CUST01577,2025-08-24,completed,UPI,3498
ORD003720,CUST01577,2025-07-20,completed,COD,2499
ORD003721,CUST01577,2026-08-12,completed,NetBanking,1698
ORD003722,CUST01577,2026-06-12,completed,NetBanking,2499
ORD003723,CUST01577,2025-10-27,completed,UPI,3498
ORD003724,CUST01578,2025-07-11,completed,Card,2499
ORD003725,CUST01578,2026-06-27,completed,NetBanking,1499
ORD003726,CUST01578,2026-05-07,completed,Card,899
ORD003727,CUST01581,2025-09-02,cancelled,COD,2499
ORD003728,CUST01581,2025-03-22,completed,Card,499
ORD003729,CUST01581,2025-10-20,completed,NetBanking,2499
ORD003730,CUST01583,2025-05-13,completed,UPI,1499
ORD003731,CUST01583,2025-11-16,completed,Card,1998
ORD003732,CUST01584,2025-07-08,completed,COD,5897
ORD003733,CUST01584,2025-05-23,completed,Card,999
ORD003734,CUST01585,2025-06-22,completed,NetBanking,6797
ORD003735,CUST01585,2026-02-17,completed,Card,1799
ORD003736,CUST01585,2026-07-03,completed,NetBanking,3398
ORD003737,CUST01585,2025-11-16,completed,UPI,4298
ORD003738,CUST01586,2025-10-10,completed,NetBanking,2998
ORD003739,CUST01587,2025-10-14,completed,COD,2499
ORD003740,CUST01588,2025-03-05,completed,Card,4298
ORD003741,CUST01588,2026-05-20,completed,UPI,4197
ORD003742,CUST01588,2026-01-19,completed,Card,2499
ORD003743,CUST01588,2026-07-24,completed,NetBanking,1299
ORD003744,CUST01588,2025-04-27,completed,UPI,7097
ORD003745,CUST01589,2025-08-05,completed,NetBanking,1898
ORD003746,CUST01590,2025-04-06,completed,NetBanking,1299
ORD003747,CUST01591,2025-07-15,completed,Card,2298
ORD003748,CUST01593,2025-04-25,completed,UPI,2499
ORD003749,CUST01594,2026-05-31,completed,COD,2798
ORD003750,CUST01595,2025-11-09,completed,NetBanking,3198
ORD003751,CUST01596,2026-08-03,completed,COD,2499
ORD003752,CUST01597,2026-07-13,completed,Card,1499
ORD003753,CUST01597,2025-03-19,completed,UPI,1299
ORD003754,CUST01598,2025-03-10,completed,NetBanking,4298
ORD003755,CUST01600,2026-01-15,completed,Card,2998
ORD003756,CUST01600,2026-08-04,cancelled,Card,3498
ORD003757,CUST01600,2026-05-26,completed,UPI,5498
ORD003758,CUST01601,2026-07-24,completed,Card,1799
ORD003759,CUST01602,2025-08-29,completed,Card,3398
ORD003760,CUST01602,2026-04-10,completed,NetBanking,3798
ORD003761,CUST01602,2026-05-14,completed,UPI,2499
ORD003762,CUST01605,2026-04-01,completed,COD,3298
ORD003763,CUST01605,2026-03-24,completed,UPI,1698
ORD003764,CUST01605,2025-07-01,completed,Card,2998
ORD003765,CUST01607,2026-05-25,completed,UPI,2998
ORD003766,CUST01608,2026-07-30,completed,Card,3698
ORD003767,CUST01609,2025-03-17,completed,UPI,4298
ORD003768,CUST01610,2026-02-16,completed,UPI,3798
ORD003769,CUST01610,2025-07-02,completed,Card,3498
ORD003770,CUST01610,2026-05-02,completed,COD,1799
ORD003771,CUST01611,2026-05-26,completed,Card,3198
ORD003772,CUST01612,2026-01-03,cancelled,Card,5297
ORD003773,CUST01613,2025-11-21,completed,COD,2698
ORD003774,CUST01613,2025-12-23,completed,UPI,899
ORD003775,CUST01613,2026-07-23,completed,UPI,6997
ORD003776,CUST01615,2025-03-24,completed,UPI,1499
ORD003777,CUST01616,2026-08-13,completed,COD,3198
ORD003778,CUST01619,2025-04-18,completed,Card,3998
ORD003779,CUST01619,2025-10-23,completed,NetBanking,3198
ORD003780,CUST01619,2026-02-22,completed,COD,1799
ORD003781,CUST01619,2026-08-14,cancelled,COD,2498
ORD003782,CUST01619,2026-01-14,completed,UPI,2597
ORD003783,CUST01620,2026-03-20,completed,Card,1499
ORD003784,CUST01620,2026-06-07,completed,UPI,3898
ORD003785,CUST01620,2026-07-18,completed,UPI,6498
ORD003786,CUST01621,2025-08-28,cancelled,NetBanking,1998
ORD003787,CUST01621,2026-05-19,completed,NetBanking,3798
ORD003788,CUST01621,2025-06-13,completed,Card,3198
ORD003789,CUST01621,2026-07-12,completed,NetBanking,7997
ORD003790,CUST01621,2025-07-14,completed,UPI,7797
ORD003791,CUST01621,2025-08-05,completed,Card,3297
ORD003792,CUST01622,2025-06-08,completed,COD,3398
ORD003793,CUST01622,2026-02-22,completed,NetBanking,1499
ORD003794,CUST01623,2025-06-13,completed,UPI,5597
ORD003795,CUST01625,2025-08-05,completed,Card,1898
ORD003796,CUST01627,2026-08-08,completed,NetBanking,4197
ORD003797,CUST01627,2025-10-06,completed,COD,2499
ORD003798,CUST01627,2026-03-08,completed,Card,2698
ORD003799,CUST01627,2026-02-11,completed,Card,2999
ORD003800,CUST01628,2025-08-26,completed,Card,2499
ORD003801,CUST01628,2025-09-06,cancelled,NetBanking,3398
ORD003802,CUST01628,2025-03-13,completed,NetBanking,3798
ORD003803,CUST01629,2026-05-13,completed,UPI,3197
ORD003804,CUST01629,2026-05-29,completed,COD,2499
ORD003805,CUST01629,2026-05-11,completed,UPI,699
ORD003806,CUST01629,2026-06-14,completed,COD,4898
ORD003807,CUST01629,2025-12-06,completed,NetBanking,5997
ORD003808,CUST01629,2025-03-26,completed,NetBanking,5997
ORD003809,CUST01629,2025-03-20,completed,NetBanking,699
ORD003810,CUST01630,2025-08-31,completed,Card,999
ORD003811,CUST01631,2025-07-17,completed,UPI,2499
ORD003812,CUST01632,2026-07-13,completed,COD,999
ORD003813,CUST01633,2025-11-04,cancelled,COD,2498
ORD003814,CUST01633,2025-03-07,completed,NetBanking,4498
ORD003815,CUST01633,2025-09-13,completed,UPI,2499
ORD003816,CUST01633,2025-11-25,completed,UPI,5197
ORD003817,CUST01633,2025-08-31,completed,NetBanking,3398
ORD003818,CUST01633,2026-02-07,completed,COD,4197
ORD003819,CUST01633,2026-05-04,completed,UPI,2499
ORD003820,CUST01634,2026-08-02,completed,Card,1799
ORD003821,CUST01636,2025-05-25,completed,COD,3698
ORD003822,CUST01637,2025-03-24,completed,NetBanking,4997
ORD003823,CUST01637,2026-04-29,completed,UPI,4298
ORD003824,CUST01637,2025-05-12,completed,UPI,3098
ORD003825,CUST01638,2026-02-16,completed,UPI,3397
ORD003826,CUST01639,2026-03-12,completed,UPI,1299
ORD003827,CUST01640,2026-01-28,completed,COD,3697
ORD003828,CUST01640,2025-04-10,completed,Card,1198
ORD003829,CUST01640,2026-07-10,completed,Card,1998
ORD003830,CUST01640,2025-10-19,completed,NetBanking,2499
ORD003831,CUST01640,2025-12-18,completed,COD,3798
ORD003832,CUST01640,2026-05-20,completed,UPI,6498
ORD003833,CUST01642,2025-03-22,completed,UPI,2499
ORD003834,CUST01642,2025-09-27,completed,COD,999
ORD003835,CUST01642,2025-03-14,completed,COD,1598
ORD003836,CUST01642,2025-07-26,cancelled,Card,2999
ORD003837,CUST01642,2025-12-28,cancelled,Card,2998
ORD003838,CUST01642,2025-07-15,completed,UPI,4797
ORD003839,CUST01643,2026-06-19,completed,NetBanking,999
ORD003840,CUST01643,2025-07-18,completed,UPI,1499
ORD003841,CUST01644,2025-04-19,completed,COD,2499
ORD003842,CUST01644,2026-06-16,completed,Card,999
ORD003843,CUST01644,2025-12-29,returned,COD,899
ORD003844,CUST01645,2026-01-26,completed,Card,3999
ORD003845,CUST01645,2025-10-14,completed,COD,1398
ORD003846,CUST01645,2025-08-25,completed,NetBanking,2998
ORD003847,CUST01645,2025-06-16,completed,COD,3197
ORD003848,CUST01646,2025-09-14,cancelled,Card,2499
ORD003849,CUST01646,2026-08-21,completed,UPI,3498
ORD003850,CUST01647,2025-05-09,completed,NetBanking,899
ORD003851,CUST01648,2026-02-20,completed,UPI,5498
ORD003852,CUST01649,2025-05-25,completed,NetBanking,2698
ORD003853,CUST01650,2025-12-22,returned,NetBanking,4898
ORD003854,CUST01651,2025-07-30,completed,COD,4497
ORD003855,CUST01651,2025-03-02,completed,NetBanking,3498
ORD003856,CUST01651,2025-07-13,completed,NetBanking,2499
ORD003857,CUST01651,2026-04-22,completed,UPI,1299
ORD003858,CUST01652,2025-05-01,completed,NetBanking,699
ORD003859,CUST01652,2026-02-03,completed,Card,999
ORD003860,CUST01652,2025-08-17,completed,COD,3698
ORD003861,CUST01653,2025-05-30,completed,Card,1799
ORD003862,CUST01653,2025-10-08,completed,COD,899
ORD003863,CUST01654,2025-03-10,completed,Card,4297
ORD003864,CUST01655,2026-02-05,completed,NetBanking,1299
ORD003865,CUST01657,2026-06-19,completed,Card,4298
ORD003866,CUST01657,2026-06-17,completed,Card,2999
ORD003867,CUST01657,2026-06-15,completed,COD,499
ORD003868,CUST01657,2025-08-13,completed,COD,1998
ORD003869,CUST01657,2025-10-28,cancelled,UPI,499
ORD003870,CUST01657,2025-11-22,completed,UPI,4298
ORD003871,CUST01657,2026-01-29,completed,Card,2798
ORD003872,CUST01657,2026-07-20,completed,Card,3198
ORD003873,CUST01658,2025-04-06,completed,NetBanking,3398
ORD003874,CUST01658,2025-04-12,completed,COD,2499
ORD003875,CUST01658,2026-04-18,completed,Card,5197
ORD003876,CUST01658,2026-02-23,completed,NetBanking,3298
ORD003877,CUST01658,2026-05-20,completed,UPI,3098
ORD003878,CUST01658,2025-05-28,completed,NetBanking,3498
ORD003879,CUST01658,2025-12-12,completed,COD,2499
ORD003880,CUST01658,2026-03-30,completed,UPI,1299
ORD003881,CUST01660,2025-12-07,completed,UPI,699
ORD003882,CUST01661,2025-10-14,completed,Card,2298
ORD003883,CUST01662,2025-11-15,completed,Card,1498
ORD003884,CUST01664,2025-10-21,returned,Card,2999
ORD003885,CUST01664,2026-06-22,completed,UPI,2798
ORD003886,CUST01664,2026-05-19,completed,NetBanking,2298
ORD003887,CUST01664,2026-04-02,completed,UPI,7297
ORD003888,CUST01665,2025-11-06,completed,NetBanking,1499
ORD003889,CUST01666,2026-01-14,completed,COD,2998
ORD003890,CUST01667,2026-04-24,completed,UPI,3498
ORD003891,CUST01667,2026-02-19,cancelled,COD,4697
ORD003892,CUST01668,2026-03-26,completed,COD,2499
ORD003893,CUST01668,2025-05-13,completed,Card,3398
ORD003894,CUST01668,2026-04-29,completed,NetBanking,999
ORD003895,CUST01668,2025-09-07,completed,UPI,2499
ORD003896,CUST01668,2026-04-18,completed,NetBanking,899
ORD003897,CUST01668,2025-11-28,completed,UPI,1499
ORD003898,CUST01668,2025-12-30,completed,COD,4297
ORD003899,CUST01668,2025-06-16,completed,NetBanking,499
ORD003900,CUST01669,2026-06-06,completed,UPI,1299
ORD003901,CUST01669,2025-09-24,completed,UPI,4197
ORD003902,CUST01670,2026-05-28,completed,Card,3198
ORD003903,CUST01671,2025-05-08,completed,UPI,1799
ORD003904,CUST01672,2026-07-20,completed,NetBanking,5498
ORD003905,CUST01672,2026-03-06,completed,Card,2499
ORD003906,CUST01673,2026-03-03,completed,UPI,1398
ORD003907,CUST01673,2025-10-28,completed,COD,5498
ORD003908,CUST01674,2025-11-16,completed,NetBanking,3797
ORD003909,CUST01674,2025-09-13,completed,NetBanking,6998
ORD003910,CUST01674,2025-03-09,completed,NetBanking,5497
ORD003911,CUST01674,2026-02-01,completed,UPI,4298
ORD003912,CUST01675,2025-07-11,completed,Card,2298
ORD003913,CUST01676,2026-06-03,completed,COD,5597
ORD003914,CUST01676,2026-05-25,completed,COD,2998
ORD003915,CUST01677,2025-09-30,completed,UPI,1799
ORD003916,CUST01679,2026-08-14,completed,COD,4298
ORD003917,CUST01680,2025-10-31,completed,NetBanking,1799
ORD003918,CUST01681,2026-08-17,completed,Card,499
ORD003919,CUST01681,2026-02-04,completed,Card,2999
ORD003920,CUST01682,2025-09-03,completed,Card,1898
ORD003921,CUST01684,2025-10-22,completed,COD,2998
ORD003922,CUST01684,2026-07-16,completed,Card,2499
ORD003923,CUST01685,2025-04-16,completed,NetBanking,1299
ORD003924,CUST01686,2025-07-15,returned,Card,1998
ORD003925,CUST01687,2026-01-03,completed,UPI,2999
ORD003926,CUST01688,2025-07-07,completed,NetBanking,1498
ORD003927,CUST01689,2025-09-10,completed,COD,899
ORD003928,CUST01689,2026-01-23,completed,NetBanking,3198
ORD003929,CUST01692,2026-01-23,completed,NetBanking,2998
ORD003930,CUST01693,2026-01-14,completed,COD,4997
ORD003931,CUST01694,2026-05-03,completed,NetBanking,6498
ORD003932,CUST01694,2025-11-21,completed,UPI,2498
ORD003933,CUST01694,2026-02-28,completed,NetBanking,2499
ORD003934,CUST01694,2025-04-02,cancelled,UPI,1698
ORD003935,CUST01694,2025-09-02,cancelled,NetBanking,3198
ORD003936,CUST01694,2025-10-18,completed,Card,3498
ORD003937,CUST01695,2025-10-13,completed,NetBanking,2999
ORD003938,CUST01695,2025-08-05,completed,COD,3198
ORD003939,CUST01695,2025-04-07,completed,Card,3998
ORD003940,CUST01696,2025-12-05,completed,NetBanking,1198
ORD003941,CUST01697,2026-03-27,completed,NetBanking,1398
ORD003942,CUST01697,2025-08-16,completed,Card,2998
ORD003943,CUST01698,2026-02-10,completed,UPI,2998
ORD003944,CUST01699,2026-04-05,completed,COD,3497
ORD003945,CUST01699,2025-09-21,completed,COD,3999
ORD003946,CUST01700,2025-11-15,completed,COD,2499
ORD003947,CUST01701,2026-07-24,cancelled,Card,8297
ORD003948,CUST01701,2026-06-17,completed,UPI,699
ORD003949,CUST01702,2026-01-01,completed,COD,6998
ORD003950,CUST01702,2025-12-21,completed,NetBanking,2998
ORD003951,CUST01702,2025-03-30,completed,NetBanking,2499
ORD003952,CUST01702,2026-07-27,completed,UPI,1799
ORD003953,CUST01702,2025-04-20,completed,UPI,699
ORD003954,CUST01704,2025-06-28,completed,UPI,2298
ORD003955,CUST01705,2025-08-02,completed,COD,2698
ORD003956,CUST01705,2025-10-20,completed,COD,3999
ORD003957,CUST01705,2026-05-22,completed,NetBanking,2499
ORD003958,CUST01705,2026-06-03,completed,NetBanking,3198
ORD003959,CUST01705,2025-08-01,completed,COD,4498
ORD003960,CUST01706,2026-04-12,cancelled,Card,3197
ORD003961,CUST01706,2025-05-22,completed,UPI,3897
ORD003962,CUST01707,2026-04-06,completed,UPI,3697
ORD003963,CUST01708,2025-06-22,completed,UPI,6997
ORD003964,CUST01709,2026-05-17,completed,COD,4798
ORD003965,CUST01709,2025-04-15,completed,COD,6498
ORD003966,CUST01709,2025-12-12,completed,COD,5498
ORD003967,CUST01709,2026-05-07,completed,Card,6297
ORD003968,CUST01709,2026-01-09,completed,UPI,899
ORD003969,CUST01709,2025-10-19,completed,COD,1398
ORD003970,CUST01711,2025-03-23,completed,NetBanking,999
ORD003971,CUST01713,2026-05-23,completed,Card,1798
ORD003972,CUST01714,2026-06-04,completed,COD,2499
ORD003973,CUST01714,2025-05-14,completed,UPI,3198
ORD003974,CUST01714,2025-07-29,completed,COD,1698
ORD003975,CUST01714,2026-04-04,completed,UPI,999
ORD003976,CUST01714,2025-09-30,cancelled,Card,2499
ORD003977,CUST01717,2025-10-02,completed,Card,3999
ORD003978,CUST01717,2026-07-17,completed,UPI,1499
ORD003979,CUST01717,2026-01-04,completed,Card,2998
ORD003980,CUST01717,2025-10-24,completed,COD,3197
ORD003981,CUST01717,2026-02-19,completed,Card,3398
ORD003982,CUST01717,2025-03-25,completed,NetBanking,2998
ORD003983,CUST01718,2026-06-29,completed,NetBanking,5797
ORD003984,CUST01718,2025-05-20,cancelled,Card,2499
ORD003985,CUST01718,2025-09-18,completed,Card,2497
ORD003986,CUST01720,2025-05-29,completed,Card,2998
ORD003987,CUST01720,2025-10-27,cancelled,NetBanking,1498
ORD003988,CUST01720,2025-05-03,completed,UPI,3898
ORD003989,CUST01722,2026-01-22,completed,COD,3999
ORD003990,CUST01723,2025-12-21,completed,Card,3798
ORD003991,CUST01723,2025-05-05,completed,Card,5397
ORD003992,CUST01723,2025-07-29,completed,COD,5498
ORD003993,CUST01723,2025-08-10,completed,UPI,2298
ORD003994,CUST01723,2026-01-11,completed,NetBanking,2499
ORD003995,CUST01723,2025-12-01,completed,NetBanking,699
ORD003996,CUST01723,2026-01-02,completed,Card,3298
ORD003997,CUST01724,2025-10-07,completed,UPI,499
ORD003998,CUST01724,2025-05-07,completed,NetBanking,3999
ORD003999,CUST01725,2025-11-01,completed,NetBanking,1299
ORD004000,CUST01725,2025-06-01,completed,NetBanking,699
ORD004001,CUST01725,2025-04-17,completed,COD,3999
ORD004002,CUST01726,2025-08-09,completed,COD,5798
ORD004003,CUST01727,2026-04-29,completed,UPI,3797
ORD004004,CUST01728,2026-01-03,completed,UPI,5498
ORD004005,CUST01728,2026-01-11,completed,UPI,2198
ORD004006,CUST01728,2026-04-01,completed,NetBanking,2499
ORD004007,CUST01729,2025-06-30,completed,UPI,3998
ORD004008,CUST01730,2026-01-12,completed,UPI,6497
ORD004009,CUST01731,2026-08-01,completed,UPI,6998
ORD004010,CUST01731,2025-11-21,completed,UPI,2499
ORD004011,CUST01731,2026-08-19,completed,COD,2999
ORD004012,CUST01731,2025-10-16,completed,Card,4698
ORD004013,CUST01731,2025-09-13,completed,Card,3999
ORD004014,CUST01733,2026-07-05,completed,NetBanking,2499
ORD004015,CUST01733,2025-07-21,completed,COD,999
ORD004016,CUST01735,2026-01-12,completed,Card,1799
ORD004017,CUST01735,2025-08-19,completed,COD,699
ORD004018,CUST01736,2025-06-11,completed,Card,5197
ORD004019,CUST01736,2026-01-09,completed,Card,2197
ORD004020,CUST01736,2025-04-27,completed,NetBanking,2499
ORD004021,CUST01737,2025-05-23,completed,NetBanking,2999
ORD004022,CUST01739,2025-03-04,completed,NetBanking,5297
ORD004023,CUST01740,2025-05-04,returned,Card,499
ORD004024,CUST01740,2025-05-08,completed,NetBanking,1998
ORD004025,CUST01740,2026-02-08,completed,Card,2499
ORD004026,CUST01741,2025-03-10,completed,Card,3198
ORD004027,CUST01742,2026-06-04,completed,NetBanking,3198
ORD004028,CUST01743,2025-05-17,completed,Card,4998
ORD004029,CUST01744,2025-04-15,completed,NetBanking,3998
ORD004030,CUST01744,2025-03-19,completed,UPI,3498
ORD004031,CUST01744,2025-10-12,completed,Card,1398
ORD004032,CUST01745,2025-08-27,completed,Card,2298
ORD004033,CUST01745,2025-06-13,completed,Card,999
ORD004034,CUST01745,2025-08-10,completed,Card,2499
ORD004035,CUST01746,2026-01-15,completed,UPI,7497
ORD004036,CUST01749,2025-04-16,completed,COD,699
ORD004037,CUST01749,2026-03-16,returned,Card,2198
ORD004038,CUST01750,2026-02-18,completed,NetBanking,3798
ORD004039,CUST01750,2025-09-02,completed,Card,5498
ORD004040,CUST01751,2025-12-11,completed,COD,899
ORD004041,CUST01752,2026-05-01,completed,NetBanking,1798
ORD004042,CUST01752,2026-03-13,completed,NetBanking,1799
ORD004043,CUST01752,2026-02-27,completed,NetBanking,2499
ORD004044,CUST01752,2025-10-11,completed,Card,4497
ORD004045,CUST01752,2026-04-03,completed,UPI,2298
ORD004046,CUST01753,2025-11-25,completed,UPI,2499
ORD004047,CUST01754,2025-04-21,completed,UPI,4498
ORD004048,CUST01754,2026-01-01,completed,UPI,2798
ORD004049,CUST01755,2026-05-01,cancelled,UPI,3198
ORD004050,CUST01757,2026-02-05,completed,Card,4798
ORD004051,CUST01757,2025-10-21,completed,COD,1499
ORD004052,CUST01757,2025-05-22,completed,Card,4897
ORD004053,CUST01757,2025-07-25,cancelled,Card,5498
ORD004054,CUST01757,2026-01-07,completed,Card,1998
ORD004055,CUST01757,2025-04-23,completed,Card,1499
ORD004056,CUST01758,2025-07-08,completed,COD,499
ORD004057,CUST01758,2025-12-25,completed,NetBanking,2398
ORD004058,CUST01758,2026-03-11,completed,UPI,2998
ORD004059,CUST01759,2026-08-02,completed,UPI,3998
ORD004060,CUST01760,2025-11-15,completed,NetBanking,1798
ORD004061,CUST01761,2025-04-17,completed,UPI,2499
ORD004062,CUST01762,2025-09-23,completed,NetBanking,3798
ORD004063,CUST01762,2026-04-23,completed,Card,2499
ORD004064,CUST01762,2026-06-27,completed,NetBanking,3998
ORD004065,CUST01762,2025-07-01,cancelled,UPI,4298
ORD004066,CUST01762,2025-04-27,completed,Card,1299
ORD004067,CUST01762,2026-05-14,completed,UPI,7197
ORD004068,CUST01762,2026-08-07,completed,NetBanking,2498
ORD004069,CUST01762,2026-04-26,completed,NetBanking,899
ORD004070,CUST01763,2025-03-19,completed,NetBanking,2298
ORD004071,CUST01763,2025-09-23,completed,UPI,3999
ORD004072,CUST01763,2025-12-25,completed,NetBanking,2998
ORD004073,CUST01763,2025-09-28,completed,Card,3498
ORD004074,CUST01763,2025-11-01,completed,COD,4298
ORD004075,CUST01764,2025-11-26,completed,Card,1498
ORD004076,CUST01768,2025-06-10,completed,COD,2499
ORD004077,CUST01768,2025-12-12,completed,NetBanking,899
ORD004078,CUST01769,2026-04-05,completed,Card,3498
ORD004079,CUST01769,2025-06-16,completed,COD,999
ORD004080,CUST01770,2026-06-09,completed,COD,2198
ORD004081,CUST01771,2025-05-02,completed,Card,4998
ORD004082,CUST01772,2025-09-07,completed,NetBanking,4298
ORD004083,CUST01773,2025-05-08,completed,NetBanking,1299
ORD004084,CUST01774,2026-02-13,completed,UPI,5297
ORD004085,CUST01775,2026-05-20,completed,Card,3997
ORD004086,CUST01775,2025-04-09,completed,Card,1299
ORD004087,CUST01776,2025-05-18,completed,UPI,4797
ORD004088,CUST01777,2026-07-29,cancelled,COD,999
ORD004089,CUST01778,2026-08-21,completed,UPI,2499
ORD004090,CUST01778,2026-02-25,completed,NetBanking,1398
ORD004091,CUST01778,2026-04-26,completed,NetBanking,3198
ORD004092,CUST01779,2026-06-11,completed,UPI,2797
ORD004093,CUST01779,2026-04-02,completed,COD,899
ORD004094,CUST01780,2025-07-14,completed,COD,3297
ORD004095,CUST01780,2025-10-23,completed,UPI,1798
ORD004096,CUST01781,2025-03-19,completed,UPI,3998
ORD004097,CUST01781,2025-09-17,cancelled,UPI,2499
ORD004098,CUST01782,2025-05-07,completed,COD,1299
ORD004099,CUST01782,2025-03-13,returned,Card,3397
ORD004100,CUST01782,2026-03-18,completed,Card,2499
ORD004101,CUST01783,2025-03-04,completed,Card,1299
ORD004102,CUST01784,2026-01-03,completed,NetBanking,4998
ORD004103,CUST01784,2026-05-18,completed,Card,5498
ORD004104,CUST01784,2025-09-22,completed,UPI,4897
ORD004105,CUST01784,2025-09-08,completed,COD,3997
ORD004106,CUST01786,2026-05-30,returned,COD,2097
ORD004107,CUST01786,2025-03-27,completed,UPI,1799
ORD004108,CUST01787,2025-07-15,completed,COD,2999
ORD004109,CUST01788,2026-06-14,completed,COD,4898
ORD004110,CUST01789,2026-04-24,completed,UPI,6498
ORD004111,CUST01789,2026-06-02,completed,Card,2499
ORD004112,CUST01789,2025-08-11,completed,Card,2298
ORD004113,CUST01789,2025-07-18,completed,Card,3198
ORD004114,CUST01789,2025-11-22,returned,UPI,5298
ORD004115,CUST01789,2025-08-21,completed,UPI,3198
ORD004116,CUST01789,2025-09-10,completed,NetBanking,2999
ORD004117,CUST01789,2026-01-15,completed,NetBanking,2397
ORD004118,CUST01790,2026-01-26,completed,COD,999
ORD004119,CUST01790,2026-03-15,completed,Card,4498
ORD004120,CUST01790,2025-03-11,completed,NetBanking,5397
ORD004121,CUST01791,2026-06-07,completed,Card,3397
ORD004122,CUST01791,2025-10-15,completed,COD,1598
ORD004123,CUST01791,2025-06-07,completed,COD,3998
ORD004124,CUST01792,2026-08-10,completed,Card,899
ORD004125,CUST01792,2026-06-15,completed,COD,2999
ORD004126,CUST01792,2026-02-04,completed,COD,2097
ORD004127,CUST01792,2025-04-25,completed,Card,1799
ORD004128,CUST01792,2026-08-09,completed,COD,2998
ORD004129,CUST01792,2026-01-14,completed,Card,2998
ORD004130,CUST01792,2025-09-27,completed,Card,5497
ORD004131,CUST01793,2025-10-15,completed,NetBanking,899
ORD004132,CUST01794,2025-08-19,completed,COD,3198
ORD004133,CUST01794,2026-01-17,completed,NetBanking,2999
ORD004134,CUST01794,2025-06-20,completed,Card,499
ORD004135,CUST01797,2025-12-12,completed,COD,3798
ORD004136,CUST01797,2026-04-13,returned,NetBanking,2998
ORD004137,CUST01797,2026-03-28,completed,COD,2499
ORD004138,CUST01797,2025-10-02,completed,Card,6998
ORD004139,CUST01797,2026-03-29,completed,Card,7397
ORD004140,CUST01797,2026-07-30,completed,Card,3999
ORD004141,CUST01798,2026-06-19,completed,COD,2499
ORD004142,CUST01798,2025-03-17,completed,NetBanking,5597
ORD004143,CUST01800,2026-02-07,completed,COD,5197
ORD004144,CUST01800,2026-07-25,completed,Card,2499
ORD004145,CUST01800,2026-06-28,completed,COD,3998
ORD004146,CUST01800,2026-03-06,completed,UPI,3999
ORD004147,CUST01800,2026-04-23,completed,UPI,1299
ORD004148,CUST01801,2025-04-06,completed,COD,499
ORD004149,CUST01801,2025-06-21,completed,Card,6297
ORD004150,CUST01801,2025-11-30,completed,UPI,899
ORD004151,CUST01801,2025-03-09,completed,COD,4298
ORD004152,CUST01801,2026-04-14,completed,NetBanking,2999
ORD004153,CUST01801,2026-01-25,completed,UPI,3398
ORD004154,CUST01802,2026-01-08,completed,NetBanking,3097
ORD004155,CUST01802,2025-12-12,completed,NetBanking,6497
ORD004156,CUST01802,2025-04-19,completed,UPI,3398
ORD004157,CUST01802,2026-07-22,completed,Card,6498
ORD004158,CUST01802,2025-03-21,completed,UPI,2298
ORD004159,CUST01802,2026-02-17,completed,NetBanking,2999
ORD004160,CUST01802,2025-06-12,completed,Card,7397
ORD004161,CUST01802,2026-03-18,completed,UPI,4697
ORD004162,CUST01803,2026-01-06,completed,Card,699
ORD004163,CUST01804,2025-06-08,completed,NetBanking,3698
ORD004164,CUST01805,2025-03-16,completed,UPI,3999
ORD004165,CUST01805,2026-04-03,completed,Card,2998
ORD004166,CUST01805,2026-07-07,completed,UPI,1799
ORD004167,CUST01805,2026-02-06,cancelled,COD,999
ORD004168,CUST01805,2025-09-11,completed,Card,2499
ORD004169,CUST01805,2025-12-31,completed,UPI,3999
ORD004170,CUST01806,2026-05-30,completed,COD,1198
ORD004171,CUST01806,2025-05-11,completed,UPI,3999
ORD004172,CUST01807,2025-11-13,completed,NetBanking,2798
ORD004173,CUST01808,2026-03-28,completed,Card,499
ORD004174,CUST01809,2025-04-05,completed,UPI,3998
ORD004175,CUST01810,2025-03-02,completed,COD,4998
ORD004176,CUST01810,2025-04-28,completed,COD,1798
ORD004177,CUST01810,2026-06-16,completed,Card,3498
ORD004178,CUST01810,2026-02-05,completed,Card,1299
ORD004179,CUST01811,2025-11-27,completed,COD,3497
ORD004180,CUST01811,2025-10-05,cancelled,Card,7797
ORD004181,CUST01811,2025-07-20,completed,NetBanking,4397
ORD004182,CUST01811,2026-04-18,completed,NetBanking,4798
ORD004183,CUST01811,2026-04-21,completed,COD,999
ORD004184,CUST01812,2025-06-06,completed,NetBanking,5498
ORD004185,CUST01812,2025-04-18,completed,COD,5798
ORD004186,CUST01813,2026-05-21,completed,NetBanking,699
ORD004187,CUST01814,2025-06-20,completed,UPI,4298
ORD004188,CUST01814,2026-04-09,completed,COD,3798
ORD004189,CUST01815,2026-04-07,completed,Card,3498
ORD004190,CUST01818,2026-07-06,completed,COD,4397
ORD004191,CUST01818,2026-06-27,completed,Card,1998
ORD004192,CUST01818,2026-07-08,completed,Card,4097
ORD004193,CUST01818,2026-07-30,completed,COD,3097
ORD004194,CUST01818,2025-12-19,completed,UPI,7197
ORD004195,CUST01819,2025-08-29,completed,Card,3498
ORD004196,CUST01819,2025-07-25,completed,UPI,1499
ORD004197,CUST01819,2026-03-23,completed,Card,5498
ORD004198,CUST01820,2026-05-04,completed,NetBanking,3198
ORD004199,CUST01822,2025-07-10,completed,UPI,2798
ORD004200,CUST01822,2025-06-25,completed,COD,4297
ORD004201,CUST01823,2025-07-07,completed,UPI,2499
ORD004202,CUST01824,2025-09-30,completed,NetBanking,2298
ORD004203,CUST01824,2025-12-27,completed,NetBanking,3798
ORD004204,CUST01824,2026-04-30,completed,NetBanking,2999
ORD004205,CUST01824,2025-04-19,completed,COD,7497
ORD004206,CUST01824,2026-04-22,completed,NetBanking,899
ORD004207,CUST01824,2025-10-03,completed,Card,5498
ORD004208,CUST01824,2025-08-06,cancelled,UPI,1299
ORD004209,CUST01824,2026-04-26,completed,Card,2499
ORD004210,CUST01825,2026-08-20,completed,COD,3498
ORD004211,CUST01825,2025-06-05,completed,UPI,4997
ORD004212,CUST01826,2025-05-10,completed,Card,1698
ORD004213,CUST01826,2025-12-15,completed,COD,1798
ORD004214,CUST01827,2025-11-30,completed,NetBanking,3999
ORD004215,CUST01827,2026-02-22,completed,UPI,3498
ORD004216,CUST01827,2026-03-14,completed,UPI,999
ORD004217,CUST01827,2026-06-26,cancelled,COD,6498
ORD004218,CUST01827,2025-10-19,completed,COD,2499
ORD004219,CUST01828,2026-07-23,completed,UPI,499
ORD004220,CUST01828,2026-05-12,completed,COD,2298
ORD004221,CUST01828,2025-12-25,completed,COD,2198
ORD004222,CUST01828,2025-12-28,completed,COD,1499
ORD004223,CUST01828,2026-08-18,completed,COD,4798
ORD004224,CUST01828,2025-09-18,completed,Card,5197
ORD004225,CUST01830,2025-05-22,completed,Card,2499
ORD004226,CUST01831,2025-08-13,completed,NetBanking,4498
ORD004227,CUST01831,2026-07-25,completed,COD,3298
ORD004228,CUST01832,2026-03-11,completed,Card,5798
ORD004229,CUST01832,2025-11-28,completed,UPI,3898
ORD004230,CUST01832,2026-07-11,completed,COD,699
ORD004231,CUST01832,2025-04-21,completed,Card,2998
ORD004232,CUST01832,2026-05-18,completed,COD,1799
ORD004233,CUST01833,2026-07-30,completed,Card,499
ORD004234,CUST01833,2026-03-24,cancelled,Card,6297
ORD004235,CUST01833,2026-05-05,completed,COD,2499
ORD004236,CUST01835,2026-06-28,completed,COD,4998
ORD004237,CUST01835,2025-05-28,completed,Card,2499
ORD004238,CUST01835,2025-10-03,cancelled,UPI,3698
ORD004239,CUST01835,2026-03-27,completed,COD,2499
ORD004240,CUST01835,2026-04-07,completed,UPI,2499
ORD004241,CUST01835,2025-04-02,completed,Card,2398
ORD004242,CUST01837,2025-08-03,completed,COD,6397
ORD004243,CUST01837,2026-01-08,completed,UPI,2499
ORD004244,CUST01837,2025-10-02,cancelled,Card,2498
ORD004245,CUST01838,2025-05-09,cancelled,UPI,5297
ORD004246,CUST01838,2025-07-02,completed,COD,3999
ORD004247,CUST01838,2026-07-09,completed,NetBanking,5997
ORD004248,CUST01838,2025-03-03,completed,UPI,4998
ORD004249,CUST01838,2025-10-17,completed,UPI,1299
ORD004250,CUST01839,2026-03-21,completed,UPI,3999
ORD004251,CUST01841,2026-03-08,completed,COD,1398
ORD004252,CUST01841,2025-09-15,completed,NetBanking,4697
ORD004253,CUST01841,2026-05-29,completed,NetBanking,1598
ORD004254,CUST01841,2026-01-14,completed,COD,3498
ORD004255,CUST01841,2025-05-31,completed,Card,3999
ORD004256,CUST01842,2025-10-28,completed,COD,2499
ORD004257,CUST01842,2026-03-29,completed,COD,9497
ORD004258,CUST01842,2025-08-01,completed,Card,7497
ORD004259,CUST01842,2025-05-03,completed,COD,2499
ORD004260,CUST01842,2026-06-25,completed,UPI,899
ORD004261,CUST01844,2025-12-03,completed,NetBanking,2398
ORD004262,CUST01845,2025-08-11,completed,COD,3498
ORD004263,CUST01845,2026-07-17,cancelled,UPI,3997
ORD004264,CUST01845,2025-11-10,returned,NetBanking,2499
ORD004265,CUST01845,2025-09-08,completed,UPI,3198
ORD004266,CUST01845,2026-04-14,completed,UPI,4298
ORD004267,CUST01845,2026-07-16,completed,Card,5997
ORD004268,CUST01845,2026-02-20,completed,UPI,4498
ORD004269,CUST01846,2025-06-26,completed,UPI,7797
ORD004270,CUST01846,2026-04-28,completed,Card,4298
ORD004271,CUST01846,2026-02-12,completed,Card,1799
ORD004272,CUST01846,2025-11-27,completed,Card,4298
ORD004273,CUST01846,2026-05-16,completed,COD,3098
ORD004274,CUST01846,2025-09-08,completed,UPI,899
ORD004275,CUST01847,2025-11-24,completed,COD,4898
ORD004276,CUST01848,2025-07-25,cancelled,Card,1799
ORD004277,CUST01849,2026-05-16,completed,COD,2798
ORD004278,CUST01849,2025-04-24,completed,COD,2499
ORD004279,CUST01849,2025-08-13,completed,Card,1499
ORD004280,CUST01850,2025-03-20,completed,NetBanking,5197
ORD004281,CUST01850,2025-11-09,returned,UPI,2798
ORD004282,CUST01850,2026-07-07,completed,COD,2499
ORD004283,CUST01852,2025-08-31,completed,Card,2998
ORD004284,CUST01852,2025-10-24,completed,UPI,3398
ORD004285,CUST01852,2026-07-09,completed,UPI,4097
ORD004286,CUST01852,2026-06-17,completed,Card,1398
ORD004287,CUST01852,2026-08-19,completed,COD,499
ORD004288,CUST01853,2025-11-23,completed,NetBanking,6998
ORD004289,CUST01854,2025-08-22,completed,NetBanking,2499
ORD004290,CUST01855,2026-08-01,cancelled,UPI,5297
ORD004291,CUST01855,2026-05-29,completed,UPI,6197
ORD004292,CUST01855,2026-02-11,completed,UPI,2597
ORD004293,CUST01855,2026-06-03,completed,NetBanking,2498
ORD004294,CUST01855,2025-10-28,cancelled,Card,5798
ORD004295,CUST01856,2026-03-13,completed,UPI,6498
ORD004296,CUST01857,2026-05-12,completed,COD,1598
ORD004297,CUST01857,2025-09-23,completed,NetBanking,6998
ORD004298,CUST01857,2025-06-26,completed,NetBanking,2998
ORD004299,CUST01857,2026-02-13,completed,Card,899
ORD004300,CUST01857,2025-03-26,completed,UPI,899
ORD004301,CUST01858,2026-07-04,completed,UPI,2298
ORD004302,CUST01858,2025-10-10,completed,COD,2097
ORD004303,CUST01859,2026-02-25,completed,Card,1499
ORD004304,CUST01859,2025-12-05,returned,Card,2999
ORD004305,CUST01859,2025-09-12,completed,Card,1598
ORD004306,CUST01859,2025-11-06,completed,COD,6998
ORD004307,CUST01860,2026-08-11,completed,NetBanking,3098
ORD004308,CUST01860,2025-10-22,cancelled,COD,2198
ORD004309,CUST01860,2025-06-22,completed,NetBanking,3698
ORD004310,CUST01860,2025-10-10,completed,NetBanking,3998
ORD004311,CUST01860,2026-07-12,completed,UPI,3698
ORD004312,CUST01860,2026-05-02,completed,NetBanking,699
ORD004313,CUST01861,2025-10-08,completed,UPI,2499
ORD004314,CUST01862,2025-05-15,completed,UPI,1799
ORD004315,CUST01862,2025-09-11,completed,UPI,2499
ORD004316,CUST01862,2025-03-30,completed,COD,4797
ORD004317,CUST01862,2025-07-05,completed,COD,6498
ORD004318,CUST01863,2025-12-03,returned,UPI,5498
ORD004319,CUST01864,2026-08-07,completed,UPI,2998
ORD004320,CUST01865,2025-10-28,completed,UPI,2498
ORD004321,CUST01865,2026-04-02,completed,Card,3498
ORD004322,CUST01865,2026-05-07,completed,Card,2499
ORD004323,CUST01865,2026-02-07,completed,UPI,3997
ORD004324,CUST01865,2025-08-26,cancelled,UPI,5498
ORD004325,CUST01866,2025-08-06,completed,NetBanking,1499
ORD004326,CUST01866,2026-06-14,returned,Card,5498
ORD004327,CUST01866,2025-11-05,returned,NetBanking,5197
ORD004328,CUST01866,2025-11-28,completed,NetBanking,2198
ORD004329,CUST01866,2025-11-20,completed,Card,2998
ORD004330,CUST01866,2025-03-11,completed,COD,1799
ORD004331,CUST01866,2026-04-19,completed,Card,3798
ORD004332,CUST01867,2025-04-17,returned,UPI,6197
ORD004333,CUST01868,2025-06-20,completed,COD,3998
ORD004334,CUST01868,2025-12-25,completed,UPI,1498
ORD004335,CUST01868,2026-07-19,completed,COD,4298
ORD004336,CUST01868,2026-03-12,completed,Card,6197
ORD004337,CUST01868,2025-07-08,completed,UPI,1698
ORD004338,CUST01868,2025-04-27,completed,UPI,7797
ORD004339,CUST01869,2025-10-18,completed,NetBanking,2499
ORD004340,CUST01870,2025-12-30,completed,UPI,3898
ORD004341,CUST01871,2025-11-12,completed,COD,3698
ORD004342,CUST01871,2026-06-17,completed,NetBanking,1299
ORD004343,CUST01872,2025-03-18,completed,Card,2499
ORD004344,CUST01873,2025-03-27,completed,COD,2499
ORD004345,CUST01873,2026-05-15,completed,UPI,1299
ORD004346,CUST01874,2025-07-30,completed,NetBanking,3198
ORD004347,CUST01874,2025-08-26,completed,NetBanking,699
ORD004348,CUST01874,2026-06-18,completed,Card,699
ORD004349,CUST01874,2026-05-31,completed,NetBanking,2499
ORD004350,CUST01874,2026-07-18,completed,NetBanking,4298
ORD004351,CUST01874,2026-07-23,completed,NetBanking,3498
ORD004352,CUST01874,2026-01-21,completed,NetBanking,3898
ORD004353,CUST01875,2025-12-02,completed,NetBanking,4797
ORD004354,CUST01876,2025-10-27,completed,NetBanking,3998
ORD004355,CUST01877,2025-06-30,cancelled,Card,4797
ORD004356,CUST01877,2025-11-10,completed,NetBanking,3398
ORD004357,CUST01877,2026-02-28,cancelled,NetBanking,999
ORD004358,CUST01877,2026-08-16,completed,Card,2998
ORD004359,CUST01879,2026-04-03,completed,NetBanking,3298
ORD004360,CUST01880,2026-04-10,completed,Card,2999
ORD004361,CUST01881,2025-12-09,completed,UPI,4997
ORD004362,CUST01881,2025-07-06,cancelled,Card,2499
ORD004363,CUST01881,2026-05-13,completed,Card,699
ORD004364,CUST01881,2025-06-14,completed,NetBanking,3998
ORD004365,CUST01881,2026-04-03,completed,UPI,899
ORD004366,CUST01881,2026-05-08,completed,COD,4698
ORD004367,CUST01884,2025-04-25,completed,NetBanking,1398
ORD004368,CUST01885,2026-03-03,completed,Card,1299
ORD004369,CUST01885,2025-05-22,completed,UPI,7797
ORD004370,CUST01885,2025-06-29,completed,UPI,3298
ORD004371,CUST01886,2025-04-04,cancelled,COD,5897
ORD004372,CUST01886,2025-03-12,completed,Card,2498
ORD004373,CUST01886,2025-09-17,cancelled,UPI,1398
ORD004374,CUST01886,2025-09-01,completed,NetBanking,2499
ORD004375,CUST01886,2025-04-25,completed,NetBanking,4997
ORD004376,CUST01888,2026-07-03,completed,COD,3498
ORD004377,CUST01888,2025-08-30,returned,NetBanking,7497
ORD004378,CUST01889,2026-04-28,completed,UPI,2499
ORD004379,CUST01889,2025-08-14,completed,UPI,2798
ORD004380,CUST01889,2025-06-22,completed,NetBanking,2999
ORD004381,CUST01889,2025-06-06,completed,NetBanking,3498
ORD004382,CUST01889,2025-08-11,completed,COD,699
ORD004383,CUST01890,2026-07-20,completed,UPI,3999
ORD004384,CUST01890,2026-07-27,completed,Card,1898
ORD004385,CUST01890,2026-01-24,completed,Card,1898
ORD004386,CUST01891,2026-03-16,completed,NetBanking,5798
ORD004387,CUST01892,2025-10-23,completed,COD,3498
ORD004388,CUST01892,2025-09-19,cancelled,UPI,3398
ORD004389,CUST01893,2025-03-26,completed,NetBanking,2499
ORD004390,CUST01893,2025-08-29,completed,COD,2798
ORD004391,CUST01893,2026-04-12,returned,NetBanking,4298
ORD004392,CUST01893,2025-06-22,completed,COD,2798
ORD004393,CUST01893,2025-08-27,returned,NetBanking,1299
ORD004394,CUST01894,2025-04-26,completed,COD,6397
ORD004395,CUST01895,2026-07-05,completed,UPI,4897
ORD004396,CUST01895,2025-08-04,completed,COD,2499
ORD004397,CUST01896,2026-01-10,completed,Card,4298
ORD004398,CUST01896,2025-09-17,completed,Card,1799
ORD004399,CUST01896,2026-08-09,completed,Card,3998
ORD004400,CUST01896,2026-07-22,completed,COD,1198
ORD004401,CUST01896,2025-10-01,completed,NetBanking,2698
ORD004402,CUST01897,2025-07-03,completed,UPI,3798
ORD004403,CUST01897,2025-06-04,completed,Card,5498
ORD004404,CUST01898,2026-05-10,completed,Card,4997
ORD004405,CUST01899,2025-07-30,completed,Card,1398
ORD004406,CUST01899,2025-08-24,completed,UPI,5498
ORD004407,CUST01899,2025-10-01,completed,UPI,3999
ORD004408,CUST01900,2025-10-06,completed,UPI,2998
ORD004409,CUST01901,2025-12-25,completed,NetBanking,4298
ORD004410,CUST01902,2025-12-06,returned,UPI,4498
ORD004411,CUST01902,2026-04-21,completed,UPI,4798
ORD004412,CUST01902,2026-03-16,completed,Card,9497
ORD004413,CUST01903,2026-04-01,completed,UPI,2499
ORD004414,CUST01903,2026-07-05,completed,Card,1299
ORD004415,CUST01904,2025-12-16,completed,COD,3998
ORD004416,CUST01904,2025-12-14,completed,NetBanking,3998
ORD004417,CUST01904,2025-03-11,completed,Card,4897
ORD004418,CUST01904,2025-03-20,completed,UPI,5897
ORD004419,CUST01905,2026-06-18,completed,UPI,7897
ORD004420,CUST01905,2025-06-16,completed,COD,5498
ORD004421,CUST01906,2025-11-23,completed,NetBanking,4998
ORD004422,CUST01907,2026-05-18,completed,UPI,4297
ORD004423,CUST01908,2026-05-10,completed,COD,5297
ORD004424,CUST01909,2026-01-01,completed,COD,9497
ORD004425,CUST01910,2026-08-09,completed,COD,5498
ORD004426,CUST01911,2026-07-15,returned,NetBanking,6197
ORD004427,CUST01911,2026-04-18,completed,UPI,7997
ORD004428,CUST01911,2025-07-22,completed,COD,699
ORD004429,CUST01911,2025-09-18,completed,UPI,3898
ORD004430,CUST01912,2025-10-12,completed,UPI,5498
ORD004431,CUST01913,2026-05-07,completed,NetBanking,1299
ORD004432,CUST01915,2025-05-03,completed,Card,1998
ORD004433,CUST01916,2025-06-27,cancelled,COD,4797
ORD004434,CUST01916,2025-07-26,cancelled,COD,2999
ORD004435,CUST01918,2026-05-11,completed,Card,3898
ORD004436,CUST01920,2026-05-30,completed,NetBanking,2798
ORD004437,CUST01920,2025-03-16,completed,COD,2499
ORD004438,CUST01922,2026-01-26,completed,UPI,6997
ORD004439,CUST01922,2026-04-15,completed,COD,2499
ORD004440,CUST01923,2025-04-22,completed,NetBanking,1799
ORD004441,CUST01925,2025-07-17,completed,COD,899
ORD004442,CUST01925,2025-10-04,completed,UPI,4298
ORD004443,CUST01925,2025-08-18,completed,COD,2798
ORD004444,CUST01925,2026-07-13,completed,UPI,1799
ORD004445,CUST01926,2026-01-18,completed,UPI,1998
ORD004446,CUST01926,2025-04-15,cancelled,UPI,2499
ORD004447,CUST01926,2025-03-23,completed,UPI,699
ORD004448,CUST01926,2025-09-05,returned,COD,699
ORD004449,CUST01927,2025-03-25,completed,UPI,1499
ORD004450,CUST01929,2025-10-29,completed,NetBanking,2499
ORD004451,CUST01929,2025-10-09,completed,NetBanking,4497
ORD004452,CUST01929,2026-04-11,completed,NetBanking,3097
ORD004453,CUST01929,2026-05-01,completed,Card,2499
ORD004454,CUST01929,2025-08-23,completed,COD,3798
ORD004455,CUST01930,2025-12-11,cancelled,Card,4298
ORD004456,CUST01931,2026-04-01,completed,COD,699
ORD004457,CUST01932,2026-05-20,completed,UPI,2999
ORD004458,CUST01933,2025-05-11,completed,UPI,7197
ORD004459,CUST01934,2025-06-12,completed,COD,6498
ORD004460,CUST01935,2025-08-14,completed,UPI,4298
ORD004461,CUST01935,2025-08-08,completed,UPI,2499
ORD004462,CUST01935,2025-07-12,completed,NetBanking,3198
ORD004463,CUST01935,2026-05-21,completed,COD,6297
ORD004464,CUST01935,2025-08-25,completed,COD,1798
ORD004465,CUST01937,2025-04-07,completed,UPI,2499
ORD004466,CUST01937,2025-10-02,completed,COD,7897
ORD004467,CUST01937,2026-07-02,completed,UPI,5298
ORD004468,CUST01937,2025-12-11,completed,Card,1498
ORD004469,CUST01937,2025-03-11,completed,COD,3198
ORD004470,CUST01938,2025-06-26,completed,COD,4298
ORD004471,CUST01938,2025-12-30,completed,COD,3098
ORD004472,CUST01938,2025-12-23,completed,Card,3398
ORD004473,CUST01940,2025-11-25,completed,NetBanking,5498
ORD004474,CUST01940,2026-04-23,cancelled,Card,2499
ORD004475,CUST01941,2025-04-15,completed,COD,6397
ORD004476,CUST01941,2025-12-05,completed,COD,2798
ORD004477,CUST01941,2026-05-07,completed,NetBanking,4698
ORD004478,CUST01941,2026-08-05,completed,Card,699
ORD004479,CUST01941,2025-08-18,completed,NetBanking,3697
ORD004480,CUST01941,2025-09-21,completed,NetBanking,1998
ORD004481,CUST01942,2026-04-13,completed,NetBanking,2499
ORD004482,CUST01945,2025-04-13,completed,COD,5498
ORD004483,CUST01945,2026-03-10,completed,Card,7397
ORD004484,CUST01945,2026-07-06,completed,UPI,2499
ORD004485,CUST01946,2026-01-23,completed,UPI,3999
ORD004486,CUST01947,2026-07-23,completed,Card,2999
ORD004487,CUST01948,2026-01-26,completed,Card,1198
ORD004488,CUST01948,2025-12-31,completed,NetBanking,3998
ORD004489,CUST01948,2025-03-03,cancelled,NetBanking,5298
ORD004490,CUST01948,2026-03-01,completed,UPI,4298
ORD004491,CUST01948,2026-05-24,completed,UPI,2998
ORD004492,CUST01949,2025-06-20,completed,NetBanking,4297
ORD004493,CUST01949,2025-09-22,completed,COD,1598
ORD004494,CUST01949,2025-08-07,completed,UPI,5498
ORD004495,CUST01949,2025-06-10,completed,UPI,2798
ORD004496,CUST01951,2025-06-30,completed,UPI,5197
ORD004497,CUST01951,2025-09-26,completed,Card,1498
ORD004498,CUST01951,2025-06-18,completed,Card,2499
ORD004499,CUST01952,2026-01-12,completed,UPI,999
ORD004500,CUST01952,2025-09-23,cancelled,UPI,5197
ORD004501,CUST01954,2026-03-29,completed,NetBanking,6297
ORD004502,CUST01954,2025-12-07,completed,Card,2999
ORD004503,CUST01955,2026-05-10,cancelled,Card,2499
ORD004504,CUST01955,2025-09-10,completed,UPI,3398
ORD004505,CUST01955,2026-05-28,completed,NetBanking,5498
ORD004506,CUST01955,2025-07-24,completed,Card,1498
ORD004507,CUST01955,2025-09-20,completed,UPI,4298
ORD004508,CUST01955,2026-07-04,completed,COD,2499
ORD004509,CUST01956,2025-07-09,completed,COD,2498
ORD004510,CUST01957,2026-05-11,completed,COD,2499
ORD004511,CUST01958,2025-08-30,completed,NetBanking,3298
ORD004512,CUST01959,2026-07-15,completed,Card,7497
ORD004513,CUST01959,2025-10-19,completed,Card,2499
ORD004514,CUST01960,2026-08-06,completed,UPI,3898
ORD004515,CUST01961,2025-12-26,completed,UPI,2498
ORD004516,CUST01962,2026-03-29,completed,Card,3998
ORD004517,CUST01963,2025-11-30,completed,NetBanking,2998
ORD004518,CUST01963,2025-10-07,completed,UPI,3398
ORD004519,CUST01964,2026-04-06,completed,UPI,2798
ORD004520,CUST01964,2025-07-19,completed,NetBanking,3298
ORD004521,CUST01964,2025-11-18,completed,UPI,2499
ORD004522,CUST01964,2026-04-26,completed,COD,899
ORD004523,CUST01964,2026-01-13,cancelled,NetBanking,3498
ORD004524,CUST01965,2025-12-17,completed,UPI,8797
ORD004525,CUST01965,2025-07-03,completed,COD,1198
ORD004526,CUST01965,2026-06-26,completed,UPI,3198
ORD004527,CUST01965,2025-11-17,completed,UPI,1299
ORD004528,CUST01965,2026-03-22,completed,NetBanking,2798
ORD004529,CUST01965,2025-08-22,cancelled,NetBanking,1499
ORD004530,CUST01965,2026-03-05,completed,UPI,2398
ORD004531,CUST01966,2025-08-13,completed,Card,3698
ORD004532,CUST01967,2026-04-05,completed,NetBanking,1799
ORD004533,CUST01968,2026-06-13,completed,Card,2499
ORD004534,CUST01968,2026-03-07,completed,Card,5298
ORD004535,CUST01968,2026-03-12,completed,COD,4798
ORD004536,CUST01968,2025-09-03,completed,Card,6397
ORD004537,CUST01968,2025-10-25,completed,NetBanking,2398
ORD004538,CUST01968,2025-08-08,completed,NetBanking,4298
ORD004539,CUST01968,2025-12-16,completed,Card,699
ORD004540,CUST01968,2025-04-08,completed,UPI,1799
ORD004541,CUST01970,2025-09-07,completed,Card,2698
ORD004542,CUST01972,2026-03-10,completed,Card,3997
ORD004543,CUST01972,2025-04-22,completed,COD,5997
ORD004544,CUST01972,2026-05-15,completed,UPI,4998
ORD004545,CUST01972,2026-02-20,completed,COD,1698
ORD004546,CUST01972,2025-12-15,completed,COD,2499
ORD004547,CUST01972,2026-04-07,completed,COD,2499
ORD004548,CUST01972,2026-08-06,completed,NetBanking,3198
ORD004549,CUST01973,2025-10-18,returned,Card,5498
ORD004550,CUST01973,2026-08-02,completed,NetBanking,5298
ORD004551,CUST01973,2026-05-02,completed,NetBanking,2499
ORD004552,CUST01973,2025-08-24,completed,COD,2999
ORD004553,CUST01973,2025-05-28,completed,NetBanking,4298
ORD004554,CUST01974,2025-03-16,completed,COD,1799
ORD004555,CUST01974,2025-11-29,cancelled,NetBanking,7097
ORD004556,CUST01974,2025-10-21,completed,NetBanking,6998
ORD004557,CUST01974,2025-03-31,completed,UPI,1299
ORD004558,CUST01974,2026-03-06,completed,UPI,5997
ORD004559,CUST01974,2025-05-16,completed,Card,5298
ORD004560,CUST01975,2025-11-25,completed,Card,5197
ORD004561,CUST01975,2026-07-13,completed,UPI,1799
ORD004562,CUST01975,2026-03-29,completed,UPI,3498
ORD004563,CUST01975,2026-02-27,completed,UPI,2198
ORD004564,CUST01975,2025-12-26,completed,NetBanking,3897
ORD004565,CUST01976,2025-10-17,completed,NetBanking,3498
ORD004566,CUST01976,2026-03-02,completed,Card,3999
ORD004567,CUST01976,2025-11-22,completed,NetBanking,2798
ORD004568,CUST01976,2025-10-11,completed,NetBanking,1398
ORD004569,CUST01976,2026-04-22,completed,UPI,1698
ORD004570,CUST01976,2025-10-07,completed,Card,7897
ORD004571,CUST01976,2025-11-14,completed,UPI,899
ORD004572,CUST01976,2026-06-18,completed,UPI,2498
ORD004573,CUST01978,2025-08-20,completed,COD,6498
ORD004574,CUST01978,2026-02-01,cancelled,COD,2499
ORD004575,CUST01978,2025-03-14,completed,UPI,5497
ORD004576,CUST01979,2025-06-08,completed,UPI,1499
ORD004577,CUST01979,2025-06-22,completed,Card,3698
ORD004578,CUST01980,2026-02-21,completed,UPI,9497
ORD004579,CUST01981,2025-03-08,completed,COD,4298
ORD004580,CUST01982,2026-02-13,completed,UPI,3798
ORD004581,CUST01982,2026-08-07,completed,Card,4998
ORD004582,CUST01983,2026-06-12,completed,Card,5498
ORD004583,CUST01985,2025-05-20,completed,UPI,7997
ORD004584,CUST01986,2026-07-18,completed,COD,7397
ORD004585,CUST01986,2026-06-26,completed,NetBanking,2998
ORD004586,CUST01986,2025-09-14,completed,Card,899
ORD004587,CUST01986,2026-02-02,cancelled,NetBanking,7697
ORD004588,CUST01986,2025-04-10,completed,Card,1799
ORD004589,CUST01986,2026-06-13,completed,UPI,1499
ORD004590,CUST01987,2026-08-20,returned,NetBanking,3498
ORD004591,CUST01988,2026-01-20,completed,NetBanking,1799
ORD004592,CUST01991,2025-07-26,completed,NetBanking,1498
ORD004593,CUST01991,2025-12-03,completed,COD,2499
ORD004594,CUST01991,2025-10-06,cancelled,COD,2998
ORD004595,CUST01991,2025-06-28,returned,COD,3498
ORD004596,CUST01991,2026-03-31,completed,NetBanking,1799
ORD004597,CUST01991,2025-08-21,completed,COD,699
ORD004598,CUST01992,2026-01-27,completed,NetBanking,4997
ORD004599,CUST01992,2026-08-01,returned,UPI,1299
ORD004600,CUST01993,2025-10-21,completed,UPI,2499
ORD004601,CUST01995,2026-07-03,completed,NetBanking,2498
ORD004602,CUST01995,2025-03-15,completed,COD,3198
ORD004603,CUST01995,2025-10-07,completed,UPI,4998
ORD004604,CUST01995,2025-04-24,completed,Card,4298
ORD004605,CUST01995,2025-06-28,completed,NetBanking,999
ORD004606,CUST01995,2026-07-26,completed,UPI,3498
ORD004607,CUST01996,2026-07-23,completed,Card,3798
ORD004608,CUST01996,2025-05-03,completed,Card,4298
ORD004609,CUST01996,2025-08-03,completed,NetBanking,1799
ORD004610,CUST01996,2026-01-17,completed,NetBanking,2499
ORD004611,CUST01996,2025-04-06,completed,NetBanking,3898
ORD004612,CUST01996,2026-04-03,completed,UPI,899
ORD004613,CUST01997,2025-07-25,completed,UPI,5298
ORD004614,CUST01997,2026-08-08,completed,UPI,4797
ORD004615,CUST01997,2025-05-09,completed,UPI,3198
ORD004616,CUST01997,2025-11-08,completed,NetBanking,5897
ORD004617,CUST01997,2025-06-01,completed,COD,1798
ORD004618,CUST01997,2025-06-26,completed,NetBanking,3897
ORD004619,CUST01997,2025-05-22,cancelled,COD,3798
ORD004620,CUST01998,2026-03-23,completed,UPI,7997
ORD004621,CUST01998,2026-03-20,completed,NetBanking,2798
ORD004622,CUST01999,2025-09-14,returned,UPI,7197
ORD004623,CUST02001,2026-07-05,completed,UPI,2298
ORD004624,CUST02002,2025-08-29,completed,UPI,999
ORD004625,CUST02002,2025-07-12,completed,Card,1299
ORD004626,CUST02002,2025-05-22,completed,COD,499
ORD004627,CUST02002,2025-09-28,completed,NetBanking,2697
ORD004628,CUST02002,2026-06-16,completed,NetBanking,7697
ORD004629,CUST02003,2026-03-14,completed,COD,3398
ORD004630,CUST02003,2026-03-30,completed,UPI,499
ORD004631,CUST02003,2026-08-07,completed,NetBanking,4298
ORD004632,CUST02003,2025-12-23,cancelled,NetBanking,1299
ORD004633,CUST02003,2025-05-12,completed,NetBanking,499
ORD004634,CUST02003,2026-01-17,completed,Card,499
ORD004635,CUST02003,2025-10-05,completed,UPI,499
ORD004636,CUST02003,2025-07-05,completed,COD,1299
ORD004637,CUST02004,2026-06-24,completed,NetBanking,5298
ORD004638,CUST02004,2025-08-28,completed,UPI,2499
ORD004639,CUST02004,2026-08-11,completed,Card,4797
ORD004640,CUST02005,2025-10-11,completed,COD,1398
ORD004641,CUST02006,2025-03-22,completed,UPI,2198
ORD004642,CUST02006,2025-07-01,completed,Card,3998
ORD004643,CUST02006,2025-11-10,completed,NetBanking,1499
ORD004644,CUST02008,2026-08-20,returned,COD,2398
ORD004645,CUST02009,2026-04-22,completed,NetBanking,1698
ORD004646,CUST02009,2025-08-10,cancelled,NetBanking,2498
ORD004647,CUST02009,2025-03-29,completed,Card,3098
ORD004648,CUST02009,2025-04-11,completed,NetBanking,1299
ORD004649,CUST02010,2025-04-07,completed,Card,1398
ORD004650,CUST02011,2025-06-19,completed,UPI,6497
ORD004651,CUST02012,2025-11-08,completed,COD,2999
ORD004652,CUST02012,2026-06-09,completed,NetBanking,1798
ORD004653,CUST02012,2026-02-16,completed,COD,2499
ORD004654,CUST02013,2026-03-03,returned,NetBanking,999
ORD004655,CUST02013,2026-01-08,completed,NetBanking,4097
ORD004656,CUST02013,2026-06-25,completed,NetBanking,3999
ORD004657,CUST02013,2025-03-15,cancelled,COD,6497
ORD004658,CUST02013,2026-02-23,completed,NetBanking,4298
ORD004659,CUST02013,2025-12-21,completed,COD,3998
ORD004660,CUST02013,2025-05-07,completed,COD,4798
ORD004661,CUST02013,2026-08-18,cancelled,COD,4397
ORD004662,CUST02014,2025-10-26,completed,COD,4298
ORD004663,CUST02014,2026-05-23,completed,COD,2499
ORD004664,CUST02015,2025-04-24,completed,Card,4498
ORD004665,CUST02016,2025-12-23,completed,NetBanking,7097
ORD004666,CUST02017,2026-05-07,completed,Card,3697
ORD004667,CUST02018,2026-04-05,completed,Card,5498
ORD004668,CUST02018,2026-03-26,completed,COD,2499
ORD004669,CUST02018,2026-08-15,completed,COD,3298
ORD004670,CUST02018,2025-07-23,returned,UPI,1299
ORD004671,CUST02019,2025-06-01,completed,UPI,2497
ORD004672,CUST02020,2026-08-04,completed,UPI,2498
ORD004673,CUST02020,2026-07-29,completed,UPI,6498
ORD004674,CUST02021,2025-12-03,completed,Card,2797
ORD004675,CUST02022,2025-11-25,completed,Card,5498
ORD004676,CUST02023,2026-01-19,returned,UPI,4798
ORD004677,CUST02024,2026-01-13,completed,Card,3797
ORD004678,CUST02025,2025-07-05,completed,COD,1499
ORD004679,CUST02025,2025-05-15,completed,Card,2499
ORD004680,CUST02025,2025-06-19,completed,Card,2499
ORD004681,CUST02025,2026-05-24,completed,UPI,4298
ORD004682,CUST02025,2025-11-12,completed,COD,5498
ORD004683,CUST02025,2025-12-02,completed,COD,2499
ORD004684,CUST02025,2025-11-04,completed,UPI,5197
ORD004685,CUST02026,2025-03-16,completed,COD,3897
ORD004686,CUST02026,2026-08-15,completed,COD,2499
ORD004687,CUST02026,2026-05-02,cancelled,Card,3197
ORD004688,CUST02026,2026-07-19,cancelled,UPI,5297
ORD004689,CUST02026,2026-07-12,completed,COD,1299
ORD004690,CUST02026,2026-08-06,returned,UPI,4498
ORD004691,CUST02027,2025-09-10,completed,NetBanking,2998
ORD004692,CUST02028,2025-08-01,completed,NetBanking,1698
ORD004693,CUST02030,2026-04-26,completed,Card,2499
ORD004694,CUST02032,2026-01-31,completed,UPI,3997
ORD004695,CUST02032,2026-03-19,completed,UPI,2499
ORD004696,CUST02033,2025-07-09,completed,NetBanking,2298
ORD004697,CUST02033,2025-08-27,completed,UPI,1499
ORD004698,CUST02033,2025-11-07,cancelled,UPI,3497
ORD004699,CUST02033,2026-04-17,completed,COD,3498
ORD004700,CUST02033,2026-01-17,completed,COD,2499
ORD004701,CUST02033,2025-07-19,completed,COD,3998
ORD004702,CUST02033,2025-03-06,completed,Card,2499
ORD004703,CUST02033,2025-05-26,completed,COD,4298
ORD004704,CUST02035,2026-01-11,completed,NetBanking,4797
ORD004705,CUST02035,2025-04-10,completed,Card,2499
ORD004706,CUST02035,2025-07-10,completed,Card,899
ORD004707,CUST02035,2025-04-10,completed,NetBanking,6297
ORD004708,CUST02035,2025-07-03,completed,UPI,4998
ORD004709,CUST02036,2025-07-05,completed,Card,2499
ORD004710,CUST02037,2026-03-17,completed,Card,2499
ORD004711,CUST02037,2025-07-02,completed,UPI,2798
ORD004712,CUST02037,2025-12-15,returned,Card,2499
ORD004713,CUST02037,2025-06-11,completed,UPI,3999
ORD004714,CUST02037,2026-02-11,completed,NetBanking,3398
ORD004715,CUST02037,2025-08-31,completed,NetBanking,1499
ORD004716,CUST02037,2025-11-08,completed,COD,5597
ORD004717,CUST02037,2025-05-28,completed,NetBanking,6498
ORD004718,CUST02038,2025-12-08,completed,COD,2998
ORD004719,CUST02038,2025-04-23,completed,COD,3497
ORD004720,CUST02038,2025-11-24,completed,Card,3998
ORD004721,CUST02038,2026-07-20,completed,COD,899
ORD004722,CUST02038,2025-07-12,completed,NetBanking,1299
ORD004723,CUST02038,2026-03-23,completed,COD,4898
ORD004724,CUST02038,2025-05-13,completed,UPI,3198
ORD004725,CUST02038,2025-06-08,completed,NetBanking,1799
ORD004726,CUST02040,2025-09-23,completed,Card,3398
ORD004727,CUST02040,2025-03-17,completed,Card,6797
ORD004728,CUST02040,2025-07-23,completed,Card,699
ORD004729,CUST02040,2026-04-18,completed,UPI,2198
ORD004730,CUST02040,2025-06-11,completed,NetBanking,1299
ORD004731,CUST02040,2025-11-24,completed,NetBanking,999
ORD004732,CUST02041,2026-02-04,completed,COD,7097
ORD004733,CUST02041,2025-04-06,completed,Card,4898
ORD004734,CUST02043,2025-07-05,completed,Card,2999
ORD004735,CUST02043,2025-12-03,cancelled,Card,1998
ORD004736,CUST02043,2026-05-02,completed,UPI,499
ORD004737,CUST02044,2025-04-21,returned,NetBanking,2499
ORD004738,CUST02045,2025-08-04,completed,Card,4498
ORD004739,CUST02045,2025-11-20,completed,UPI,1898
ORD004740,CUST02045,2026-06-26,completed,NetBanking,2999
ORD004741,CUST02045,2025-12-29,completed,UPI,2897
ORD004742,CUST02045,2026-03-16,completed,Card,3999
ORD004743,CUST02045,2025-05-14,completed,Card,1598
ORD004744,CUST02045,2026-08-08,completed,NetBanking,4498
ORD004745,CUST02045,2025-08-07,completed,NetBanking,1498
ORD004746,CUST02046,2026-01-23,completed,NetBanking,3197
ORD004747,CUST02046,2025-05-08,completed,UPI,2499
ORD004748,CUST02046,2025-03-14,returned,NetBanking,899
ORD004749,CUST02046,2025-06-13,completed,Card,3198
ORD004750,CUST02046,2025-11-06,returned,Card,3998
ORD004751,CUST02047,2026-05-11,completed,NetBanking,2998
ORD004752,CUST02048,2025-04-11,completed,COD,5498
ORD004753,CUST02048,2025-12-18,completed,NetBanking,4298
ORD004754,CUST02048,2025-07-28,completed,NetBanking,3498
ORD004755,CUST02049,2026-06-29,completed,NetBanking,6498
ORD004756,CUST02049,2026-05-01,completed,Card,3498
ORD004757,CUST02049,2025-11-05,completed,UPI,3999
ORD004758,CUST02049,2026-05-07,completed,COD,2797
ORD004759,CUST02049,2025-08-06,completed,NetBanking,899
ORD004760,CUST02050,2025-05-25,completed,COD,3398
ORD004761,CUST02051,2026-06-02,completed,Card,2499
ORD004762,CUST02051,2026-04-29,completed,COD,3998
ORD004763,CUST02052,2026-03-28,completed,Card,5498
ORD004764,CUST02053,2026-01-31,cancelled,UPI,3998
ORD004765,CUST02053,2026-04-07,completed,UPI,2498
ORD004766,CUST02053,2026-08-18,completed,Card,999
ORD004767,CUST02056,2026-03-20,completed,Card,4797
ORD004768,CUST02056,2025-07-26,completed,COD,1299
ORD004769,CUST02056,2025-10-16,completed,UPI,2798
ORD004770,CUST02057,2026-03-22,cancelled,COD,1799
ORD004771,CUST02057,2026-07-20,completed,UPI,5297
ORD004772,CUST02057,2025-11-21,completed,NetBanking,5798
ORD004773,CUST02057,2025-03-29,completed,NetBanking,3798
ORD004774,CUST02057,2025-11-17,completed,COD,5997
ORD004775,CUST02057,2025-12-03,completed,NetBanking,5498
ORD004776,CUST02057,2026-07-03,completed,UPI,2499
ORD004777,CUST02058,2026-07-16,returned,NetBanking,2499
ORD004778,CUST02058,2026-04-08,completed,Card,2999
ORD004779,CUST02058,2025-04-11,completed,COD,1499
ORD004780,CUST02058,2025-04-28,completed,UPI,5197
ORD004781,CUST02059,2025-05-05,completed,COD,4298
ORD004782,CUST02060,2025-10-05,completed,NetBanking,699
ORD004783,CUST02060,2025-11-30,completed,UPI,4998
ORD004784,CUST02061,2026-04-11,completed,UPI,1498
ORD004785,CUST02061,2025-12-23,completed,NetBanking,1499
ORD004786,CUST02063,2026-07-03,completed,NetBanking,2698
ORD004787,CUST02064,2025-04-24,completed,Card,5498
ORD004788,CUST02064,2026-06-13,completed,UPI,3198
ORD004789,CUST02065,2026-02-14,completed,NetBanking,2499
ORD004790,CUST02066,2025-07-14,completed,NetBanking,6297
ORD004791,CUST02066,2026-03-12,completed,UPI,999
ORD004792,CUST02066,2026-03-03,completed,COD,999
ORD004793,CUST02066,2026-05-20,completed,Card,2499
ORD004794,CUST02066,2026-02-24,completed,UPI,3898
ORD004795,CUST02066,2025-05-01,completed,COD,499
ORD004796,CUST02066,2025-08-05,completed,UPI,2499
ORD004797,CUST02067,2025-10-31,completed,UPI,6498
ORD004798,CUST02067,2026-01-25,completed,UPI,1998
ORD004799,CUST02069,2026-03-25,completed,UPI,2798
ORD004800,CUST02069,2025-07-24,returned,UPI,2999
ORD004801,CUST02069,2025-04-21,completed,COD,2499
ORD004802,CUST02070,2025-04-11,completed,NetBanking,699
ORD004803,CUST02070,2025-10-18,completed,Card,4998
ORD004804,CUST02070,2026-04-03,completed,Card,6498
ORD004805,CUST02071,2025-10-05,completed,COD,4298
ORD004806,CUST02072,2026-07-29,completed,UPI,6498
ORD004807,CUST02072,2025-09-19,completed,UPI,2499
ORD004808,CUST02073,2026-04-14,completed,Card,3998
ORD004809,CUST02073,2025-12-24,completed,Card,6497
ORD004810,CUST02073,2025-08-11,completed,COD,2499
ORD004811,CUST02073,2026-07-21,completed,COD,1198
ORD004812,CUST02073,2026-07-08,completed,UPI,1798
ORD004813,CUST02073,2026-07-13,completed,COD,4298
ORD004814,CUST02074,2025-12-01,completed,COD,2798
ORD004815,CUST02076,2025-04-01,completed,COD,4797
ORD004816,CUST02076,2025-11-16,completed,NetBanking,4997
ORD004817,CUST02076,2026-08-06,completed,UPI,3498
ORD004818,CUST02077,2026-06-23,completed,NetBanking,899
ORD004819,CUST02077,2026-03-20,completed,NetBanking,2499
ORD004820,CUST02077,2025-09-02,completed,NetBanking,3898
ORD004821,CUST02077,2025-09-18,completed,COD,5498
ORD004822,CUST02077,2025-10-23,completed,UPI,4998
ORD004823,CUST02077,2025-11-19,completed,NetBanking,1499
ORD004824,CUST02078,2026-01-12,completed,NetBanking,2798
ORD004825,CUST02078,2025-06-19,completed,UPI,3398
ORD004826,CUST02078,2026-08-01,completed,COD,3998
ORD004827,CUST02078,2026-08-16,completed,NetBanking,999
ORD004828,CUST02078,2025-05-24,completed,COD,699
ORD004829,CUST02078,2026-06-07,completed,NetBanking,3999
ORD004830,CUST02078,2026-04-15,completed,UPI,2298
ORD004831,CUST02078,2025-09-01,cancelled,Card,2798
ORD004832,CUST02079,2026-02-07,completed,COD,1799
ORD004833,CUST02079,2025-03-29,completed,NetBanking,4297
ORD004834,CUST02079,2026-05-14,completed,NetBanking,2398
ORD004835,CUST02079,2025-06-12,completed,Card,2398
ORD004836,CUST02079,2026-07-06,completed,COD,4697
ORD004837,CUST02080,2025-06-21,completed,Card,1299
ORD004838,CUST02081,2026-08-04,completed,NetBanking,1299
ORD004839,CUST02081,2025-09-11,completed,COD,5498
ORD004840,CUST02082,2025-07-16,completed,NetBanking,2698
ORD004841,CUST02082,2025-05-12,completed,Card,5798
ORD004842,CUST02083,2025-06-28,completed,COD,1499
ORD004843,CUST02083,2025-07-24,completed,UPI,999
ORD004844,CUST02084,2026-08-13,completed,NetBanking,2499
ORD004845,CUST02085,2025-11-30,completed,Card,2499
ORD004846,CUST02086,2026-02-04,completed,NetBanking,2097
ORD004847,CUST02086,2025-05-02,completed,UPI,3698
ORD004848,CUST02086,2026-01-01,completed,COD,899
ORD004849,CUST02086,2026-04-02,cancelled,UPI,3297
ORD004850,CUST02088,2026-01-14,returned,NetBanking,899
ORD004851,CUST02088,2025-05-29,returned,Card,499
ORD004852,CUST02090,2026-04-09,completed,NetBanking,4698
ORD004853,CUST02090,2025-05-01,completed,COD,2499
ORD004854,CUST02091,2025-10-26,completed,NetBanking,1299
ORD004855,CUST02092,2026-07-01,returned,COD,2198
ORD004856,CUST02094,2025-05-21,completed,COD,2499
ORD004857,CUST02094,2025-03-29,completed,Card,2298
ORD004858,CUST02095,2025-05-07,completed,NetBanking,4298
ORD004859,CUST02096,2025-10-11,completed,COD,3798
ORD004860,CUST02097,2026-02-22,completed,COD,3498
ORD004861,CUST02098,2025-04-19,completed,NetBanking,5498
ORD004862,CUST02098,2025-10-26,cancelled,Card,3797
ORD004863,CUST02099,2026-06-13,completed,NetBanking,2499
ORD004864,CUST02099,2026-04-18,completed,NetBanking,7297
ORD004865,CUST02100,2026-07-31,completed,Card,4998
ORD004866,CUST02100,2025-09-27,completed,UPI,9497
ORD004867,CUST02101,2026-02-16,completed,UPI,3999
ORD004868,CUST02101,2025-03-20,completed,NetBanking,3398
ORD004869,CUST02102,2026-05-18,completed,COD,2499
ORD004870,CUST02103,2025-03-05,completed,Card,5197
ORD004871,CUST02103,2026-06-14,completed,COD,2998
ORD004872,CUST02103,2025-07-20,cancelled,UPI,4298
ORD004873,CUST02103,2025-07-28,completed,COD,3798
ORD004874,CUST02103,2025-08-14,completed,NetBanking,3999
ORD004875,CUST02103,2025-07-23,completed,UPI,3498
ORD004876,CUST02104,2025-07-29,completed,UPI,1499
ORD004877,CUST02104,2025-03-19,completed,NetBanking,4498
ORD004878,CUST02105,2025-05-10,completed,COD,2298
ORD004879,CUST02106,2025-12-14,completed,NetBanking,1499
ORD004880,CUST02106,2026-02-03,completed,Card,1499
ORD004881,CUST02107,2025-10-05,completed,Card,499
ORD004882,CUST02107,2025-10-17,completed,COD,6998
ORD004883,CUST02107,2025-04-20,completed,NetBanking,3198
ORD004884,CUST02107,2026-02-24,completed,COD,1398
ORD004885,CUST02107,2025-04-05,completed,NetBanking,3398
ORD004886,CUST02109,2025-06-16,completed,COD,2698
ORD004887,CUST02109,2026-02-28,completed,NetBanking,5498
ORD004888,CUST02109,2026-07-24,completed,COD,2499
ORD004889,CUST02109,2025-10-06,completed,Card,3398
ORD004890,CUST02109,2026-06-05,completed,Card,5798
ORD004891,CUST02109,2026-03-22,cancelled,Card,1198
ORD004892,CUST02110,2025-04-17,completed,Card,3998
ORD004893,CUST02111,2026-01-14,completed,NetBanking,2499
ORD004894,CUST02112,2025-10-28,completed,COD,1799
ORD004895,CUST02112,2025-11-22,completed,Card,4997
ORD004896,CUST02112,2026-05-13,completed,NetBanking,899
ORD004897,CUST02112,2026-04-12,completed,UPI,1398
ORD004898,CUST02112,2025-12-27,completed,NetBanking,699
ORD004899,CUST02112,2025-04-08,completed,UPI,4898
ORD004900,CUST02112,2026-04-23,completed,UPI,3798
ORD004901,CUST02112,2026-03-30,completed,UPI,6498
ORD004902,CUST02113,2026-03-08,completed,NetBanking,4997
ORD004903,CUST02113,2026-06-28,completed,UPI,4698
ORD004904,CUST02114,2026-05-06,completed,COD,3697
ORD004905,CUST02114,2026-06-16,returned,COD,2499
ORD004906,CUST02114,2025-07-19,completed,UPI,4798
ORD004907,CUST02114,2026-06-14,completed,COD,499
ORD004908,CUST02114,2026-02-13,completed,NetBanking,5498
ORD004909,CUST02115,2025-11-14,completed,Card,3398
ORD004910,CUST02115,2025-08-16,completed,Card,3498
ORD004911,CUST02115,2026-07-27,completed,Card,7197
ORD004912,CUST02115,2026-04-17,completed,COD,2499
ORD004913,CUST02115,2026-01-14,completed,UPI,3798
ORD004914,CUST02115,2026-02-18,completed,COD,2498
ORD004915,CUST02116,2026-06-17,completed,Card,3597
ORD004916,CUST02116,2026-04-30,completed,NetBanking,2998
ORD004917,CUST02116,2025-07-20,completed,Card,6498
ORD004918,CUST02116,2025-03-17,completed,Card,2499
ORD004919,CUST02116,2025-08-18,completed,Card,3498
ORD004920,CUST02116,2025-06-06,completed,UPI,5498
ORD004921,CUST02117,2026-02-20,completed,UPI,2499
ORD004922,CUST02118,2026-06-16,completed,UPI,6998
ORD004923,CUST02118,2026-01-25,completed,NetBanking,1299
ORD004924,CUST02119,2025-05-01,completed,UPI,4298
ORD004925,CUST02120,2026-08-16,completed,UPI,4797
ORD004926,CUST02120,2026-05-24,completed,COD,2499
ORD004927,CUST02120,2025-06-19,completed,COD,6498
ORD004928,CUST02120,2026-07-27,completed,NetBanking,6498
ORD004929,CUST02120,2025-10-19,completed,Card,1398
ORD004930,CUST02120,2026-06-22,completed,NetBanking,2499
ORD004931,CUST02121,2026-06-28,completed,Card,2999
ORD004932,CUST02121,2025-09-14,cancelled,Card,8297
ORD004933,CUST02121,2026-02-28,completed,UPI,6997
ORD004934,CUST02122,2026-03-16,completed,COD,4298
ORD004935,CUST02123,2026-05-11,returned,UPI,1799
ORD004936,CUST02124,2026-04-04,completed,Card,2499
ORD004937,CUST02124,2025-03-22,completed,COD,2999
ORD004938,CUST02124,2025-07-26,completed,UPI,3998
ORD004939,CUST02124,2026-06-22,cancelled,COD,999
ORD004940,CUST02125,2025-03-01,completed,NetBanking,2498
ORD004941,CUST02126,2025-05-02,completed,Card,4698
ORD004942,CUST02126,2025-11-24,completed,Card,2298
ORD004943,CUST02126,2026-02-16,completed,NetBanking,4498
ORD004944,CUST02126,2026-01-06,cancelled,COD,2198
ORD004945,CUST02126,2026-06-16,completed,COD,2897
ORD004946,CUST02126,2025-06-29,cancelled,UPI,3999
ORD004947,CUST02127,2025-06-28,completed,COD,1799
ORD004948,CUST02128,2026-06-16,completed,UPI,1798
ORD004949,CUST02128,2026-06-05,cancelled,UPI,2499
ORD004950,CUST02128,2026-04-29,cancelled,NetBanking,1898
ORD004951,CUST02128,2025-03-02,completed,COD,5797
ORD004952,CUST02128,2025-09-19,completed,UPI,4298
ORD004953,CUST02128,2025-03-28,completed,COD,6997
ORD004954,CUST02131,2025-07-18,completed,UPI,1799
ORD004955,CUST02131,2025-03-16,completed,UPI,2499
ORD004956,CUST02131,2025-08-12,completed,NetBanking,2798
ORD004957,CUST02131,2026-08-23,completed,UPI,1299
ORD004958,CUST02131,2025-11-10,completed,COD,4698
ORD004959,CUST02131,2026-03-02,completed,COD,5498
ORD004960,CUST02132,2025-11-18,completed,UPI,3998
ORD004961,CUST02133,2025-05-23,completed,NetBanking,2499
ORD004962,CUST02134,2025-07-25,completed,COD,5797
ORD004963,CUST02135,2026-01-15,completed,Card,3398
ORD004964,CUST02136,2026-03-12,completed,NetBanking,2998
ORD004965,CUST02136,2026-08-10,completed,NetBanking,2697
ORD004966,CUST02136,2025-06-19,completed,COD,1499
ORD004967,CUST02138,2026-08-07,completed,UPI,1799
ORD004968,CUST02139,2025-09-18,completed,UPI,4998
ORD004969,CUST02139,2026-08-21,completed,UPI,4298
ORD004970,CUST02139,2026-06-05,completed,Card,6197
ORD004971,CUST02139,2025-06-28,completed,Card,1998
ORD004972,CUST02139,2025-12-02,cancelled,Card,2499
ORD004973,CUST02140,2026-08-12,completed,COD,4898
ORD004974,CUST02140,2026-06-07,completed,COD,1498
ORD004975,CUST02140,2025-03-02,completed,UPI,5497
ORD004976,CUST02140,2025-03-10,completed,COD,1698
ORD004977,CUST02140,2025-03-04,completed,COD,3398
ORD004978,CUST02140,2025-07-18,completed,Card,999
ORD004979,CUST02140,2026-01-12,completed,UPI,999
ORD004980,CUST02140,2025-10-14,completed,NetBanking,999
ORD004981,CUST02141,2026-03-08,completed,Card,1799
ORD004982,CUST02142,2026-04-04,completed,COD,3998
ORD004983,CUST02142,2026-05-08,completed,UPI,2498
ORD004984,CUST02142,2025-12-16,completed,COD,6498
ORD004985,CUST02142,2025-11-29,completed,UPI,1698
ORD004986,CUST02142,2025-08-11,completed,NetBanking,2698
ORD004987,CUST02142,2025-05-16,completed,Card,1299
ORD004988,CUST02142,2025-05-06,completed,UPI,2398
ORD004989,CUST02143,2025-08-20,completed,UPI,3098
ORD004990,CUST02143,2026-07-21,completed,Card,2499
ORD004991,CUST02143,2026-03-10,completed,NetBanking,2397
ORD004992,CUST02143,2025-07-23,completed,Card,3198
ORD004993,CUST02144,2025-08-21,cancelled,COD,3898
ORD004994,CUST02144,2025-11-15,completed,NetBanking,999
ORD004995,CUST02144,2025-05-10,cancelled,COD,4298
ORD004996,CUST02144,2025-06-01,completed,COD,3497
ORD004997,CUST02144,2025-10-05,cancelled,NetBanking,2499
ORD004998,CUST02146,2025-08-19,completed,UPI,3698
ORD004999,CUST02147,2025-08-17,completed,Card,3498
ORD005000,CUST02148,2025-12-02,completed,Card,2298
ORD005001,CUST02148,2025-06-12,completed,NetBanking,3398
ORD005002,CUST02148,2025-06-28,completed,COD,1998
ORD005003,CUST02148,2025-12-28,completed,Card,5498
ORD005004,CUST02148,2025-12-02,completed,COD,2998
ORD005005,CUST02148,2025-10-06,completed,UPI,2499
ORD005006,CUST02150,2026-04-10,completed,UPI,1799
ORD005007,CUST02150,2026-03-17,completed,UPI,2998
ORD005008,CUST02151,2026-02-15,completed,COD,5498
ORD005009,CUST02151,2026-02-19,returned,COD,2499
ORD005010,CUST02151,2026-03-10,completed,UPI,6297
ORD005011,CUST02151,2025-08-02,cancelled,Card,6998
ORD005012,CUST02151,2026-08-16,completed,Card,1499
ORD005013,CUST02151,2025-07-06,cancelled,NetBanking,5498
ORD005014,CUST02151,2025-04-16,completed,Card,1998
ORD005015,CUST02151,2025-10-16,completed,Card,1498
ORD005016,CUST02154,2025-12-11,completed,Card,2499
ORD005017,CUST02154,2025-08-09,cancelled,NetBanking,1798
ORD005018,CUST02155,2025-10-28,completed,Card,499
ORD005019,CUST02155,2025-08-01,completed,NetBanking,5297
ORD005020,CUST02155,2025-05-13,completed,Card,7997
ORD005021,CUST02156,2025-12-21,completed,Card,699
ORD005022,CUST02156,2026-05-22,returned,Card,3098
ORD005023,CUST02157,2025-07-31,completed,Card,5197
ORD005024,CUST02157,2025-10-23,completed,NetBanking,6998
ORD005025,CUST02157,2026-01-14,completed,COD,2698
ORD005026,CUST02157,2025-07-29,completed,NetBanking,2499
ORD005027,CUST02157,2025-10-05,completed,NetBanking,2298
ORD005028,CUST02158,2025-06-03,completed,UPI,6998
ORD005029,CUST02158,2025-07-27,completed,COD,1898
ORD005030,CUST02158,2026-02-24,completed,UPI,6498
ORD005031,CUST02158,2025-10-15,cancelled,NetBanking,1498
ORD005032,CUST02159,2026-02-08,completed,Card,6498
ORD005033,CUST02159,2025-11-22,completed,Card,1798
ORD005034,CUST02160,2025-07-14,completed,COD,1798
ORD005035,CUST02160,2025-04-10,returned,Card,2498
ORD005036,CUST02161,2025-03-01,completed,Card,4697
ORD005037,CUST02161,2026-08-04,completed,Card,1499
ORD005038,CUST02161,2026-02-03,completed,NetBanking,2499
ORD005039,CUST02161,2025-09-29,completed,COD,2998
ORD005040,CUST02162,2026-03-13,completed,Card,3397
ORD005041,CUST02162,2025-04-26,completed,COD,2499
ORD005042,CUST02162,2026-01-25,completed,COD,7497
ORD005043,CUST02162,2026-03-25,completed,NetBanking,4998
ORD005044,CUST02162,2026-04-27,completed,COD,1498
ORD005045,CUST02164,2025-08-02,completed,NetBanking,2499
ORD005046,CUST02164,2026-06-10,completed,Card,4697
ORD005047,CUST02164,2025-05-22,completed,UPI,1799
ORD005048,CUST02165,2025-03-22,returned,UPI,3398
ORD005049,CUST02165,2025-08-12,completed,Card,3198
ORD005050,CUST02166,2025-10-30,completed,UPI,2998
ORD005051,CUST02166,2026-07-17,completed,UPI,2897
ORD005052,CUST02167,2025-07-08,completed,NetBanking,2499
ORD005053,CUST02167,2025-06-10,completed,COD,2398
ORD005054,CUST02167,2025-03-27,completed,Card,5297
ORD005055,CUST02167,2025-06-14,returned,NetBanking,2998
ORD005056,CUST02168,2025-07-21,completed,Card,2499
ORD005057,CUST02170,2026-06-28,completed,COD,4298
ORD005058,CUST02170,2026-03-23,completed,NetBanking,5498
ORD005059,CUST02170,2026-01-11,completed,COD,499
ORD005060,CUST02170,2025-12-19,completed,UPI,999
ORD005061,CUST02170,2026-04-12,completed,UPI,999
ORD005062,CUST02170,2026-07-10,completed,NetBanking,5498
ORD005063,CUST02171,2025-11-23,completed,Card,6498
ORD005064,CUST02172,2026-08-08,completed,Card,4298
ORD005065,CUST02172,2025-08-25,returned,Card,6497
ORD005066,CUST02173,2025-12-06,returned,Card,2998
ORD005067,CUST02173,2025-07-26,completed,Card,3697
ORD005068,CUST02173,2025-03-06,completed,COD,2798
ORD005069,CUST02173,2025-06-19,completed,NetBanking,3198
ORD005070,CUST02174,2025-08-24,completed,UPI,2897
ORD005071,CUST02174,2025-11-10,completed,COD,4197
ORD005072,CUST02174,2026-06-30,completed,Card,4998
ORD005073,CUST02174,2025-12-13,completed,COD,2498
ORD005074,CUST02174,2026-03-23,completed,Card,6797
ORD005075,CUST02175,2026-06-28,completed,NetBanking,3197
ORD005076,CUST02175,2025-12-23,completed,UPI,3997
ORD005077,CUST02175,2025-04-18,completed,NetBanking,1499
ORD005078,CUST02175,2025-08-11,returned,COD,3999
ORD005079,CUST02175,2025-07-11,completed,NetBanking,6497
ORD005080,CUST02175,2025-08-10,completed,COD,4298
ORD005081,CUST02176,2026-06-09,completed,Card,2499
ORD005082,CUST02177,2025-04-20,completed,UPI,8297
ORD005083,CUST02177,2026-03-05,completed,NetBanking,3398
ORD005084,CUST02177,2026-02-10,completed,UPI,1799
ORD005085,CUST02177,2025-04-22,completed,COD,4697
ORD005086,CUST02177,2026-04-03,completed,UPI,999
ORD005087,CUST02177,2026-05-06,completed,COD,4298
ORD005088,CUST02177,2025-09-18,completed,NetBanking,2499
ORD005089,CUST02177,2025-07-01,completed,UPI,4298
ORD005090,CUST02178,2025-03-07,completed,NetBanking,3398
ORD005091,CUST02178,2026-06-30,completed,Card,3999
ORD005092,CUST02180,2026-01-26,completed,Card,2998
ORD005093,CUST02181,2025-03-06,completed,COD,5597
ORD005094,CUST02182,2025-11-08,completed,Card,1499
ORD005095,CUST02183,2025-06-01,completed,COD,999
ORD005096,CUST02183,2025-03-15,completed,NetBanking,2499
ORD005097,CUST02183,2026-02-07,completed,NetBanking,3697
ORD005098,CUST02184,2025-05-09,completed,Card,899
ORD005099,CUST02184,2026-05-24,completed,NetBanking,2298
ORD005100,CUST02185,2026-02-08,cancelled,UPI,7697
ORD005101,CUST02186,2026-08-16,completed,Card,999
ORD005102,CUST02187,2026-04-30,completed,COD,3498
ORD005103,CUST02187,2025-10-10,completed,UPI,3498
ORD005104,CUST02187,2025-12-01,completed,NetBanking,3198
ORD005105,CUST02187,2026-03-19,completed,NetBanking,3498
ORD005106,CUST02187,2025-08-09,completed,COD,6998
ORD005107,CUST02187,2026-06-21,completed,UPI,2698
ORD005108,CUST02188,2026-05-24,completed,Card,3998
ORD005109,CUST02188,2026-02-16,completed,Card,3897
ORD005110,CUST02188,2025-07-30,completed,NetBanking,1799
ORD005111,CUST02189,2026-07-01,completed,UPI,3898
ORD005112,CUST02189,2025-03-20,completed,COD,3398
ORD005113,CUST02189,2026-01-05,completed,UPI,2198
ORD005114,CUST02189,2025-05-24,completed,NetBanking,1698
ORD005115,CUST02189,2026-04-27,returned,COD,2999
ORD005116,CUST02190,2025-07-17,completed,NetBanking,999
ORD005117,CUST02190,2025-08-31,cancelled,NetBanking,1598
ORD005118,CUST02191,2025-07-04,completed,NetBanking,2398
ORD005119,CUST02191,2025-11-28,completed,Card,2499
ORD005120,CUST02191,2026-06-04,cancelled,NetBanking,2499
ORD005121,CUST02192,2025-07-06,completed,NetBanking,2499
ORD005122,CUST02192,2026-08-17,completed,Card,4498
ORD005123,CUST02193,2026-03-20,completed,NetBanking,3999
ORD005124,CUST02193,2025-11-17,completed,NetBanking,1499
ORD005125,CUST02193,2025-07-10,completed,Card,2798
ORD005126,CUST02193,2025-10-10,completed,UPI,2499
ORD005127,CUST02193,2025-05-21,completed,Card,5197
ORD005128,CUST02194,2025-05-20,completed,Card,5997
ORD005129,CUST02195,2025-08-18,cancelled,Card,2499
ORD005130,CUST02195,2025-10-01,completed,UPI,699
ORD005131,CUST02195,2025-03-04,completed,NetBanking,2498
ORD005132,CUST02197,2025-08-30,completed,UPI,2998
ORD005133,CUST02197,2025-06-12,completed,Card,3397
ORD005134,CUST02198,2025-07-30,completed,UPI,2499
ORD005135,CUST02198,2025-05-29,completed,Card,1799
ORD005136,CUST02198,2026-08-14,completed,UPI,4298
ORD005137,CUST02199,2026-07-29,cancelled,NetBanking,6497
ORD005138,CUST02201,2026-05-10,completed,Card,2499
ORD005139,CUST02201,2026-05-20,completed,COD,5298
ORD005140,CUST02202,2026-01-20,completed,COD,7497
ORD005141,CUST02202,2025-06-05,completed,NetBanking,1499
ORD005142,CUST02202,2025-08-24,completed,Card,2499
ORD005143,CUST02203,2025-04-22,cancelled,NetBanking,1998
ORD005144,CUST02203,2026-04-27,completed,COD,4998
ORD005145,CUST02203,2025-07-06,completed,UPI,2499
ORD005146,CUST02203,2025-08-08,completed,NetBanking,2997
ORD005147,CUST02203,2026-03-03,completed,Card,3898
ORD005148,CUST02203,2025-04-13,completed,COD,5498
ORD005149,CUST02203,2026-03-29,returned,COD,2298
ORD005150,CUST02203,2025-08-22,completed,Card,2998
ORD005151,CUST02204,2025-07-02,completed,UPI,2499
ORD005152,CUST02205,2025-08-26,completed,Card,1698
ORD005153,CUST02205,2025-05-25,completed,UPI,8297
ORD005154,CUST02205,2025-08-18,completed,COD,3898
ORD005155,CUST02205,2026-03-04,completed,Card,2198
ORD005156,CUST02205,2026-01-28,completed,Card,4998
ORD005157,CUST02205,2025-09-13,completed,COD,2499
ORD005158,CUST02206,2025-10-25,completed,UPI,9497
ORD005159,CUST02207,2025-03-13,cancelled,Card,1499
ORD005160,CUST02207,2026-05-12,completed,NetBanking,3698
ORD005161,CUST02207,2025-10-14,completed,Card,4297
ORD005162,CUST02207,2026-06-29,completed,NetBanking,5498
ORD005163,CUST02207,2026-02-22,completed,COD,2499
ORD005164,CUST02207,2025-11-12,completed,COD,5997
ORD005165,CUST02207,2026-05-02,completed,Card,1998
ORD005166,CUST02208,2025-09-10,completed,Card,699
ORD005167,CUST02208,2025-09-09,completed,Card,3999
ORD005168,CUST02209,2025-12-14,completed,UPI,2999
ORD005169,CUST02209,2025-04-18,completed,Card,4898
ORD005170,CUST02210,2025-04-27,completed,UPI,6497
ORD005171,CUST02210,2025-08-27,cancelled,UPI,6498
ORD005172,CUST02211,2026-05-11,completed,UPI,3798
ORD005173,CUST02211,2025-05-15,completed,COD,3797
ORD005174,CUST02211,2026-04-29,completed,UPI,1898
ORD005175,CUST02211,2026-06-16,completed,Card,3098
ORD005176,CUST02211,2026-07-09,completed,NetBanking,4697
ORD005177,CUST02212,2025-08-29,completed,Card,4798
ORD005178,CUST02213,2026-03-10,completed,UPI,3999
ORD005179,CUST02214,2025-10-07,completed,NetBanking,3998
ORD005180,CUST02214,2026-01-22,completed,UPI,699
ORD005181,CUST02214,2025-09-27,completed,COD,6998
ORD005182,CUST02215,2026-07-26,completed,UPI,4497
ORD005183,CUST02215,2026-08-12,returned,Card,4298
ORD005184,CUST02216,2025-12-20,completed,COD,6697
ORD005185,CUST02217,2025-06-13,completed,Card,7197
ORD005186,CUST02218,2026-07-15,completed,COD,2499
ORD005187,CUST02219,2026-01-24,completed,Card,4498
ORD005188,CUST02220,2025-04-06,completed,Card,499
ORD005189,CUST02220,2025-09-15,completed,UPI,4898
ORD005190,CUST02220,2025-10-04,completed,COD,2499
ORD005191,CUST02221,2026-06-12,completed,Card,6797
ORD005192,CUST02221,2026-04-15,completed,COD,3998
ORD005193,CUST02221,2026-03-08,completed,UPI,2499
ORD005194,CUST02221,2025-07-20,completed,COD,8297
ORD005195,CUST02222,2025-08-05,completed,NetBanking,2499
ORD005196,CUST02222,2025-08-01,completed,NetBanking,7497
ORD005197,CUST02222,2025-03-10,completed,UPI,3999
ORD005198,CUST02222,2026-04-22,completed,COD,1799
ORD005199,CUST02222,2025-03-13,completed,UPI,4298
ORD005200,CUST02223,2026-03-11,completed,Card,2798
ORD005201,CUST02224,2026-03-02,completed,COD,3398
ORD005202,CUST02224,2025-10-06,completed,NetBanking,1299
ORD005203,CUST02224,2025-05-09,completed,UPI,999
ORD005204,CUST02224,2025-05-07,completed,NetBanking,4798
ORD005205,CUST02225,2025-09-12,completed,Card,3297
ORD005206,CUST02225,2026-05-06,completed,UPI,2798
ORD005207,CUST02225,2025-05-29,completed,NetBanking,3798
ORD005208,CUST02227,2025-11-01,completed,COD,4998
ORD005209,CUST02228,2026-04-15,completed,NetBanking,1698
ORD005210,CUST02228,2026-03-29,completed,COD,6498
ORD005211,CUST02228,2026-04-07,cancelled,NetBanking,4298
ORD005212,CUST02228,2026-02-05,completed,UPI,999
ORD005213,CUST02228,2025-05-17,completed,COD,4998
ORD005214,CUST02228,2026-02-10,completed,COD,2499
ORD005215,CUST02228,2025-10-09,completed,COD,2499
ORD005216,CUST02228,2026-01-25,completed,Card,699
ORD005217,CUST02229,2025-09-06,completed,Card,3198
ORD005218,CUST02229,2025-12-16,completed,COD,1499
ORD005219,CUST02230,2026-02-07,completed,Card,7297
ORD005220,CUST02230,2025-03-19,completed,UPI,3698
ORD005221,CUST02230,2026-04-27,completed,Card,6297
ORD005222,CUST02230,2025-12-19,completed,NetBanking,699
ORD005223,CUST02231,2026-03-14,returned,COD,3198
ORD005224,CUST02233,2025-11-09,completed,Card,5697
ORD005225,CUST02233,2025-12-08,completed,COD,2499
ORD005226,CUST02233,2026-03-10,completed,UPI,4998
ORD005227,CUST02233,2025-08-29,completed,Card,3498
ORD005228,CUST02233,2026-05-05,completed,UPI,5498
ORD005229,CUST02233,2026-04-03,completed,NetBanking,999
ORD005230,CUST02233,2026-04-22,completed,COD,5497
ORD005231,CUST02233,2026-03-07,completed,COD,2798
ORD005232,CUST02234,2026-07-11,completed,NetBanking,7497
ORD005233,CUST02235,2025-05-05,completed,Card,3498
ORD005234,CUST02235,2026-01-20,completed,UPI,5298
ORD005235,CUST02235,2025-10-10,cancelled,NetBanking,5298
ORD005236,CUST02236,2026-02-07,completed,Card,1998
ORD005237,CUST02237,2026-05-09,completed,COD,3998
ORD005238,CUST02237,2026-04-27,completed,Card,899
ORD005239,CUST02238,2026-08-10,completed,UPI,3999
ORD005240,CUST02238,2025-07-13,completed,NetBanking,999
ORD005241,CUST02238,2026-03-14,completed,NetBanking,8297
ORD005242,CUST02238,2025-05-06,completed,COD,2798
ORD005243,CUST02240,2025-12-23,completed,COD,6197
ORD005244,CUST02240,2025-03-29,completed,UPI,3197
ORD005245,CUST02240,2025-09-23,completed,Card,3999
ORD005246,CUST02240,2025-08-19,completed,COD,1998
ORD005247,CUST02240,2026-07-30,completed,NetBanking,4597
ORD005248,CUST02241,2025-09-05,completed,NetBanking,2499
ORD005249,CUST02241,2026-04-25,completed,UPI,499
ORD005250,CUST02242,2025-05-30,completed,NetBanking,2697
ORD005251,CUST02242,2026-05-19,completed,UPI,3999
ORD005252,CUST02242,2025-09-25,completed,Card,1299
ORD005253,CUST02242,2025-03-10,completed,UPI,999
ORD005254,CUST02242,2026-07-22,completed,COD,6998
ORD005255,CUST02242,2025-07-20,returned,COD,3498
ORD005256,CUST02242,2025-05-04,completed,NetBanking,4897
ORD005257,CUST02242,2025-07-01,completed,COD,3398
ORD005258,CUST02243,2025-03-19,completed,NetBanking,999
ORD005259,CUST02243,2025-06-08,completed,COD,2499
ORD005260,CUST02243,2025-04-04,completed,COD,3498
ORD005261,CUST02243,2026-05-03,completed,NetBanking,3998
ORD005262,CUST02243,2025-05-31,completed,COD,6498
ORD005263,CUST02243,2025-08-07,completed,Card,1799
ORD005264,CUST02243,2025-12-16,completed,Card,5798
ORD005265,CUST02243,2025-11-20,completed,Card,6498
ORD005266,CUST02244,2026-02-14,completed,NetBanking,4197
ORD005267,CUST02245,2025-11-06,completed,NetBanking,2998
ORD005268,CUST02245,2025-09-30,completed,Card,2797
ORD005269,CUST02245,2025-11-13,returned,COD,3798
ORD005270,CUST02245,2025-12-01,completed,Card,3198
ORD005271,CUST02245,2025-03-27,completed,UPI,3498
ORD005272,CUST02245,2025-12-08,completed,Card,2298
ORD005273,CUST02245,2025-04-07,completed,COD,5298
ORD005274,CUST02245,2026-06-29,completed,COD,1498
ORD005275,CUST02246,2025-12-23,cancelled,UPI,2999
ORD005276,CUST02247,2025-08-10,completed,COD,999
ORD005277,CUST02248,2025-04-10,completed,UPI,6998
ORD005278,CUST02249,2025-03-25,completed,NetBanking,2498
ORD005279,CUST02249,2025-12-28,completed,COD,5498
ORD005280,CUST02249,2026-01-03,completed,COD,1799
ORD005281,CUST02249,2025-11-15,returned,COD,5498
ORD005282,CUST02249,2025-03-30,cancelled,NetBanking,6498
ORD005283,CUST02249,2025-07-14,completed,Card,699
ORD005284,CUST02249,2025-07-20,completed,Card,3198
ORD005285,CUST02250,2026-03-08,completed,Card,2499
ORD005286,CUST02251,2025-03-10,completed,Card,3998
ORD005287,CUST02251,2026-07-12,completed,Card,3198
ORD005288,CUST02251,2026-08-16,completed,COD,2499
ORD005289,CUST02253,2026-05-19,completed,COD,3398
ORD005290,CUST02254,2026-06-03,completed,COD,7697
ORD005291,CUST02255,2025-12-15,completed,Card,6997
ORD005292,CUST02255,2025-07-09,completed,Card,899
ORD005293,CUST02256,2025-08-07,completed,Card,2999
ORD005294,CUST02257,2026-07-29,completed,Card,4097
ORD005295,CUST02257,2025-09-09,completed,Card,2498
ORD005296,CUST02258,2026-04-26,completed,UPI,2998
ORD005297,CUST02259,2025-12-19,completed,COD,999
ORD005298,CUST02260,2025-04-10,completed,UPI,6997
ORD005299,CUST02260,2025-05-03,completed,NetBanking,4097
ORD005300,CUST02260,2026-02-06,completed,Card,3999
ORD005301,CUST02260,2025-04-25,completed,UPI,3999
ORD005302,CUST02260,2026-05-12,completed,UPI,3098
ORD005303,CUST02261,2026-06-10,completed,Card,2499
ORD005304,CUST02262,2025-10-10,returned,UPI,2499
ORD005305,CUST02262,2025-03-02,returned,UPI,2398
ORD005306,CUST02262,2025-03-10,completed,UPI,699
ORD005307,CUST02262,2025-04-28,completed,Card,6998
ORD005308,CUST02262,2025-11-10,cancelled,Card,499
ORD005309,CUST02263,2026-03-30,completed,UPI,4597
ORD005310,CUST02263,2026-03-07,completed,NetBanking,2998
ORD005311,CUST02263,2026-06-18,completed,COD,3398
ORD005312,CUST02263,2025-08-17,completed,UPI,2499
ORD005313,CUST02263,2026-04-19,completed,COD,2999
ORD005314,CUST02263,2025-03-12,completed,NetBanking,3998
ORD005315,CUST02263,2026-08-14,completed,Card,6197
ORD005316,CUST02263,2025-05-04,completed,NetBanking,1799
ORD005317,CUST02265,2025-04-24,returned,COD,3498
ORD005318,CUST02266,2025-03-13,completed,COD,1398
ORD005319,CUST02267,2025-07-23,completed,NetBanking,2499
ORD005320,CUST02268,2026-04-18,completed,NetBanking,1299
ORD005321,CUST02268,2026-07-08,completed,Card,2698
ORD005322,CUST02268,2026-01-08,completed,NetBanking,2998
ORD005323,CUST02268,2026-01-11,completed,NetBanking,2498
ORD005324,CUST02268,2025-07-03,completed,UPI,4897
ORD005325,CUST02268,2025-09-14,completed,COD,2198
ORD005326,CUST02269,2026-02-27,cancelled,Card,7497
ORD005327,CUST02270,2026-02-23,completed,UPI,2499
ORD005328,CUST02270,2026-06-21,cancelled,Card,999
ORD005329,CUST02270,2026-06-25,returned,UPI,499
ORD005330,CUST02271,2026-02-10,completed,UPI,999
ORD005331,CUST02271,2025-09-18,completed,NetBanking,3998
ORD005332,CUST02271,2025-10-16,cancelled,Card,2398
ORD005333,CUST02272,2026-04-06,completed,COD,6998
ORD005334,CUST02272,2025-04-10,completed,COD,7997
ORD005335,CUST02273,2026-02-17,completed,NetBanking,899
ORD005336,CUST02274,2025-08-15,completed,COD,3198
ORD005337,CUST02274,2025-09-26,completed,COD,3999
ORD005338,CUST02274,2025-06-10,completed,COD,4698
ORD005339,CUST02274,2026-01-28,completed,Card,2398
ORD005340,CUST02275,2025-05-06,completed,UPI,6997
ORD005341,CUST02276,2026-08-17,cancelled,Card,1299
ORD005342,CUST02276,2025-09-28,completed,UPI,5798
ORD005343,CUST02276,2025-04-05,completed,NetBanking,4298
ORD005344,CUST02277,2025-06-30,completed,COD,499
ORD005345,CUST02278,2025-12-30,completed,NetBanking,2499
ORD005346,CUST02279,2025-08-21,completed,Card,4297
ORD005347,CUST02279,2026-04-30,completed,COD,3998
ORD005348,CUST02280,2025-05-07,completed,COD,2198
ORD005349,CUST02280,2025-06-12,completed,Card,7297
ORD005350,CUST02280,2025-09-10,completed,Card,999
ORD005351,CUST02280,2025-04-22,completed,NetBanking,7497
ORD005352,CUST02280,2025-03-23,completed,UPI,499
ORD005353,CUST02280,2025-12-15,completed,Card,5798
ORD005354,CUST02280,2025-11-07,completed,Card,2499
ORD005355,CUST02280,2025-09-27,completed,COD,3998
ORD005356,CUST02282,2025-08-29,completed,COD,5797
ORD005357,CUST02282,2025-03-23,completed,COD,2499
ORD005358,CUST02282,2025-10-10,completed,UPI,3798
ORD005359,CUST02282,2026-03-22,completed,UPI,2499
ORD005360,CUST02283,2026-04-04,cancelled,UPI,1299
ORD005361,CUST02283,2025-11-16,completed,UPI,4698
ORD005362,CUST02284,2026-01-09,completed,COD,3798
ORD005363,CUST02285,2026-08-13,completed,Card,499
ORD005364,CUST02286,2026-03-25,returned,Card,1398
ORD005365,CUST02286,2026-02-26,completed,NetBanking,2499
ORD005366,CUST02286,2026-07-26,completed,Card,5498
ORD005367,CUST02287,2025-11-26,completed,UPI,5498
ORD005368,CUST02287,2025-06-13,completed,Card,6498
ORD005369,CUST02287,2025-05-07,completed,UPI,3398
ORD005370,CUST02287,2025-04-19,completed,COD,4298
ORD005371,CUST02287,2026-06-24,completed,UPI,2499
ORD005372,CUST02289,2026-05-21,completed,NetBanking,1198
ORD005373,CUST02289,2026-05-27,completed,COD,4298
ORD005374,CUST02290,2026-05-28,completed,Card,2498
ORD005375,CUST02291,2025-08-04,completed,UPI,2998
ORD005376,CUST02291,2026-01-28,cancelled,Card,3398
ORD005377,CUST02291,2026-04-02,completed,NetBanking,3798
ORD005378,CUST02292,2026-08-07,completed,COD,3798
ORD005379,CUST02292,2025-09-29,completed,Card,4298
ORD005380,CUST02293,2025-09-04,completed,COD,3697
ORD005381,CUST02294,2026-06-30,completed,COD,2998
ORD005382,CUST02294,2026-05-31,completed,UPI,4498
ORD005383,CUST02294,2026-06-12,completed,COD,7997
ORD005384,CUST02295,2025-10-04,completed,COD,2798
ORD005385,CUST02295,2025-05-02,completed,Card,699
ORD005386,CUST02295,2026-07-18,completed,Card,4798
ORD005387,CUST02295,2025-04-05,completed,UPI,3498
ORD005388,CUST02295,2026-05-17,completed,UPI,1798
ORD005389,CUST02295,2026-06-24,completed,NetBanking,5997
ORD005390,CUST02295,2025-10-13,completed,Card,5597
ORD005391,CUST02295,2026-03-30,completed,Card,3798
ORD005392,CUST02296,2025-11-20,cancelled,COD,3398
ORD005393,CUST02296,2025-11-22,completed,Card,1299
ORD005394,CUST02296,2026-03-01,completed,COD,4798
ORD005395,CUST02298,2026-04-22,completed,UPI,1299
ORD005396,CUST02298,2026-03-02,completed,UPI,2999
ORD005397,CUST02298,2025-11-14,completed,COD,1398
ORD005398,CUST02299,2025-08-09,completed,NetBanking,5297
ORD005399,CUST02300,2025-08-28,completed,Card,3798
ORD005400,CUST02302,2025-03-13,completed,COD,999
ORD005401,CUST02303,2026-08-20,cancelled,Card,4997
ORD005402,CUST02303,2025-12-09,completed,NetBanking,3999
ORD005403,CUST02303,2025-04-26,completed,NetBanking,5797
ORD005404,CUST02303,2025-06-03,completed,Card,1799
ORD005405,CUST02303,2025-10-25,completed,COD,2999
ORD005406,CUST02304,2025-07-22,completed,Card,6397
ORD005407,CUST02305,2025-10-27,completed,Card,4298
ORD005408,CUST02306,2026-01-29,completed,NetBanking,4697
ORD005409,CUST02307,2026-07-29,completed,UPI,3398
ORD005410,CUST02308,2026-02-22,completed,Card,699
ORD005411,CUST02308,2026-06-17,completed,NetBanking,4298
ORD005412,CUST02309,2026-08-19,completed,UPI,3998
ORD005413,CUST02310,2025-07-23,completed,COD,2298
ORD005414,CUST02310,2026-07-14,completed,NetBanking,1499
ORD005415,CUST02312,2026-06-03,completed,COD,2499
ORD005416,CUST02312,2026-05-15,completed,UPI,6697
ORD005417,CUST02312,2026-02-03,completed,UPI,1799
ORD005418,CUST02312,2025-03-21,completed,COD,3999
ORD005419,CUST02313,2025-08-18,completed,UPI,3998
ORD005420,CUST02313,2025-03-10,completed,COD,2998
ORD005421,CUST02313,2025-05-09,completed,NetBanking,1799
ORD005422,CUST02313,2025-05-21,completed,NetBanking,5298
ORD005423,CUST02313,2026-08-02,cancelled,UPI,2997
ORD005424,CUST02313,2025-04-09,returned,NetBanking,699
ORD005425,CUST02313,2025-10-14,completed,UPI,1798
ORD005426,CUST02313,2025-04-21,completed,UPI,1698
ORD005427,CUST02314,2025-10-16,completed,COD,3798
ORD005428,CUST02314,2026-01-02,completed,NetBanking,1498
ORD005429,CUST02314,2025-05-20,completed,Card,5298
ORD005430,CUST02314,2025-07-21,completed,COD,2797
ORD005431,CUST02314,2025-06-21,completed,UPI,2998
ORD005432,CUST02314,2026-07-18,completed,Card,5498
ORD005433,CUST02314,2026-01-16,completed,UPI,4298
ORD005434,CUST02314,2025-09-21,completed,UPI,3898
ORD005435,CUST02315,2026-01-12,returned,NetBanking,5697
ORD005436,CUST02316,2025-10-12,completed,UPI,2698
ORD005437,CUST02317,2025-03-14,completed,COD,2999
ORD005438,CUST02317,2026-03-14,completed,UPI,2499
ORD005439,CUST02317,2026-05-08,completed,Card,1299
ORD005440,CUST02317,2025-04-21,completed,Card,699
ORD005441,CUST02318,2025-12-11,completed,UPI,4997
ORD005442,CUST02318,2025-09-22,completed,Card,3398
ORD005443,CUST02319,2025-04-24,completed,Card,3298
ORD005444,CUST02319,2025-05-06,completed,Card,4197
ORD005445,CUST02320,2025-06-10,completed,COD,1299
ORD005446,CUST02320,2026-05-21,completed,COD,8797
ORD005447,CUST02322,2025-07-18,completed,Card,2698
ORD005448,CUST02322,2025-11-12,completed,COD,2499
ORD005449,CUST02322,2025-11-27,completed,UPI,6998
ORD005450,CUST02324,2026-06-21,completed,Card,2499
ORD005451,CUST02325,2025-05-17,returned,NetBanking,1499
ORD005452,CUST02325,2026-06-12,completed,UPI,4397
ORD005453,CUST02325,2025-06-27,completed,UPI,7397
ORD005454,CUST02326,2026-01-09,completed,NetBanking,3698
ORD005455,CUST02326,2025-03-12,completed,UPI,899
ORD005456,CUST02327,2026-01-09,completed,COD,3497
ORD005457,CUST02327,2025-03-18,completed,NetBanking,4298
ORD005458,CUST02327,2025-10-12,completed,NetBanking,2499
ORD005459,CUST02329,2025-09-20,returned,Card,5297
ORD005460,CUST02330,2026-08-02,completed,Card,699
ORD005461,CUST02331,2026-02-28,cancelled,Card,2999
ORD005462,CUST02333,2026-03-07,completed,Card,699
ORD005463,CUST02336,2025-03-31,returned,Card,699
ORD005464,CUST02336,2026-07-10,completed,Card,1299
ORD005465,CUST02337,2025-07-05,completed,Card,2998
ORD005466,CUST02340,2026-08-20,completed,Card,1799
ORD005467,CUST02340,2026-05-19,completed,NetBanking,6498
ORD005468,CUST02340,2025-06-20,completed,COD,2698
ORD005469,CUST02340,2026-02-09,completed,COD,2499
ORD005470,CUST02340,2026-06-25,completed,COD,1299
ORD005471,CUST02340,2026-02-06,completed,Card,1799
ORD005472,CUST02341,2026-08-10,completed,UPI,1198
ORD005473,CUST02343,2026-05-24,returned,UPI,4497
ORD005474,CUST02343,2025-05-24,completed,NetBanking,4698
ORD005475,CUST02343,2025-07-13,completed,NetBanking,2998
ORD005476,CUST02343,2025-06-22,cancelled,UPI,4797
ORD005477,CUST02343,2025-05-10,completed,Card,4298
ORD005478,CUST02343,2025-05-12,completed,COD,4197
ORD005479,CUST02343,2026-01-30,completed,UPI,2697
ORD005480,CUST02346,2025-05-17,completed,NetBanking,3198
ORD005481,CUST02346,2026-07-10,completed,UPI,2499
ORD005482,CUST02346,2026-07-22,completed,Card,3198
ORD005483,CUST02346,2025-11-05,completed,COD,1799
ORD005484,CUST02346,2025-07-28,completed,UPI,999
ORD005485,CUST02346,2026-06-17,completed,NetBanking,499
ORD005486,CUST02346,2026-07-26,completed,COD,2499
ORD005487,CUST02346,2025-07-24,completed,NetBanking,2697
ORD005488,CUST02347,2025-09-07,completed,Card,2499
ORD005489,CUST02347,2025-11-16,completed,NetBanking,1798
ORD005490,CUST02347,2026-01-01,completed,NetBanking,2499
ORD005491,CUST02348,2026-01-10,completed,Card,3398
ORD005492,CUST02349,2026-06-08,completed,UPI,3998
ORD005493,CUST02350,2026-07-17,completed,UPI,1799
ORD005494,CUST02351,2026-06-19,completed,COD,5498
ORD005495,CUST02352,2026-01-05,completed,UPI,3198
ORD005496,CUST02352,2025-08-03,completed,COD,2798
ORD005497,CUST02352,2026-02-21,completed,COD,1198
ORD005498,CUST02352,2026-03-25,completed,Card,3498
ORD005499,CUST02352,2026-06-01,completed,NetBanking,1299
ORD005500,CUST02353,2026-02-25,returned,NetBanking,2498
ORD005501,CUST02353,2026-02-20,cancelled,NetBanking,3398
ORD005502,CUST02354,2025-05-27,completed,NetBanking,3999
ORD005503,CUST02356,2026-03-18,completed,COD,899
ORD005504,CUST02356,2025-07-06,completed,NetBanking,1499
ORD005505,CUST02358,2026-05-18,completed,COD,5997
ORD005506,CUST02358,2026-03-31,returned,UPI,999
ORD005507,CUST02358,2025-11-26,cancelled,Card,2499
ORD005508,CUST02359,2026-06-05,completed,Card,699
ORD005509,CUST02359,2025-03-17,completed,COD,2499
ORD005510,CUST02359,2026-07-19,cancelled,NetBanking,4297
ORD005511,CUST02359,2026-06-19,completed,NetBanking,4997
ORD005512,CUST02359,2025-03-10,completed,Card,3798
ORD005513,CUST02360,2025-11-26,completed,UPI,2498
ORD005514,CUST02360,2026-04-03,completed,Card,499
ORD005515,CUST02361,2026-06-10,completed,COD,3198
ORD005516,CUST02362,2025-03-26,returned,Card,5997
ORD005517,CUST02362,2026-04-24,completed,COD,2499
ORD005518,CUST02363,2026-03-14,completed,Card,1499
ORD005519,CUST02363,2026-06-12,completed,Card,2998
ORD005520,CUST02363,2026-03-09,completed,NetBanking,5498
ORD005521,CUST02363,2026-04-14,completed,UPI,5197
ORD005522,CUST02363,2025-06-10,returned,Card,4298
ORD005523,CUST02365,2025-12-06,completed,COD,999
ORD005524,CUST02365,2025-05-15,completed,NetBanking,2499
ORD005525,CUST02365,2025-09-15,completed,UPI,2798
ORD005526,CUST02366,2026-01-29,completed,NetBanking,2499
ORD005527,CUST02367,2025-05-27,completed,NetBanking,699
ORD005528,CUST02367,2025-11-25,completed,Card,3898
ORD005529,CUST02368,2025-08-20,completed,COD,5498
ORD005530,CUST02368,2026-02-16,completed,NetBanking,4997
ORD005531,CUST02368,2025-05-24,completed,Card,499
ORD005532,CUST02371,2026-06-18,completed,COD,4498
ORD005533,CUST02371,2026-06-09,completed,NetBanking,3397
ORD005534,CUST02371,2026-04-22,completed,NetBanking,2499
ORD005535,CUST02371,2026-08-21,completed,UPI,3198
ORD005536,CUST02371,2026-02-01,cancelled,COD,699
ORD005537,CUST02372,2026-01-06,completed,NetBanking,2499
ORD005538,CUST02373,2025-11-01,completed,Card,3298
ORD005539,CUST02373,2026-02-18,completed,Card,1799
ORD005540,CUST02373,2026-05-27,completed,COD,1799
ORD005541,CUST02373,2025-07-27,completed,COD,5197
ORD005542,CUST02373,2025-06-09,completed,UPI,5498
ORD005543,CUST02374,2026-03-21,completed,Card,1299
ORD005544,CUST02375,2025-09-15,completed,UPI,4697
ORD005545,CUST02376,2025-05-23,completed,UPI,499
ORD005546,CUST02377,2025-05-31,completed,UPI,3798
ORD005547,CUST02377,2026-04-08,completed,Card,7397
ORD005548,CUST02377,2026-06-05,completed,NetBanking,4897
ORD005549,CUST02378,2025-12-23,completed,NetBanking,3498
ORD005550,CUST02378,2025-08-03,completed,NetBanking,3997
ORD005551,CUST02378,2025-07-13,completed,Card,2398
ORD005552,CUST02378,2025-07-30,completed,COD,1299
ORD005553,CUST02378,2025-04-26,completed,Card,999
ORD005554,CUST02379,2025-05-13,completed,Card,4498
ORD005555,CUST02381,2025-10-09,completed,NetBanking,4097
ORD005556,CUST02383,2025-05-23,completed,NetBanking,1299
ORD005557,CUST02383,2026-05-24,completed,Card,8297
ORD005558,CUST02384,2025-07-15,completed,UPI,2499
ORD005559,CUST02386,2025-11-01,completed,Card,6997
ORD005560,CUST02386,2025-10-13,completed,UPI,2797
ORD005561,CUST02387,2025-03-14,completed,NetBanking,2997
ORD005562,CUST02388,2025-05-03,completed,Card,5197
ORD005563,CUST02388,2025-12-16,completed,UPI,5498
ORD005564,CUST02388,2025-07-27,completed,COD,1799
ORD005565,CUST02388,2026-07-10,completed,Card,4297
ORD005566,CUST02388,2026-07-06,completed,COD,1498
ORD005567,CUST02388,2025-04-26,returned,UPI,3798
ORD005568,CUST02388,2026-08-05,completed,Card,2498
ORD005569,CUST02388,2026-07-24,completed,NetBanking,2999
ORD005570,CUST02389,2025-07-15,completed,COD,2498
ORD005571,CUST02390,2025-10-16,cancelled,NetBanking,3998
ORD005572,CUST02390,2025-08-28,completed,NetBanking,1499
ORD005573,CUST02390,2025-11-04,completed,UPI,999
ORD005574,CUST02390,2025-03-17,completed,UPI,5498
ORD005575,CUST02390,2025-03-24,completed,UPI,2999
ORD005576,CUST02390,2026-06-24,completed,COD,6498
ORD005577,CUST02392,2026-02-23,completed,NetBanking,899
ORD005578,CUST02392,2025-11-25,completed,COD,1299
ORD005579,CUST02393,2025-11-22,completed,NetBanking,5197
ORD005580,CUST02393,2026-07-17,completed,COD,5498
ORD005581,CUST02393,2026-03-19,completed,Card,999
ORD005582,CUST02393,2025-09-06,completed,NetBanking,4197
ORD005583,CUST02393,2025-06-16,completed,NetBanking,999
ORD005584,CUST02393,2025-07-15,completed,Card,2499
ORD005585,CUST02394,2025-10-06,completed,Card,3798
ORD005586,CUST02394,2025-04-10,completed,Card,3998
ORD005587,CUST02395,2026-04-29,completed,Card,3098
ORD005588,CUST02395,2025-11-23,completed,UPI,5397
ORD005589,CUST02395,2026-05-20,completed,UPI,2998
ORD005590,CUST02395,2026-06-14,cancelled,Card,5498
ORD005591,CUST02395,2026-04-06,completed,Card,3098
ORD005592,CUST02396,2025-10-20,cancelled,UPI,1698
ORD005593,CUST02396,2026-06-15,completed,UPI,5497
ORD005594,CUST02396,2026-05-26,completed,Card,4698
ORD005595,CUST02397,2026-03-31,returned,UPI,3998
ORD005596,CUST02398,2025-10-21,completed,UPI,4998
ORD005597,CUST02400,2026-01-03,completed,UPI,2499
ORD005598,CUST02400,2025-04-29,cancelled,COD,6997
ORD005599,CUST02400,2025-12-24,returned,NetBanking,3498
ORD005600,CUST02400,2025-12-20,cancelled,UPI,1998
ORD005601,CUST02400,2025-06-21,completed,NetBanking,2498
ORD005602,CUST02400,2026-08-20,completed,NetBanking,2698
ORD005603,CUST02400,2025-06-20,completed,NetBanking,3197
ORD005604,CUST02400,2026-03-11,completed,COD,3998
ORD005605,CUST02401,2025-06-23,completed,Card,4397
ORD005606,CUST02402,2025-09-03,completed,COD,1499
ORD005607,CUST02402,2025-07-18,completed,UPI,6998
ORD005608,CUST02402,2026-01-26,completed,UPI,2798
ORD005609,CUST02402,2025-10-09,completed,NetBanking,2897
ORD005610,CUST02402,2026-06-20,completed,COD,5498
ORD005611,CUST02402,2026-04-04,completed,UPI,2999
ORD005612,CUST02402,2025-12-18,completed,UPI,1398
ORD005613,CUST02402,2025-05-08,completed,UPI,5197
ORD005614,CUST02403,2025-11-20,cancelled,UPI,3398
ORD005615,CUST02403,2025-11-25,completed,Card,6497
ORD005616,CUST02403,2026-03-25,completed,NetBanking,2499
ORD005617,CUST02404,2025-07-17,returned,UPI,5297
ORD005618,CUST02405,2026-01-28,completed,COD,5997
ORD005619,CUST02405,2025-06-03,completed,NetBanking,1598
ORD005620,CUST02405,2026-02-17,completed,NetBanking,6498
ORD005621,CUST02405,2025-11-26,completed,UPI,5797
ORD005622,CUST02405,2025-07-22,completed,COD,3997
ORD005623,CUST02406,2025-11-21,completed,Card,6797
ORD005624,CUST02407,2026-04-25,completed,NetBanking,4298
ORD005625,CUST02407,2026-01-01,completed,Card,6197
ORD005626,CUST02407,2025-03-11,completed,COD,2499
ORD005627,CUST02407,2026-07-10,completed,NetBanking,3797
ORD005628,CUST02410,2025-09-10,completed,UPI,8297
ORD005629,CUST02411,2026-03-27,completed,NetBanking,2499
ORD005630,CUST02411,2025-10-06,completed,COD,4097
ORD005631,CUST02412,2026-02-10,completed,NetBanking,2998
ORD005632,CUST02413,2026-02-17,completed,Card,899
ORD005633,CUST02413,2025-07-20,completed,UPI,1799
ORD005634,CUST02413,2025-09-08,completed,Card,4698
ORD005635,CUST02413,2025-09-24,completed,Card,3898
ORD005636,CUST02413,2026-03-29,completed,NetBanking,2198
ORD005637,CUST02413,2025-04-03,completed,Card,1499
ORD005638,CUST02413,2026-07-29,completed,COD,6797
ORD005639,CUST02413,2025-12-13,completed,NetBanking,499
ORD005640,CUST02414,2026-03-22,completed,COD,1299
ORD005641,CUST02414,2025-03-10,returned,COD,2698
ORD005642,CUST02414,2025-10-28,completed,COD,3898
ORD005643,CUST02414,2026-05-23,completed,UPI,2499
ORD005644,CUST02416,2025-11-21,completed,UPI,499
ORD005645,CUST02417,2025-05-29,completed,Card,999
ORD005646,CUST02418,2025-05-14,completed,UPI,4097
ORD005647,CUST02419,2025-11-22,completed,COD,899
ORD005648,CUST02420,2026-01-21,completed,UPI,2499
ORD005649,CUST02421,2025-09-02,completed,UPI,3798
ORD005650,CUST02421,2026-04-25,completed,UPI,1299
ORD005651,CUST02421,2025-12-30,completed,UPI,1398
ORD005652,CUST02421,2026-04-24,completed,COD,2499
ORD005653,CUST02422,2026-02-10,completed,NetBanking,499
ORD005654,CUST02422,2026-02-18,completed,UPI,5498
ORD005655,CUST02422,2026-01-23,completed,COD,3798
ORD005656,CUST02422,2026-06-27,completed,Card,1299
ORD005657,CUST02422,2025-10-19,completed,NetBanking,1799
ORD005658,CUST02423,2025-12-04,completed,UPI,1998
ORD005659,CUST02423,2026-05-29,completed,UPI,4197
ORD005660,CUST02426,2026-08-14,completed,NetBanking,4897
ORD005661,CUST02426,2026-03-20,completed,NetBanking,699
ORD005662,CUST02427,2026-06-30,completed,NetBanking,4298
ORD005663,CUST02427,2026-06-08,completed,NetBanking,3998
ORD005664,CUST02427,2025-11-01,completed,COD,3998
ORD005665,CUST02427,2025-05-01,completed,COD,4298
ORD005666,CUST02428,2026-02-08,completed,COD,5498
ORD005667,CUST02428,2026-04-24,completed,UPI,4898
ORD005668,CUST02429,2025-05-08,completed,Card,2798
ORD005669,CUST02429,2025-10-03,completed,NetBanking,3999
ORD005670,CUST02429,2026-02-12,completed,COD,2798
ORD005671,CUST02429,2025-07-27,completed,COD,6197
ORD005672,CUST02429,2025-09-06,completed,COD,2499
ORD005673,CUST02430,2026-07-14,completed,COD,999
ORD005674,CUST02431,2026-06-17,completed,COD,6498
ORD005675,CUST02431,2025-04-23,completed,Card,899
ORD005676,CUST02431,2025-10-14,completed,UPI,5597
ORD005677,CUST02431,2025-05-14,completed,Card,3498
ORD005678,CUST02431,2026-05-07,completed,COD,1498
ORD005679,CUST02432,2026-06-12,returned,NetBanking,3798
ORD005680,CUST02432,2025-05-27,completed,NetBanking,3898
ORD005681,CUST02433,2025-10-11,completed,NetBanking,2998
ORD005682,CUST02434,2026-05-14,returned,UPI,2999
ORD005683,CUST02435,2026-08-11,completed,Card,2499
ORD005684,CUST02435,2025-08-21,completed,Card,2998
ORD005685,CUST02435,2026-06-03,completed,UPI,2197
ORD005686,CUST02435,2025-07-12,completed,COD,1499
ORD005687,CUST02436,2026-05-26,completed,Card,899
ORD005688,CUST02437,2026-06-19,completed,NetBanking,899
ORD005689,CUST02437,2026-03-20,completed,Card,1898
ORD005690,CUST02438,2026-06-29,completed,UPI,4498
ORD005691,CUST02438,2026-06-18,completed,UPI,7497
ORD005692,CUST02438,2025-09-25,completed,NetBanking,3999
ORD005693,CUST02438,2025-08-14,completed,Card,1698
ORD005694,CUST02439,2025-11-21,completed,NetBanking,1799
ORD005695,CUST02439,2025-12-04,completed,Card,2398
ORD005696,CUST02439,2025-04-04,completed,COD,1299
ORD005697,CUST02439,2025-09-01,completed,NetBanking,2398
ORD005698,CUST02439,2025-03-09,completed,COD,2499
ORD005699,CUST02440,2026-02-17,completed,UPI,2999
ORD005700,CUST02440,2026-02-18,returned,UPI,3998
ORD005701,CUST02441,2025-04-22,completed,Card,2798
ORD005702,CUST02441,2025-06-16,completed,COD,4497
ORD005703,CUST02441,2025-11-07,completed,COD,3098
ORD005704,CUST02441,2025-06-25,completed,Card,3298
ORD005705,CUST02442,2025-05-06,completed,COD,3398
ORD005706,CUST02444,2026-02-02,completed,NetBanking,1998
ORD005707,CUST02444,2025-09-20,completed,COD,2998
ORD005708,CUST02444,2025-05-22,completed,NetBanking,2499
ORD005709,CUST02444,2026-01-30,cancelled,UPI,5498
ORD005710,CUST02445,2025-04-28,completed,Card,2198
ORD005711,CUST02445,2026-02-27,completed,Card,2998
ORD005712,CUST02447,2025-10-02,completed,UPI,699
ORD005713,CUST02447,2025-07-23,completed,COD,2998
ORD005714,CUST02448,2025-05-14,completed,NetBanking,3398
ORD005715,CUST02448,2026-07-09,cancelled,UPI,2998
ORD005716,CUST02448,2025-07-02,completed,COD,1499
ORD005717,CUST02448,2026-05-04,completed,Card,2999
ORD005718,CUST02449,2025-12-23,completed,COD,4997
ORD005719,CUST02449,2025-04-10,completed,Card,2499
ORD005720,CUST02450,2026-04-13,completed,COD,5498
ORD005721,CUST02451,2025-03-23,completed,COD,6498
ORD005722,CUST02451,2025-10-28,completed,Card,6297
ORD005723,CUST02451,2026-04-27,completed,UPI,2499
ORD005724,CUST02452,2025-11-06,completed,COD,2499
ORD005725,CUST02453,2025-10-28,completed,Card,3798
ORD005726,CUST02453,2026-08-12,completed,COD,2499
ORD005727,CUST02453,2026-02-02,completed,COD,2497
ORD005728,CUST02453,2026-02-24,completed,NetBanking,1898
ORD005729,CUST02453,2026-08-19,completed,UPI,3999
ORD005730,CUST02453,2025-10-14,completed,Card,1998
ORD005731,CUST02453,2025-12-25,completed,Card,2998
ORD005732,CUST02454,2025-04-08,completed,UPI,4298
ORD005733,CUST02455,2025-09-11,completed,NetBanking,2499
ORD005734,CUST02455,2026-07-29,completed,UPI,5498
ORD005735,CUST02455,2025-03-21,completed,COD,2998
ORD005736,CUST02455,2025-03-08,completed,NetBanking,2499
ORD005737,CUST02456,2025-11-03,completed,UPI,1799
ORD005738,CUST02457,2026-02-22,completed,UPI,2298
ORD005739,CUST02458,2025-04-05,completed,Card,999
ORD005740,CUST02460,2026-01-28,completed,UPI,7297
ORD005741,CUST02460,2025-12-06,completed,NetBanking,4197
ORD005742,CUST02460,2025-11-10,completed,NetBanking,3797
ORD005743,CUST02460,2025-08-13,returned,NetBanking,2298
ORD005744,CUST02461,2025-09-08,completed,Card,4498
ORD005745,CUST02464,2026-07-27,completed,Card,1299
ORD005746,CUST02464,2025-04-22,completed,UPI,5497
ORD005747,CUST02464,2026-03-12,completed,Card,3998
ORD005748,CUST02464,2025-07-02,completed,Card,4697
ORD005749,CUST02464,2026-03-07,completed,COD,2499
ORD005750,CUST02464,2025-04-16,cancelled,COD,3998
ORD005751,CUST02464,2025-07-28,completed,COD,4298
ORD005752,CUST02464,2025-07-03,completed,NetBanking,1299
ORD005753,CUST02466,2026-02-16,completed,COD,3298
ORD005754,CUST02466,2025-09-07,completed,UPI,1598
ORD005755,CUST02466,2026-06-04,completed,NetBanking,4497
ORD005756,CUST02466,2026-07-24,completed,UPI,3198
ORD005757,CUST02466,2025-08-08,completed,COD,2499
ORD005758,CUST02466,2025-05-06,completed,Card,1499
ORD005759,CUST02467,2025-09-16,completed,UPI,3397
ORD005760,CUST02467,2025-06-10,completed,UPI,4897
ORD005761,CUST02467,2025-05-09,completed,COD,2298
ORD005762,CUST02467,2025-05-24,completed,Card,6197
ORD005763,CUST02467,2025-05-19,completed,COD,1299
ORD005764,CUST02467,2026-07-08,completed,Card,5197
ORD005765,CUST02467,2026-06-04,completed,UPI,6297
ORD005766,CUST02467,2026-08-17,completed,COD,2198
ORD005767,CUST02468,2025-03-19,cancelled,COD,4298
ORD005768,CUST02468,2025-08-04,completed,COD,499
ORD005769,CUST02468,2026-08-14,completed,COD,899
ORD005770,CUST02468,2026-01-10,completed,UPI,5297
ORD005771,CUST02468,2026-07-07,completed,Card,2897
ORD005772,CUST02469,2025-07-25,completed,UPI,5298
ORD005773,CUST02469,2025-12-18,completed,NetBanking,3998
ORD005774,CUST02470,2025-11-17,cancelled,Card,4498
ORD005775,CUST02470,2025-07-30,completed,NetBanking,4697
ORD005776,CUST02470,2025-05-10,completed,Card,3398
ORD005777,CUST02470,2025-09-09,completed,UPI,1798
ORD005778,CUST02470,2026-05-04,completed,COD,4898
ORD005779,CUST02471,2025-12-24,completed,Card,6498
ORD005780,CUST02472,2026-01-14,completed,UPI,5597
ORD005781,CUST02473,2025-06-16,completed,UPI,3398
ORD005782,CUST02474,2025-03-25,completed,UPI,1799
ORD005783,CUST02474,2025-12-21,cancelled,Card,3398
ORD005784,CUST02475,2025-06-02,completed,UPI,3398
ORD005785,CUST02476,2026-06-27,returned,COD,6297
ORD005786,CUST02476,2025-11-02,completed,UPI,4697
ORD005787,CUST02476,2025-12-17,completed,NetBanking,3498
ORD005788,CUST02476,2025-10-20,completed,UPI,2698
ORD005789,CUST02477,2026-06-25,returned,NetBanking,1498
ORD005790,CUST02478,2025-12-21,completed,UPI,2499
ORD005791,CUST02480,2025-07-23,completed,NetBanking,1698
ORD005792,CUST02480,2026-07-05,completed,NetBanking,899
ORD005793,CUST02480,2026-06-29,completed,COD,2998
ORD005794,CUST02480,2025-06-27,completed,COD,2499
ORD005795,CUST02480,2026-04-13,completed,Card,699
ORD005796,CUST02481,2025-03-31,completed,UPI,4998
ORD005797,CUST02482,2026-03-28,completed,NetBanking,2998
ORD005798,CUST02482,2025-08-06,completed,COD,6997
ORD005799,CUST02482,2026-01-09,completed,NetBanking,1998
ORD005800,CUST02482,2025-09-02,completed,COD,2999
ORD005801,CUST02483,2025-10-20,completed,COD,6498
ORD005802,CUST02484,2026-08-07,completed,UPI,5498
ORD005803,CUST02485,2026-04-11,completed,COD,5498
ORD005804,CUST02486,2026-04-17,completed,UPI,3998
ORD005805,CUST02486,2026-05-19,completed,UPI,1798
ORD005806,CUST02486,2025-09-03,completed,COD,3497
ORD005807,CUST02486,2026-02-21,completed,Card,3197
ORD005808,CUST02487,2026-03-30,cancelled,COD,2499
ORD005809,CUST02488,2025-06-24,completed,Card,1798
ORD005810,CUST02488,2025-08-17,completed,COD,4798
ORD005811,CUST02488,2025-04-08,completed,UPI,2499
ORD005812,CUST02488,2026-05-29,completed,COD,4798
ORD005813,CUST02488,2026-06-20,completed,UPI,3999
ORD005814,CUST02489,2026-08-07,completed,UPI,2298
ORD005815,CUST02489,2025-04-10,completed,COD,1898
ORD005816,CUST02489,2026-01-12,completed,UPI,3498
ORD005817,CUST02489,2026-07-20,cancelled,NetBanking,2499
ORD005818,CUST02490,2025-04-27,completed,NetBanking,2499
ORD005819,CUST02491,2025-09-26,completed,NetBanking,3998
ORD005820,CUST02491,2025-09-11,completed,NetBanking,2798
ORD005821,CUST02492,2026-04-12,completed,COD,2498
ORD005822,CUST02492,2026-04-04,completed,NetBanking,499
ORD005823,CUST02493,2026-07-03,completed,NetBanking,4497
ORD005824,CUST02493,2025-08-01,completed,NetBanking,1498
ORD005825,CUST02493,2025-09-05,completed,Card,3198
ORD005826,CUST02493,2026-01-15,completed,Card,6197
ORD005827,CUST02493,2025-12-12,completed,NetBanking,2498
ORD005828,CUST02493,2025-09-04,completed,COD,1299
ORD005829,CUST02494,2026-02-05,completed,UPI,1499
ORD005830,CUST02495,2025-04-20,completed,UPI,2999
ORD005831,CUST02495,2025-04-13,completed,UPI,899
ORD005832,CUST02495,2025-09-24,completed,NetBanking,1799
ORD005833,CUST02495,2025-12-19,completed,Card,2499
ORD005834,CUST02495,2025-12-11,completed,NetBanking,2198
ORD005835,CUST02496,2026-01-28,cancelled,Card,4298
ORD005836,CUST02497,2026-04-13,completed,NetBanking,2298
ORD005837,CUST02497,2025-06-21,completed,NetBanking,2999
ORD005838,CUST02497,2026-01-21,completed,COD,1299
ORD005839,CUST02498,2025-05-03,completed,COD,2398
ORD005840,CUST02498,2025-09-15,completed,COD,5298
ORD005841,CUST02499,2025-09-22,completed,COD,4698
ORD005842,CUST02500,2025-03-18,completed,Card,3198
ORD005843,CUST02500,2026-02-14,completed,NetBanking,1499
ORD005844,CUST02501,2026-06-18,completed,Card,2499
ORD005845,CUST02502,2025-04-01,cancelled,Card,5498
ORD005846,CUST02503,2025-09-22,completed,COD,2499
ORD005847,CUST02503,2025-12-10,returned,COD,7297
ORD005848,CUST02504,2025-04-02,completed,COD,1799
ORD005849,CUST02504,2026-02-25,completed,NetBanking,5997
ORD005850,CUST02505,2025-11-22,completed,Card,2998
ORD005851,CUST02507,2025-03-23,completed,NetBanking,2999
ORD005852,CUST02508,2025-03-31,completed,NetBanking,6297
ORD005853,CUST02508,2026-06-21,completed,NetBanking,3798
ORD005854,CUST02510,2025-04-15,completed,NetBanking,6998
ORD005855,CUST02510,2025-04-08,returned,COD,899
ORD005856,CUST02510,2025-03-18,completed,NetBanking,3498
ORD005857,CUST02510,2026-07-18,completed,Card,1799
ORD005858,CUST02510,2025-05-12,completed,Card,3998
ORD005859,CUST02510,2025-05-27,completed,COD,2499
ORD005860,CUST02510,2025-08-07,completed,COD,2999
ORD005861,CUST02512,2026-04-26,completed,NetBanking,699
ORD005862,CUST02513,2026-06-30,completed,Card,2499
ORD005863,CUST02513,2026-06-10,completed,NetBanking,7497
ORD005864,CUST02513,2026-01-17,completed,UPI,999
ORD005865,CUST02514,2026-01-18,completed,COD,3397
ORD005866,CUST02515,2025-08-08,completed,Card,499
ORD005867,CUST02515,2025-03-23,completed,UPI,1299
ORD005868,CUST02516,2026-01-23,completed,NetBanking,5997
ORD005869,CUST02516,2026-06-23,completed,Card,2999
ORD005870,CUST02516,2025-07-27,completed,UPI,4297
ORD005871,CUST02516,2026-08-20,completed,Card,2499
ORD005872,CUST02516,2026-03-16,completed,NetBanking,4397
ORD005873,CUST02516,2025-09-01,completed,COD,1598
ORD005874,CUST02516,2025-03-17,completed,UPI,2499
ORD005875,CUST02518,2026-02-28,completed,UPI,2499
ORD005876,CUST02518,2026-04-13,completed,UPI,6197
ORD005877,CUST02518,2025-11-12,completed,Card,3497
ORD005878,CUST02518,2025-07-29,completed,UPI,2498
ORD005879,CUST02518,2025-06-19,completed,COD,2499
ORD005880,CUST02519,2025-12-01,completed,COD,2499
ORD005881,CUST02519,2025-06-02,completed,UPI,2998
ORD005882,CUST02520,2026-03-18,completed,UPI,2999
ORD005883,CUST02521,2026-04-25,completed,COD,3698
ORD005884,CUST02521,2026-05-19,returned,NetBanking,5498
ORD005885,CUST02522,2025-11-02,completed,Card,6998
ORD005886,CUST02522,2026-01-21,cancelled,Card,699
ORD005887,CUST02523,2025-06-25,completed,UPI,2998
ORD005888,CUST02523,2026-01-04,completed,UPI,499
ORD005889,CUST02523,2025-12-21,completed,NetBanking,4898
ORD005890,CUST02523,2025-10-11,completed,NetBanking,2499
ORD005891,CUST02523,2026-04-25,completed,NetBanking,2999
ORD005892,CUST02523,2025-04-22,completed,Card,2499
ORD005893,CUST02524,2025-09-16,completed,UPI,1799
ORD005894,CUST02524,2026-06-05,completed,COD,3498
ORD005895,CUST02525,2025-08-27,cancelled,Card,4298
ORD005896,CUST02526,2025-03-27,completed,Card,1499
ORD005897,CUST02527,2025-04-05,returned,COD,2498
ORD005898,CUST02527,2025-10-03,completed,NetBanking,4798
ORD005899,CUST02527,2025-05-14,completed,Card,1398
ORD005900,CUST02527,2025-05-13,completed,UPI,7797
ORD005901,CUST02529,2026-06-23,completed,COD,3998
ORD005902,CUST02529,2026-06-18,completed,NetBanking,1898
ORD005903,CUST02529,2026-05-23,completed,NetBanking,5798
ORD005904,CUST02530,2025-11-20,completed,COD,3698
ORD005905,CUST02531,2026-02-07,returned,Card,2798
ORD005906,CUST02531,2025-07-27,cancelled,UPI,1499
ORD005907,CUST02531,2025-09-02,completed,NetBanking,2498
ORD005908,CUST02531,2025-08-18,completed,Card,4097
ORD005909,CUST02531,2025-06-19,completed,COD,2999
ORD005910,CUST02531,2026-01-13,completed,Card,3998
ORD005911,CUST02531,2025-05-08,completed,COD,1499
ORD005912,CUST02531,2026-01-21,completed,Card,1799
ORD005913,CUST02532,2026-04-20,completed,UPI,5997
ORD005914,CUST02532,2025-10-10,completed,Card,1299
ORD005915,CUST02532,2026-05-25,completed,NetBanking,3698
ORD005916,CUST02532,2025-05-26,completed,Card,699
ORD005917,CUST02532,2025-10-31,completed,COD,4498
ORD005918,CUST02532,2026-02-23,completed,COD,2499
ORD005919,CUST02532,2025-06-29,completed,Card,3698
ORD005920,CUST02532,2026-04-16,completed,UPI,6497
ORD005921,CUST02533,2026-07-04,completed,NetBanking,3098
ORD005922,CUST02534,2025-08-14,completed,Card,3998
ORD005923,CUST02535,2026-04-17,completed,Card,4498
ORD005924,CUST02535,2026-06-05,completed,UPI,899
ORD005925,CUST02535,2025-10-16,completed,UPI,2998
ORD005926,CUST02535,2025-06-19,cancelled,COD,4298
ORD005927,CUST02535,2026-01-01,completed,UPI,4298
ORD005928,CUST02535,2026-07-25,cancelled,Card,6498
ORD005929,CUST02536,2025-07-06,completed,COD,3999
ORD005930,CUST02537,2026-07-04,completed,COD,1698
ORD005931,CUST02538,2026-03-29,returned,NetBanking,4697
ORD005932,CUST02538,2025-11-28,completed,COD,3097
ORD005933,CUST02538,2025-12-24,completed,UPI,3198
ORD005934,CUST02538,2025-08-24,completed,UPI,2798
ORD005935,CUST02539,2026-02-15,completed,UPI,6297
ORD005936,CUST02540,2025-05-20,completed,Card,3998
ORD005937,CUST02541,2025-12-31,completed,COD,3898
ORD005938,CUST02541,2025-05-04,completed,COD,1499
ORD005939,CUST02542,2025-10-28,completed,COD,1398
ORD005940,CUST02543,2025-03-12,cancelled,COD,3999
ORD005941,CUST02544,2025-09-03,completed,Card,3998
ORD005942,CUST02544,2025-06-09,completed,NetBanking,3998
ORD005943,CUST02544,2025-08-06,completed,Card,1799
ORD005944,CUST02545,2025-05-10,completed,Card,2298
ORD005945,CUST02545,2025-04-03,completed,COD,3398
ORD005946,CUST02545,2026-02-17,cancelled,Card,3298
ORD005947,CUST02547,2025-09-15,completed,NetBanking,2697
ORD005948,CUST02547,2026-05-18,completed,COD,2498
ORD005949,CUST02548,2025-12-21,completed,NetBanking,3998
ORD005950,CUST02549,2026-01-29,completed,NetBanking,3198
ORD005951,CUST02549,2025-06-28,completed,NetBanking,2499
ORD005952,CUST02549,2025-11-22,completed,Card,899
ORD005953,CUST02550,2025-11-06,completed,NetBanking,6297
ORD005954,CUST02551,2025-12-02,completed,COD,3098
ORD005955,CUST02552,2025-08-05,completed,UPI,5798
ORD005956,CUST02552,2025-03-25,cancelled,COD,699
ORD005957,CUST02552,2025-06-11,cancelled,NetBanking,5498
ORD005958,CUST02552,2025-07-31,completed,UPI,4797
ORD005959,CUST02552,2025-06-22,completed,NetBanking,3398
ORD005960,CUST02553,2026-01-21,completed,NetBanking,1299
ORD005961,CUST02554,2026-01-13,completed,COD,2499
ORD005962,CUST02554,2025-11-14,completed,COD,2499
ORD005963,CUST02554,2026-06-22,completed,Card,5498
ORD005964,CUST02554,2026-06-22,completed,COD,3897
ORD005965,CUST02554,2026-02-11,cancelled,Card,1198
ORD005966,CUST02554,2026-03-26,completed,UPI,3698
ORD005967,CUST02556,2025-04-11,completed,NetBanking,2499
ORD005968,CUST02557,2025-12-07,completed,Card,2998
ORD005969,CUST02557,2026-02-01,cancelled,COD,2498
ORD005970,CUST02557,2026-05-22,completed,NetBanking,1998
ORD005971,CUST02557,2025-10-23,completed,COD,3998
ORD005972,CUST02557,2025-05-01,completed,NetBanking,4797
ORD005973,CUST02557,2026-04-04,completed,COD,6397
ORD005974,CUST02558,2025-07-15,completed,Card,1299
ORD005975,CUST02559,2026-01-02,cancelled,Card,2998
ORD005976,CUST02560,2026-06-25,completed,NetBanking,3998
ORD005977,CUST02560,2025-10-20,cancelled,Card,2499
ORD005978,CUST02561,2025-11-25,completed,COD,499
ORD005979,CUST02561,2026-04-05,completed,UPI,1998
ORD005980,CUST02561,2025-07-02,completed,Card,2999
ORD005981,CUST02561,2026-01-27,completed,NetBanking,499
ORD005982,CUST02561,2026-05-18,completed,NetBanking,6397
ORD005983,CUST02562,2026-02-23,completed,COD,3897
ORD005984,CUST02562,2025-04-24,completed,UPI,1198
ORD005985,CUST02562,2026-04-15,completed,COD,1798
ORD005986,CUST02562,2026-02-23,completed,COD,5498
ORD005987,CUST02562,2025-06-24,completed,UPI,2998
ORD005988,CUST02562,2025-06-10,completed,NetBanking,7897
ORD005989,CUST02563,2025-10-01,cancelled,UPI,3198
ORD005990,CUST02564,2025-12-21,completed,NetBanking,1499
ORD005991,CUST02564,2025-05-11,completed,Card,2998
ORD005992,CUST02564,2025-11-26,completed,UPI,499
ORD005993,CUST02564,2026-02-21,completed,COD,2499
ORD005994,CUST02564,2025-06-25,completed,COD,4298
ORD005995,CUST02565,2025-07-19,completed,COD,1499
ORD005996,CUST02565,2026-02-05,completed,Card,699
ORD005997,CUST02565,2025-10-11,completed,Card,4998
ORD005998,CUST02565,2025-10-09,completed,UPI,4097
ORD005999,CUST02565,2026-02-22,completed,NetBanking,2499
ORD006000,CUST02568,2026-06-06,completed,COD,4997
ORD006001,CUST02568,2026-08-07,returned,Card,1398
ORD006002,CUST02569,2026-01-03,completed,Card,4298
ORD006003,CUST02570,2025-04-22,completed,UPI,3998
ORD006004,CUST02570,2025-11-21,cancelled,UPI,1398
ORD006005,CUST02570,2025-10-03,completed,Card,3398
ORD006006,CUST02572,2026-01-26,completed,UPI,1198
ORD006007,CUST02573,2025-04-15,cancelled,Card,9497
ORD006008,CUST02574,2025-03-07,cancelled,Card,4197
ORD006009,CUST02575,2026-06-23,completed,UPI,3999
ORD006010,CUST02576,2026-05-22,completed,UPI,3398
ORD006011,CUST02576,2026-01-06,completed,UPI,6498
ORD006012,CUST02576,2026-03-20,completed,UPI,6998
ORD006013,CUST02577,2026-05-01,completed,COD,7397
ORD006014,CUST02577,2026-02-02,completed,NetBanking,499
ORD006015,CUST02577,2025-10-15,completed,Card,2497
ORD006016,CUST02577,2025-08-08,completed,COD,2298
ORD006017,CUST02577,2025-08-18,completed,NetBanking,5397
ORD006018,CUST02577,2025-08-18,completed,COD,499
ORD006019,CUST02578,2025-07-17,completed,UPI,2498
ORD006020,CUST02579,2025-08-17,completed,COD,699
ORD006021,CUST02579,2025-12-01,cancelled,NetBanking,2798
ORD006022,CUST02580,2025-05-06,completed,Card,2999
ORD006023,CUST02580,2025-06-24,returned,NetBanking,5498
ORD006024,CUST02581,2025-11-20,completed,NetBanking,2499
ORD006025,CUST02581,2025-03-02,completed,UPI,2499
ORD006026,CUST02581,2025-08-16,completed,COD,699
ORD006027,CUST02581,2025-12-04,returned,UPI,499
ORD006028,CUST02581,2026-03-23,completed,COD,699
ORD006029,CUST02581,2026-04-21,completed,NetBanking,2999
ORD006030,CUST02582,2026-06-18,completed,UPI,499
ORD006031,CUST02584,2025-07-19,completed,NetBanking,4497
ORD006032,CUST02585,2026-01-30,completed,UPI,3497
ORD006033,CUST02585,2025-09-17,completed,UPI,3198
ORD006034,CUST02585,2025-05-06,completed,UPI,3298
ORD006035,CUST02585,2025-10-16,cancelled,Card,1598
ORD006036,CUST02586,2025-08-04,completed,COD,5297
ORD006037,CUST02587,2026-07-12,completed,COD,1998
ORD006038,CUST02588,2025-09-09,completed,Card,4498
ORD006039,CUST02589,2026-04-17,completed,NetBanking,2398
ORD006040,CUST02589,2026-06-12,completed,NetBanking,2998
ORD006041,CUST02589,2026-01-09,completed,COD,2498
ORD006042,CUST02589,2025-11-30,completed,Card,2998
ORD006043,CUST02590,2025-08-20,completed,UPI,4997
ORD006044,CUST02591,2026-07-04,completed,NetBanking,7797
ORD006045,CUST02591,2026-06-07,completed,Card,2499
ORD006046,CUST02591,2026-04-16,completed,Card,3798
ORD006047,CUST02591,2025-08-19,completed,NetBanking,3999
ORD006048,CUST02592,2025-07-31,completed,NetBanking,4397
ORD006049,CUST02592,2026-02-03,completed,Card,4798
ORD006050,CUST02593,2025-03-24,completed,COD,2398
ORD006051,CUST02594,2026-05-27,completed,Card,3897
ORD006052,CUST02594,2025-07-04,completed,Card,1499
ORD006053,CUST02594,2026-07-11,completed,COD,4898
ORD006054,CUST02594,2025-11-30,completed,NetBanking,5297
ORD006055,CUST02594,2025-05-25,completed,NetBanking,2998
ORD006056,CUST02594,2026-02-12,completed,NetBanking,2499
ORD006057,CUST02595,2025-05-26,completed,NetBanking,6397
ORD006058,CUST02596,2026-01-03,cancelled,Card,2499
ORD006059,CUST02596,2026-03-03,completed,COD,3898
ORD006060,CUST02596,2025-09-02,completed,COD,5498
ORD006061,CUST02597,2025-12-26,completed,NetBanking,2499
ORD006062,CUST02597,2026-07-17,completed,COD,1799
ORD006063,CUST02597,2025-05-28,completed,Card,6997
ORD006064,CUST02597,2025-08-14,completed,Card,3698
ORD006065,CUST02598,2026-07-19,completed,UPI,5498
ORD006066,CUST02598,2025-07-19,completed,COD,1299
ORD006067,CUST02599,2025-10-12,returned,Card,3798
ORD006068,CUST02600,2026-07-13,completed,COD,699
ORD006069,CUST02601,2025-04-20,completed,UPI,3398
ORD006070,CUST02601,2025-03-05,completed,UPI,4298
ORD006071,CUST02602,2025-05-19,completed,UPI,4997
ORD006072,CUST02602,2026-03-09,completed,Card,2499
ORD006073,CUST02603,2025-10-20,completed,UPI,3398
ORD006074,CUST02603,2025-05-21,completed,UPI,1499
ORD006075,CUST02604,2026-05-01,completed,COD,6998
ORD006076,CUST02605,2025-10-03,cancelled,Card,2597
ORD006077,CUST02605,2026-08-18,cancelled,Card,4397
ORD006078,CUST02605,2026-05-06,completed,NetBanking,2499
ORD006079,CUST02606,2026-01-13,completed,NetBanking,2499
ORD006080,CUST02607,2025-12-04,completed,Card,1499
ORD006081,CUST02608,2025-08-06,completed,COD,3398
ORD006082,CUST02609,2025-09-03,completed,UPI,2499
ORD006083,CUST02609,2025-10-31,completed,Card,3498
ORD006084,CUST02609,2026-04-16,completed,UPI,5298
ORD006085,CUST02609,2025-12-28,returned,COD,6498
ORD006086,CUST02610,2025-03-05,completed,Card,2298
ORD006087,CUST02612,2026-08-15,completed,NetBanking,2499
ORD006088,CUST02612,2025-08-03,completed,COD,1698
ORD006089,CUST02613,2025-09-10,completed,UPI,499
ORD006090,CUST02613,2025-07-31,completed,NetBanking,2999
ORD006091,CUST02613,2025-11-13,completed,NetBanking,2499
ORD006092,CUST02613,2025-04-11,completed,Card,8297
ORD006093,CUST02613,2025-08-25,completed,Card,4997
ORD006094,CUST02613,2025-11-04,completed,Card,2499
ORD006095,CUST02613,2026-01-23,completed,UPI,2499
ORD006096,CUST02613,2025-09-18,completed,Card,2499
ORD006097,CUST02614,2025-09-01,completed,NetBanking,5498
ORD006098,CUST02615,2025-10-05,cancelled,COD,3999
ORD006099,CUST02616,2026-04-18,completed,UPI,3998
ORD006100,CUST02617,2026-06-06,completed,UPI,2998
ORD006101,CUST02618,2026-07-23,completed,COD,4997
ORD006102,CUST02619,2026-03-06,completed,Card,6197
ORD006103,CUST02620,2025-09-14,cancelled,NetBanking,499
ORD006104,CUST02620,2025-03-20,completed,Card,699
ORD006105,CUST02620,2026-08-12,completed,UPI,7797
ORD006106,CUST02620,2026-04-08,completed,COD,3998
ORD006107,CUST02620,2026-08-10,completed,Card,2999
ORD006108,CUST02620,2026-07-05,completed,UPI,2998
ORD006109,CUST02620,2026-04-09,returned,NetBanking,1799
ORD006110,CUST02621,2026-02-08,completed,Card,4698
ORD006111,CUST02622,2025-10-12,completed,Card,3198
ORD006112,CUST02622,2025-08-22,completed,UPI,6498
ORD006113,CUST02623,2025-06-20,completed,UPI,4497
ORD006114,CUST02625,2026-05-04,completed,UPI,3998
ORD006115,CUST02625,2026-04-11,completed,COD,5798
ORD006116,CUST02625,2025-09-11,completed,NetBanking,3998
ORD006117,CUST02625,2026-07-19,completed,NetBanking,3998
ORD006118,CUST02625,2026-07-24,completed,UPI,6997
ORD006119,CUST02626,2025-03-23,returned,COD,2698
ORD006120,CUST02628,2026-05-18,completed,Card,3098
ORD006121,CUST02629,2026-05-25,completed,Card,2997
ORD006122,CUST02629,2026-03-28,returned,Card,5298
ORD006123,CUST02629,2026-02-07,completed,COD,6797
ORD006124,CUST02629,2025-09-22,completed,COD,2698
ORD006125,CUST02629,2025-07-13,completed,UPI,6497
ORD006126,CUST02629,2026-06-27,completed,NetBanking,5797
ORD006127,CUST02630,2025-04-23,completed,UPI,2998
ORD006128,CUST02630,2025-06-14,completed,UPI,5297
ORD006129,CUST02631,2026-03-20,completed,NetBanking,3198
ORD006130,CUST02632,2025-03-06,completed,UPI,3498
ORD006131,CUST02632,2026-04-24,completed,Card,8297
ORD006132,CUST02632,2026-07-05,completed,NetBanking,2499
ORD006133,CUST02632,2026-07-14,completed,Card,2298
ORD006134,CUST02632,2025-05-02,completed,COD,5798
ORD006135,CUST02633,2026-07-13,completed,COD,9497
ORD006136,CUST02633,2025-03-15,completed,NetBanking,2499
ORD006137,CUST02633,2025-10-20,completed,COD,2499
ORD006138,CUST02633,2026-06-26,completed,Card,999
ORD006139,CUST02633,2025-11-27,completed,UPI,4797
ORD006140,CUST02634,2026-03-04,completed,UPI,6498
ORD006141,CUST02635,2025-11-07,completed,UPI,2499
ORD006142,CUST02635,2025-07-01,completed,COD,4798
ORD006143,CUST02635,2025-12-30,completed,UPI,999
ORD006144,CUST02635,2025-08-13,returned,UPI,6297
ORD006145,CUST02635,2026-08-17,completed,COD,1299
ORD006146,CUST02636,2025-08-02,completed,Card,5597
ORD006147,CUST02637,2026-02-21,returned,UPI,4298
ORD006148,CUST02637,2026-01-16,completed,UPI,2499
ORD006149,CUST02637,2025-08-26,cancelled,COD,2499
ORD006150,CUST02637,2025-05-04,completed,Card,1799
ORD006151,CUST02637,2025-03-16,completed,UPI,9497
ORD006152,CUST02638,2025-05-19,completed,NetBanking,2999
ORD006153,CUST02638,2026-05-21,completed,NetBanking,2498
ORD006154,CUST02638,2026-01-01,completed,COD,1299
ORD006155,CUST02638,2025-10-23,completed,UPI,1498
ORD006156,CUST02638,2025-09-06,completed,Card,4698
ORD006157,CUST02639,2026-05-06,completed,NetBanking,4298
ORD006158,CUST02639,2026-02-21,completed,Card,2499
ORD006159,CUST02639,2025-03-16,completed,COD,2499
ORD006160,CUST02639,2025-11-07,completed,COD,7397
ORD006161,CUST02639,2025-10-25,completed,NetBanking,2499
ORD006162,CUST02639,2025-03-01,completed,COD,4298
ORD006163,CUST02639,2025-08-28,completed,NetBanking,3498
ORD006164,CUST02639,2026-07-29,completed,Card,2597
ORD006165,CUST02640,2026-06-26,completed,UPI,3998
ORD006166,CUST02640,2026-01-11,completed,Card,2499
ORD006167,CUST02640,2025-09-18,completed,UPI,2499
ORD006168,CUST02640,2025-10-10,completed,Card,1499
ORD006169,CUST02641,2026-04-11,completed,UPI,2499
ORD006170,CUST02642,2025-12-20,completed,COD,3498
ORD006171,CUST02643,2025-08-01,completed,NetBanking,4698
ORD006172,CUST02643,2026-04-04,completed,NetBanking,1498
ORD006173,CUST02644,2026-07-14,completed,UPI,1499
ORD006174,CUST02644,2026-06-27,completed,NetBanking,3398
ORD006175,CUST02644,2025-11-22,completed,Card,2499
ORD006176,CUST02644,2026-03-14,completed,COD,699
ORD006177,CUST02644,2026-06-08,completed,NetBanking,3198
ORD006178,CUST02645,2025-05-27,completed,Card,5197
ORD006179,CUST02645,2025-08-05,completed,COD,2499
ORD006180,CUST02645,2026-05-31,completed,Card,2398
ORD006181,CUST02645,2026-08-09,completed,UPI,2698
ORD006182,CUST02645,2025-10-19,returned,COD,2798
ORD006183,CUST02646,2025-12-07,completed,COD,2499
ORD006184,CUST02647,2025-03-23,completed,COD,3398
ORD006185,CUST02647,2026-04-20,completed,COD,699
ORD006186,CUST02648,2026-05-16,completed,Card,2499
ORD006187,CUST02648,2026-04-09,returned,Card,999
ORD006188,CUST02649,2026-02-19,completed,UPI,999
ORD006189,CUST02650,2025-11-04,cancelled,UPI,3498
ORD006190,CUST02651,2026-04-07,completed,NetBanking,7397
ORD006191,CUST02652,2026-07-08,completed,NetBanking,2499
ORD006192,CUST02654,2025-08-30,completed,UPI,5497
ORD006193,CUST02655,2025-04-18,completed,Card,2198
ORD006194,CUST02655,2026-04-29,completed,UPI,5498
ORD006195,CUST02656,2025-03-06,completed,UPI,1499
ORD006196,CUST02656,2025-04-30,completed,COD,499
ORD006197,CUST02657,2026-01-12,completed,UPI,3998
ORD006198,CUST02658,2026-03-05,completed,COD,3999
ORD006199,CUST02659,2026-05-29,completed,COD,2999
ORD006200,CUST02660,2025-07-27,returned,NetBanking,4997
ORD006201,CUST02660,2026-08-17,completed,Card,3098
ORD006202,CUST02660,2025-05-09,completed,NetBanking,4497
ORD006203,CUST02660,2025-09-05,completed,Card,6797
ORD006204,CUST02661,2025-06-05,completed,Card,5498
ORD006205,CUST02662,2025-10-01,completed,Card,3198
ORD006206,CUST02663,2025-12-08,completed,UPI,2499
ORD006207,CUST02664,2026-06-21,completed,UPI,4097
ORD006208,CUST02664,2025-05-24,completed,COD,499
ORD006209,CUST02664,2025-11-06,completed,NetBanking,1799
ORD006210,CUST02665,2025-05-04,completed,NetBanking,1498
ORD006211,CUST02666,2025-05-13,completed,COD,1898
ORD006212,CUST02668,2025-12-09,completed,UPI,1499
ORD006213,CUST02668,2026-08-15,completed,UPI,2499
ORD006214,CUST02668,2025-03-06,completed,Card,999
ORD006215,CUST02668,2025-08-16,completed,COD,2499
ORD006216,CUST02669,2025-06-21,completed,NetBanking,4298
ORD006217,CUST02670,2025-07-13,completed,COD,2999
ORD006218,CUST02670,2025-03-31,completed,UPI,4298
ORD006219,CUST02670,2025-11-05,completed,Card,2499
ORD006220,CUST02671,2025-10-20,completed,UPI,2499
ORD006221,CUST02672,2025-08-14,completed,Card,8497
ORD006222,CUST02672,2025-05-25,completed,UPI,3999
ORD006223,CUST02673,2025-03-01,completed,Card,3498
ORD006224,CUST02674,2026-02-14,completed,UPI,2499
ORD006225,CUST02674,2025-06-09,completed,Card,3998
ORD006226,CUST02674,2025-05-29,completed,Card,6197
ORD006227,CUST02674,2025-12-29,completed,Card,4197
ORD006228,CUST02675,2025-07-02,completed,COD,7497
ORD006229,CUST02675,2025-03-28,completed,COD,5997
ORD006230,CUST02676,2025-11-06,completed,UPI,5497
ORD006231,CUST02676,2025-12-09,completed,Card,5897
ORD006232,CUST02676,2026-01-02,completed,NetBanking,2499
ORD006233,CUST02676,2025-05-31,completed,Card,6498
ORD006234,CUST02676,2026-05-05,completed,NetBanking,1299
ORD006235,CUST02677,2026-05-12,completed,UPI,3897
ORD006236,CUST02678,2026-06-17,completed,NetBanking,1998
ORD006237,CUST02678,2026-04-23,completed,COD,3498
ORD006238,CUST02679,2026-04-28,completed,UPI,2499
ORD006239,CUST02680,2025-07-12,completed,Card,699
ORD006240,CUST02681,2025-10-25,completed,Card,2499
ORD006241,CUST02682,2025-05-05,completed,NetBanking,2798
ORD006242,CUST02682,2025-07-23,completed,COD,2298
ORD006243,CUST02682,2026-07-24,completed,NetBanking,2499
ORD006244,CUST02683,2026-04-21,completed,COD,3999
ORD006245,CUST02683,2025-04-24,completed,NetBanking,499
ORD006246,CUST02684,2026-03-17,completed,NetBanking,4097
ORD006247,CUST02684,2025-08-16,completed,COD,3998
ORD006248,CUST02684,2025-07-29,completed,Card,2798
ORD006249,CUST02684,2026-05-21,completed,COD,4898
ORD006250,CUST02684,2026-08-01,cancelled,NetBanking,4897
ORD006251,CUST02684,2026-08-20,completed,NetBanking,699
ORD006252,CUST02684,2025-12-21,cancelled,COD,4998
ORD006253,CUST02684,2026-03-25,completed,COD,3798
ORD006254,CUST02685,2026-05-13,completed,Card,4998
ORD006255,CUST02685,2025-05-06,completed,UPI,1398
ORD006256,CUST02686,2025-10-29,completed,NetBanking,499
ORD006257,CUST02686,2026-08-06,completed,UPI,1198
ORD006258,CUST02686,2026-05-10,completed,NetBanking,699
ORD006259,CUST02687,2025-05-24,completed,COD,5797
ORD006260,CUST02688,2025-06-12,completed,UPI,4298
ORD006261,CUST02690,2026-06-11,completed,NetBanking,1398
ORD006262,CUST02691,2026-06-25,completed,NetBanking,2499
ORD006263,CUST02691,2026-01-08,completed,COD,2499
ORD006264,CUST02691,2025-04-07,completed,COD,1598
ORD006265,CUST02691,2025-10-25,completed,COD,3998
ORD006266,CUST02691,2025-09-14,completed,NetBanking,3997
ORD006267,CUST02692,2025-05-13,completed,Card,1799
ORD006268,CUST02692,2025-09-11,completed,UPI,699
ORD006269,CUST02693,2026-08-01,completed,Card,3498
ORD006270,CUST02694,2025-05-22,completed,UPI,1698
ORD006271,CUST02694,2026-02-15,completed,UPI,2499
ORD006272,CUST02694,2025-05-04,completed,UPI,3498
ORD006273,CUST02694,2025-06-29,completed,UPI,3298
ORD006274,CUST02696,2025-04-25,completed,NetBanking,3498
ORD006275,CUST02697,2026-02-21,completed,COD,699
ORD006276,CUST02699,2025-12-26,completed,UPI,1299
ORD006277,CUST02700,2025-08-18,completed,COD,3798
ORD006278,CUST02702,2026-04-28,cancelled,NetBanking,3498
ORD006279,CUST02703,2026-05-05,cancelled,UPI,2298
ORD006280,CUST02705,2026-02-14,completed,COD,699
ORD006281,CUST02705,2026-05-08,completed,NetBanking,3097
ORD006282,CUST02706,2026-07-05,completed,UPI,1398
ORD006283,CUST02706,2026-07-19,completed,UPI,4998
ORD006284,CUST02706,2026-03-10,completed,NetBanking,2998
ORD006285,CUST02706,2026-06-10,completed,NetBanking,4498
ORD006286,CUST02706,2025-06-01,completed,UPI,6498
ORD006287,CUST02707,2026-08-17,completed,UPI,1799
ORD006288,CUST02707,2026-05-05,completed,NetBanking,4597
ORD006289,CUST02707,2025-11-11,completed,UPI,3198
ORD006290,CUST02707,2026-04-02,completed,UPI,3698
ORD006291,CUST02708,2025-03-13,completed,Card,899
ORD006292,CUST02710,2025-06-27,completed,UPI,999
ORD006293,CUST02710,2026-07-30,completed,NetBanking,1799
ORD006294,CUST02710,2025-06-25,returned,Card,1398
ORD006295,CUST02710,2026-01-04,completed,COD,3297
ORD006296,CUST02710,2025-12-20,completed,COD,2698
ORD006297,CUST02710,2026-02-11,completed,Card,2798
ORD006298,CUST02710,2025-12-04,completed,COD,3897
ORD006299,CUST02711,2026-01-07,cancelled,Card,2498
ORD006300,CUST02712,2026-05-26,completed,UPI,3498
ORD006301,CUST02712,2025-04-16,completed,Card,4797
ORD006302,CUST02712,2025-09-25,returned,Card,5297
ORD006303,CUST02712,2026-03-29,completed,NetBanking,6397
ORD006304,CUST02713,2026-03-17,completed,NetBanking,2997
ORD006305,CUST02713,2025-04-19,completed,COD,5298
ORD006306,CUST02713,2025-05-16,returned,UPI,3999
ORD006307,CUST02713,2025-03-25,completed,Card,2998
ORD006308,CUST02714,2026-06-30,completed,Card,3498
ORD006309,CUST02715,2025-12-12,completed,COD,3298
ORD006310,CUST02716,2025-04-08,completed,NetBanking,6197
ORD006311,CUST02716,2025-09-05,completed,Card,6498
ORD006312,CUST02716,2026-06-24,completed,Card,1998
ORD006313,CUST02716,2025-06-25,completed,COD,3398
ORD006314,CUST02716,2026-07-31,completed,Card,3398
ORD006315,CUST02716,2025-05-29,completed,COD,2998
ORD006316,CUST02716,2025-08-27,completed,COD,1799
ORD006317,CUST02716,2025-12-17,completed,Card,3898
ORD006318,CUST02717,2026-07-28,returned,NetBanking,1798
ORD006319,CUST02718,2025-03-18,completed,NetBanking,2499
ORD006320,CUST02718,2025-04-12,completed,UPI,3198
ORD006321,CUST02719,2025-09-17,completed,Card,2999
ORD006322,CUST02719,2026-03-29,cancelled,NetBanking,5298
ORD006323,CUST02721,2025-05-25,completed,UPI,5297
ORD006324,CUST02722,2025-04-26,completed,Card,3999
ORD006325,CUST02724,2025-09-30,completed,NetBanking,4997
ORD006326,CUST02725,2026-01-31,completed,COD,4797
ORD006327,CUST02726,2026-05-14,completed,COD,2997
ORD006328,CUST02726,2025-04-08,completed,Card,4697
ORD006329,CUST02726,2025-11-08,completed,COD,5498
ORD006330,CUST02726,2025-03-03,completed,Card,2499
ORD006331,CUST02727,2026-03-22,cancelled,COD,1598
ORD006332,CUST02728,2026-04-16,completed,COD,5498
ORD006333,CUST02729,2026-01-15,completed,NetBanking,699
ORD006334,CUST02729,2025-12-09,completed,NetBanking,9497
ORD006335,CUST02729,2026-01-08,completed,NetBanking,6197
ORD006336,CUST02730,2025-10-07,completed,Card,2499
ORD006337,CUST02730,2026-07-27,completed,COD,3798
ORD006338,CUST02730,2025-12-22,completed,Card,4997
ORD006339,CUST02730,2025-09-29,completed,COD,3398
ORD006340,CUST02730,2025-06-01,completed,Card,2298
ORD006341,CUST02730,2026-08-13,completed,NetBanking,2999
ORD006342,CUST02731,2025-05-18,completed,COD,3898
ORD006343,CUST02731,2025-08-10,completed,Card,1499
ORD006344,CUST02731,2026-03-01,completed,NetBanking,3398
ORD006345,CUST02731,2026-04-18,completed,COD,7997
ORD006346,CUST02732,2025-07-10,completed,UPI,2499
ORD006347,CUST02733,2025-07-03,completed,NetBanking,4498
ORD006348,CUST02733,2026-03-15,completed,NetBanking,4498
ORD006349,CUST02733,2025-03-20,completed,COD,2498
ORD006350,CUST02734,2025-05-29,completed,COD,6998
ORD006351,CUST02735,2025-06-13,completed,UPI,2998
ORD006352,CUST02735,2025-05-11,completed,UPI,2998
ORD006353,CUST02735,2026-04-25,completed,COD,4397
ORD006354,CUST02735,2025-07-04,completed,UPI,4998
ORD006355,CUST02735,2025-05-20,completed,NetBanking,1398
ORD006356,CUST02735,2025-12-01,completed,COD,4897
ORD006357,CUST02735,2025-08-06,completed,COD,5498
ORD006358,CUST02735,2026-01-18,completed,COD,2499
ORD006359,CUST02736,2025-03-29,completed,COD,3498
ORD006360,CUST02737,2026-04-12,completed,COD,2999
ORD006361,CUST02737,2025-08-25,completed,NetBanking,699
ORD006362,CUST02737,2026-01-08,completed,NetBanking,2499
ORD006363,CUST02738,2025-08-24,completed,NetBanking,2597
ORD006364,CUST02739,2026-08-09,cancelled,UPI,3198
ORD006365,CUST02740,2026-04-18,completed,NetBanking,4698
ORD006366,CUST02740,2025-03-18,completed,Card,2499
ORD006367,CUST02741,2025-11-25,completed,NetBanking,899
ORD006368,CUST02741,2025-08-10,completed,NetBanking,3398
ORD006369,CUST02741,2026-03-25,completed,COD,1499
ORD006370,CUST02741,2025-10-09,completed,NetBanking,4497
ORD006371,CUST02741,2025-08-19,completed,COD,3998
ORD006372,CUST02741,2025-03-21,completed,NetBanking,3498
ORD006373,CUST02742,2025-04-01,completed,UPI,2499
ORD006374,CUST02742,2025-04-01,completed,Card,5498
ORD006375,CUST02742,2026-01-19,completed,UPI,2798
ORD006376,CUST02743,2025-08-19,completed,UPI,4798
ORD006377,CUST02743,2026-07-05,completed,UPI,2398
ORD006378,CUST02743,2025-10-12,completed,COD,699
ORD006379,CUST02743,2025-08-17,completed,COD,499
ORD006380,CUST02743,2025-05-15,completed,UPI,1499
ORD006381,CUST02743,2025-04-22,completed,NetBanking,3198
ORD006382,CUST02743,2026-04-18,completed,NetBanking,3497
ORD006383,CUST02744,2025-09-30,cancelled,Card,2897
ORD006384,CUST02744,2025-05-28,completed,Card,1299
ORD006385,CUST02744,2026-04-25,cancelled,COD,1299
ORD006386,CUST02744,2025-12-21,completed,UPI,3998
ORD006387,CUST02744,2025-12-27,completed,Card,2998
ORD006388,CUST02745,2026-05-14,returned,NetBanking,5498
ORD006389,CUST02746,2026-04-22,completed,UPI,2797
ORD006390,CUST02746,2025-08-17,completed,Card,3398
ORD006391,CUST02747,2026-05-28,completed,Card,1898
ORD006392,CUST02749,2025-03-22,completed,Card,2499
ORD006393,CUST02749,2025-10-01,completed,Card,2798
ORD006394,CUST02750,2026-02-11,completed,Card,3198
ORD006395,CUST02751,2025-03-23,completed,COD,2499
ORD006396,CUST02752,2025-12-12,returned,Card,699
ORD006397,CUST02754,2025-10-08,completed,UPI,6697
ORD006398,CUST02754,2025-12-03,completed,COD,2499
ORD006399,CUST02754,2025-08-25,cancelled,UPI,7997
ORD006400,CUST02754,2026-06-18,completed,UPI,2798
ORD006401,CUST02754,2026-04-22,completed,NetBanking,2997
ORD006402,CUST02754,2025-05-05,completed,UPI,3798
ORD006403,CUST02755,2025-05-11,returned,NetBanking,2999
ORD006404,CUST02755,2025-05-11,completed,COD,1198
ORD006405,CUST02755,2026-04-07,completed,UPI,3197
ORD006406,CUST02755,2025-10-09,completed,Card,6498
ORD006407,CUST02756,2026-06-02,completed,UPI,3398
ORD006408,CUST02757,2026-06-09,completed,COD,2997
ORD006409,CUST02760,2025-10-25,completed,NetBanking,3398
ORD006410,CUST02760,2026-02-08,completed,Card,699
ORD006411,CUST02760,2026-07-23,completed,COD,2499
ORD006412,CUST02761,2025-06-29,completed,UPI,4298
ORD006413,CUST02762,2026-07-31,completed,UPI,8297
ORD006414,CUST02762,2026-04-26,completed,NetBanking,4498
ORD006415,CUST02762,2026-02-12,completed,COD,699
ORD006416,CUST02763,2025-12-06,completed,COD,2498
ORD006417,CUST02763,2025-06-30,completed,NetBanking,3498
ORD006418,CUST02763,2026-05-03,completed,COD,699
ORD006419,CUST02764,2025-12-09,cancelled,COD,999
ORD006420,CUST02764,2026-01-17,completed,Card,5797
ORD006421,CUST02764,2026-03-13,completed,COD,1499
ORD006422,CUST02764,2025-04-16,completed,UPI,1198
ORD006423,CUST02764,2025-03-02,completed,UPI,2499
ORD006424,CUST02764,2026-04-26,completed,COD,2198
ORD006425,CUST02767,2025-03-02,completed,COD,1799
ORD006426,CUST02768,2025-11-06,completed,Card,2499
ORD006427,CUST02768,2025-09-25,completed,NetBanking,3999
ORD006428,CUST02768,2025-03-09,completed,COD,699
ORD006429,CUST02768,2026-01-05,completed,Card,3397
ORD006430,CUST02768,2025-11-12,completed,COD,3798
ORD006431,CUST02768,2025-03-23,completed,UPI,3998
ORD006432,CUST02768,2025-08-21,completed,COD,899
ORD006433,CUST02769,2025-08-17,completed,Card,2999
ORD006434,CUST02770,2026-07-15,completed,Card,2499
ORD006435,CUST02771,2026-03-29,completed,Card,2498
ORD006436,CUST02772,2025-07-25,completed,UPI,899
ORD006437,CUST02774,2025-07-28,returned,COD,2198
ORD006438,CUST02775,2026-01-18,returned,NetBanking,3498
ORD006439,CUST02776,2025-12-05,completed,COD,1498
ORD006440,CUST02776,2025-09-04,completed,COD,4497
ORD006441,CUST02776,2025-10-09,completed,NetBanking,3398
ORD006442,CUST02777,2025-07-27,completed,Card,3798
ORD006443,CUST02777,2026-04-28,completed,COD,3398
ORD006444,CUST02777,2026-03-23,completed,NetBanking,5297
ORD006445,CUST02777,2025-12-23,completed,Card,2499
ORD006446,CUST02777,2025-03-09,completed,NetBanking,3298
ORD006447,CUST02777,2025-06-14,completed,Card,6797
ORD006448,CUST02778,2025-03-22,completed,UPI,1299
ORD006449,CUST02779,2025-03-09,completed,UPI,2998
ORD006450,CUST02779,2025-05-02,completed,UPI,3798
ORD006451,CUST02781,2025-09-19,completed,UPI,5798
ORD006452,CUST02782,2025-12-23,completed,UPI,1698
ORD006453,CUST02783,2026-04-08,completed,Card,3898
ORD006454,CUST02783,2026-08-05,completed,Card,4698
ORD006455,CUST02784,2025-04-22,completed,COD,1499
ORD006456,CUST02784,2025-05-04,completed,Card,4697
ORD006457,CUST02784,2025-11-27,completed,NetBanking,999
ORD006458,CUST02784,2026-07-10,completed,UPI,2499
ORD006459,CUST02785,2025-03-24,completed,UPI,3999
ORD006460,CUST02786,2026-05-19,completed,UPI,3498
ORD006461,CUST02787,2025-11-16,completed,UPI,2998
ORD006462,CUST02787,2026-07-29,completed,Card,2499
ORD006463,CUST02787,2025-10-12,completed,UPI,2999
ORD006464,CUST02787,2025-10-27,cancelled,NetBanking,3998
ORD006465,CUST02787,2025-05-25,completed,NetBanking,899
ORD006466,CUST02788,2025-10-15,completed,NetBanking,7897
ORD006467,CUST02789,2026-07-20,completed,Card,5498
ORD006468,CUST02790,2025-09-08,completed,NetBanking,999
ORD006469,CUST02790,2025-10-26,completed,Card,5397
ORD006470,CUST02790,2025-08-03,completed,COD,5498
ORD006471,CUST02790,2025-10-29,completed,UPI,2499
ORD006472,CUST02790,2026-04-05,completed,UPI,2798
ORD006473,CUST02791,2025-04-13,completed,COD,1698
ORD006474,CUST02791,2026-07-18,completed,NetBanking,3197
ORD006475,CUST02791,2025-10-10,completed,NetBanking,5397
ORD006476,CUST02791,2026-08-07,completed,UPI,6797
ORD006477,CUST02792,2026-01-30,completed,Card,4498
ORD006478,CUST02792,2026-02-28,completed,UPI,4298
ORD006479,CUST02792,2026-06-04,completed,COD,899
ORD006480,CUST02792,2025-07-10,completed,NetBanking,499
ORD006481,CUST02793,2026-03-08,completed,NetBanking,699
ORD006482,CUST02793,2026-08-09,completed,UPI,4698
ORD006483,CUST02793,2025-07-02,completed,NetBanking,4798
ORD006484,CUST02793,2026-01-06,completed,NetBanking,6998
ORD006485,CUST02793,2026-01-29,completed,UPI,2499
ORD006486,CUST02793,2026-04-15,completed,NetBanking,3999
ORD006487,CUST02794,2026-06-18,completed,Card,2298
ORD006488,CUST02794,2025-06-22,completed,UPI,3098
ORD006489,CUST02795,2025-05-02,completed,COD,2998
ORD006490,CUST02795,2026-08-19,completed,UPI,3698
ORD006491,CUST02795,2026-04-08,completed,Card,4898
ORD006492,CUST02795,2025-11-28,completed,COD,2499
ORD006493,CUST02795,2025-06-15,completed,UPI,1698
ORD006494,CUST02795,2026-03-26,completed,UPI,2998
ORD006495,CUST02796,2025-03-31,completed,Card,1299
ORD006496,CUST02797,2025-09-24,completed,UPI,2997
ORD006497,CUST02798,2025-12-22,completed,NetBanking,4197
ORD006498,CUST02798,2025-05-07,completed,COD,899
ORD006499,CUST02798,2025-04-22,completed,COD,6197
ORD006500,CUST02798,2025-03-04,completed,UPI,2499
ORD006501,CUST02798,2025-08-11,completed,Card,3398
ORD006502,CUST02798,2026-08-02,completed,Card,3999
ORD006503,CUST02799,2025-06-26,completed,NetBanking,3999
ORD006504,CUST02799,2025-12-13,completed,Card,999
ORD006505,CUST02799,2026-01-21,completed,UPI,7797
ORD006506,CUST02799,2025-08-16,completed,NetBanking,5498
ORD006507,CUST02800,2025-03-02,completed,UPI,3998
ORD006508,CUST02800,2025-12-12,completed,Card,5498
ORD006509,CUST02800,2025-03-21,completed,COD,2499
ORD006510,CUST02800,2026-01-22,completed,Card,999
ORD006511,CUST02800,2025-11-28,completed,UPI,3198
ORD006512,CUST02800,2025-11-13,completed,UPI,3798
ORD006513,CUST02800,2025-09-14,completed,UPI,4698
ORD006514,CUST02801,2025-05-31,completed,Card,7997
ORD006515,CUST02802,2025-07-16,completed,COD,5298
ORD006516,CUST02803,2026-07-02,completed,NetBanking,899
ORD006517,CUST02803,2026-03-06,completed,UPI,3998
ORD006518,CUST02804,2025-03-16,completed,COD,2998
ORD006519,CUST02804,2025-12-14,cancelled,COD,1299
ORD006520,CUST02805,2026-04-20,completed,UPI,2398
ORD006521,CUST02806,2025-08-31,completed,UPI,2999
ORD006522,CUST02808,2026-05-04,completed,NetBanking,1299
ORD006523,CUST02808,2025-08-25,completed,UPI,3998
ORD006524,CUST02809,2025-07-27,completed,UPI,3697
ORD006525,CUST02810,2025-05-15,completed,NetBanking,1998
ORD006526,CUST02810,2025-08-28,completed,COD,1499
ORD006527,CUST02810,2025-06-10,completed,Card,2498
ORD006528,CUST02810,2025-08-21,completed,UPI,3198
ORD006529,CUST02810,2026-07-06,completed,UPI,3398
ORD006530,CUST02811,2026-02-24,completed,COD,2499
ORD006531,CUST02812,2026-01-02,completed,COD,899
ORD006532,CUST02812,2025-03-02,completed,COD,2998
ORD006533,CUST02812,2025-10-09,completed,COD,2998
ORD006534,CUST02812,2026-08-08,completed,COD,6998
ORD006535,CUST02813,2025-11-05,completed,UPI,999
ORD006536,CUST02814,2025-04-21,completed,NetBanking,4297
ORD006537,CUST02816,2025-07-05,completed,COD,2298
ORD006538,CUST02817,2025-04-02,completed,UPI,2498
ORD006539,CUST02817,2026-07-10,completed,COD,3498
ORD006540,CUST02819,2026-07-22,cancelled,Card,2499
ORD006541,CUST02820,2026-03-07,completed,Card,3999
ORD006542,CUST02820,2025-05-05,completed,COD,3698
ORD006543,CUST02820,2026-04-04,completed,Card,2698
ORD006544,CUST02820,2026-04-05,completed,NetBanking,3498
ORD006545,CUST02821,2025-12-11,completed,Card,3698
ORD006546,CUST02821,2025-03-29,completed,COD,499
ORD006547,CUST02821,2026-04-24,completed,Card,1598
ORD006548,CUST02821,2026-04-12,completed,Card,699
ORD006549,CUST02821,2025-06-01,completed,Card,499
ORD006550,CUST02821,2026-03-24,completed,COD,6397
ORD006551,CUST02822,2025-07-11,completed,Card,5298
ORD006552,CUST02822,2026-04-22,completed,COD,8297
ORD006553,CUST02822,2025-03-18,cancelled,NetBanking,1299
ORD006554,CUST02822,2025-11-20,completed,Card,3798
ORD006555,CUST02823,2026-07-09,completed,Card,3398
ORD006556,CUST02824,2026-03-30,completed,NetBanking,1498
ORD006557,CUST02824,2025-04-27,completed,Card,2499
ORD006558,CUST02824,2025-08-31,completed,NetBanking,2499
ORD006559,CUST02824,2025-09-13,completed,COD,4998
ORD006560,CUST02825,2026-08-17,completed,NetBanking,5997
ORD006561,CUST02827,2025-09-08,completed,COD,1498
ORD006562,CUST02828,2026-05-30,completed,NetBanking,2998
ORD006563,CUST02828,2025-07-04,completed,UPI,2499
ORD006564,CUST02828,2026-01-05,completed,NetBanking,3198
ORD006565,CUST02828,2026-03-04,completed,COD,3798
ORD006566,CUST02829,2025-05-20,completed,COD,1499
ORD006567,CUST02829,2026-03-16,returned,UPI,3997
ORD006568,CUST02830,2026-05-14,completed,UPI,3597
ORD006569,CUST02830,2026-05-27,completed,NetBanking,2798
ORD006570,CUST02830,2025-06-07,completed,UPI,3098
ORD006571,CUST02830,2025-03-25,completed,Card,4298
ORD006572,CUST02830,2025-05-08,completed,COD,2999
ORD006573,CUST02833,2025-09-27,completed,COD,499
ORD006574,CUST02834,2025-06-26,completed,UPI,4898
ORD006575,CUST02834,2025-03-15,completed,UPI,4897
ORD006576,CUST02834,2025-08-07,completed,UPI,5197
ORD006577,CUST02836,2025-06-01,completed,NetBanking,499
ORD006578,CUST02837,2026-05-09,completed,UPI,5498
ORD006579,CUST02838,2026-05-13,completed,Card,6497
ORD006580,CUST02838,2025-04-30,completed,NetBanking,999
ORD006581,CUST02839,2025-07-28,completed,NetBanking,1198
ORD006582,CUST02840,2026-04-16,completed,UPI,4797
ORD006583,CUST02840,2026-01-09,completed,Card,1998
ORD006584,CUST02840,2025-10-16,completed,UPI,3498
ORD006585,CUST02841,2025-09-01,completed,NetBanking,2499
ORD006586,CUST02841,2026-05-24,completed,Card,3398
ORD006587,CUST02841,2025-05-16,cancelled,Card,2499
ORD006588,CUST02841,2025-05-20,completed,COD,3198
ORD006589,CUST02841,2026-02-27,completed,COD,2998
ORD006590,CUST02842,2025-10-15,completed,UPI,1998
ORD006591,CUST02843,2025-03-22,completed,NetBanking,2499
ORD006592,CUST02843,2026-05-23,completed,NetBanking,999
ORD006593,CUST02843,2026-01-11,completed,NetBanking,1798
ORD006594,CUST02843,2025-07-29,completed,COD,6797
ORD006595,CUST02843,2025-08-20,completed,UPI,6498
ORD006596,CUST02843,2025-11-11,returned,Card,5797
ORD006597,CUST02844,2026-02-08,returned,COD,3998
ORD006598,CUST02845,2025-09-28,completed,Card,3697
ORD006599,CUST02845,2025-04-14,completed,COD,7097
ORD006600,CUST02845,2025-05-25,completed,UPI,5497
ORD006601,CUST02845,2026-04-25,completed,UPI,2499
ORD006602,CUST02845,2025-05-04,completed,Card,3698
ORD006603,CUST02845,2025-10-29,completed,COD,2097
ORD006604,CUST02846,2026-08-01,completed,UPI,2499
ORD006605,CUST02846,2025-10-09,completed,Card,1499
ORD006606,CUST02847,2026-06-25,completed,COD,6498
ORD006607,CUST02847,2025-03-24,completed,NetBanking,3498
ORD006608,CUST02848,2025-08-15,completed,UPI,5297
ORD006609,CUST02850,2025-12-18,completed,Card,2499
ORD006610,CUST02850,2026-04-30,cancelled,NetBanking,5498
ORD006611,CUST02850,2025-11-19,completed,NetBanking,6297
ORD006612,CUST02850,2026-03-09,completed,UPI,699
ORD006613,CUST02850,2025-03-04,completed,Card,6397
ORD006614,CUST02851,2025-09-16,completed,NetBanking,1799
ORD006615,CUST02851,2025-12-27,completed,Card,3898
ORD006616,CUST02851,2026-05-16,completed,Card,5498
ORD006617,CUST02851,2025-11-11,completed,COD,4797
ORD006618,CUST02851,2025-08-09,completed,NetBanking,1499
ORD006619,CUST02852,2025-03-26,completed,NetBanking,1598
ORD006620,CUST02853,2025-06-26,completed,UPI,2499
ORD006621,CUST02854,2025-09-17,completed,COD,2499
ORD006622,CUST02855,2025-11-03,completed,COD,2398
ORD006623,CUST02855,2026-05-01,completed,NetBanking,1499
ORD006624,CUST02856,2025-11-01,cancelled,UPI,1299
ORD006625,CUST02857,2025-03-15,completed,NetBanking,999
ORD006626,CUST02857,2026-05-04,completed,COD,3198
ORD006627,CUST02858,2025-11-22,completed,COD,3999
ORD006628,CUST02858,2026-05-28,completed,UPI,2999
ORD006629,CUST02858,2025-10-21,completed,UPI,5498
ORD006630,CUST02859,2025-04-03,completed,Card,2097
ORD006631,CUST02860,2025-07-23,completed,UPI,4097
ORD006632,CUST02861,2026-02-10,completed,NetBanking,5498
ORD006633,CUST02861,2025-06-21,completed,COD,2499
ORD006634,CUST02861,2026-03-01,completed,NetBanking,3798
ORD006635,CUST02861,2025-09-11,completed,NetBanking,5297
ORD006636,CUST02862,2026-07-29,cancelled,Card,4197
ORD006637,CUST02862,2025-10-26,cancelled,Card,4997
ORD006638,CUST02863,2025-03-02,completed,NetBanking,1799
ORD006639,CUST02866,2025-12-16,completed,Card,1499
ORD006640,CUST02867,2025-11-16,completed,UPI,6498
ORD006641,CUST02867,2026-02-04,completed,COD,3498
ORD006642,CUST02867,2026-03-22,completed,Card,3398
ORD006643,CUST02867,2026-06-30,completed,COD,5797
ORD006644,CUST02867,2025-05-12,completed,COD,2198
ORD006645,CUST02867,2026-05-09,completed,NetBanking,5498
ORD006646,CUST02868,2026-04-30,completed,NetBanking,4298
ORD006647,CUST02869,2025-07-04,cancelled,NetBanking,4998
ORD006648,CUST02869,2025-09-29,completed,COD,3197
ORD006649,CUST02870,2026-05-31,completed,COD,2499
ORD006650,CUST02871,2025-08-26,completed,COD,6498
ORD006651,CUST02873,2026-05-09,completed,Card,2499
ORD006652,CUST02873,2026-01-07,completed,NetBanking,2499
ORD006653,CUST02873,2026-02-28,completed,Card,2499
ORD006654,CUST02873,2025-03-13,cancelled,NetBanking,4497
ORD006655,CUST02874,2026-03-22,completed,Card,699
ORD006656,CUST02875,2025-03-26,completed,Card,2499
ORD006657,CUST02876,2025-11-11,completed,Card,6498
ORD006658,CUST02876,2025-11-22,returned,Card,3998
ORD006659,CUST02876,2025-06-22,completed,NetBanking,4798
ORD006660,CUST02876,2025-05-27,completed,COD,999
ORD006661,CUST02876,2026-05-18,completed,Card,2798
ORD006662,CUST02876,2025-12-04,completed,NetBanking,1499
ORD006663,CUST02876,2026-08-22,completed,UPI,6998
ORD006664,CUST02877,2025-03-26,completed,Card,1898
ORD006665,CUST02879,2026-04-19,completed,COD,2499
ORD006666,CUST02879,2026-08-15,completed,Card,6797
ORD006667,CUST02879,2025-10-25,completed,NetBanking,1498
ORD006668,CUST02880,2025-06-28,completed,NetBanking,5498
ORD006669,CUST02880,2025-06-05,completed,COD,2499
ORD006670,CUST02880,2025-08-05,completed,NetBanking,3998
ORD006671,CUST02880,2026-03-31,completed,NetBanking,2198
ORD006672,CUST02882,2025-07-27,completed,Card,899
ORD006673,CUST02882,2026-07-31,completed,NetBanking,3198
ORD006674,CUST02882,2026-08-10,completed,COD,3697
ORD006675,CUST02882,2025-03-07,completed,NetBanking,999
ORD006676,CUST02882,2025-11-16,completed,COD,999
ORD006677,CUST02882,2025-04-23,completed,Card,6498
ORD006678,CUST02883,2025-03-09,completed,COD,6498
ORD006679,CUST02883,2026-01-12,completed,NetBanking,6397
ORD006680,CUST02884,2025-08-29,completed,NetBanking,1998
ORD006681,CUST02885,2025-06-13,completed,COD,3198
ORD006682,CUST02885,2026-06-16,cancelled,NetBanking,2999
ORD006683,CUST02885,2025-10-30,completed,UPI,499
ORD006684,CUST02885,2025-12-24,completed,NetBanking,2499
ORD006685,CUST02885,2025-04-16,completed,COD,2698
ORD006686,CUST02885,2025-06-20,cancelled,COD,5498
ORD006687,CUST02886,2025-06-14,completed,COD,3999
ORD006688,CUST02886,2025-06-23,completed,COD,6797
ORD006689,CUST02886,2025-09-22,completed,COD,6397
ORD006690,CUST02887,2025-05-11,completed,Card,1299
ORD006691,CUST02888,2025-07-11,cancelled,UPI,5798
ORD006692,CUST02889,2025-04-04,completed,Card,9497
ORD006693,CUST02890,2025-12-03,completed,UPI,499
ORD006694,CUST02891,2025-06-03,completed,NetBanking,1198
ORD006695,CUST02893,2025-07-20,completed,NetBanking,3498
ORD006696,CUST02893,2026-04-10,completed,NetBanking,2499
ORD006697,CUST02893,2025-03-11,completed,COD,2499
ORD006698,CUST02893,2026-01-28,completed,Card,1498
ORD006699,CUST02893,2025-08-28,completed,COD,2998
ORD006700,CUST02893,2026-01-22,completed,UPI,3198
ORD006701,CUST02893,2025-11-27,completed,NetBanking,3798
ORD006702,CUST02894,2025-09-08,completed,Card,2198
ORD006703,CUST02895,2025-05-29,completed,UPI,5298
ORD006704,CUST02895,2026-08-05,returned,UPI,2198
ORD006705,CUST02895,2026-06-12,completed,UPI,1799
ORD006706,CUST02896,2025-10-25,cancelled,NetBanking,4998
ORD006707,CUST02897,2026-05-12,completed,UPI,1498
ORD006708,CUST02897,2026-06-09,returned,NetBanking,4297
ORD006709,CUST02897,2026-07-14,completed,NetBanking,4798
ORD006710,CUST02897,2025-03-18,completed,NetBanking,899
ORD006711,CUST02897,2025-03-11,completed,NetBanking,1998
ORD006712,CUST02898,2025-05-06,completed,COD,6797
ORD006713,CUST02898,2025-11-17,completed,Card,1198
ORD006714,CUST02898,2025-08-13,completed,UPI,3999
ORD006715,CUST02898,2025-09-06,completed,NetBanking,2998
ORD006716,CUST02898,2026-01-05,completed,NetBanking,2998
ORD006717,CUST02900,2025-10-08,completed,Card,2499
ORD006718,CUST02900,2026-07-25,returned,Card,5298
ORD006719,CUST02901,2026-07-09,completed,UPI,2498
ORD006720,CUST02901,2025-11-27,completed,COD,1198
ORD006721,CUST02901,2025-07-28,completed,NetBanking,3898
ORD006722,CUST02901,2025-08-14,completed,COD,3898
ORD006723,CUST02901,2026-05-19,completed,UPI,4898
ORD006724,CUST02901,2025-03-04,completed,COD,3999
ORD006725,CUST02903,2025-07-29,completed,UPI,4898
ORD006726,CUST02903,2026-07-31,completed,COD,3698
ORD006727,CUST02903,2026-02-05,completed,NetBanking,4797
ORD006728,CUST02903,2025-05-21,returned,UPI,2998
ORD006729,CUST02903,2025-07-23,completed,NetBanking,4997
ORD006730,CUST02903,2025-05-16,completed,NetBanking,4997
ORD006731,CUST02903,2025-10-15,completed,NetBanking,3198
ORD006732,CUST02903,2026-08-07,completed,Card,2998
ORD006733,CUST02904,2025-08-08,completed,UPI,6297
ORD006734,CUST02904,2025-05-16,completed,UPI,5498
ORD006735,CUST02904,2026-08-19,completed,NetBanking,6197
ORD006736,CUST02905,2026-07-30,completed,COD,3798
ORD006737,CUST02906,2026-08-09,completed,Card,2998
ORD006738,CUST02907,2026-07-25,completed,Card,3698
ORD006739,CUST02907,2026-07-30,completed,Card,4997
ORD006740,CUST02907,2026-07-15,completed,NetBanking,1299
ORD006741,CUST02907,2025-09-28,completed,COD,3597
ORD006742,CUST02907,2025-09-04,returned,NetBanking,2498
ORD006743,CUST02907,2026-06-12,completed,COD,2998
ORD006744,CUST02908,2026-03-08,completed,UPI,4397
ORD006745,CUST02909,2025-06-18,completed,UPI,6497
ORD006746,CUST02909,2025-09-16,completed,UPI,2499
ORD006747,CUST02909,2026-05-29,completed,COD,3198
ORD006748,CUST02909,2025-03-25,completed,UPI,2998
ORD006749,CUST02910,2026-07-09,completed,COD,1698
ORD006750,CUST02912,2025-11-24,completed,COD,5197
ORD006751,CUST02912,2025-03-23,completed,Card,1299
ORD006752,CUST02913,2026-01-27,completed,COD,3198
ORD006753,CUST02913,2025-06-22,cancelled,UPI,999
ORD006754,CUST02914,2026-08-04,completed,NetBanking,6997
ORD006755,CUST02915,2025-05-30,completed,COD,3498
ORD006756,CUST02915,2025-03-01,completed,UPI,2998
ORD006757,CUST02915,2025-07-06,completed,COD,2999
ORD006758,CUST02916,2025-05-27,completed,COD,3798
ORD006759,CUST02917,2025-07-01,completed,NetBanking,1898
ORD006760,CUST02917,2025-04-16,completed,UPI,2499
ORD006761,CUST02917,2025-06-28,completed,NetBanking,2198
ORD006762,CUST02917,2025-04-09,completed,Card,8497
ORD006763,CUST02917,2025-12-09,completed,Card,2698
ORD006764,CUST02918,2026-03-31,completed,COD,3999
ORD006765,CUST02918,2025-05-21,completed,COD,1498
ORD006766,CUST02919,2026-05-15,completed,COD,4597
ORD006767,CUST02920,2026-03-27,completed,COD,3698
ORD006768,CUST02920,2026-05-15,completed,NetBanking,2298
ORD006769,CUST02920,2026-08-05,completed,COD,3198
ORD006770,CUST02920,2025-09-18,completed,NetBanking,2499
ORD006771,CUST02920,2026-06-22,completed,Card,2499
ORD006772,CUST02920,2026-06-05,completed,Card,699
ORD006773,CUST02920,2026-07-10,cancelled,UPI,1798
ORD006774,CUST02921,2026-02-03,completed,Card,4997
ORD006775,CUST02922,2026-03-30,cancelled,COD,4498
ORD006776,CUST02922,2026-04-30,returned,NetBanking,2999
ORD006777,CUST02922,2025-07-28,completed,UPI,2499
ORD006778,CUST02922,2025-08-01,completed,NetBanking,5197
ORD006779,CUST02922,2026-03-13,completed,UPI,1299
ORD006780,CUST02922,2026-07-01,cancelled,Card,2499
ORD006781,CUST02922,2026-07-26,completed,UPI,2499
ORD006782,CUST02922,2025-11-07,completed,UPI,8297
ORD006783,CUST02923,2026-01-03,completed,COD,899
ORD006784,CUST02923,2026-08-08,completed,UPI,5597
ORD006785,CUST02925,2025-07-12,completed,UPI,3398
ORD006786,CUST02926,2026-05-15,completed,NetBanking,5797
ORD006787,CUST02927,2025-09-12,completed,COD,5798
ORD006788,CUST02927,2025-12-04,completed,COD,499
ORD006789,CUST02927,2026-02-16,completed,UPI,2499
ORD006790,CUST02927,2025-06-25,completed,UPI,3898
ORD006791,CUST02927,2026-06-13,completed,Card,4798
ORD006792,CUST02927,2025-11-24,completed,UPI,2999
ORD006793,CUST02928,2026-05-12,completed,NetBanking,499
ORD006794,CUST02928,2026-03-12,completed,UPI,6797
ORD006795,CUST02930,2025-11-10,completed,Card,4298
ORD006796,CUST02930,2025-05-25,completed,COD,2998
ORD006797,CUST02930,2025-08-24,completed,COD,4597
ORD006798,CUST02931,2026-08-03,cancelled,Card,2499
ORD006799,CUST02932,2025-05-20,completed,COD,1198
ORD006800,CUST02932,2025-08-08,completed,Card,4498
ORD006801,CUST02932,2026-01-31,completed,Card,5498
ORD006802,CUST02933,2025-10-05,cancelled,NetBanking,499
ORD006803,CUST02934,2025-05-21,returned,COD,4498
ORD006804,CUST02934,2026-07-07,completed,UPI,2499
ORD006805,CUST02935,2026-07-30,completed,UPI,3998
ORD006806,CUST02936,2025-10-12,completed,Card,3999
ORD006807,CUST02936,2025-07-10,completed,UPI,2998
ORD006808,CUST02938,2025-09-12,completed,Card,2499
ORD006809,CUST02938,2026-04-16,completed,COD,3998
ORD006810,CUST02939,2025-11-11,completed,UPI,899
ORD006811,CUST02939,2025-04-19,completed,NetBanking,4897
ORD006812,CUST02940,2025-11-30,completed,Card,7197
ORD006813,CUST02940,2025-10-07,completed,Card,1299
ORD006814,CUST02940,2026-07-11,completed,UPI,1598
ORD006815,CUST02940,2026-01-31,completed,UPI,2998
ORD006816,CUST02940,2025-06-15,completed,NetBanking,1799
ORD006817,CUST02942,2025-06-16,completed,NetBanking,2499
ORD006818,CUST02942,2025-09-19,completed,NetBanking,1798
ORD006819,CUST02944,2025-10-02,cancelled,Card,2398
ORD006820,CUST02944,2025-08-31,completed,NetBanking,4698
ORD006821,CUST02945,2026-04-13,completed,NetBanking,4498
ORD006822,CUST02947,2026-05-25,returned,UPI,899
ORD006823,CUST02947,2025-05-25,returned,NetBanking,3398
ORD006824,CUST02949,2025-09-01,completed,UPI,6498
ORD006825,CUST02949,2026-05-05,completed,COD,1299
ORD006826,CUST02949,2025-06-23,completed,UPI,2999
ORD006827,CUST02950,2025-06-02,cancelled,NetBanking,7297
ORD006828,CUST02952,2025-11-06,completed,UPI,2798
ORD006829,CUST02953,2026-08-06,completed,Card,5297
ORD006830,CUST02953,2025-11-15,completed,NetBanking,6498
ORD006831,CUST02953,2025-07-08,completed,Card,2298
ORD006832,CUST02953,2025-10-21,completed,UPI,2298
ORD006833,CUST02954,2025-08-25,completed,NetBanking,3198
ORD006834,CUST02954,2026-03-13,completed,UPI,2698
ORD006835,CUST02954,2026-04-19,completed,NetBanking,899
ORD006836,CUST02954,2026-05-02,completed,UPI,3997
ORD006837,CUST02954,2026-06-27,completed,COD,1299
ORD006838,CUST02955,2026-02-10,completed,COD,3697
ORD006839,CUST02955,2025-05-22,completed,COD,2998
ORD006840,CUST02955,2025-09-11,completed,COD,1499
ORD006841,CUST02955,2026-06-13,completed,UPI,2499
ORD006842,CUST02955,2025-09-01,completed,NetBanking,1799
ORD006843,CUST02955,2026-07-23,completed,UPI,3697
ORD006844,CUST02955,2026-05-10,completed,UPI,3498
ORD006845,CUST02957,2026-02-02,completed,NetBanking,6797
ORD006846,CUST02957,2025-08-03,completed,UPI,3998
ORD006847,CUST02957,2026-05-23,completed,NetBanking,1299
ORD006848,CUST02958,2025-10-22,completed,Card,3999
ORD006849,CUST02958,2026-05-04,cancelled,Card,1799
ORD006850,CUST02958,2026-01-30,completed,Card,999
ORD006851,CUST02958,2025-12-14,completed,NetBanking,1998
ORD006852,CUST02959,2025-10-31,completed,UPI,4097
ORD006853,CUST02959,2026-05-24,completed,NetBanking,2499
ORD006854,CUST02959,2025-12-15,completed,NetBanking,2999
ORD006855,CUST02959,2025-11-11,completed,COD,2998
ORD006856,CUST02959,2025-08-14,completed,COD,6997
ORD006857,CUST02959,2025-11-12,completed,NetBanking,4298
ORD006858,CUST02959,2026-03-26,completed,COD,2997
ORD006859,CUST02959,2025-10-09,completed,COD,3498
ORD006860,CUST02960,2025-04-30,completed,COD,4298
ORD006861,CUST02960,2025-06-13,completed,Card,1799
ORD006862,CUST02960,2025-03-23,completed,UPI,2499
ORD006863,CUST02961,2025-05-21,completed,NetBanking,3997
ORD006864,CUST02962,2026-08-05,completed,NetBanking,5298
ORD006865,CUST02962,2025-03-30,completed,COD,6498
ORD006866,CUST02962,2025-09-15,completed,COD,3897
ORD006867,CUST02962,2025-10-29,completed,Card,999
ORD006868,CUST02962,2025-08-01,completed,COD,3098
ORD006869,CUST02963,2026-05-12,completed,NetBanking,4298
ORD006870,CUST02964,2025-11-11,completed,NetBanking,3898
ORD006871,CUST02965,2026-01-06,completed,COD,899
ORD006872,CUST02966,2026-08-21,completed,COD,4498
ORD006873,CUST02966,2025-10-10,cancelled,Card,6397
ORD006874,CUST02966,2026-06-19,completed,NetBanking,1598
ORD006875,CUST02966,2026-02-08,completed,UPI,699
ORD006876,CUST02966,2025-05-20,completed,UPI,3098
ORD006877,CUST02966,2026-02-23,completed,COD,3999
ORD006878,CUST02967,2025-09-14,completed,UPI,1898
ORD006879,CUST02967,2025-09-22,completed,UPI,3197
ORD006880,CUST02967,2025-09-06,completed,NetBanking,3398
ORD006881,CUST02967,2025-06-06,completed,UPI,1698
ORD006882,CUST02968,2025-08-04,completed,Card,6498
ORD006883,CUST02968,2025-06-01,completed,NetBanking,5797
ORD006884,CUST02969,2026-03-07,completed,UPI,2798
ORD006885,CUST02970,2026-08-15,completed,COD,1998
ORD006886,CUST02971,2026-01-13,completed,NetBanking,3998
ORD006887,CUST02972,2025-05-23,completed,Card,499
ORD006888,CUST02972,2026-07-04,completed,Card,2498
ORD006889,CUST02972,2025-03-11,completed,Card,3697
ORD006890,CUST02972,2026-04-03,completed,NetBanking,2498
ORD006891,CUST02972,2025-09-08,completed,Card,3398
ORD006892,CUST02972,2025-12-30,completed,UPI,1398
ORD006893,CUST02974,2026-02-01,completed,UPI,6697
ORD006894,CUST02975,2026-08-03,completed,COD,5498
ORD006895,CUST02975,2025-11-29,completed,UPI,3398
ORD006896,CUST02976,2025-09-04,completed,UPI,1198
ORD006897,CUST02976,2025-09-18,completed,NetBanking,699
ORD006898,CUST02976,2025-09-13,completed,COD,1498
ORD006899,CUST02977,2025-12-29,completed,COD,2498
ORD006900,CUST02977,2025-06-29,completed,COD,3398
ORD006901,CUST02978,2025-04-22,completed,Card,2499
ORD006902,CUST02978,2026-08-03,completed,UPI,1998
ORD006903,CUST02979,2026-05-01,completed,UPI,6498
ORD006904,CUST02979,2026-06-20,completed,UPI,2499
ORD006905,CUST02979,2025-11-09,returned,Card,6498
ORD006906,CUST02979,2025-04-08,completed,COD,3698
ORD006907,CUST02980,2025-11-14,completed,NetBanking,4298
ORD006908,CUST02981,2026-06-13,completed,NetBanking,2499
ORD006909,CUST02982,2025-05-01,cancelled,NetBanking,4497
ORD006910,CUST02983,2026-04-06,completed,Card,2798
ORD006911,CUST02983,2026-07-27,completed,UPI,1799
ORD006912,CUST02983,2025-05-15,completed,COD,6998
ORD006913,CUST02984,2026-01-15,completed,UPI,4298
ORD006914,CUST02985,2025-11-20,completed,NetBanking,5298
ORD006915,CUST02985,2025-05-12,completed,Card,3798
ORD006916,CUST02985,2025-08-30,completed,COD,3197
ORD006917,CUST02985,2025-10-07,completed,NetBanking,1799
ORD006918,CUST02985,2025-05-20,completed,Card,3998
ORD006919,CUST02986,2025-07-18,completed,COD,5298
ORD006920,CUST02987,2025-11-12,completed,UPI,4897
ORD006921,CUST02987,2026-07-25,completed,Card,3998
ORD006922,CUST02987,2025-08-29,completed,Card,2499
ORD006923,CUST02987,2025-06-29,completed,UPI,1998
ORD006924,CUST02988,2026-06-12,completed,Card,499
ORD006925,CUST02988,2026-02-03,completed,NetBanking,2499
ORD006926,CUST02988,2025-04-13,completed,Card,4298
ORD006927,CUST02988,2025-03-25,completed,NetBanking,2499
ORD006928,CUST02988,2026-08-18,completed,NetBanking,2198
ORD006929,CUST02989,2026-06-29,completed,NetBanking,2298
ORD006930,CUST02989,2025-07-02,completed,Card,899
ORD006931,CUST02989,2025-09-07,completed,UPI,3998
ORD006932,CUST02989,2025-04-20,completed,NetBanking,1799
ORD006933,CUST02990,2026-03-20,completed,UPI,4997
ORD006934,CUST02990,2025-05-04,completed,Card,1398
ORD006935,CUST02990,2025-04-18,returned,Card,1799
ORD006936,CUST02990,2026-04-23,completed,NetBanking,2499
ORD006937,CUST02990,2026-05-28,completed,UPI,1799
ORD006938,CUST02990,2025-12-01,completed,COD,4997
ORD006939,CUST02990,2025-03-08,completed,Card,6498
ORD006940,CUST02992,2025-03-09,completed,UPI,4097
ORD006941,CUST02993,2025-12-28,completed,NetBanking,2798
ORD006942,CUST02993,2026-03-15,completed,COD,4298
ORD006943,CUST02993,2026-03-19,completed,NetBanking,2499
ORD006944,CUST02993,2025-06-13,completed,Card,4998
ORD006945,CUST02993,2026-01-25,completed,NetBanking,3898
ORD006946,CUST02993,2026-02-18,completed,UPI,4498
ORD006947,CUST02994,2025-12-26,completed,UPI,2499
ORD006948,CUST02995,2026-03-13,completed,Card,1598
ORD006949,CUST02995,2025-11-08,completed,COD,2499
ORD006950,CUST02995,2025-08-16,completed,NetBanking,3498
ORD006951,CUST02995,2026-04-27,completed,NetBanking,2499
ORD006952,CUST02995,2026-04-18,completed,COD,1598
ORD006953,CUST02995,2026-04-09,completed,COD,1799
ORD006954,CUST02996,2026-06-03,returned,UPI,3999
ORD006955,CUST02996,2025-04-21,completed,UPI,1498
ORD006956,CUST02996,2025-08-28,completed,COD,7997
ORD006957,CUST02998,2026-05-02,completed,Card,2499
ORD006958,CUST02999,2025-10-07,completed,Card,499
ORD006959,CUST02999,2026-07-07,completed,COD,499
ORD006960,CUST03000,2025-04-10,completed,COD,1498
ORD006961,CUST03000,2025-12-31,completed,Card,2499
ORD006962,CUST03000,2025-06-13,completed,COD,699
ORD006963,CUST03000,2025-12-17,returned,Card,3697
ORD006964,CUST03001,2025-07-14,completed,COD,4697
ORD006965,CUST03002,2025-11-25,completed,UPI,2998
ORD006966,CUST03002,2026-01-01,completed,COD,1499
ORD006967,CUST03002,2025-05-27,returned,Card,1799
ORD006968,CUST03002,2026-04-09,completed,NetBanking,4498
ORD006969,CUST03002,2026-02-25,completed,NetBanking,4497
ORD006970,CUST03002,2026-01-16,completed,Card,1299
ORD006971,CUST03003,2026-08-13,returned,Card,4898
ORD006972,CUST03004,2025-03-26,completed,Card,8297
ORD006973,CUST03004,2025-11-17,completed,COD,2499
ORD006974,CUST03005,2025-04-16,completed,COD,5298
ORD006975,CUST03005,2025-09-03,completed,Card,8297
ORD006976,CUST03005,2025-05-21,completed,NetBanking,5597
ORD006977,CUST03006,2025-05-02,completed,NetBanking,1799
ORD006978,CUST03006,2026-03-11,completed,UPI,1898
ORD006979,CUST03006,2026-02-28,completed,Card,5498
ORD006980,CUST03006,2025-06-05,completed,NetBanking,2998
ORD006981,CUST03006,2026-01-26,completed,Card,3999
ORD006982,CUST03006,2026-02-21,completed,Card,2897
ORD006983,CUST03006,2025-11-22,completed,UPI,699
ORD006984,CUST03007,2026-06-01,completed,UPI,3498
ORD006985,CUST03009,2026-08-18,completed,NetBanking,4798
ORD006986,CUST03012,2025-12-20,completed,Card,899
ORD006987,CUST03013,2025-04-03,completed,Card,1299
ORD006988,CUST03013,2025-11-06,completed,COD,2398
ORD006989,CUST03013,2025-12-31,completed,UPI,1799
ORD006990,CUST03013,2025-10-03,completed,Card,8297
ORD006991,CUST03013,2025-09-02,completed,COD,4097
ORD006992,CUST03014,2025-05-20,completed,Card,699
ORD006993,CUST03014,2025-10-08,completed,Card,2499
ORD006994,CUST03014,2025-04-01,completed,NetBanking,7397
ORD006995,CUST03014,2025-11-17,completed,NetBanking,2897
ORD006996,CUST03014,2026-04-01,completed,Card,3997
ORD006997,CUST03014,2026-08-03,completed,UPI,999
ORD006998,CUST03014,2025-06-04,completed,NetBanking,899
ORD006999,CUST03014,2025-04-13,completed,UPI,5798
ORD007000,CUST03015,2025-08-03,completed,UPI,499
ORD007001,CUST03015,2026-05-30,completed,NetBanking,4298
ORD007002,CUST03015,2026-05-26,completed,Card,1499
ORD007003,CUST03015,2025-05-13,completed,COD,1498
ORD007004,CUST03015,2025-07-30,completed,COD,1499
ORD007005,CUST03016,2025-08-21,completed,UPI,5498
ORD007006,CUST03017,2026-01-30,completed,NetBanking,1798
ORD007007,CUST03017,2025-04-24,completed,UPI,1799
ORD007008,CUST03017,2026-08-17,cancelled,Card,2298
ORD007009,CUST03017,2025-11-18,completed,UPI,3798
ORD007010,CUST03017,2025-08-26,returned,NetBanking,2499
ORD007011,CUST03017,2025-10-06,completed,Card,1299
ORD007012,CUST03019,2025-12-17,completed,NetBanking,699
ORD007013,CUST03019,2025-06-12,completed,NetBanking,3298
ORD007014,CUST03019,2026-02-09,completed,Card,5597
ORD007015,CUST03020,2025-11-15,completed,Card,4697
ORD007016,CUST03020,2025-07-22,completed,Card,1299
ORD007017,CUST03020,2025-08-03,completed,COD,2499
ORD007018,CUST03020,2025-08-23,completed,COD,3998
ORD007019,CUST03020,2026-08-16,completed,COD,1998
ORD007020,CUST03020,2025-05-02,completed,UPI,3697
ORD007021,CUST03021,2025-10-21,completed,Card,5498
ORD007022,CUST03022,2026-03-26,completed,UPI,2998
ORD007023,CUST03022,2025-10-14,completed,COD,1799
ORD007024,CUST03023,2025-03-04,completed,COD,2499
ORD007025,CUST03023,2025-09-15,completed,COD,899
ORD007026,CUST03023,2026-05-23,completed,COD,2499
ORD007027,CUST03023,2026-02-02,completed,NetBanking,2999
ORD007028,CUST03023,2025-07-17,completed,Card,2298
ORD007029,CUST03023,2025-08-09,completed,NetBanking,3498
ORD007030,CUST03023,2026-06-30,completed,UPI,3999
ORD007031,CUST03023,2026-03-21,completed,NetBanking,999
ORD007032,CUST03024,2025-10-06,returned,NetBanking,1998
ORD007033,CUST03024,2026-08-09,completed,UPI,1799
ORD007034,CUST03024,2025-03-31,completed,Card,899
ORD007035,CUST03024,2025-08-13,completed,NetBanking,999
ORD007036,CUST03024,2026-07-07,completed,NetBanking,999
ORD007037,CUST03024,2025-05-25,cancelled,UPI,4298
ORD007038,CUST03025,2025-03-18,cancelled,UPI,4298
ORD007039,CUST03025,2025-09-02,cancelled,Card,3398
ORD007040,CUST03025,2025-05-12,completed,NetBanking,3498
ORD007041,CUST03025,2026-08-12,completed,COD,3297
ORD007042,CUST03025,2025-12-28,completed,NetBanking,3798
ORD007043,CUST03026,2025-06-14,completed,COD,7397
ORD007044,CUST03026,2026-07-27,returned,COD,3999
ORD007045,CUST03026,2026-03-08,completed,COD,3098
ORD007046,CUST03026,2026-07-22,completed,UPI,1198
ORD007047,CUST03027,2026-08-08,completed,UPI,6197
ORD007048,CUST03027,2025-03-30,completed,UPI,2499
ORD007049,CUST03027,2025-08-31,completed,UPI,1198
ORD007050,CUST03027,2025-08-21,completed,Card,6397
ORD007051,CUST03027,2026-07-15,completed,Card,3798
ORD007052,CUST03027,2025-08-03,completed,UPI,3998
ORD007053,CUST03027,2025-04-28,completed,UPI,2998
ORD007054,CUST03028,2025-10-29,returned,Card,7797
ORD007055,CUST03028,2025-04-21,completed,UPI,5197
ORD007056,CUST03029,2025-08-15,completed,NetBanking,5498
ORD007057,CUST03029,2025-12-27,completed,Card,6397
ORD007058,CUST03030,2026-04-13,completed,NetBanking,5498
ORD007059,CUST03030,2025-11-07,completed,COD,1498
ORD007060,CUST03030,2025-09-25,completed,Card,3398
ORD007061,CUST03030,2025-08-24,completed,COD,1299
ORD007062,CUST03030,2025-03-10,completed,Card,3198
ORD007063,CUST03030,2026-06-17,cancelled,NetBanking,2998
ORD007064,CUST03031,2025-04-14,completed,COD,3797
ORD007065,CUST03031,2025-06-23,completed,NetBanking,2298
ORD007066,CUST03032,2025-05-14,completed,NetBanking,2498
ORD007067,CUST03032,2025-06-29,completed,COD,6297
ORD007068,CUST03032,2025-05-18,completed,NetBanking,2498
ORD007069,CUST03033,2025-10-08,completed,COD,1799
ORD007070,CUST03034,2026-03-24,completed,NetBanking,6998
ORD007071,CUST03035,2025-05-01,completed,COD,899
ORD007072,CUST03036,2025-08-01,completed,NetBanking,4997
ORD007073,CUST03037,2026-04-24,completed,UPI,2999
ORD007074,CUST03037,2026-07-12,completed,UPI,4997
ORD007075,CUST03037,2026-02-21,completed,NetBanking,999
ORD007076,CUST03037,2026-04-17,completed,NetBanking,2998
ORD007077,CUST03037,2025-12-08,completed,NetBanking,2197
ORD007078,CUST03037,2026-07-09,completed,NetBanking,4297
ORD007079,CUST03038,2025-06-09,completed,NetBanking,5297
ORD007080,CUST03038,2025-03-31,completed,COD,7497
ORD007081,CUST03039,2025-11-20,completed,Card,1499
ORD007082,CUST03039,2026-05-20,completed,UPI,3098
ORD007083,CUST03040,2025-08-18,completed,UPI,899
ORD007084,CUST03041,2025-08-12,completed,UPI,2999
ORD007085,CUST03042,2026-05-18,completed,UPI,2499
ORD007086,CUST03042,2025-10-20,completed,NetBanking,1799
ORD007087,CUST03042,2025-08-01,completed,UPI,3498
ORD007088,CUST03042,2025-07-24,completed,NetBanking,3197
ORD007089,CUST03042,2026-04-07,completed,Card,3698
ORD007090,CUST03044,2026-04-05,completed,UPI,8797
ORD007091,CUST03045,2025-06-28,completed,UPI,4997
ORD007092,CUST03046,2026-02-27,completed,NetBanking,1499
ORD007093,CUST03046,2026-08-01,completed,Card,3798
ORD007094,CUST03046,2026-01-29,completed,COD,8497
ORD007095,CUST03046,2026-02-22,completed,NetBanking,499
ORD007096,CUST03046,2025-05-30,completed,COD,4797
ORD007097,CUST03046,2026-06-23,completed,Card,1299
ORD007098,CUST03046,2026-03-23,completed,UPI,5197
ORD007099,CUST03047,2026-07-23,completed,COD,7797
ORD007100,CUST03047,2026-06-18,completed,COD,3798
ORD007101,CUST03047,2026-04-12,completed,UPI,1198
ORD007102,CUST03048,2025-08-17,completed,COD,4197
ORD007103,CUST03048,2026-04-30,completed,NetBanking,6498
ORD007104,CUST03049,2025-10-19,completed,UPI,3198
ORD007105,CUST03049,2026-05-21,completed,COD,3999
ORD007106,CUST03049,2026-01-22,completed,UPI,2798
ORD007107,CUST03049,2025-08-18,completed,COD,899
ORD007108,CUST03049,2025-07-21,completed,NetBanking,1198
ORD007109,CUST03049,2025-05-29,completed,Card,699
ORD007110,CUST03049,2026-01-30,completed,UPI,499
ORD007111,CUST03049,2026-06-29,completed,NetBanking,2798
ORD007112,CUST03050,2025-09-13,completed,Card,3198
ORD007113,CUST03050,2025-10-05,completed,NetBanking,3898
ORD007114,CUST03051,2025-03-14,completed,NetBanking,4498
ORD007115,CUST03051,2026-05-05,completed,Card,6997
ORD007116,CUST03051,2025-08-05,completed,Card,2998
ORD007117,CUST03051,2026-04-27,completed,NetBanking,2798
ORD007118,CUST03051,2026-01-31,completed,UPI,4697
ORD007119,CUST03051,2025-03-05,completed,Card,4898
ORD007120,CUST03052,2025-04-05,completed,NetBanking,7797
ORD007121,CUST03053,2026-03-16,completed,COD,3897
ORD007122,CUST03054,2025-03-10,completed,Card,3398
ORD007123,CUST03055,2025-06-05,completed,Card,999
ORD007124,CUST03055,2025-06-11,completed,NetBanking,4798
ORD007125,CUST03055,2025-11-12,completed,NetBanking,2499
ORD007126,CUST03055,2025-12-22,completed,UPI,2499
ORD007127,CUST03055,2025-07-14,completed,UPI,2999
ORD007128,CUST03055,2026-07-04,completed,COD,3998
ORD007129,CUST03055,2025-05-26,completed,COD,3999
ORD007130,CUST03055,2025-06-08,completed,Card,2499
ORD007131,CUST03057,2026-05-10,cancelled,COD,3998
ORD007132,CUST03058,2025-03-06,completed,NetBanking,2499
ORD007133,CUST03058,2025-03-10,completed,NetBanking,6297
ORD007134,CUST03058,2026-02-13,completed,COD,7797
ORD007135,CUST03058,2026-07-06,completed,UPI,3597
ORD007136,CUST03058,2025-09-14,completed,COD,2499
ORD007137,CUST03059,2025-04-17,completed,UPI,2499
ORD007138,CUST03060,2026-03-20,completed,Card,2499
ORD007139,CUST03060,2025-11-15,completed,COD,3398
ORD007140,CUST03060,2026-08-01,completed,COD,1798
ORD007141,CUST03063,2025-04-14,completed,NetBanking,999
ORD007142,CUST03063,2026-07-17,completed,UPI,999
ORD007143,CUST03064,2026-02-08,completed,Card,1799
ORD007144,CUST03066,2025-10-23,completed,Card,1299
ORD007145,CUST03066,2025-05-23,completed,COD,999
ORD007146,CUST03067,2026-07-05,completed,Card,3097
ORD007147,CUST03067,2025-09-07,completed,UPI,3398
ORD007148,CUST03067,2025-07-19,completed,Card,2999
ORD007149,CUST03068,2026-02-25,completed,NetBanking,1598
ORD007150,CUST03068,2026-05-15,completed,NetBanking,1799
ORD007151,CUST03069,2025-10-19,completed,COD,2999
ORD007152,CUST03070,2025-06-27,completed,COD,3697
ORD007153,CUST03070,2025-07-28,completed,Card,4498
ORD007154,CUST03072,2025-12-22,completed,UPI,2498
ORD007155,CUST03072,2025-06-04,completed,UPI,1799
ORD007156,CUST03072,2025-09-26,completed,NetBanking,999
ORD007157,CUST03072,2026-03-31,completed,UPI,5498
ORD007158,CUST03072,2025-12-10,completed,NetBanking,1798
ORD007159,CUST03072,2025-04-25,completed,Card,4498
ORD007160,CUST03073,2025-08-22,returned,UPI,3698
ORD007161,CUST03073,2026-03-16,completed,Card,4898
ORD007162,CUST03073,2026-02-13,completed,Card,3999
ORD007163,CUST03073,2026-07-17,completed,NetBanking,3999
ORD007164,CUST03073,2026-04-03,completed,COD,899
ORD007165,CUST03073,2026-05-20,completed,COD,2499
ORD007166,CUST03074,2025-11-16,completed,Card,5497
ORD007167,CUST03074,2025-09-11,completed,Card,3999
ORD007168,CUST03074,2026-04-07,completed,Card,6797
ORD007169,CUST03074,2025-03-05,completed,COD,1998
ORD007170,CUST03075,2026-03-03,completed,UPI,6397
ORD007171,CUST03075,2025-11-28,completed,Card,3697
ORD007172,CUST03075,2025-03-28,completed,COD,3098
ORD007173,CUST03075,2025-09-22,completed,COD,4798
ORD007174,CUST03075,2026-02-25,completed,Card,3998
ORD007175,CUST03075,2026-06-04,completed,COD,1698
ORD007176,CUST03076,2026-06-04,completed,NetBanking,5397
ORD007177,CUST03077,2025-05-13,completed,NetBanking,4698
ORD007178,CUST03077,2025-06-24,completed,COD,3798
ORD007179,CUST03077,2025-10-12,completed,Card,5498
ORD007180,CUST03077,2025-04-11,completed,UPI,4097
ORD007181,CUST03077,2026-01-20,completed,Card,3198
ORD007182,CUST03078,2025-10-02,completed,NetBanking,2498
ORD007183,CUST03079,2025-09-09,completed,UPI,2499
ORD007184,CUST03079,2026-06-20,completed,Card,4298
ORD007185,CUST03079,2026-03-19,completed,COD,3498
ORD007186,CUST03079,2025-12-27,completed,NetBanking,5298
ORD007187,CUST03079,2026-08-06,completed,UPI,2499
ORD007188,CUST03080,2026-08-07,completed,UPI,5697
ORD007189,CUST03080,2026-04-15,completed,Card,2198
ORD007190,CUST03080,2025-04-02,completed,UPI,1799
ORD007191,CUST03081,2025-11-15,completed,NetBanking,2499
ORD007192,CUST03081,2025-10-03,completed,COD,1799
ORD007193,CUST03081,2025-09-08,completed,Card,3498
ORD007194,CUST03081,2026-08-10,returned,Card,5298
ORD007195,CUST03081,2025-10-23,completed,COD,4997
ORD007196,CUST03081,2026-07-05,completed,NetBanking,1998
ORD007197,CUST03081,2025-12-24,completed,NetBanking,5498
ORD007198,CUST03082,2026-06-26,completed,Card,3498
ORD007199,CUST03083,2026-07-15,completed,UPI,3998
ORD007200,CUST03084,2025-04-23,returned,COD,6797
ORD007201,CUST03084,2025-09-21,completed,COD,4298
ORD007202,CUST03085,2026-06-13,completed,UPI,1499
ORD007203,CUST03085,2025-03-20,completed,Card,2499
ORD007204,CUST03085,2026-06-20,completed,NetBanking,3999
ORD007205,CUST03085,2026-01-15,completed,NetBanking,1299
ORD007206,CUST03085,2025-04-18,completed,NetBanking,3398
ORD007207,CUST03085,2025-10-02,completed,NetBanking,2698
ORD007208,CUST03085,2026-06-09,completed,UPI,3798
ORD007209,CUST03085,2025-10-06,completed,UPI,2697
ORD007210,CUST03086,2026-05-14,completed,UPI,1799
ORD007211,CUST03087,2026-08-19,completed,Card,4797
ORD007212,CUST03087,2025-07-22,completed,Card,6697
ORD007213,CUST03087,2026-06-27,completed,UPI,2998
ORD007214,CUST03087,2026-01-13,completed,COD,3398
ORD007215,CUST03087,2026-06-13,completed,UPI,2499
ORD007216,CUST03087,2026-07-29,completed,COD,3999
ORD007217,CUST03087,2025-09-23,completed,UPI,2498
ORD007218,CUST03088,2025-07-25,completed,Card,4997
ORD007219,CUST03089,2026-01-10,completed,NetBanking,3397
ORD007220,CUST03091,2026-04-01,completed,COD,1499
ORD007221,CUST03094,2025-12-30,completed,COD,3398
ORD007222,CUST03095,2025-08-17,completed,UPI,8297
ORD007223,CUST03096,2026-07-17,completed,UPI,2499
ORD007224,CUST03096,2025-09-28,completed,NetBanking,5597
ORD007225,CUST03097,2026-06-26,completed,COD,3197
ORD007226,CUST03098,2026-04-27,completed,UPI,2498
ORD007227,CUST03099,2026-04-25,completed,Card,499
ORD007228,CUST03100,2026-07-10,completed,UPI,2999
ORD007229,CUST03101,2026-03-02,completed,UPI,7797
ORD007230,CUST03102,2026-01-28,completed,UPI,1598
ORD007231,CUST03103,2025-08-13,completed,Card,899
ORD007232,CUST03103,2025-03-05,completed,COD,1499
ORD007233,CUST03103,2025-06-12,completed,Card,4498
ORD007234,CUST03103,2025-11-25,returned,COD,499
ORD007235,CUST03104,2026-06-25,completed,Card,2499
ORD007236,CUST03106,2025-10-28,completed,COD,1398
ORD007237,CUST03106,2026-07-07,completed,COD,699
ORD007238,CUST03107,2025-07-07,completed,Card,2298
ORD007239,CUST03108,2025-09-24,completed,COD,4498
ORD007240,CUST03108,2025-09-12,completed,UPI,3999
ORD007241,CUST03108,2026-02-05,completed,NetBanking,2999
ORD007242,CUST03108,2025-10-02,completed,UPI,1799
ORD007243,CUST03108,2026-08-09,completed,COD,2997
ORD007244,CUST03109,2025-12-22,completed,NetBanking,1299
ORD007245,CUST03110,2026-04-22,completed,UPI,4797
ORD007246,CUST03110,2025-05-13,completed,UPI,2499
ORD007247,CUST03111,2025-10-16,completed,UPI,499
ORD007248,CUST03111,2025-08-08,completed,NetBanking,2498
ORD007249,CUST03112,2025-08-25,completed,NetBanking,3197
ORD007250,CUST03112,2025-08-01,completed,COD,2499
ORD007251,CUST03112,2026-08-06,completed,UPI,3498
ORD007252,CUST03113,2025-07-24,completed,Card,1898
ORD007253,CUST03114,2025-09-22,completed,COD,5197
ORD007254,CUST03114,2025-11-06,completed,NetBanking,4998
ORD007255,CUST03114,2026-08-14,cancelled,Card,4697
ORD007256,CUST03115,2025-07-09,completed,Card,3198
ORD007257,CUST03117,2025-06-19,completed,NetBanking,3498
ORD007258,CUST03117,2025-07-30,completed,UPI,4498
ORD007259,CUST03117,2025-07-24,completed,UPI,6498
ORD007260,CUST03120,2025-11-12,completed,Card,1998
ORD007261,CUST03120,2025-09-23,completed,COD,4498
ORD007262,CUST03121,2025-11-02,completed,NetBanking,6197
ORD007263,CUST03122,2026-06-25,completed,COD,1799
ORD007264,CUST03122,2026-08-04,completed,NetBanking,5797
ORD007265,CUST03122,2026-07-23,completed,COD,4898
ORD007266,CUST03122,2025-12-14,completed,UPI,2499
ORD007267,CUST03122,2025-05-23,completed,COD,5298
ORD007268,CUST03122,2026-05-01,completed,UPI,2499
ORD007269,CUST03123,2026-02-06,completed,Card,499
ORD007270,CUST03123,2025-06-15,completed,UPI,6797
ORD007271,CUST03124,2025-10-08,completed,Card,2499
ORD007272,CUST03124,2026-02-09,completed,COD,2798
ORD007273,CUST03124,2025-09-22,completed,COD,4897
ORD007274,CUST03124,2025-03-02,completed,NetBanking,3998
ORD007275,CUST03124,2025-07-26,completed,COD,2999
ORD007276,CUST03124,2026-05-04,completed,UPI,2298
ORD007277,CUST03124,2025-06-13,completed,NetBanking,5498
ORD007278,CUST03124,2025-07-15,completed,UPI,3098
ORD007279,CUST03125,2025-06-26,completed,NetBanking,2498
ORD007280,CUST03126,2026-01-19,completed,NetBanking,5298
ORD007281,CUST03126,2026-06-08,completed,UPI,5797
ORD007282,CUST03128,2026-07-25,completed,NetBanking,3798
ORD007283,CUST03128,2025-10-17,completed,Card,5298
ORD007284,CUST03128,2025-10-08,completed,UPI,5298
ORD007285,CUST03128,2025-08-06,completed,NetBanking,4997
ORD007286,CUST03128,2026-06-09,completed,Card,3697
ORD007287,CUST03129,2025-11-01,completed,NetBanking,3999
ORD007288,CUST03130,2025-08-23,completed,NetBanking,5498
ORD007289,CUST03131,2025-08-27,completed,UPI,499
ORD007290,CUST03131,2025-05-16,completed,UPI,2499
ORD007291,CUST03131,2026-07-20,completed,UPI,5397
ORD007292,CUST03132,2025-06-17,completed,Card,2798
ORD007293,CUST03132,2026-07-17,completed,Card,1799
ORD007294,CUST03132,2025-10-09,completed,UPI,1698
ORD007295,CUST03132,2025-08-04,returned,COD,1498
ORD007296,CUST03132,2026-06-06,cancelled,Card,2398
ORD007297,CUST03132,2026-08-15,completed,Card,699
ORD007298,CUST03134,2026-04-03,completed,Card,2998
ORD007299,CUST03135,2025-10-26,completed,NetBanking,1198
ORD007300,CUST03135,2025-11-22,completed,NetBanking,5498
ORD007301,CUST03135,2026-07-24,completed,UPI,3498
ORD007302,CUST03135,2026-04-03,completed,COD,5498
ORD007303,CUST03135,2025-10-01,completed,UPI,1998
ORD007304,CUST03136,2025-04-16,completed,NetBanking,3998
ORD007305,CUST03137,2026-03-14,completed,UPI,4298
ORD007306,CUST03138,2025-08-05,completed,COD,1499
ORD007307,CUST03138,2025-12-18,completed,COD,6498
ORD007308,CUST03139,2026-06-11,completed,COD,1299
ORD007309,CUST03139,2026-03-08,cancelled,Card,6498
ORD007310,CUST03140,2025-12-10,completed,COD,5997
ORD007311,CUST03141,2025-12-04,completed,COD,5997
ORD007312,CUST03141,2025-04-14,completed,UPI,5298
ORD007313,CUST03142,2025-07-03,completed,COD,999
ORD007314,CUST03142,2026-05-11,completed,COD,5297
ORD007315,CUST03142,2025-07-14,completed,UPI,2998
ORD007316,CUST03143,2026-05-31,cancelled,UPI,3897
ORD007317,CUST03144,2026-08-07,completed,UPI,3098
ORD007318,CUST03144,2026-03-01,completed,UPI,1799
ORD007319,CUST03144,2026-03-27,completed,NetBanking,4897
ORD007320,CUST03144,2025-09-22,completed,NetBanking,3698
ORD007321,CUST03144,2025-05-18,completed,NetBanking,1598
ORD007322,CUST03145,2026-02-20,completed,Card,1299
ORD007323,CUST03145,2025-05-11,completed,COD,2499
ORD007324,CUST03145,2025-11-19,completed,COD,6498
ORD007325,CUST03145,2025-08-31,completed,NetBanking,2499
ORD007326,CUST03147,2026-03-03,completed,COD,2698
ORD007327,CUST03147,2025-05-29,completed,COD,3198
ORD007328,CUST03147,2026-03-08,completed,Card,3997
ORD007329,CUST03147,2026-04-26,cancelled,Card,6998
ORD007330,CUST03149,2026-06-27,completed,Card,1798
ORD007331,CUST03149,2026-02-05,completed,COD,1498
ORD007332,CUST03149,2026-07-26,completed,COD,4997
ORD007333,CUST03150,2025-11-07,completed,NetBanking,1499
ORD007334,CUST03150,2026-08-01,returned,COD,2698
ORD007335,CUST03151,2025-08-13,completed,Card,2198
ORD007336,CUST03153,2026-01-22,completed,Card,4898
ORD007337,CUST03156,2026-07-19,completed,NetBanking,999
ORD007338,CUST03156,2025-09-25,completed,COD,1398
ORD007339,CUST03156,2026-08-07,completed,UPI,699
ORD007340,CUST03157,2025-11-28,completed,NetBanking,2499
ORD007341,CUST03157,2025-12-19,returned,Card,3897
ORD007342,CUST03157,2026-04-14,completed,COD,2198
ORD007343,CUST03158,2025-11-13,completed,COD,2398
ORD007344,CUST03158,2025-10-07,completed,UPI,2499
ORD007345,CUST03158,2026-04-05,completed,UPI,2499
ORD007346,CUST03158,2025-03-14,completed,Card,2499
ORD007347,CUST03158,2025-03-15,completed,NetBanking,4298
ORD007348,CUST03158,2025-03-30,returned,Card,999
ORD007349,CUST03158,2025-07-07,completed,COD,4298
ORD007350,CUST03159,2026-01-08,completed,COD,4998
ORD007351,CUST03160,2026-06-17,completed,UPI,899
ORD007352,CUST03161,2025-06-24,completed,COD,2398
ORD007353,CUST03161,2025-09-12,completed,UPI,4298
ORD007354,CUST03161,2025-09-11,completed,NetBanking,4298
ORD007355,CUST03161,2025-07-19,completed,COD,1499
ORD007356,CUST03161,2025-10-31,completed,NetBanking,6997
ORD007357,CUST03161,2025-06-26,completed,Card,999
ORD007358,CUST03161,2026-02-04,completed,COD,3198
ORD007359,CUST03161,2025-06-24,completed,NetBanking,1299
ORD007360,CUST03162,2026-02-07,completed,UPI,6197
ORD007361,CUST03163,2025-08-18,completed,UPI,899
ORD007362,CUST03163,2026-01-10,completed,NetBanking,4897
ORD007363,CUST03163,2025-08-26,completed,NetBanking,2998
ORD007364,CUST03163,2026-05-11,cancelled,COD,5197
ORD007365,CUST03164,2026-08-06,completed,COD,6797
ORD007366,CUST03164,2026-03-28,completed,UPI,6998
ORD007367,CUST03164,2026-01-13,completed,Card,8297
ORD007368,CUST03164,2025-10-30,completed,UPI,1499
ORD007369,CUST03165,2025-05-15,completed,UPI,6498
ORD007370,CUST03166,2025-09-16,completed,UPI,2499
ORD007371,CUST03166,2026-04-02,completed,NetBanking,2999
ORD007372,CUST03166,2025-07-14,completed,COD,3198
ORD007373,CUST03167,2026-04-19,completed,Card,2499
ORD007374,CUST03167,2026-03-11,completed,Card,1299
ORD007375,CUST03168,2026-07-02,completed,NetBanking,3198
ORD007376,CUST03169,2026-02-25,completed,NetBanking,4397
ORD007377,CUST03169,2025-08-11,completed,COD,4298
ORD007378,CUST03169,2026-02-21,completed,COD,3897
ORD007379,CUST03170,2025-10-22,completed,Card,5997
ORD007380,CUST03171,2025-08-01,completed,NetBanking,5497
ORD007381,CUST03171,2025-03-18,completed,UPI,3998
ORD007382,CUST03171,2026-07-08,completed,Card,8297
ORD007383,CUST03171,2025-08-17,completed,NetBanking,1299
ORD007384,CUST03171,2026-05-09,cancelled,UPI,2998
ORD007385,CUST03171,2026-03-24,completed,UPI,4298
ORD007386,CUST03171,2025-09-17,completed,UPI,2998
ORD007387,CUST03172,2025-12-12,completed,COD,3999
ORD007388,CUST03172,2026-06-26,completed,COD,2998
ORD007389,CUST03174,2025-11-15,completed,UPI,3998
ORD007390,CUST03174,2025-08-20,completed,Card,4798
ORD007391,CUST03175,2025-08-31,completed,Card,2499
ORD007392,CUST03175,2025-09-11,completed,UPI,2999
ORD007393,CUST03175,2025-05-22,completed,COD,2798
ORD007394,CUST03175,2025-12-23,completed,Card,2798
ORD007395,CUST03175,2025-09-08,completed,UPI,2999
ORD007396,CUST03176,2026-07-25,completed,COD,6998
ORD007397,CUST03176,2025-05-29,completed,NetBanking,2998
ORD007398,CUST03176,2026-07-26,completed,NetBanking,1799
ORD007399,CUST03177,2025-12-19,completed,COD,4898
ORD007400,CUST03177,2025-09-11,completed,Card,4797
ORD007401,CUST03178,2026-04-27,completed,Card,3999
ORD007402,CUST03178,2025-03-15,completed,Card,6197
ORD007403,CUST03178,2026-06-16,completed,UPI,1398
ORD007404,CUST03178,2025-06-24,completed,NetBanking,6498
ORD007405,CUST03178,2026-06-10,completed,NetBanking,3999
ORD007406,CUST03179,2026-04-20,completed,UPI,499
ORD007407,CUST03181,2026-05-04,completed,NetBanking,5498
ORD007408,CUST03182,2025-09-15,completed,COD,2499
ORD007409,CUST03182,2026-07-09,completed,NetBanking,5498
ORD007410,CUST03184,2025-03-08,completed,UPI,6498
ORD007411,CUST03185,2026-08-07,completed,NetBanking,2398
ORD007412,CUST03186,2025-05-07,completed,NetBanking,4497
ORD007413,CUST03186,2026-08-15,completed,Card,4297
ORD007414,CUST03186,2025-09-08,completed,UPI,1398
ORD007415,CUST03186,2025-12-25,completed,UPI,6998
ORD007416,CUST03186,2025-12-30,completed,Card,5797
ORD007417,CUST03187,2025-11-01,completed,COD,3798
ORD007418,CUST03188,2026-01-25,completed,COD,4798
ORD007419,CUST03189,2026-06-21,completed,Card,1198
ORD007420,CUST03190,2025-08-08,cancelled,Card,2499
ORD007421,CUST03192,2025-07-26,completed,Card,7297
ORD007422,CUST03192,2025-07-07,completed,NetBanking,3999
ORD007423,CUST03192,2025-05-20,completed,COD,4298
ORD007424,CUST03192,2026-08-10,completed,Card,3298
ORD007425,CUST03192,2026-03-24,completed,UPI,2499
ORD007426,CUST03192,2025-05-16,completed,Card,6997
ORD007427,CUST03193,2026-06-05,completed,Card,3697
ORD007428,CUST03195,2025-07-05,completed,COD,2298
ORD007429,CUST03195,2025-10-14,completed,UPI,8297
ORD007430,CUST03196,2026-06-12,completed,Card,1499
ORD007431,CUST03198,2025-08-03,cancelled,Card,2499
ORD007432,CUST03198,2025-11-05,completed,NetBanking,2499
ORD007433,CUST03199,2025-04-30,completed,Card,2499
ORD007434,CUST03199,2025-07-06,completed,UPI,2999
ORD007435,CUST03200,2025-08-17,completed,NetBanking,3398
ORD007436,CUST03201,2026-01-31,completed,NetBanking,1698
ORD007437,CUST03202,2025-08-19,completed,NetBanking,5498
ORD007438,CUST03202,2026-08-17,completed,NetBanking,4498
ORD007439,CUST03203,2025-04-05,completed,UPI,2499
ORD007440,CUST03203,2026-07-27,completed,UPI,3098
ORD007441,CUST03203,2025-03-10,completed,UPI,2298
ORD007442,CUST03203,2026-08-21,completed,NetBanking,3998
ORD007443,CUST03205,2026-02-22,completed,NetBanking,499
ORD007444,CUST03205,2025-08-21,returned,Card,1198
ORD007445,CUST03205,2026-01-22,completed,COD,5997
ORD007446,CUST03205,2025-05-09,completed,NetBanking,3697
ORD007447,CUST03205,2026-06-29,completed,NetBanking,999
ORD007448,CUST03206,2026-07-15,completed,NetBanking,3998
ORD007449,CUST03207,2026-08-08,completed,Card,5498
ORD007450,CUST03207,2026-05-29,completed,COD,4697
ORD007451,CUST03207,2026-02-17,completed,UPI,4298
ORD007452,CUST03207,2026-02-12,completed,COD,1299
ORD007453,CUST03208,2025-09-27,completed,NetBanking,6498
ORD007454,CUST03209,2026-01-11,completed,COD,1799
ORD007455,CUST03210,2025-10-21,completed,UPI,6498
ORD007456,CUST03210,2025-06-15,completed,UPI,3999
ORD007457,CUST03210,2026-03-06,completed,NetBanking,4497
ORD007458,CUST03211,2025-12-01,completed,Card,899
ORD007459,CUST03211,2025-05-31,completed,COD,3198
ORD007460,CUST03211,2025-07-12,completed,UPI,2498
ORD007461,CUST03211,2025-06-23,completed,UPI,4298
ORD007462,CUST03212,2025-07-16,completed,NetBanking,3998
ORD007463,CUST03212,2026-02-19,completed,UPI,2798
ORD007464,CUST03213,2026-05-18,cancelled,COD,6797
ORD007465,CUST03214,2026-02-16,completed,NetBanking,3999
ORD007466,CUST03214,2026-07-24,completed,COD,3397
ORD007467,CUST03214,2025-06-28,completed,COD,2499
ORD007468,CUST03214,2026-05-15,returned,NetBanking,2499
ORD007469,CUST03214,2026-07-13,completed,UPI,2499
ORD007470,CUST03215,2025-06-11,completed,COD,2798
ORD007471,CUST03216,2026-03-24,completed,COD,3998
ORD007472,CUST03216,2026-04-06,completed,COD,1799
ORD007473,CUST03216,2025-09-18,completed,UPI,1998
ORD007474,CUST03216,2025-08-10,completed,NetBanking,5798
ORD007475,CUST03216,2025-10-01,completed,NetBanking,2499
ORD007476,CUST03217,2026-08-07,completed,UPI,2897
ORD007477,CUST03217,2025-09-24,completed,NetBanking,999
ORD007478,CUST03217,2026-05-25,returned,Card,4298
ORD007479,CUST03217,2026-02-03,completed,COD,3997
ORD007480,CUST03217,2026-06-06,completed,COD,2198
ORD007481,CUST03217,2026-03-09,completed,COD,2999
ORD007482,CUST03217,2025-12-14,completed,Card,3798
ORD007483,CUST03218,2025-12-31,completed,NetBanking,3999
ORD007484,CUST03218,2025-07-20,completed,NetBanking,4798
ORD007485,CUST03218,2025-09-04,completed,NetBanking,2797
ORD007486,CUST03218,2026-05-08,completed,UPI,499
ORD007487,CUST03219,2025-11-30,completed,COD,4297
ORD007488,CUST03219,2026-07-03,completed,COD,3698
ORD007489,CUST03219,2025-11-08,completed,NetBanking,6197
ORD007490,CUST03220,2025-09-10,completed,NetBanking,3498
ORD007491,CUST03220,2025-05-29,completed,COD,3198
ORD007492,CUST03221,2026-04-02,completed,NetBanking,2499
ORD007493,CUST03222,2025-03-14,completed,Card,699
ORD007494,CUST03223,2026-04-16,returned,Card,3997
ORD007495,CUST03224,2026-03-06,completed,NetBanking,4797
ORD007496,CUST03225,2025-04-27,completed,COD,1998
ORD007497,CUST03225,2026-05-09,completed,COD,2999
ORD007498,CUST03227,2026-04-18,completed,NetBanking,2798
ORD007499,CUST03227,2025-09-29,completed,UPI,3698
ORD007500,CUST03227,2025-03-24,completed,NetBanking,3098
ORD007501,CUST03227,2025-07-04,completed,NetBanking,7997
ORD007502,CUST03228,2025-03-18,completed,UPI,2998
ORD007503,CUST03229,2026-05-17,completed,COD,1998
ORD007504,CUST03229,2025-06-16,completed,Card,4998
ORD007505,CUST03230,2026-04-11,completed,UPI,3797
ORD007506,CUST03232,2025-08-07,completed,UPI,4797
ORD007507,CUST03234,2025-07-09,completed,UPI,3197
ORD007508,CUST03234,2026-05-19,completed,UPI,5797
ORD007509,CUST03234,2025-06-27,completed,Card,5797
ORD007510,CUST03234,2025-08-12,completed,COD,5798
ORD007511,CUST03237,2026-07-05,completed,Card,2499
ORD007512,CUST03237,2026-08-06,completed,NetBanking,1798
ORD007513,CUST03237,2026-07-20,completed,Card,2798
ORD007514,CUST03237,2026-05-12,completed,COD,1299
ORD007515,CUST03237,2025-04-29,completed,NetBanking,3298
ORD007516,CUST03237,2026-07-08,completed,Card,699
ORD007517,CUST03238,2026-03-22,completed,NetBanking,1799
ORD007518,CUST03239,2025-10-28,completed,UPI,1898
ORD007519,CUST03239,2026-04-29,completed,COD,4698
ORD007520,CUST03239,2025-07-20,completed,NetBanking,6498
ORD007521,CUST03239,2025-07-11,completed,COD,499
ORD007522,CUST03239,2026-05-25,completed,NetBanking,3698
ORD007523,CUST03240,2026-02-27,cancelled,COD,4298
ORD007524,CUST03241,2025-07-06,completed,COD,2999
ORD007525,CUST03241,2026-06-22,returned,COD,3198
ORD007526,CUST03241,2025-12-26,cancelled,NetBanking,2499
ORD007527,CUST03242,2026-04-18,completed,NetBanking,3698
ORD007528,CUST03242,2026-07-18,completed,UPI,3997
ORD007529,CUST03243,2026-05-30,completed,UPI,2499
ORD007530,CUST03243,2025-08-25,completed,COD,1499
ORD007531,CUST03244,2025-07-01,completed,Card,1799
ORD007532,CUST03245,2026-07-18,completed,NetBanking,3798
ORD007533,CUST03246,2025-11-03,completed,Card,7197
ORD007534,CUST03246,2025-04-18,completed,Card,1499
ORD007535,CUST03247,2026-06-28,cancelled,NetBanking,5298
ORD007536,CUST03247,2025-09-04,cancelled,UPI,4498
ORD007537,CUST03248,2025-06-18,completed,Card,2499
ORD007538,CUST03248,2025-09-24,completed,COD,3798
ORD007539,CUST03249,2025-11-09,completed,NetBanking,1998
ORD007540,CUST03249,2026-03-09,completed,COD,5697
ORD007541,CUST03249,2025-11-04,completed,COD,3198
ORD007542,CUST03249,2025-11-23,completed,COD,699
ORD007543,CUST03249,2026-02-22,completed,COD,1898
ORD007544,CUST03251,2026-03-06,completed,Card,3999
ORD007545,CUST03251,2026-07-10,completed,COD,3999
ORD007546,CUST03251,2025-05-01,completed,COD,5297
ORD007547,CUST03251,2025-04-07,completed,UPI,5498
ORD007548,CUST03252,2025-05-22,completed,NetBanking,1299
ORD007549,CUST03252,2026-06-01,completed,NetBanking,6297
ORD007550,CUST03252,2025-09-09,completed,COD,2998
ORD007551,CUST03252,2026-05-10,completed,Card,3697
ORD007552,CUST03253,2026-08-12,completed,UPI,2697
ORD007553,CUST03253,2026-02-23,completed,UPI,4298
ORD007554,CUST03253,2025-11-26,completed,COD,3498
ORD007555,CUST03254,2025-03-21,completed,COD,699
ORD007556,CUST03254,2025-11-26,completed,Card,3997
ORD007557,CUST03254,2025-09-17,completed,COD,7297
ORD007558,CUST03254,2026-04-01,completed,Card,499
ORD007559,CUST03254,2025-06-03,completed,COD,2999
ORD007560,CUST03255,2025-11-26,completed,UPI,3397
ORD007561,CUST03257,2025-09-26,completed,NetBanking,699
ORD007562,CUST03257,2025-11-30,completed,UPI,5797
ORD007563,CUST03258,2026-07-21,completed,Card,4597
ORD007564,CUST03258,2026-05-17,completed,Card,2998
ORD007565,CUST03260,2026-03-01,completed,NetBanking,5498
ORD007566,CUST03260,2026-07-27,completed,UPI,3498
ORD007567,CUST03260,2026-08-21,completed,Card,2498
ORD007568,CUST03260,2025-05-19,cancelled,COD,899
ORD007569,CUST03261,2025-10-10,completed,UPI,2499
ORD007570,CUST03261,2025-03-12,completed,UPI,3298
ORD007571,CUST03261,2025-07-06,completed,Card,699
ORD007572,CUST03261,2025-10-31,completed,NetBanking,4298
ORD007573,CUST03262,2026-01-28,completed,NetBanking,4298
ORD007574,CUST03264,2026-08-18,completed,Card,3398
ORD007575,CUST03265,2025-06-29,returned,UPI,999
ORD007576,CUST03265,2025-10-26,completed,COD,2999
ORD007577,CUST03265,2025-06-11,completed,NetBanking,699
ORD007578,CUST03265,2025-03-18,completed,UPI,2499
ORD007579,CUST03265,2026-05-09,completed,UPI,1799
ORD007580,CUST03266,2025-04-21,completed,UPI,6997
ORD007581,CUST03266,2025-11-21,completed,UPI,2998
ORD007582,CUST03266,2025-12-13,completed,UPI,2499
ORD007583,CUST03266,2026-04-20,completed,UPI,8497
ORD007584,CUST03266,2026-08-14,completed,NetBanking,1198
ORD007585,CUST03267,2026-02-15,completed,UPI,1498
ORD007586,CUST03267,2025-03-10,completed,NetBanking,1698
ORD007587,CUST03267,2025-11-15,completed,COD,499
ORD007588,CUST03267,2025-09-03,completed,NetBanking,999
ORD007589,CUST03267,2026-01-29,returned,NetBanking,999
ORD007590,CUST03267,2025-09-29,completed,COD,2499
ORD007591,CUST03268,2026-06-13,completed,UPI,2798
ORD007592,CUST03268,2026-04-22,returned,NetBanking,899
ORD007593,CUST03268,2025-11-29,completed,NetBanking,2498
ORD007594,CUST03269,2025-11-02,completed,UPI,4298
ORD007595,CUST03269,2025-03-07,completed,COD,2398
ORD007596,CUST03270,2025-04-12,completed,UPI,5498
ORD007597,CUST03271,2026-06-16,completed,Card,1499
ORD007598,CUST03272,2025-03-01,completed,COD,3498
ORD007599,CUST03273,2025-03-24,cancelled,NetBanking,1998
ORD007600,CUST03275,2026-07-10,completed,Card,2998
ORD007601,CUST03275,2025-10-07,completed,COD,5498
ORD007602,CUST03275,2026-06-25,completed,COD,2998
ORD007603,CUST03275,2025-09-03,cancelled,Card,1499
ORD007604,CUST03275,2025-08-08,completed,NetBanking,1499
ORD007605,CUST03275,2025-10-17,completed,NetBanking,1498
ORD007606,CUST03275,2026-02-11,completed,NetBanking,2998
ORD007607,CUST03275,2026-08-08,completed,UPI,3798
ORD007608,CUST03276,2026-08-08,completed,COD,5498
ORD007609,CUST03276,2026-08-05,completed,UPI,3398
ORD007610,CUST03277,2025-12-22,completed,COD,2998
ORD007611,CUST03277,2026-02-25,completed,NetBanking,899
ORD007612,CUST03278,2026-06-03,completed,UPI,3298
ORD007613,CUST03278,2025-06-18,completed,UPI,699
ORD007614,CUST03278,2025-03-10,completed,Card,2198
ORD007615,CUST03278,2025-08-28,completed,NetBanking,2999
ORD007616,CUST03278,2025-07-14,completed,Card,2499
ORD007617,CUST03278,2026-08-18,completed,Card,3998
ORD007618,CUST03279,2026-01-08,returned,COD,4097
ORD007619,CUST03279,2025-09-24,completed,NetBanking,1499
ORD007620,CUST03279,2025-09-27,completed,NetBanking,2499
ORD007621,CUST03279,2025-07-04,completed,COD,2198
ORD007622,CUST03280,2025-04-13,completed,NetBanking,5297
ORD007623,CUST03280,2025-10-08,completed,UPI,499
ORD007624,CUST03280,2025-08-04,completed,NetBanking,3999
ORD007625,CUST03280,2025-03-16,completed,UPI,3998
ORD007626,CUST03280,2025-06-09,completed,UPI,6297
ORD007627,CUST03281,2025-12-14,completed,NetBanking,1799
ORD007628,CUST03281,2026-02-16,completed,UPI,3998
ORD007629,CUST03281,2026-03-31,completed,COD,2498
ORD007630,CUST03281,2025-10-27,completed,NetBanking,3898
ORD007631,CUST03281,2025-11-11,completed,COD,2999
ORD007632,CUST03281,2025-04-23,completed,Card,4298
ORD007633,CUST03282,2025-05-17,completed,COD,899
ORD007634,CUST03283,2025-05-26,completed,COD,2499
ORD007635,CUST03283,2025-10-24,completed,UPI,3698
ORD007636,CUST03283,2026-05-24,completed,COD,699
ORD007637,CUST03283,2026-01-10,completed,NetBanking,9497
ORD007638,CUST03283,2025-11-09,completed,UPI,5798
ORD007639,CUST03283,2026-04-16,completed,COD,2198
ORD007640,CUST03284,2026-03-23,completed,COD,2499
ORD007641,CUST03285,2025-11-23,completed,UPI,699
ORD007642,CUST03285,2026-07-26,completed,NetBanking,5498
ORD007643,CUST03285,2025-06-20,cancelled,COD,2499
ORD007644,CUST03285,2026-06-30,completed,COD,999
ORD007645,CUST03285,2025-08-31,completed,NetBanking,3999
ORD007646,CUST03285,2025-04-12,completed,COD,6498
ORD007647,CUST03285,2025-11-21,completed,NetBanking,699
ORD007648,CUST03286,2025-03-19,completed,COD,3998
ORD007649,CUST03286,2025-09-23,completed,Card,4998
ORD007650,CUST03286,2026-02-26,cancelled,COD,2999
ORD007651,CUST03286,2025-12-26,completed,UPI,5498
ORD007652,CUST03286,2026-06-12,completed,COD,5798
ORD007653,CUST03286,2026-05-28,completed,UPI,999
ORD007654,CUST03287,2025-08-29,completed,NetBanking,2298
ORD007655,CUST03287,2026-01-15,completed,UPI,6297
ORD007656,CUST03287,2025-07-19,completed,NetBanking,3198
ORD007657,CUST03288,2025-06-14,completed,NetBanking,2597
ORD007658,CUST03290,2026-08-01,completed,Card,699
ORD007659,CUST03290,2025-06-29,completed,COD,1299
ORD007660,CUST03291,2025-11-27,completed,COD,2499
ORD007661,CUST03291,2025-06-08,completed,Card,1799
ORD007662,CUST03291,2026-04-05,completed,UPI,899
ORD007663,CUST03291,2026-05-20,completed,NetBanking,2499
ORD007664,CUST03291,2025-05-14,returned,COD,1799
ORD007665,CUST03291,2025-03-13,completed,UPI,2499
ORD007666,CUST03292,2026-06-15,completed,Card,2298
ORD007667,CUST03292,2025-10-11,completed,COD,4298
ORD007668,CUST03292,2026-07-23,completed,NetBanking,3998
ORD007669,CUST03292,2025-10-01,completed,UPI,3398
ORD007670,CUST03292,2025-10-02,completed,NetBanking,2998
ORD007671,CUST03293,2025-12-06,completed,Card,899
ORD007672,CUST03294,2025-08-04,completed,UPI,699
ORD007673,CUST03294,2026-02-16,completed,COD,2198
ORD007674,CUST03295,2026-08-11,completed,NetBanking,3498
ORD007675,CUST03295,2025-04-27,completed,Card,3297
ORD007676,CUST03295,2025-08-20,completed,Card,5497
ORD007677,CUST03295,2026-07-11,completed,Card,2798
ORD007678,CUST03295,2025-04-09,completed,NetBanking,999
ORD007679,CUST03296,2025-12-05,completed,UPI,3898
ORD007680,CUST03296,2025-11-17,cancelled,COD,999
ORD007681,CUST03297,2025-07-15,completed,Card,6797
ORD007682,CUST03298,2026-04-20,completed,Card,1499
ORD007683,CUST03298,2025-05-08,completed,UPI,4297
ORD007684,CUST03299,2026-02-21,completed,Card,1499
ORD007685,CUST03300,2025-08-23,cancelled,NetBanking,2499
ORD007686,CUST03300,2025-06-25,completed,COD,499
ORD007687,CUST03300,2026-05-30,completed,Card,2499
ORD007688,CUST03300,2026-03-04,completed,COD,699
ORD007689,CUST03302,2025-03-17,completed,COD,6998
ORD007690,CUST03302,2026-03-04,completed,NetBanking,5498
ORD007691,CUST03302,2026-03-12,completed,UPI,3498
ORD007692,CUST03302,2026-01-30,completed,UPI,3398
ORD007693,CUST03302,2026-06-13,completed,NetBanking,6998
ORD007694,CUST03302,2025-10-01,cancelled,UPI,3998
ORD007695,CUST03303,2025-03-13,completed,Card,4597
ORD007696,CUST03303,2025-08-09,completed,UPI,5498
ORD007697,CUST03304,2026-04-17,completed,UPI,3998
ORD007698,CUST03304,2025-09-27,completed,COD,4797
ORD007699,CUST03304,2026-03-24,completed,Card,2499
ORD007700,CUST03304,2026-06-22,completed,NetBanking,2999
ORD007701,CUST03304,2025-07-29,completed,COD,6498
ORD007702,CUST03305,2026-02-28,completed,COD,2499
ORD007703,CUST03305,2026-03-25,completed,UPI,6498
ORD007704,CUST03306,2025-06-05,completed,COD,3698
ORD007705,CUST03306,2025-08-14,completed,COD,7497
ORD007706,CUST03307,2025-04-08,completed,NetBanking,2298
ORD007707,CUST03308,2025-12-06,completed,COD,2698
ORD007708,CUST03309,2025-05-03,completed,COD,2999
ORD007709,CUST03309,2026-08-05,completed,UPI,4797
ORD007710,CUST03310,2026-01-19,completed,COD,1499
ORD007711,CUST03310,2026-01-23,completed,Card,6497
ORD007712,CUST03310,2025-09-20,completed,NetBanking,4997
ORD007713,CUST03310,2025-03-12,completed,COD,6397
ORD007714,CUST03311,2026-02-14,completed,NetBanking,999
ORD007715,CUST03312,2025-09-17,completed,UPI,3798
ORD007716,CUST03312,2025-07-13,returned,COD,2999
ORD007717,CUST03313,2025-08-19,completed,NetBanking,4097
ORD007718,CUST03313,2025-05-12,completed,Card,3999
ORD007719,CUST03313,2025-11-27,completed,UPI,4797
ORD007720,CUST03313,2026-08-04,completed,Card,3998
ORD007721,CUST03314,2026-07-21,completed,Card,6497
ORD007722,CUST03314,2025-12-27,completed,COD,1898
ORD007723,CUST03314,2026-05-21,completed,Card,899
ORD007724,CUST03314,2025-07-30,completed,UPI,7697
ORD007725,CUST03314,2025-03-10,completed,NetBanking,2397
ORD007726,CUST03315,2025-11-30,completed,Card,1299
ORD007727,CUST03315,2026-05-11,completed,COD,1299
ORD007728,CUST03316,2026-05-06,completed,NetBanking,1799
ORD007729,CUST03316,2026-06-10,completed,COD,2998
ORD007730,CUST03317,2025-07-22,completed,Card,4497
ORD007731,CUST03317,2025-05-16,completed,COD,3398
ORD007732,CUST03318,2026-04-04,completed,COD,4798
ORD007733,CUST03318,2025-04-20,completed,Card,3798
ORD007734,CUST03318,2025-07-08,completed,UPI,2499
ORD007735,CUST03318,2025-08-07,completed,NetBanking,2499
ORD007736,CUST03318,2025-12-17,completed,COD,3797
ORD007737,CUST03318,2025-08-28,completed,Card,5498
ORD007738,CUST03319,2026-08-14,completed,NetBanking,699
ORD007739,CUST03319,2025-08-01,completed,UPI,2499
ORD007740,CUST03321,2025-10-20,completed,NetBanking,499
ORD007741,CUST03321,2025-12-27,returned,NetBanking,2298
ORD007742,CUST03322,2026-02-14,completed,UPI,4498
ORD007743,CUST03323,2025-12-28,completed,COD,2698
ORD007744,CUST03323,2026-04-13,completed,UPI,3198
ORD007745,CUST03323,2025-06-18,cancelled,Card,4697
ORD007746,CUST03323,2026-07-02,completed,UPI,3997
ORD007747,CUST03323,2026-02-23,completed,UPI,4797
ORD007748,CUST03323,2026-06-30,completed,NetBanking,1898
ORD007749,CUST03323,2026-02-05,completed,COD,3798
ORD007750,CUST03325,2025-09-06,cancelled,COD,3998
ORD007751,CUST03326,2025-08-10,completed,NetBanking,3297
ORD007752,CUST03326,2025-08-24,completed,UPI,5798
ORD007753,CUST03326,2025-11-09,completed,COD,5798
ORD007754,CUST03326,2025-11-23,cancelled,Card,999
ORD007755,CUST03326,2025-04-15,completed,Card,1299
ORD007756,CUST03326,2025-11-29,returned,COD,699
ORD007757,CUST03327,2025-12-12,completed,COD,1499
ORD007758,CUST03327,2025-07-08,completed,COD,2499
ORD007759,CUST03328,2026-02-08,completed,Card,2999
ORD007760,CUST03328,2025-04-24,completed,NetBanking,699
ORD007761,CUST03328,2026-04-19,completed,UPI,4397
ORD007762,CUST03328,2025-08-19,completed,UPI,5498
ORD007763,CUST03330,2025-07-22,completed,UPI,2198
ORD007764,CUST03330,2025-05-12,completed,NetBanking,2499
ORD007765,CUST03330,2026-05-08,completed,UPI,2998
ORD007766,CUST03330,2025-10-27,completed,UPI,1799
ORD007767,CUST03331,2025-10-23,completed,Card,3198
ORD007768,CUST03332,2025-06-17,completed,UPI,4597
ORD007769,CUST03332,2026-07-06,completed,COD,2499
ORD007770,CUST03333,2026-06-26,completed,NetBanking,2398
ORD007771,CUST03333,2025-10-25,completed,Card,5297
ORD007772,CUST03334,2025-05-18,completed,Card,2499
ORD007773,CUST03335,2026-08-08,completed,NetBanking,1698
ORD007774,CUST03336,2026-03-20,completed,UPI,3998
ORD007775,CUST03336,2025-09-28,completed,COD,6498
ORD007776,CUST03336,2026-03-31,completed,Card,5498
ORD007777,CUST03336,2025-11-14,completed,UPI,1499
ORD007778,CUST03336,2025-04-07,completed,Card,2999
ORD007779,CUST03336,2026-06-28,returned,NetBanking,4298
ORD007780,CUST03337,2026-08-20,completed,NetBanking,1299
ORD007781,CUST03337,2026-02-21,completed,UPI,2798
ORD007782,CUST03338,2026-04-24,completed,UPI,4798
ORD007783,CUST03339,2026-02-01,completed,UPI,4998
ORD007784,CUST03339,2025-08-04,completed,UPI,2499
ORD007785,CUST03339,2026-08-04,completed,NetBanking,3998
ORD007786,CUST03340,2026-02-06,completed,UPI,999
ORD007787,CUST03341,2026-08-20,completed,Card,4897
ORD007788,CUST03341,2025-09-12,completed,NetBanking,6497
ORD007789,CUST03343,2025-03-18,completed,Card,6497
ORD007790,CUST03344,2026-03-14,completed,UPI,1499
ORD007791,CUST03344,2026-03-04,completed,UPI,2499
ORD007792,CUST03345,2025-05-02,completed,Card,5597
ORD007793,CUST03346,2026-04-07,cancelled,Card,3198
ORD007794,CUST03347,2025-11-10,completed,COD,2499
ORD007795,CUST03348,2025-04-04,completed,Card,3098
ORD007796,CUST03349,2026-03-13,completed,COD,3998
ORD007797,CUST03350,2025-07-20,completed,COD,999
ORD007798,CUST03350,2026-02-08,completed,COD,4897
ORD007799,CUST03350,2026-02-28,completed,COD,4998
ORD007800,CUST03351,2025-09-17,completed,COD,1398
ORD007801,CUST03351,2026-08-04,completed,Card,4298
ORD007802,CUST03352,2026-02-22,completed,UPI,3898
ORD007803,CUST03352,2025-10-30,completed,COD,4697
ORD007804,CUST03352,2026-01-07,completed,COD,2999
ORD007805,CUST03352,2025-10-10,completed,Card,5498
ORD007806,CUST03352,2025-12-24,completed,NetBanking,6498
ORD007807,CUST03352,2025-08-03,completed,UPI,499
ORD007808,CUST03352,2025-09-04,completed,NetBanking,2999
ORD007809,CUST03353,2025-07-04,completed,COD,2499
ORD007810,CUST03353,2026-01-07,completed,NetBanking,5797
ORD007811,CUST03353,2025-09-16,completed,UPI,3197
ORD007812,CUST03354,2026-02-06,completed,UPI,2298
ORD007813,CUST03354,2025-03-06,completed,NetBanking,2998
ORD007814,CUST03354,2026-07-26,completed,Card,6498
ORD007815,CUST03354,2025-10-05,completed,UPI,499
ORD007816,CUST03354,2025-06-19,returned,COD,3198
ORD007817,CUST03354,2026-04-01,completed,UPI,5297
ORD007818,CUST03355,2025-06-25,completed,COD,5797
ORD007819,CUST03355,2025-04-08,completed,COD,6297
ORD007820,CUST03356,2025-10-06,completed,NetBanking,4097
ORD007821,CUST03357,2025-04-15,completed,Card,6997
ORD007822,CUST03357,2025-08-14,completed,COD,3997
ORD007823,CUST03357,2026-05-29,completed,NetBanking,2499
ORD007824,CUST03357,2025-12-13,completed,Card,2499
ORD007825,CUST03357,2026-07-16,completed,Card,699
ORD007826,CUST03358,2025-11-21,returned,NetBanking,3298
ORD007827,CUST03358,2025-08-03,cancelled,UPI,4998
ORD007828,CUST03358,2026-05-16,completed,NetBanking,2499
ORD007829,CUST03358,2026-01-29,completed,Card,5997
ORD007830,CUST03358,2026-05-09,completed,UPI,5697
ORD007831,CUST03358,2025-06-12,completed,NetBanking,1299
ORD007832,CUST03358,2026-04-06,completed,COD,3398
ORD007833,CUST03359,2026-07-01,completed,COD,2499
ORD007834,CUST03359,2025-07-12,completed,Card,5797
ORD007835,CUST03360,2025-08-08,completed,UPI,3999
ORD007836,CUST03360,2026-02-09,completed,COD,4197
ORD007837,CUST03360,2026-02-12,completed,UPI,4898
ORD007838,CUST03360,2026-06-10,completed,NetBanking,5798
ORD007839,CUST03361,2025-10-29,completed,NetBanking,5798
ORD007840,CUST03362,2026-01-08,completed,Card,1799
ORD007841,CUST03362,2025-05-02,completed,Card,1799
ORD007842,CUST03363,2025-05-17,completed,Card,2998
ORD007843,CUST03365,2025-05-04,completed,Card,699
ORD007844,CUST03365,2026-07-18,completed,UPI,1798
ORD007845,CUST03365,2025-12-23,completed,UPI,2499
ORD007846,CUST03365,2026-01-07,cancelled,UPI,3997
ORD007847,CUST03365,2025-08-31,cancelled,UPI,2798
ORD007848,CUST03366,2025-12-31,completed,UPI,2897
ORD007849,CUST03366,2025-11-16,completed,Card,3198
ORD007850,CUST03366,2026-08-17,completed,COD,2398
ORD007851,CUST03366,2026-01-23,completed,UPI,6498
ORD007852,CUST03366,2025-09-10,completed,NetBanking,2499
ORD007853,CUST03366,2025-10-04,completed,COD,3298
ORD007854,CUST03366,2025-05-10,completed,NetBanking,3998
ORD007855,CUST03366,2026-06-20,completed,NetBanking,1499
ORD007856,CUST03368,2025-05-26,completed,NetBanking,1998
ORD007857,CUST03368,2026-07-02,completed,Card,2998
ORD007858,CUST03368,2026-01-30,completed,Card,3898
ORD007859,CUST03368,2026-06-02,completed,COD,699
ORD007860,CUST03368,2025-08-07,completed,COD,3498
ORD007861,CUST03368,2025-12-05,completed,UPI,5298
ORD007862,CUST03370,2025-07-17,completed,NetBanking,3798
ORD007863,CUST03372,2025-11-07,completed,UPI,2398
ORD007864,CUST03374,2025-11-10,cancelled,NetBanking,499
ORD007865,CUST03375,2026-03-16,completed,COD,2198
ORD007866,CUST03376,2026-06-18,completed,NetBanking,2499
ORD007867,CUST03376,2026-01-06,completed,NetBanking,899
ORD007868,CUST03376,2025-10-12,completed,UPI,3397
ORD007869,CUST03376,2025-12-05,completed,NetBanking,3998
ORD007870,CUST03376,2025-06-12,completed,UPI,2997
ORD007871,CUST03376,2025-05-17,completed,COD,2198
ORD007872,CUST03376,2026-06-21,completed,UPI,5397
ORD007873,CUST03376,2025-05-03,completed,UPI,2998
ORD007874,CUST03377,2026-03-06,completed,UPI,899
ORD007875,CUST03377,2025-08-07,completed,UPI,4298
ORD007876,CUST03378,2026-07-25,completed,Card,2298
ORD007877,CUST03379,2025-11-01,completed,Card,999
ORD007878,CUST03379,2026-03-20,cancelled,Card,2499
ORD007879,CUST03379,2026-06-05,completed,COD,6797
ORD007880,CUST03380,2026-05-27,cancelled,Card,7997
ORD007881,CUST03380,2026-02-26,completed,UPI,3998
ORD007882,CUST03380,2026-08-02,completed,Card,1498
ORD007883,CUST03381,2026-04-23,completed,UPI,2998
ORD007884,CUST03382,2026-07-09,completed,Card,3198
ORD007885,CUST03384,2025-09-22,completed,COD,3498
ORD007886,CUST03384,2025-08-14,completed,NetBanking,1898
ORD007887,CUST03384,2025-07-19,completed,NetBanking,699
ORD007888,CUST03384,2026-07-23,completed,UPI,3999
ORD007889,CUST03384,2025-07-25,completed,COD,3697
ORD007890,CUST03385,2025-07-01,returned,Card,2499
ORD007891,CUST03386,2026-01-07,completed,NetBanking,2498
ORD007892,CUST03386,2025-09-13,completed,UPI,999
ORD007893,CUST03386,2026-06-01,completed,Card,2298
ORD007894,CUST03386,2025-06-18,completed,COD,2499
ORD007895,CUST03387,2025-05-01,completed,Card,4797
ORD007896,CUST03388,2025-07-17,completed,Card,2397
ORD007897,CUST03388,2026-03-24,completed,Card,3498
ORD007898,CUST03388,2025-03-04,completed,COD,4597
ORD007899,CUST03388,2026-06-13,completed,COD,4298
ORD007900,CUST03388,2026-07-23,completed,Card,4697
ORD007901,CUST03388,2025-03-20,completed,NetBanking,6498
ORD007902,CUST03389,2025-04-23,completed,NetBanking,499
ORD007903,CUST03389,2026-03-28,completed,NetBanking,6397
ORD007904,CUST03389,2025-06-01,completed,Card,1799
ORD007905,CUST03389,2025-06-11,completed,NetBanking,3498
ORD007906,CUST03389,2025-07-21,completed,COD,8297
ORD007907,CUST03390,2026-04-04,completed,Card,5498
ORD007908,CUST03390,2025-11-27,completed,UPI,5498
ORD007909,CUST03390,2025-08-06,completed,UPI,5798
ORD007910,CUST03391,2025-09-01,completed,NetBanking,899
ORD007911,CUST03391,2025-10-06,completed,NetBanking,999
ORD007912,CUST03391,2026-05-15,completed,NetBanking,999
ORD007913,CUST03392,2026-04-28,completed,UPI,6498
ORD007914,CUST03393,2026-07-04,completed,COD,5298
ORD007915,CUST03393,2026-05-05,completed,COD,1898
ORD007916,CUST03393,2026-06-23,completed,COD,6498
ORD007917,CUST03393,2025-08-19,completed,Card,3999
ORD007918,CUST03393,2025-08-26,returned,UPI,699
ORD007919,CUST03394,2025-03-24,completed,NetBanking,1499
ORD007920,CUST03396,2025-09-28,completed,UPI,2499
ORD007921,CUST03397,2026-06-26,completed,COD,6497
ORD007922,CUST03398,2026-06-19,completed,Card,5798
ORD007923,CUST03398,2025-11-27,returned,COD,3398
ORD007924,CUST03398,2025-07-28,completed,Card,4298
ORD007925,CUST03398,2026-06-03,cancelled,COD,3698
ORD007926,CUST03399,2026-02-03,completed,NetBanking,3398
ORD007927,CUST03399,2025-10-11,completed,NetBanking,5297
ORD007928,CUST03399,2025-09-12,completed,NetBanking,2998
ORD007929,CUST03399,2025-12-23,completed,COD,5798
ORD007930,CUST03399,2025-08-03,completed,UPI,2499
ORD007931,CUST03399,2025-10-03,completed,NetBanking,6797
ORD007932,CUST03399,2025-08-17,completed,UPI,4498
ORD007933,CUST03399,2026-01-19,completed,UPI,1798
ORD007934,CUST03400,2025-06-07,completed,NetBanking,6998
ORD007935,CUST03400,2025-11-26,completed,COD,3998
ORD007936,CUST03400,2025-04-24,completed,UPI,2499
ORD007937,CUST03400,2025-11-29,completed,UPI,5397
ORD007938,CUST03400,2026-01-05,completed,UPI,2798
ORD007939,CUST03400,2025-04-23,completed,UPI,899
ORD007940,CUST03401,2026-06-14,completed,Card,3098
ORD007941,CUST03402,2025-10-11,completed,NetBanking,3498
ORD007942,CUST03402,2026-04-04,completed,Card,2198
ORD007943,CUST03404,2026-04-04,completed,NetBanking,499
ORD007944,CUST03404,2026-07-24,completed,COD,1799
ORD007945,CUST03405,2025-09-03,completed,Card,1998
ORD007946,CUST03406,2025-05-25,completed,COD,2999
ORD007947,CUST03408,2025-10-21,completed,Card,5397
ORD007948,CUST03408,2026-01-30,completed,Card,2999
ORD007949,CUST03408,2026-08-15,completed,UPI,2997
ORD007950,CUST03408,2025-05-08,completed,COD,4697
ORD007951,CUST03408,2026-05-08,completed,COD,5897
ORD007952,CUST03409,2025-09-18,returned,NetBanking,5498
ORD007953,CUST03409,2026-03-03,completed,UPI,1998
ORD007954,CUST03409,2025-09-29,completed,NetBanking,5498
ORD007955,CUST03409,2025-11-22,completed,COD,4697
ORD007956,CUST03410,2026-08-17,completed,NetBanking,5298
ORD007957,CUST03410,2026-02-05,completed,COD,6797
ORD007958,CUST03410,2026-02-19,completed,COD,4298
ORD007959,CUST03410,2025-10-04,completed,Card,2499
ORD007960,CUST03411,2025-06-21,completed,COD,3999
ORD007961,CUST03411,2025-04-19,completed,Card,499
ORD007962,CUST03413,2026-08-22,completed,NetBanking,1598
ORD007963,CUST03413,2026-03-27,cancelled,UPI,3498
ORD007964,CUST03413,2026-07-24,completed,NetBanking,5497
ORD007965,CUST03413,2026-02-07,completed,COD,1799
ORD007966,CUST03413,2025-04-05,completed,COD,699
ORD007967,CUST03414,2025-06-24,cancelled,UPI,5197
ORD007968,CUST03414,2026-07-16,completed,Card,3998
ORD007969,CUST03414,2025-05-25,completed,NetBanking,499
ORD007970,CUST03414,2025-07-16,completed,Card,2999
ORD007971,CUST03414,2025-07-30,completed,Card,3797
ORD007972,CUST03414,2025-05-20,completed,UPI,2998
ORD007973,CUST03414,2025-07-12,completed,Card,1799
ORD007974,CUST03415,2025-11-22,returned,COD,6397
ORD007975,CUST03416,2025-04-14,completed,NetBanking,1499
ORD007976,CUST03417,2025-11-25,completed,UPI,6497
ORD007977,CUST03418,2025-12-12,completed,UPI,4898
ORD007978,CUST03418,2025-03-18,completed,UPI,5798
ORD007979,CUST03418,2026-06-05,completed,Card,3198
ORD007980,CUST03418,2025-05-28,completed,NetBanking,1398
ORD007981,CUST03418,2026-03-07,completed,Card,1998
ORD007982,CUST03418,2025-12-12,completed,NetBanking,4498
ORD007983,CUST03419,2025-08-17,cancelled,UPI,699
ORD007984,CUST03419,2025-03-12,completed,Card,2198
ORD007985,CUST03419,2025-06-01,completed,COD,1499
ORD007986,CUST03419,2026-07-20,completed,Card,3498
ORD007987,CUST03419,2025-09-04,returned,UPI,1598
ORD007988,CUST03419,2026-01-29,completed,NetBanking,4498
ORD007989,CUST03420,2026-07-14,returned,NetBanking,5197
ORD007990,CUST03421,2025-03-21,completed,COD,3498
ORD007991,CUST03421,2025-03-26,completed,COD,2497
ORD007992,CUST03421,2025-03-10,completed,UPI,6998
ORD007993,CUST03421,2026-02-20,completed,Card,5297
ORD007994,CUST03421,2025-10-30,completed,Card,2498
ORD007995,CUST03421,2026-04-08,completed,Card,4998
ORD007996,CUST03421,2025-10-25,completed,Card,1998
ORD007997,CUST03421,2025-04-07,completed,UPI,2499
ORD007998,CUST03423,2026-04-06,completed,Card,4298
ORD007999,CUST03424,2025-07-16,completed,UPI,3998
ORD008000,CUST03424,2026-07-19,completed,COD,499
ORD008001,CUST03425,2025-06-05,completed,UPI,2499
ORD008002,CUST03426,2026-02-19,completed,UPI,2499
ORD008003,CUST03426,2025-11-04,cancelled,UPI,2499
ORD008004,CUST03426,2025-05-03,completed,COD,6498
ORD008005,CUST03426,2025-06-25,completed,Card,699
ORD008006,CUST03426,2026-04-16,completed,Card,2499
ORD008007,CUST03426,2025-07-31,completed,Card,6498
ORD008008,CUST03426,2025-12-30,completed,COD,699
ORD008009,CUST03426,2026-01-15,completed,Card,4697
ORD008010,CUST03427,2025-07-05,completed,COD,2499
ORD008011,CUST03427,2025-10-31,completed,Card,4698
ORD008012,CUST03429,2026-08-03,completed,Card,2499
ORD008013,CUST03430,2025-03-09,completed,NetBanking,499
ORD008014,CUST03430,2025-03-31,cancelled,NetBanking,3098
ORD008015,CUST03431,2026-02-17,completed,COD,3698
ORD008016,CUST03431,2026-07-06,completed,NetBanking,2398
ORD008017,CUST03431,2025-06-01,completed,COD,2499
ORD008018,CUST03431,2026-05-16,completed,COD,899
ORD008019,CUST03432,2026-07-17,completed,NetBanking,699
ORD008020,CUST03432,2025-10-02,completed,NetBanking,3998
ORD008021,CUST03432,2025-03-06,completed,COD,3497
ORD008022,CUST03432,2025-12-29,completed,Card,2499
ORD008023,CUST03432,2025-12-18,completed,COD,2998
ORD008024,CUST03432,2026-03-13,completed,Card,6498
ORD008025,CUST03433,2026-08-09,completed,COD,1799
ORD008026,CUST03436,2026-07-10,completed,COD,2499
ORD008027,CUST03436,2025-08-15,completed,UPI,2998
ORD008028,CUST03436,2025-08-29,cancelled,NetBanking,2499
ORD008029,CUST03436,2025-11-23,completed,UPI,1299
ORD008030,CUST03438,2025-07-05,returned,UPI,4897
ORD008031,CUST03438,2025-07-05,completed,UPI,2499
ORD008032,CUST03438,2025-10-08,completed,COD,5297
ORD008033,CUST03438,2026-06-29,completed,Card,2798
ORD008034,CUST03439,2026-05-23,completed,NetBanking,4898
ORD008035,CUST03439,2025-06-19,completed,UPI,899
ORD008036,CUST03439,2025-12-04,completed,UPI,1498
ORD008037,CUST03439,2026-04-24,completed,UPI,1299
ORD008038,CUST03440,2025-06-03,completed,COD,4497
ORD008039,CUST03440,2026-06-13,completed,COD,2499
ORD008040,CUST03440,2025-04-22,completed,Card,3398
ORD008041,CUST03441,2026-07-08,completed,UPI,5498
ORD008042,CUST03442,2026-03-11,cancelled,Card,3798
ORD008043,CUST03443,2026-05-06,completed,COD,3398
ORD008044,CUST03443,2025-04-24,completed,NetBanking,4097
ORD008045,CUST03444,2026-05-27,completed,NetBanking,1799
ORD008046,CUST03444,2025-10-02,completed,Card,9497
ORD008047,CUST03444,2026-01-11,completed,COD,4498
ORD008048,CUST03444,2025-11-18,completed,UPI,3398
ORD008049,CUST03444,2026-06-14,completed,UPI,5498
ORD008050,CUST03445,2025-08-16,completed,NetBanking,2499
ORD008051,CUST03445,2026-02-22,completed,Card,1998
ORD008052,CUST03445,2025-08-21,completed,NetBanking,3298
ORD008053,CUST03445,2025-09-25,cancelled,COD,6297
ORD008054,CUST03445,2026-04-24,completed,NetBanking,4298
ORD008055,CUST03446,2026-02-08,completed,COD,5597
ORD008056,CUST03448,2025-08-30,cancelled,NetBanking,3297
ORD008057,CUST03448,2025-04-10,completed,COD,2499
ORD008058,CUST03448,2026-03-06,completed,Card,1299
ORD008059,CUST03448,2026-05-18,completed,UPI,1299
ORD008060,CUST03449,2025-07-13,completed,COD,3198
ORD008061,CUST03450,2025-09-01,completed,NetBanking,2198
ORD008062,CUST03451,2025-07-08,completed,UPI,5498
ORD008063,CUST03452,2026-08-14,completed,Card,6697
ORD008064,CUST03454,2025-05-17,completed,COD,3798
ORD008065,CUST03455,2025-04-25,completed,COD,6498
ORD008066,CUST03458,2026-03-02,completed,UPI,6797
ORD008067,CUST03458,2025-04-15,completed,COD,5397
ORD008068,CUST03458,2025-10-18,completed,NetBanking,2499
ORD008069,CUST03462,2026-08-12,completed,NetBanking,2499
ORD008070,CUST03463,2025-03-10,completed,UPI,3498
ORD008071,CUST03465,2025-05-20,completed,UPI,2499
ORD008072,CUST03465,2026-01-13,completed,COD,4897
ORD008073,CUST03465,2025-04-10,completed,NetBanking,3498
ORD008074,CUST03465,2025-08-03,completed,Card,2499
ORD008075,CUST03466,2025-11-30,completed,NetBanking,899
ORD008076,CUST03466,2025-07-07,completed,Card,5298
ORD008077,CUST03466,2025-07-05,completed,COD,5298
ORD008078,CUST03466,2026-03-20,completed,NetBanking,1798
ORD008079,CUST03466,2025-08-16,completed,COD,2698
ORD008080,CUST03468,2026-04-03,completed,Card,6697
ORD008081,CUST03469,2026-08-14,completed,COD,1499
ORD008082,CUST03470,2025-04-10,completed,Card,2999
ORD008083,CUST03470,2025-12-27,completed,Card,3798
ORD008084,CUST03470,2026-08-11,completed,UPI,999
ORD008085,CUST03470,2026-08-16,completed,COD,7697
ORD008086,CUST03471,2026-05-22,completed,NetBanking,2499
ORD008087,CUST03471,2026-02-06,completed,NetBanking,5997
ORD008088,CUST03472,2025-06-27,completed,NetBanking,7897
ORD008089,CUST03472,2025-09-10,completed,Card,2698
ORD008090,CUST03472,2026-08-17,completed,COD,4298
ORD008091,CUST03472,2026-05-16,cancelled,COD,2499
ORD008092,CUST03472,2026-03-31,completed,UPI,4997
ORD008093,CUST03472,2025-12-04,completed,NetBanking,4298
ORD008094,CUST03473,2025-04-13,returned,NetBanking,3498
ORD008095,CUST03474,2025-12-07,completed,Card,8297
ORD008096,CUST03474,2026-02-05,completed,NetBanking,3398
ORD008097,CUST03475,2025-10-29,completed,Card,3698
ORD008098,CUST03475,2025-08-03,completed,UPI,2499
ORD008099,CUST03476,2026-06-30,returned,Card,5197
ORD008100,CUST03476,2025-10-25,cancelled,COD,1499
ORD008101,CUST03476,2026-04-27,completed,COD,3498
ORD008102,CUST03476,2025-09-09,completed,COD,2498
ORD008103,CUST03476,2025-04-30,completed,Card,2998
ORD008104,CUST03476,2025-04-24,completed,NetBanking,1998
ORD008105,CUST03480,2025-06-15,completed,NetBanking,2499
ORD008106,CUST03480,2025-09-24,completed,Card,2198
ORD008107,CUST03481,2025-11-29,completed,NetBanking,4898
ORD008108,CUST03481,2025-03-04,completed,NetBanking,3398
ORD008109,CUST03481,2025-12-05,completed,UPI,2999
ORD008110,CUST03481,2026-01-19,completed,NetBanking,3999
ORD008111,CUST03481,2026-03-13,completed,UPI,3198
ORD008112,CUST03481,2025-09-23,completed,UPI,5497
ORD008113,CUST03482,2026-04-07,completed,COD,499
ORD008114,CUST03483,2026-06-04,completed,Card,2798
ORD008115,CUST03484,2026-04-03,completed,COD,4698
ORD008116,CUST03484,2025-11-19,completed,UPI,2398
ORD008117,CUST03484,2026-05-04,completed,Card,2498
ORD008118,CUST03484,2025-09-07,completed,UPI,699
ORD008119,CUST03484,2026-03-03,completed,COD,2499
ORD008120,CUST03484,2025-06-19,completed,Card,2499
ORD008121,CUST03484,2025-12-17,completed,Card,999
ORD008122,CUST03485,2025-03-19,completed,Card,6197
ORD008123,CUST03485,2025-08-11,completed,COD,2499
ORD008124,CUST03485,2026-08-07,completed,UPI,899
ORD008125,CUST03486,2025-10-08,completed,UPI,3999
ORD008126,CUST03487,2025-08-29,completed,NetBanking,4498
ORD008127,CUST03487,2026-02-08,completed,NetBanking,3999
ORD008128,CUST03488,2026-03-14,completed,Card,3999
ORD008129,CUST03488,2025-07-04,completed,COD,5498
ORD008130,CUST03488,2025-03-21,completed,UPI,3697
ORD008131,CUST03488,2026-01-02,completed,NetBanking,6197
ORD008132,CUST03488,2026-01-20,completed,COD,2999
ORD008133,CUST03488,2025-12-18,completed,Card,2998
ORD008134,CUST03488,2025-12-05,completed,NetBanking,3998
ORD008135,CUST03489,2025-10-12,completed,UPI,4498
ORD008136,CUST03490,2026-08-21,completed,Card,1299
ORD008137,CUST03491,2025-09-29,completed,UPI,1398
ORD008138,CUST03491,2025-07-13,completed,UPI,4197
ORD008139,CUST03492,2025-03-24,completed,NetBanking,5798
ORD008140,CUST03492,2025-05-12,completed,NetBanking,1798
ORD008141,CUST03492,2026-04-17,completed,Card,3398
ORD008142,CUST03492,2026-02-18,completed,COD,4698
ORD008143,CUST03492,2026-02-15,completed,Card,899
ORD008144,CUST03492,2025-03-22,completed,UPI,3998
ORD008145,CUST03492,2026-08-10,completed,NetBanking,3698
ORD008146,CUST03492,2025-07-14,completed,NetBanking,2499
ORD008147,CUST03493,2025-04-13,completed,UPI,6797
ORD008148,CUST03493,2025-03-15,completed,NetBanking,6498
ORD008149,CUST03493,2025-12-27,completed,UPI,8497
ORD008150,CUST03494,2025-06-26,completed,UPI,3798
ORD008151,CUST03495,2026-04-25,cancelled,COD,2998
ORD008152,CUST03496,2026-03-09,completed,COD,3297
ORD008153,CUST03497,2025-10-05,returned,UPI,5798
ORD008154,CUST03498,2025-06-23,completed,NetBanking,2499
ORD008155,CUST03499,2026-07-28,completed,COD,4897
ORD008156,CUST03499,2025-11-21,completed,UPI,5597
ORD008157,CUST03499,2025-12-03,completed,NetBanking,2998
ORD008158,CUST03501,2025-04-30,completed,Card,3999
ORD008159,CUST03502,2025-10-12,completed,NetBanking,4497
ORD008160,CUST03502,2026-07-29,completed,UPI,3698
ORD008161,CUST03502,2025-07-21,completed,COD,3398
ORD008162,CUST03502,2025-12-24,cancelled,COD,3398
ORD008163,CUST03504,2026-01-06,completed,Card,4698
ORD008164,CUST03504,2026-07-13,completed,COD,1299
ORD008165,CUST03504,2025-10-28,completed,Card,5798
ORD008166,CUST03504,2026-02-22,completed,UPI,3398
ORD008167,CUST03504,2025-06-12,returned,COD,3698
ORD008168,CUST03505,2026-05-25,completed,UPI,2498
ORD008169,CUST03506,2026-01-11,completed,COD,2499
ORD008170,CUST03507,2026-07-25,completed,COD,3998
ORD008171,CUST03509,2025-04-03,completed,NetBanking,2998
ORD008172,CUST03510,2025-12-05,completed,COD,1898
ORD008173,CUST03511,2025-06-05,completed,UPI,4298
ORD008174,CUST03511,2025-08-26,returned,UPI,1798
ORD008175,CUST03511,2025-04-07,completed,NetBanking,3498
ORD008176,CUST03511,2025-10-12,completed,UPI,3198
ORD008177,CUST03512,2026-04-21,completed,COD,5498
ORD008178,CUST03513,2026-07-03,completed,NetBanking,3998
ORD008179,CUST03513,2026-01-02,completed,COD,4297
ORD008180,CUST03513,2026-06-20,completed,NetBanking,1798
ORD008181,CUST03513,2026-06-09,completed,COD,2798
ORD008182,CUST03513,2025-09-10,completed,NetBanking,999
ORD008183,CUST03514,2025-04-07,completed,Card,3998
ORD008184,CUST03515,2025-05-15,cancelled,COD,1498
ORD008185,CUST03516,2025-09-21,completed,UPI,6498
ORD008186,CUST03517,2026-03-28,cancelled,UPI,2499
ORD008187,CUST03517,2026-07-18,completed,UPI,4997
ORD008188,CUST03518,2026-05-07,cancelled,Card,2499
ORD008189,CUST03519,2025-09-15,completed,Card,2498
ORD008190,CUST03520,2026-02-24,completed,COD,1299
ORD008191,CUST03520,2026-06-06,completed,NetBanking,2499
ORD008192,CUST03521,2026-02-01,completed,NetBanking,2499
ORD008193,CUST03521,2026-04-04,cancelled,NetBanking,3999
ORD008194,CUST03521,2025-03-30,completed,COD,3498
ORD008195,CUST03521,2026-04-07,completed,UPI,4498
ORD008196,CUST03522,2026-04-04,completed,COD,5298
ORD008197,CUST03522,2026-02-12,completed,UPI,3698
ORD008198,CUST03522,2026-08-04,completed,NetBanking,3798
ORD008199,CUST03522,2025-07-28,completed,COD,4698
ORD008200,CUST03522,2026-01-23,completed,COD,6498
ORD008201,CUST03522,2026-03-09,completed,Card,2798
ORD008202,CUST03523,2025-08-19,completed,Card,899
ORD008203,CUST03524,2025-06-17,completed,NetBanking,499
ORD008204,CUST03525,2025-08-30,completed,COD,6498
ORD008205,CUST03526,2026-02-26,completed,UPI,2499
ORD008206,CUST03526,2025-12-07,completed,COD,3097
ORD008207,CUST03526,2025-12-24,completed,Card,5797
ORD008208,CUST03529,2026-02-03,completed,NetBanking,3498
ORD008209,CUST03529,2026-02-04,completed,NetBanking,2499
ORD008210,CUST03529,2025-09-18,completed,COD,3697
ORD008211,CUST03529,2025-12-18,completed,NetBanking,6998
ORD008212,CUST03531,2025-10-04,completed,COD,4798
ORD008213,CUST03532,2025-03-17,completed,Card,2998
ORD008214,CUST03532,2025-11-18,completed,Card,2998
ORD008215,CUST03532,2025-08-26,completed,UPI,2999
ORD008216,CUST03533,2026-01-16,completed,NetBanking,2499
ORD008217,CUST03533,2026-05-28,completed,UPI,2398
ORD008218,CUST03534,2025-09-10,completed,COD,3298
ORD008219,CUST03535,2025-03-16,cancelled,Card,2298
ORD008220,CUST03535,2025-09-15,completed,COD,2798
ORD008221,CUST03535,2026-05-17,completed,COD,2198
ORD008222,CUST03535,2025-06-11,completed,UPI,3998
ORD008223,CUST03535,2026-06-21,completed,Card,1299
ORD008224,CUST03536,2026-01-31,completed,COD,3998
ORD008225,CUST03536,2026-08-22,completed,UPI,699
ORD008226,CUST03536,2025-10-30,completed,COD,899
ORD008227,CUST03536,2025-03-07,completed,Card,1299
ORD008228,CUST03537,2025-04-29,completed,NetBanking,3498
ORD008229,CUST03538,2026-04-18,completed,NetBanking,4898
ORD008230,CUST03538,2025-06-09,completed,UPI,2998
ORD008231,CUST03538,2026-07-18,completed,NetBanking,999
ORD008232,CUST03538,2026-08-12,cancelled,NetBanking,3498
ORD008233,CUST03538,2025-05-28,completed,COD,3999
ORD008234,CUST03538,2026-07-05,completed,NetBanking,2499
ORD008235,CUST03539,2026-01-05,completed,Card,1799
ORD008236,CUST03539,2025-11-12,completed,COD,3998
ORD008237,CUST03539,2025-08-11,cancelled,NetBanking,4497
ORD008238,CUST03540,2025-12-18,completed,UPI,2398
ORD008239,CUST03541,2025-07-24,completed,COD,3297
ORD008240,CUST03541,2025-03-28,completed,UPI,4298
ORD008241,CUST03541,2025-10-10,completed,UPI,999
ORD008242,CUST03541,2025-08-30,completed,COD,5798
ORD008243,CUST03542,2025-09-29,completed,UPI,3999
ORD008244,CUST03543,2026-03-05,completed,NetBanking,2499
ORD008245,CUST03543,2025-04-13,completed,NetBanking,2998
ORD008246,CUST03543,2025-12-25,completed,COD,3298
ORD008247,CUST03543,2026-01-26,completed,UPI,3698
ORD008248,CUST03543,2026-08-23,completed,NetBanking,4498
ORD008249,CUST03543,2025-03-12,completed,COD,2999
ORD008250,CUST03544,2026-07-28,completed,UPI,1198
ORD008251,CUST03544,2026-06-08,completed,Card,2499
ORD008252,CUST03544,2025-09-03,completed,Card,3198
ORD008253,CUST03544,2025-11-25,completed,Card,2499
ORD008254,CUST03544,2025-12-23,completed,COD,5597
ORD008255,CUST03545,2025-04-12,completed,UPI,2499
ORD008256,CUST03546,2025-12-23,completed,NetBanking,3998
ORD008257,CUST03547,2025-05-23,completed,COD,3999
ORD008258,CUST03547,2025-11-24,completed,UPI,4197
ORD008259,CUST03547,2026-05-01,completed,UPI,1598
ORD008260,CUST03547,2025-03-22,completed,NetBanking,1799
ORD008261,CUST03549,2025-04-16,completed,UPI,699
ORD008262,CUST03550,2026-01-07,completed,UPI,899
ORD008263,CUST03551,2025-03-29,completed,Card,899
ORD008264,CUST03551,2026-08-10,completed,COD,499
ORD008265,CUST03553,2026-08-16,completed,NetBanking,2499
ORD008266,CUST03553,2026-08-06,completed,NetBanking,4798
ORD008267,CUST03553,2026-02-11,cancelled,UPI,6498
ORD008268,CUST03553,2025-12-31,completed,COD,5997
ORD008269,CUST03554,2026-03-22,completed,Card,1898
ORD008270,CUST03554,2025-09-25,completed,UPI,2698
ORD008271,CUST03554,2026-01-30,completed,Card,2499
ORD008272,CUST03554,2026-03-18,completed,Card,2499
ORD008273,CUST03554,2025-11-17,completed,NetBanking,2998
ORD008274,CUST03554,2025-03-08,completed,UPI,4898
ORD008275,CUST03554,2026-03-06,completed,NetBanking,2798
ORD008276,CUST03554,2025-05-19,completed,UPI,2997
ORD008277,CUST03555,2026-04-01,completed,NetBanking,4798
ORD008278,CUST03555,2025-11-18,completed,NetBanking,2998
ORD008279,CUST03555,2025-11-23,completed,COD,4997
ORD008280,CUST03555,2026-04-23,completed,NetBanking,7297
ORD008281,CUST03555,2025-09-17,completed,NetBanking,7097
ORD008282,CUST03556,2025-11-20,cancelled,COD,3998
ORD008283,CUST03557,2025-10-29,completed,Card,3999
ORD008284,CUST03558,2025-11-22,completed,Card,2499
ORD008285,CUST03560,2025-03-29,completed,UPI,4298
ORD008286,CUST03560,2026-03-09,completed,Card,4298
ORD008287,CUST03561,2025-06-26,completed,UPI,1299
ORD008288,CUST03561,2026-05-07,completed,COD,2298
ORD008289,CUST03561,2025-04-05,cancelled,Card,1898
ORD008290,CUST03562,2025-05-03,completed,NetBanking,2499
ORD008291,CUST03562,2026-08-21,completed,COD,3198
ORD008292,CUST03562,2025-12-19,completed,UPI,699
ORD008293,CUST03562,2025-05-02,completed,UPI,499
ORD008294,CUST03562,2025-03-05,completed,Card,1598
ORD008295,CUST03562,2026-04-13,completed,COD,2798
ORD008296,CUST03562,2026-06-22,completed,COD,6498
ORD008297,CUST03562,2025-04-16,completed,Card,5297
ORD008298,CUST03563,2026-08-01,completed,UPI,5798
ORD008299,CUST03563,2025-09-05,completed,UPI,6498
ORD008300,CUST03563,2026-04-14,completed,COD,2697
ORD008301,CUST03563,2026-02-27,returned,NetBanking,1498
ORD008302,CUST03563,2025-05-23,completed,COD,899
ORD008303,CUST03563,2026-02-01,completed,NetBanking,5497
ORD008304,CUST03563,2026-03-25,completed,UPI,6498
ORD008305,CUST03564,2026-04-16,completed,Card,1499
ORD008306,CUST03564,2026-01-31,completed,NetBanking,2998
ORD008307,CUST03564,2025-07-16,completed,NetBanking,2499
ORD008308,CUST03565,2025-04-03,completed,NetBanking,7297
ORD008309,CUST03565,2025-10-26,completed,Card,5498
ORD008310,CUST03565,2026-05-04,completed,Card,1299
ORD008311,CUST03566,2025-08-16,completed,Card,2798
ORD008312,CUST03566,2025-11-24,completed,NetBanking,2998
ORD008313,CUST03566,2025-03-19,completed,NetBanking,6497
ORD008314,CUST03566,2026-08-18,completed,Card,4497
ORD008315,CUST03569,2025-11-10,completed,Card,1299
ORD008316,CUST03570,2025-08-12,completed,COD,5797
ORD008317,CUST03572,2025-10-30,completed,Card,899
ORD008318,CUST03573,2026-03-15,completed,COD,3798
ORD008319,CUST03574,2025-06-06,cancelled,UPI,4298
ORD008320,CUST03575,2025-03-13,completed,UPI,3998
ORD008321,CUST03575,2026-01-16,cancelled,Card,2298
ORD008322,CUST03575,2025-05-18,completed,Card,3198
ORD008323,CUST03576,2025-05-24,completed,UPI,1698
ORD008324,CUST03577,2026-06-21,completed,UPI,4797
ORD008325,CUST03578,2026-02-16,cancelled,COD,3298
ORD008326,CUST03578,2025-12-16,completed,COD,5897
ORD008327,CUST03578,2025-10-21,completed,Card,1299
ORD008328,CUST03578,2026-04-09,completed,Card,2499
ORD008329,CUST03579,2025-06-27,cancelled,Card,3498
ORD008330,CUST03580,2025-12-05,completed,Card,4298
ORD008331,CUST03582,2026-01-30,completed,COD,5697
ORD008332,CUST03583,2026-05-20,completed,Card,5197
ORD008333,CUST03583,2026-03-11,completed,Card,2499
ORD008334,CUST03583,2025-05-25,completed,Card,4298
ORD008335,CUST03583,2025-04-05,completed,COD,1698
ORD008336,CUST03583,2025-09-07,completed,NetBanking,2499
ORD008337,CUST03584,2026-06-21,completed,UPI,3398
ORD008338,CUST03584,2026-03-31,completed,NetBanking,2499
ORD008339,CUST03585,2025-06-03,completed,NetBanking,2498
ORD008340,CUST03586,2025-03-19,completed,Card,2499
ORD008341,CUST03586,2025-07-24,completed,COD,2499
ORD008342,CUST03586,2026-01-17,completed,Card,8797
ORD008343,CUST03586,2026-04-13,completed,Card,2499
ORD008344,CUST03587,2026-05-22,completed,Card,3498
ORD008345,CUST03588,2026-08-16,completed,NetBanking,2999
ORD008346,CUST03588,2025-03-18,completed,Card,3999
ORD008347,CUST03588,2025-09-25,completed,NetBanking,4798
ORD008348,CUST03588,2026-02-09,completed,UPI,8497
ORD008349,CUST03588,2026-01-21,returned,Card,1498
ORD008350,CUST03588,2025-09-17,completed,NetBanking,2499
ORD008351,CUST03588,2025-12-05,completed,UPI,3697
ORD008352,CUST03589,2025-09-27,completed,UPI,3498
ORD008353,CUST03590,2025-04-30,completed,NetBanking,2298
ORD008354,CUST03591,2025-10-14,completed,Card,999
ORD008355,CUST03592,2025-07-28,completed,NetBanking,6497
ORD008356,CUST03592,2025-05-15,completed,Card,2998
ORD008357,CUST03593,2025-11-19,completed,NetBanking,3398
ORD008358,CUST03594,2025-08-04,completed,UPI,2499
ORD008359,CUST03594,2025-06-02,completed,Card,2499
ORD008360,CUST03594,2025-12-04,completed,UPI,699
ORD008361,CUST03595,2026-01-12,completed,Card,999
ORD008362,CUST03595,2025-08-22,completed,UPI,4797
ORD008363,CUST03595,2026-06-15,completed,UPI,6498
ORD008364,CUST03595,2025-11-05,completed,COD,6998
ORD008365,CUST03596,2026-01-12,completed,Card,999
ORD008366,CUST03597,2026-05-01,completed,Card,3198
ORD008367,CUST03598,2025-12-24,completed,UPI,4497
ORD008368,CUST03598,2026-04-15,completed,COD,4498
ORD008369,CUST03598,2025-04-03,completed,UPI,2498
ORD008370,CUST03599,2025-09-26,cancelled,UPI,3098
ORD008371,CUST03599,2026-01-31,completed,NetBanking,499
ORD008372,CUST03599,2026-05-28,completed,NetBanking,1998
ORD008373,CUST03599,2026-05-06,completed,NetBanking,2499
ORD008374,CUST03599,2026-01-14,completed,Card,3798
ORD008375,CUST03599,2025-11-30,completed,UPI,3198
ORD008376,CUST03599,2025-10-19,completed,NetBanking,2999
ORD008377,CUST03600,2026-06-05,completed,COD,2499
ORD008378,CUST03600,2026-05-31,completed,NetBanking,2999
ORD008379,CUST03600,2025-11-19,completed,Card,3999
ORD008380,CUST03600,2026-06-07,completed,COD,4397
ORD008381,CUST03601,2025-04-22,completed,Card,3097
ORD008382,CUST03601,2025-07-22,completed,NetBanking,2398
ORD008383,CUST03601,2026-01-15,completed,NetBanking,499
ORD008384,CUST03601,2026-08-12,completed,Card,7997
ORD008385,CUST03601,2026-08-18,completed,COD,3098
ORD008386,CUST03601,2026-06-19,completed,COD,5597
ORD008387,CUST03601,2025-07-20,completed,NetBanking,2998
ORD008388,CUST03601,2025-10-10,completed,COD,3498
ORD008389,CUST03602,2026-04-02,completed,NetBanking,3798
ORD008390,CUST03602,2025-05-24,completed,COD,4297
ORD008391,CUST03602,2025-06-23,completed,UPI,6498
ORD008392,CUST03602,2026-02-02,completed,COD,3999
ORD008393,CUST03602,2025-04-14,completed,UPI,2198
ORD008394,CUST03602,2026-02-11,completed,NetBanking,4298
ORD008395,CUST03602,2025-05-06,completed,UPI,6397
ORD008396,CUST03602,2026-01-02,completed,NetBanking,3198
ORD008397,CUST03603,2026-06-10,completed,NetBanking,2499
ORD008398,CUST03604,2025-09-26,completed,NetBanking,2499
ORD008399,CUST03604,2026-03-27,completed,UPI,3998
ORD008400,CUST03604,2026-07-18,completed,Card,699
ORD008401,CUST03607,2025-06-21,completed,NetBanking,4397
ORD008402,CUST03607,2025-03-13,completed,COD,1998
ORD008403,CUST03608,2025-07-23,completed,NetBanking,1998
ORD008404,CUST03608,2026-03-21,completed,COD,2298
ORD008405,CUST03609,2026-01-28,completed,Card,3798
ORD008406,CUST03610,2025-05-14,completed,Card,3697
ORD008407,CUST03610,2026-06-26,completed,UPI,6997
ORD008408,CUST03610,2025-11-22,completed,UPI,1498
ORD008409,CUST03610,2026-02-08,completed,Card,5498
ORD008410,CUST03611,2025-08-12,completed,Card,6997
ORD008411,CUST03612,2025-04-06,completed,UPI,1799
ORD008412,CUST03612,2025-08-05,completed,COD,1799
ORD008413,CUST03613,2025-11-30,completed,NetBanking,3297
ORD008414,CUST03613,2025-12-06,completed,UPI,2499
ORD008415,CUST03613,2026-07-17,completed,NetBanking,3498
ORD008416,CUST03614,2025-10-16,returned,NetBanking,4798
ORD008417,CUST03614,2025-05-13,completed,UPI,3999
ORD008418,CUST03615,2025-10-17,completed,NetBanking,2998
ORD008419,CUST03615,2026-06-15,completed,NetBanking,2298
ORD008420,CUST03615,2026-08-23,completed,NetBanking,2398
ORD008421,CUST03615,2025-03-06,completed,UPI,2999
ORD008422,CUST03615,2025-11-23,completed,COD,2997
ORD008423,CUST03615,2026-05-16,completed,COD,6498
ORD008424,CUST03616,2026-06-22,completed,UPI,3999
ORD008425,CUST03617,2026-06-06,completed,NetBanking,1499
ORD008426,CUST03617,2025-06-17,completed,UPI,1799
ORD008427,CUST03618,2025-03-27,completed,NetBanking,2498
ORD008428,CUST03618,2025-12-06,completed,Card,4498
ORD008429,CUST03618,2025-06-17,completed,UPI,5498
ORD008430,CUST03618,2025-05-02,completed,Card,2499
ORD008431,CUST03618,2025-12-10,completed,NetBanking,2498
ORD008432,CUST03619,2025-05-14,completed,NetBanking,1998
ORD008433,CUST03619,2026-08-10,completed,COD,3999
ORD008434,CUST03619,2026-08-08,completed,Card,2499
ORD008435,CUST03620,2025-10-25,completed,COD,1799
ORD008436,CUST03622,2025-03-30,completed,Card,1698
ORD008437,CUST03622,2025-11-05,completed,Card,5697
ORD008438,CUST03623,2025-12-30,completed,COD,3898
ORD008439,CUST03623,2025-09-07,cancelled,UPI,2499
ORD008440,CUST03623,2025-11-30,completed,NetBanking,2499
ORD008441,CUST03623,2025-06-08,completed,Card,2499
ORD008442,CUST03623,2025-06-15,completed,COD,3498
ORD008443,CUST03623,2025-05-09,completed,Card,3997
ORD008444,CUST03624,2025-04-10,returned,NetBanking,3398
ORD008445,CUST03625,2025-04-28,completed,NetBanking,2298
ORD008446,CUST03625,2025-05-13,completed,COD,3498
ORD008447,CUST03625,2025-06-22,completed,COD,6498
ORD008448,CUST03625,2025-12-07,completed,Card,1698
ORD008449,CUST03625,2025-10-09,returned,NetBanking,4998
ORD008450,CUST03625,2026-07-19,completed,COD,3198
ORD008451,CUST03625,2025-05-13,completed,COD,7297
ORD008452,CUST03625,2026-02-22,completed,UPI,3798
ORD008453,CUST03626,2025-03-03,completed,NetBanking,6397
ORD008454,CUST03626,2026-08-20,completed,Card,4797
ORD008455,CUST03626,2025-09-28,completed,COD,2499
ORD008456,CUST03626,2025-11-14,completed,COD,2499
ORD008457,CUST03626,2026-06-27,completed,COD,1299
ORD008458,CUST03627,2025-09-24,completed,NetBanking,4297
ORD008459,CUST03627,2025-11-11,completed,COD,3998
ORD008460,CUST03627,2025-03-01,completed,Card,2998
ORD008461,CUST03627,2025-04-10,completed,UPI,3098
ORD008462,CUST03627,2025-04-30,completed,NetBanking,3897
ORD008463,CUST03627,2026-01-08,completed,NetBanking,5197
ORD008464,CUST03627,2025-06-12,completed,COD,4498
ORD008465,CUST03627,2026-05-03,completed,NetBanking,699
ORD008466,CUST03628,2026-08-14,completed,NetBanking,2499
ORD008467,CUST03629,2026-07-22,completed,Card,2798
ORD008468,CUST03630,2025-07-15,completed,COD,2798
ORD008469,CUST03631,2026-01-24,completed,Card,699
ORD008470,CUST03631,2025-04-13,completed,UPI,499
ORD008471,CUST03631,2026-03-27,completed,Card,4298
ORD008472,CUST03631,2025-06-27,completed,NetBanking,2499
ORD008473,CUST03631,2025-05-06,completed,Card,2198
ORD008474,CUST03631,2025-09-22,completed,UPI,999
ORD008475,CUST03631,2025-11-27,completed,NetBanking,1499
ORD008476,CUST03632,2025-11-19,completed,COD,699
ORD008477,CUST03634,2025-12-28,completed,UPI,7897
ORD008478,CUST03635,2025-05-15,completed,UPI,5797
ORD008479,CUST03635,2026-02-01,completed,UPI,2499
ORD008480,CUST03635,2025-06-27,completed,Card,1799
ORD008481,CUST03635,2025-07-30,completed,UPI,5297
ORD008482,CUST03637,2026-05-30,returned,UPI,699
ORD008483,CUST03637,2025-12-06,completed,NetBanking,4197
ORD008484,CUST03637,2026-05-13,completed,Card,3698
ORD008485,CUST03638,2026-06-13,completed,NetBanking,499
ORD008486,CUST03640,2026-05-24,completed,NetBanking,2999
ORD008487,CUST03641,2026-08-20,completed,UPI,3498
ORD008488,CUST03641,2026-01-06,completed,Card,3998
ORD008489,CUST03641,2025-06-23,cancelled,UPI,699
ORD008490,CUST03641,2026-08-17,completed,NetBanking,499
ORD008491,CUST03642,2025-09-09,completed,NetBanking,3197
ORD008492,CUST03642,2026-03-01,completed,COD,4797
ORD008493,CUST03642,2025-06-19,completed,NetBanking,3898
ORD008494,CUST03642,2025-05-06,completed,Card,4797
ORD008495,CUST03642,2026-05-26,completed,NetBanking,5997
ORD008496,CUST03643,2025-10-31,completed,UPI,3997
ORD008497,CUST03643,2025-10-04,completed,COD,1198
ORD008498,CUST03643,2025-05-18,completed,NetBanking,3497
ORD008499,CUST03643,2026-05-27,completed,UPI,1498
ORD008500,CUST03643,2026-02-25,cancelled,COD,2499
ORD008501,CUST03645,2025-04-20,completed,Card,1499
ORD008502,CUST03645,2025-08-03,completed,NetBanking,2698
ORD008503,CUST03645,2026-03-02,completed,UPI,3198
ORD008504,CUST03645,2026-04-08,completed,Card,4097
ORD008505,CUST03645,2026-06-24,completed,NetBanking,699
ORD008506,CUST03645,2026-07-27,completed,COD,5297
ORD008507,CUST03645,2026-01-30,completed,NetBanking,6297
ORD008508,CUST03647,2025-05-25,completed,COD,3098
ORD008509,CUST03648,2025-06-16,completed,COD,999
ORD008510,CUST03648,2026-01-05,completed,COD,3297
ORD008511,CUST03648,2025-05-26,completed,NetBanking,2398
ORD008512,CUST03648,2025-07-17,completed,UPI,6997
ORD008513,CUST03649,2025-03-31,completed,COD,5298
ORD008514,CUST03649,2026-04-15,completed,COD,2499
ORD008515,CUST03649,2025-12-06,completed,COD,6997
ORD008516,CUST03649,2025-11-17,completed,UPI,3098
ORD008517,CUST03649,2025-07-16,completed,COD,6998
ORD008518,CUST03650,2026-03-16,completed,UPI,4697
ORD008519,CUST03650,2026-01-16,completed,COD,4298
ORD008520,CUST03650,2025-11-13,completed,UPI,2499
ORD008521,CUST03650,2026-08-11,returned,UPI,4797
ORD008522,CUST03650,2025-06-11,completed,Card,4297
ORD008523,CUST03650,2026-04-16,completed,COD,5497
ORD008524,CUST03651,2025-10-04,completed,Card,6097
ORD008525,CUST03652,2025-04-24,completed,COD,899
ORD008526,CUST03654,2025-04-07,completed,Card,1499
ORD008527,CUST03655,2025-03-20,completed,Card,1299
ORD008528,CUST03655,2025-05-30,completed,COD,6498
ORD008529,CUST03655,2025-05-02,completed,COD,2499
ORD008530,CUST03656,2026-06-29,completed,COD,3498
ORD008531,CUST03657,2026-01-27,cancelled,Card,5497
ORD008532,CUST03657,2025-03-15,completed,COD,2498
ORD008533,CUST03657,2026-03-12,completed,Card,2998
ORD008534,CUST03658,2026-06-23,completed,Card,3997
ORD008535,CUST03659,2025-11-30,completed,Card,699
ORD008536,CUST03660,2025-06-11,completed,Card,4298
ORD008537,CUST03661,2025-11-30,completed,COD,5798
ORD008538,CUST03661,2026-01-31,completed,UPI,5597
ORD008539,CUST03661,2026-04-02,completed,UPI,2998
ORD008540,CUST03661,2026-03-01,completed,COD,2999
ORD008541,CUST03662,2025-04-16,completed,UPI,3098
ORD008542,CUST03662,2026-03-30,completed,COD,2499
ORD008543,CUST03663,2026-05-22,completed,Card,5798
ORD008544,CUST03664,2025-06-05,returned,NetBanking,2298
ORD008545,CUST03664,2025-03-02,completed,COD,3398
ORD008546,CUST03664,2026-07-29,completed,Card,1798
ORD008547,CUST03664,2025-09-29,completed,COD,1498
ORD008548,CUST03664,2025-10-03,completed,COD,4297
ORD008549,CUST03664,2025-03-03,completed,Card,2398
ORD008550,CUST03665,2025-05-03,completed,COD,2499
ORD008551,CUST03666,2026-03-13,completed,UPI,4797
ORD008552,CUST03667,2026-02-10,completed,COD,999
ORD008553,CUST03669,2025-03-29,completed,COD,6797
ORD008554,CUST03669,2025-04-24,completed,Card,3098
ORD008555,CUST03670,2025-10-04,completed,Card,7497
ORD008556,CUST03671,2025-06-05,completed,COD,3197
ORD008557,CUST03671,2026-08-04,cancelled,COD,3998
ORD008558,CUST03671,2026-04-13,completed,Card,2499
ORD008559,CUST03671,2026-07-15,completed,COD,6498
ORD008560,CUST03671,2026-07-22,completed,UPI,2498
ORD008561,CUST03671,2026-01-20,completed,UPI,2198
ORD008562,CUST03672,2026-04-24,completed,NetBanking,1198
ORD008563,CUST03672,2025-11-26,completed,COD,1898
ORD008564,CUST03672,2026-07-30,completed,NetBanking,3297
ORD008565,CUST03672,2025-08-08,completed,Card,3999
ORD008566,CUST03672,2026-05-01,completed,COD,1499
ORD008567,CUST03672,2026-06-01,completed,Card,499
ORD008568,CUST03673,2026-01-17,completed,NetBanking,2998
ORD008569,CUST03673,2025-03-28,returned,UPI,3397
ORD008570,CUST03673,2025-11-24,completed,COD,2398
ORD008571,CUST03673,2025-10-31,completed,Card,1698
ORD008572,CUST03673,2025-11-04,completed,Card,2498
ORD008573,CUST03674,2026-07-14,completed,NetBanking,2499
ORD008574,CUST03675,2025-04-19,completed,UPI,2499
ORD008575,CUST03675,2026-05-19,completed,COD,7697
ORD008576,CUST03675,2025-09-06,completed,Card,2499
ORD008577,CUST03676,2025-06-14,completed,UPI,1798
ORD008578,CUST03677,2025-05-26,completed,COD,1499
ORD008579,CUST03678,2025-08-12,completed,Card,999
ORD008580,CUST03678,2025-09-16,completed,NetBanking,3498
ORD008581,CUST03680,2026-03-18,completed,COD,5297
ORD008582,CUST03680,2025-10-29,completed,UPI,899
ORD008583,CUST03681,2026-02-13,completed,NetBanking,3198
ORD008584,CUST03681,2025-09-19,completed,NetBanking,2998
ORD008585,CUST03681,2025-11-23,completed,UPI,4097
ORD008586,CUST03681,2025-07-06,completed,UPI,8797
ORD008587,CUST03681,2025-12-26,completed,UPI,7397
ORD008588,CUST03681,2025-06-08,completed,Card,6498
ORD008589,CUST03682,2025-11-30,completed,UPI,3999
ORD008590,CUST03682,2026-07-14,completed,COD,1799
ORD008591,CUST03682,2026-07-05,completed,NetBanking,4298
ORD008592,CUST03682,2025-04-11,completed,UPI,3297
ORD008593,CUST03682,2025-09-20,completed,UPI,699
ORD008594,CUST03682,2025-11-11,completed,UPI,3997
ORD008595,CUST03682,2026-01-19,completed,Card,3998
ORD008596,CUST03682,2025-03-24,completed,NetBanking,499
ORD008597,CUST03683,2025-10-20,completed,COD,4698
ORD008598,CUST03683,2025-06-22,cancelled,NetBanking,1798
ORD008599,CUST03683,2025-12-27,completed,UPI,4797
ORD008600,CUST03683,2026-07-31,completed,NetBanking,6197
ORD008601,CUST03683,2025-11-30,completed,NetBanking,3998
ORD008602,CUST03683,2025-09-12,completed,Card,6498
ORD008603,CUST03684,2025-05-17,completed,COD,4998
ORD008604,CUST03686,2025-09-29,completed,Card,2499
ORD008605,CUST03687,2026-03-29,completed,Card,3898
ORD008606,CUST03688,2025-03-13,completed,UPI,1799
ORD008607,CUST03688,2026-03-18,completed,Card,5798
ORD008608,CUST03688,2026-05-18,completed,UPI,7397
ORD008609,CUST03688,2025-12-14,cancelled,COD,999
ORD008610,CUST03689,2025-11-25,completed,Card,2798
ORD008611,CUST03689,2026-01-06,completed,Card,4298
ORD008612,CUST03690,2025-03-03,completed,UPI,3498
ORD008613,CUST03691,2025-05-09,completed,Card,6498
ORD008614,CUST03692,2025-03-12,completed,COD,999
ORD008615,CUST03692,2026-02-11,completed,COD,2499
ORD008616,CUST03693,2025-12-30,completed,Card,1799
ORD008617,CUST03694,2026-02-28,completed,UPI,2499
ORD008618,CUST03695,2025-04-07,completed,UPI,5298
ORD008619,CUST03695,2026-05-05,completed,NetBanking,1498
ORD008620,CUST03695,2025-11-01,completed,NetBanking,2198
ORD008621,CUST03697,2026-07-11,completed,COD,5798
ORD008622,CUST03697,2025-04-05,completed,COD,2198
ORD008623,CUST03698,2025-09-13,completed,NetBanking,5797
ORD008624,CUST03698,2026-01-01,completed,Card,3498
ORD008625,CUST03699,2026-08-11,completed,UPI,3797
ORD008626,CUST03699,2026-08-08,completed,Card,2999
ORD008627,CUST03701,2025-05-09,completed,COD,2499
ORD008628,CUST03703,2025-04-16,completed,Card,4298
ORD008629,CUST03704,2026-07-10,completed,COD,2398
ORD008630,CUST03704,2025-10-28,completed,COD,699
ORD008631,CUST03704,2025-09-03,completed,NetBanking,3999
ORD008632,CUST03704,2026-03-07,completed,NetBanking,5297
ORD008633,CUST03705,2026-05-13,completed,NetBanking,3898
ORD008634,CUST03705,2026-03-29,completed,NetBanking,2499
ORD008635,CUST03705,2025-09-03,completed,UPI,2798
ORD008636,CUST03705,2026-01-19,completed,COD,2999
ORD008637,CUST03705,2026-03-21,completed,Card,2499
ORD008638,CUST03705,2026-04-24,completed,NetBanking,1798
ORD008639,CUST03706,2025-09-03,completed,COD,3697
ORD008640,CUST03706,2026-04-14,returned,COD,899
ORD008641,CUST03707,2026-07-29,completed,UPI,499
ORD008642,CUST03707,2026-01-29,completed,NetBanking,499
ORD008643,CUST03707,2026-02-07,completed,Card,2999
ORD008644,CUST03708,2026-02-18,completed,COD,3998
ORD008645,CUST03708,2026-05-14,completed,UPI,7797
ORD008646,CUST03708,2025-03-09,cancelled,Card,1499
ORD008647,CUST03709,2026-03-13,completed,UPI,5197
ORD008648,CUST03710,2025-11-30,completed,COD,6197
ORD008649,CUST03711,2026-03-23,cancelled,Card,1799
ORD008650,CUST03711,2026-04-23,completed,UPI,7997
ORD008651,CUST03711,2026-03-16,completed,NetBanking,5498
ORD008652,CUST03711,2026-03-27,completed,Card,3298
ORD008653,CUST03711,2025-10-05,completed,UPI,3398
ORD008654,CUST03712,2026-06-19,completed,NetBanking,1898
ORD008655,CUST03712,2025-11-07,completed,NetBanking,3999
ORD008656,CUST03713,2026-06-20,cancelled,COD,1698
ORD008657,CUST03713,2026-06-27,completed,COD,2999
ORD008658,CUST03713,2025-09-18,completed,COD,3798
ORD008659,CUST03713,2025-07-24,returned,UPI,2197
ORD008660,CUST03713,2025-08-20,completed,UPI,2998
ORD008661,CUST03714,2025-11-14,completed,COD,2499
ORD008662,CUST03714,2026-07-31,completed,UPI,2499
ORD008663,CUST03714,2025-08-19,completed,Card,999
ORD008664,CUST03714,2025-03-17,completed,Card,5498
ORD008665,CUST03714,2025-10-22,completed,Card,1998
ORD008666,CUST03715,2025-11-21,completed,COD,4298
ORD008667,CUST03716,2025-12-26,completed,UPI,4298
ORD008668,CUST03717,2025-06-07,returned,NetBanking,4798
ORD008669,CUST03717,2025-03-16,completed,UPI,999
ORD008670,CUST03717,2026-03-03,completed,COD,2999
ORD008671,CUST03717,2025-09-16,completed,COD,3798
ORD008672,CUST03717,2026-02-21,completed,UPI,3999
ORD008673,CUST03717,2025-10-17,completed,COD,6998
ORD008674,CUST03718,2026-07-17,completed,Card,699
ORD008675,CUST03719,2025-11-28,completed,NetBanking,4797
ORD008676,CUST03719,2026-03-19,completed,Card,5997
ORD008677,CUST03719,2025-12-02,completed,UPI,5298
ORD008678,CUST03719,2025-09-30,completed,NetBanking,4498
ORD008679,CUST03719,2026-08-06,returned,Card,2499
ORD008680,CUST03719,2026-04-04,completed,COD,3298
ORD008681,CUST03719,2025-12-18,completed,UPI,2999
ORD008682,CUST03719,2025-08-26,completed,COD,2999
ORD008683,CUST03720,2025-09-20,completed,UPI,2499
ORD008684,CUST03720,2025-10-19,completed,UPI,2198
ORD008685,CUST03720,2025-12-17,completed,UPI,2798
ORD008686,CUST03720,2026-06-10,completed,Card,4798
ORD008687,CUST03720,2025-06-02,completed,UPI,1398
ORD008688,CUST03720,2025-05-22,completed,NetBanking,699
ORD008689,CUST03721,2026-07-07,completed,UPI,5498
ORD008690,CUST03721,2025-07-24,completed,Card,4498
ORD008691,CUST03722,2026-07-29,completed,Card,899
ORD008692,CUST03722,2026-02-19,completed,NetBanking,2998
ORD008693,CUST03722,2025-06-26,returned,Card,2198
ORD008694,CUST03722,2026-02-06,completed,COD,2998
ORD008695,CUST03722,2025-06-25,returned,NetBanking,2499
ORD008696,CUST03723,2026-07-30,completed,NetBanking,1799
ORD008697,CUST03724,2026-05-04,completed,COD,2499
ORD008698,CUST03724,2025-10-15,completed,Card,7497
ORD008699,CUST03724,2026-07-08,completed,COD,999
ORD008700,CUST03724,2026-05-24,completed,NetBanking,2499
ORD008701,CUST03725,2025-04-01,completed,COD,5498
ORD008702,CUST03725,2026-04-18,cancelled,UPI,999
ORD008703,CUST03725,2025-07-09,completed,Card,4498
ORD008704,CUST03726,2026-05-18,completed,UPI,2499
ORD008705,CUST03726,2026-07-06,completed,UPI,5297
ORD008706,CUST03726,2025-07-21,completed,Card,4798
ORD008707,CUST03726,2025-08-10,completed,Card,3998
ORD008708,CUST03726,2026-06-25,completed,COD,2499
ORD008709,CUST03726,2025-09-05,returned,UPI,699
ORD008710,CUST03726,2026-01-21,completed,Card,1799
ORD008711,CUST03726,2025-10-01,completed,NetBanking,899
ORD008712,CUST03727,2026-05-18,completed,Card,899
ORD008713,CUST03727,2026-05-12,completed,NetBanking,2998
ORD008714,CUST03727,2025-12-09,completed,Card,3498
ORD008715,CUST03727,2026-05-25,completed,Card,2998
ORD008716,CUST03728,2026-05-16,completed,COD,3897
ORD008717,CUST03728,2026-02-24,completed,UPI,2198
ORD008718,CUST03728,2026-01-26,completed,COD,1799
ORD008719,CUST03730,2026-02-27,completed,COD,3198
ORD008720,CUST03732,2025-11-21,completed,NetBanking,5997
ORD008721,CUST03732,2026-05-24,completed,UPI,7297
ORD008722,CUST03732,2025-08-09,completed,COD,2999
ORD008723,CUST03732,2026-04-04,completed,Card,3498
ORD008724,CUST03732,2026-08-21,completed,UPI,699
ORD008725,CUST03733,2026-08-19,completed,COD,2499
ORD008726,CUST03734,2025-07-28,completed,NetBanking,3498
ORD008727,CUST03734,2025-11-04,completed,Card,5498
ORD008728,CUST03734,2026-01-24,completed,UPI,4297
ORD008729,CUST03734,2026-01-27,completed,NetBanking,1799
ORD008730,CUST03734,2026-05-18,completed,UPI,4498
ORD008731,CUST03736,2025-03-07,cancelled,NetBanking,6997
ORD008732,CUST03736,2026-01-19,completed,Card,3798
ORD008733,CUST03736,2026-01-15,completed,UPI,2499
ORD008734,CUST03736,2026-06-06,completed,NetBanking,3498
ORD008735,CUST03736,2025-07-14,completed,NetBanking,999
ORD008736,CUST03736,2026-01-28,completed,COD,2499
ORD008737,CUST03737,2026-03-24,completed,COD,2499
ORD008738,CUST03738,2025-08-06,completed,Card,4298
ORD008739,CUST03738,2025-07-17,completed,NetBanking,499
ORD008740,CUST03738,2025-11-23,completed,COD,3198
ORD008741,CUST03738,2026-01-28,completed,COD,4697
ORD008742,CUST03738,2025-06-17,completed,UPI,5497
ORD008743,CUST03738,2025-05-21,completed,Card,1998
ORD008744,CUST03739,2026-04-04,completed,UPI,4998
ORD008745,CUST03739,2026-06-22,completed,NetBanking,3998
ORD008746,CUST03739,2026-04-18,completed,Card,499
ORD008747,CUST03739,2025-03-25,completed,Card,1299
ORD008748,CUST03739,2026-02-11,completed,COD,4697
ORD008749,CUST03740,2026-04-18,completed,UPI,2499
ORD008750,CUST03741,2025-10-29,completed,UPI,6498
ORD008751,CUST03742,2026-03-06,completed,Card,6498
ORD008752,CUST03742,2026-05-18,returned,Card,3198
ORD008753,CUST03742,2025-09-13,completed,Card,3098
ORD008754,CUST03742,2025-12-04,completed,Card,3897
ORD008755,CUST03742,2026-05-06,completed,Card,2998
ORD008756,CUST03743,2025-04-15,completed,COD,1499
ORD008757,CUST03743,2026-07-14,completed,Card,3999
ORD008758,CUST03743,2025-08-25,completed,Card,2499
ORD008759,CUST03744,2026-06-17,completed,COD,3398
ORD008760,CUST03745,2025-12-21,cancelled,UPI,4698
ORD008761,CUST03745,2026-06-11,completed,UPI,2998
ORD008762,CUST03745,2025-09-02,completed,NetBanking,6498
ORD008763,CUST03745,2025-10-05,completed,Card,2499
ORD008764,CUST03745,2026-01-21,completed,NetBanking,6498
ORD008765,CUST03745,2025-08-29,completed,Card,3999
ORD008766,CUST03745,2026-04-04,completed,NetBanking,5298
ORD008767,CUST03745,2026-05-18,completed,Card,1499
ORD008768,CUST03746,2025-05-04,completed,Card,3098
ORD008769,CUST03746,2025-09-22,completed,COD,2298
ORD008770,CUST03746,2025-12-03,completed,Card,2499
ORD008771,CUST03746,2025-03-16,completed,UPI,4698
ORD008772,CUST03748,2025-08-08,completed,UPI,4097
ORD008773,CUST03750,2025-04-30,completed,UPI,6498
ORD008774,CUST03751,2025-11-03,completed,Card,3999
ORD008775,CUST03751,2026-02-23,completed,Card,2499
ORD008776,CUST03751,2025-09-17,completed,COD,3898
ORD008777,CUST03752,2025-08-30,completed,COD,2398
ORD008778,CUST03752,2026-02-04,completed,NetBanking,6997
ORD008779,CUST03752,2026-07-19,completed,COD,5697
ORD008780,CUST03752,2025-05-29,returned,COD,3498
ORD008781,CUST03752,2025-08-31,completed,UPI,899
ORD008782,CUST03752,2025-12-26,completed,Card,5498
ORD008783,CUST03752,2026-06-27,completed,NetBanking,3398
ORD008784,CUST03753,2025-06-13,completed,UPI,699
ORD008785,CUST03754,2025-11-02,completed,UPI,6697
ORD008786,CUST03754,2025-04-27,completed,COD,3998
ORD008787,CUST03754,2025-04-09,completed,Card,2499
ORD008788,CUST03754,2026-03-08,completed,NetBanking,699
ORD008789,CUST03754,2025-04-24,completed,COD,2499
ORD008790,CUST03754,2026-01-20,completed,NetBanking,1299
ORD008791,CUST03754,2025-04-24,completed,COD,2499
ORD008792,CUST03754,2025-05-22,completed,UPI,3498
ORD008793,CUST03755,2025-07-21,completed,COD,6797
ORD008794,CUST03755,2025-05-12,returned,NetBanking,3798
ORD008795,CUST03755,2026-02-27,completed,COD,4298
ORD008796,CUST03755,2025-07-04,cancelled,Card,4998
ORD008797,CUST03756,2026-01-07,completed,Card,2499
ORD008798,CUST03757,2026-06-07,cancelled,NetBanking,1698
ORD008799,CUST03757,2026-07-04,completed,UPI,5197
ORD008800,CUST03757,2026-07-04,completed,COD,3999
ORD008801,CUST03758,2025-08-24,completed,UPI,2998
ORD008802,CUST03759,2025-09-03,completed,COD,4297
ORD008803,CUST03759,2025-08-16,completed,Card,3998
ORD008804,CUST03759,2026-06-29,completed,COD,1198
ORD008805,CUST03759,2026-01-01,completed,COD,699
ORD008806,CUST03760,2025-07-14,completed,NetBanking,3398
ORD008807,CUST03761,2025-10-25,completed,Card,1498
ORD008808,CUST03761,2025-12-17,completed,Card,2998
ORD008809,CUST03761,2025-08-22,completed,NetBanking,2998
ORD008810,CUST03761,2025-03-02,completed,COD,2198
ORD008811,CUST03761,2025-09-10,completed,COD,2499
ORD008812,CUST03761,2025-12-18,completed,Card,1799
ORD008813,CUST03762,2025-08-20,completed,COD,3999
ORD008814,CUST03762,2025-07-22,completed,UPI,2798
ORD008815,CUST03762,2025-08-01,completed,Card,699
ORD008816,CUST03763,2026-03-16,completed,UPI,1499
ORD008817,CUST03763,2026-02-25,completed,COD,899
ORD008818,CUST03764,2026-04-05,completed,UPI,2499
ORD008819,CUST03765,2026-07-19,completed,Card,5597
ORD008820,CUST03765,2026-08-09,completed,COD,2498
ORD008821,CUST03765,2026-03-24,completed,NetBanking,999
ORD008822,CUST03765,2025-11-14,completed,COD,699
ORD008823,CUST03766,2025-11-24,completed,COD,4698
ORD008824,CUST03766,2025-07-03,completed,Card,3198
ORD008825,CUST03766,2025-07-24,completed,Card,2498
ORD008826,CUST03766,2026-01-04,completed,Card,4698
ORD008827,CUST03766,2025-11-04,completed,NetBanking,7697
ORD008828,CUST03766,2025-04-04,completed,Card,2998
ORD008829,CUST03767,2026-04-07,completed,COD,499
ORD008830,CUST03767,2026-06-07,completed,COD,699
ORD008831,CUST03768,2025-11-26,completed,Card,5498
ORD008832,CUST03771,2025-10-16,completed,COD,2499
ORD008833,CUST03772,2025-03-24,completed,NetBanking,5197
ORD008834,CUST03773,2026-06-09,completed,Card,5197
ORD008835,CUST03774,2026-08-09,completed,NetBanking,3997
ORD008836,CUST03774,2025-12-01,completed,UPI,5997
ORD008837,CUST03774,2026-08-18,completed,Card,4597
ORD008838,CUST03774,2026-06-10,completed,Card,2498
ORD008839,CUST03774,2025-09-11,completed,NetBanking,5498
ORD008840,CUST03774,2025-06-14,cancelled,Card,1698
ORD008841,CUST03776,2025-08-19,returned,Card,2499
ORD008842,CUST03777,2025-07-24,completed,Card,3098
ORD008843,CUST03777,2025-12-14,completed,Card,1299
ORD008844,CUST03778,2025-07-03,cancelled,COD,1499
ORD008845,CUST03778,2025-06-28,completed,NetBanking,2398
ORD008846,CUST03780,2026-08-14,completed,Card,499
ORD008847,CUST03780,2025-12-28,completed,NetBanking,5498
ORD008848,CUST03780,2026-01-19,completed,Card,3398
ORD008849,CUST03780,2026-04-15,completed,Card,7197
ORD008850,CUST03780,2025-11-25,completed,UPI,3698
ORD008851,CUST03780,2026-02-15,completed,NetBanking,1998
ORD008852,CUST03781,2025-10-03,completed,Card,5498
ORD008853,CUST03781,2026-01-28,completed,NetBanking,3398
ORD008854,CUST03782,2026-06-24,cancelled,COD,4998
ORD008855,CUST03782,2025-03-08,completed,COD,3798
ORD008856,CUST03782,2025-07-12,completed,COD,4798
ORD008857,CUST03782,2026-04-07,completed,UPI,2499
ORD008858,CUST03782,2026-07-21,completed,NetBanking,2998
ORD008859,CUST03783,2025-12-11,completed,UPI,6697
ORD008860,CUST03783,2025-03-03,returned,Card,4497
ORD008861,CUST03783,2026-05-18,completed,COD,999
ORD008862,CUST03783,2025-04-02,completed,COD,4997
ORD008863,CUST03783,2025-06-30,completed,Card,3198
ORD008864,CUST03784,2026-07-25,completed,COD,699
ORD008865,CUST03784,2026-01-12,completed,UPI,899
ORD008866,CUST03784,2025-07-21,completed,NetBanking,5797
ORD008867,CUST03784,2025-09-27,completed,UPI,3198
ORD008868,CUST03784,2025-04-22,completed,COD,2498
ORD008869,CUST03785,2026-07-04,completed,NetBanking,6997
ORD008870,CUST03785,2025-04-13,completed,COD,3098
ORD008871,CUST03785,2026-05-11,completed,Card,2999
ORD008872,CUST03786,2025-03-08,completed,NetBanking,4298
ORD008873,CUST03786,2025-08-08,completed,Card,3998
ORD008874,CUST03786,2025-12-11,completed,UPI,2499
ORD008875,CUST03787,2025-06-19,returned,NetBanking,2499
ORD008876,CUST03788,2025-11-01,completed,COD,2697
ORD008877,CUST03789,2026-06-17,completed,Card,699
ORD008878,CUST03789,2025-03-13,completed,Card,1299
ORD008879,CUST03790,2025-06-05,completed,Card,5498
ORD008880,CUST03790,2025-10-11,completed,Card,4298
ORD008881,CUST03790,2025-05-02,completed,COD,3897
ORD008882,CUST03790,2026-04-08,completed,UPI,699
ORD008883,CUST03791,2026-08-09,completed,UPI,3997
ORD008884,CUST03791,2026-02-28,completed,Card,2798
ORD008885,CUST03791,2025-05-15,completed,UPI,4298
ORD008886,CUST03792,2026-05-31,completed,COD,2499
ORD008887,CUST03792,2025-11-12,completed,Card,899
ORD008888,CUST03792,2025-10-05,completed,NetBanking,5697
ORD008889,CUST03792,2026-02-18,completed,UPI,1998
ORD008890,CUST03793,2025-11-29,completed,UPI,499
ORD008891,CUST03793,2025-05-15,completed,NetBanking,2998
ORD008892,CUST03793,2026-08-15,completed,UPI,4498
ORD008893,CUST03793,2025-03-31,completed,NetBanking,2398
ORD008894,CUST03793,2026-02-01,completed,UPI,3998
ORD008895,CUST03793,2026-08-18,completed,Card,2499
ORD008896,CUST03794,2025-05-21,completed,COD,5597
ORD008897,CUST03795,2026-01-02,completed,Card,1499
ORD008898,CUST03796,2025-08-20,completed,Card,1299
ORD008899,CUST03797,2025-04-06,completed,Card,7797
ORD008900,CUST03797,2025-06-13,completed,Card,3697
ORD008901,CUST03797,2025-07-18,completed,UPI,1799
ORD008902,CUST03797,2026-03-31,completed,Card,2198
ORD008903,CUST03797,2025-09-04,completed,COD,4697
ORD008904,CUST03798,2026-02-15,completed,UPI,3998
ORD008905,CUST03800,2025-12-15,completed,NetBanking,899
ORD008906,CUST03800,2026-06-18,completed,NetBanking,3198
ORD008907,CUST03800,2026-05-15,completed,COD,1198
ORD008908,CUST03801,2025-07-13,cancelled,UPI,5498
ORD008909,CUST03801,2025-08-03,completed,Card,3898
ORD008910,CUST03801,2026-05-09,completed,Card,2998
ORD008911,CUST03804,2026-02-19,completed,COD,6797
ORD008912,CUST03804,2026-08-12,completed,NetBanking,2499
ORD008913,CUST03804,2025-12-03,completed,Card,2298
ORD008914,CUST03805,2025-10-21,completed,UPI,2499
ORD008915,CUST03807,2026-08-08,completed,NetBanking,3999
ORD008916,CUST03807,2026-03-15,completed,COD,1499
ORD008917,CUST03807,2026-06-28,completed,COD,499
ORD008918,CUST03807,2025-12-16,completed,NetBanking,1598
ORD008919,CUST03807,2025-10-15,completed,UPI,6297
ORD008920,CUST03808,2025-05-03,completed,Card,3597
ORD008921,CUST03808,2026-02-05,completed,UPI,3698
ORD008922,CUST03809,2026-01-12,cancelled,NetBanking,2398
ORD008923,CUST03810,2026-07-31,completed,NetBanking,3197
ORD008924,CUST03810,2025-10-19,cancelled,UPI,2998
ORD008925,CUST03811,2026-02-01,completed,NetBanking,1698
ORD008926,CUST03814,2025-03-03,completed,COD,3397
ORD008927,CUST03815,2026-08-11,completed,NetBanking,4797
ORD008928,CUST03815,2025-04-05,completed,COD,5798
ORD008929,CUST03815,2025-04-05,returned,Card,3498
ORD008930,CUST03815,2026-01-23,completed,NetBanking,2698
ORD008931,CUST03815,2025-04-25,completed,Card,899
ORD008932,CUST03815,2026-02-15,completed,NetBanking,699
ORD008933,CUST03816,2026-03-04,completed,UPI,1299
ORD008934,CUST03816,2025-09-18,completed,COD,5197
ORD008935,CUST03817,2025-05-13,completed,COD,5498
ORD008936,CUST03817,2025-10-02,completed,Card,2499
ORD008937,CUST03817,2025-09-29,completed,NetBanking,1698
ORD008938,CUST03817,2026-02-16,completed,UPI,2998
ORD008939,CUST03817,2025-06-19,completed,UPI,3098
ORD008940,CUST03817,2025-10-26,completed,NetBanking,3999
ORD008941,CUST03817,2025-07-09,completed,NetBanking,2499
ORD008942,CUST03817,2025-06-06,completed,NetBanking,1799
ORD008943,CUST03818,2025-03-30,completed,NetBanking,3198
ORD008944,CUST03819,2026-07-22,completed,UPI,3298
ORD008945,CUST03819,2025-11-02,completed,COD,2998
ORD008946,CUST03819,2025-10-10,returned,Card,2798
ORD008947,CUST03820,2026-08-04,completed,COD,1898
ORD008948,CUST03820,2026-04-28,completed,Card,999
ORD008949,CUST03821,2026-02-28,completed,COD,1198
ORD008950,CUST03822,2025-12-15,completed,NetBanking,2499
ORD008951,CUST03823,2025-07-02,completed,Card,1299
ORD008952,CUST03824,2025-03-20,completed,NetBanking,1499
ORD008953,CUST03824,2025-09-30,completed,COD,5498
ORD008954,CUST03824,2025-08-28,completed,COD,3798
ORD008955,CUST03824,2025-11-18,completed,Card,1799
ORD008956,CUST03824,2025-12-08,completed,NetBanking,1898
ORD008957,CUST03824,2025-07-14,completed,Card,2998
ORD008958,CUST03825,2026-06-16,completed,Card,2999
ORD008959,CUST03826,2026-02-19,completed,UPI,1499
ORD008960,CUST03828,2025-09-01,completed,COD,3998
ORD008961,CUST03828,2025-05-08,completed,NetBanking,4397
ORD008962,CUST03828,2026-04-18,completed,NetBanking,2499
ORD008963,CUST03828,2026-03-08,completed,UPI,1698
ORD008964,CUST03829,2026-04-18,completed,NetBanking,2998
ORD008965,CUST03829,2026-03-18,completed,UPI,3498
ORD008966,CUST03831,2026-01-18,completed,Card,2999
ORD008967,CUST03831,2026-05-28,returned,Card,3397
ORD008968,CUST03831,2025-10-25,completed,COD,2499
ORD008969,CUST03831,2025-06-16,completed,NetBanking,2498
ORD008970,CUST03832,2026-07-26,completed,COD,499
ORD008971,CUST03832,2025-05-15,completed,Card,3198
ORD008972,CUST03832,2026-07-15,completed,NetBanking,699
ORD008973,CUST03833,2025-06-26,completed,UPI,5498
ORD008974,CUST03833,2026-04-18,cancelled,NetBanking,899
ORD008975,CUST03834,2025-07-06,cancelled,UPI,2198
ORD008976,CUST03835,2025-12-02,completed,COD,5498
ORD008977,CUST03836,2025-04-03,completed,NetBanking,5498
ORD008978,CUST03836,2025-08-14,returned,Card,1798
ORD008979,CUST03836,2025-03-09,completed,Card,6498
ORD008980,CUST03837,2026-07-01,completed,NetBanking,4497
ORD008981,CUST03837,2025-03-24,completed,NetBanking,5297
ORD008982,CUST03837,2026-08-08,completed,Card,4798
ORD008983,CUST03837,2026-06-08,completed,Card,3198
ORD008984,CUST03838,2026-01-26,completed,COD,6997
ORD008985,CUST03838,2026-05-25,completed,UPI,5498
ORD008986,CUST03838,2026-08-20,completed,Card,1498
ORD008987,CUST03838,2026-04-22,completed,Card,3498
ORD008988,CUST03838,2025-04-10,cancelled,NetBanking,2998
ORD008989,CUST03838,2026-08-19,completed,COD,3398
ORD008990,CUST03840,2026-01-19,cancelled,UPI,1498
ORD008991,CUST03841,2025-03-10,completed,UPI,1799
ORD008992,CUST03842,2026-04-05,completed,NetBanking,2999
ORD008993,CUST03843,2026-04-12,completed,NetBanking,999
ORD008994,CUST03843,2025-05-12,completed,UPI,1499
ORD008995,CUST03843,2026-06-11,completed,COD,1898
ORD008996,CUST03843,2025-12-26,cancelled,Card,2998
ORD008997,CUST03844,2025-09-29,completed,Card,1898
ORD008998,CUST03844,2026-04-12,completed,COD,1498
ORD008999,CUST03845,2025-12-13,completed,COD,1898
ORD009000,CUST03845,2025-03-28,completed,NetBanking,2499
ORD009001,CUST03846,2025-07-02,completed,Card,5797
ORD009002,CUST03846,2026-07-21,returned,NetBanking,6498
ORD009003,CUST03847,2025-05-03,completed,Card,2298
ORD009004,CUST03847,2026-03-03,completed,COD,5297
ORD009005,CUST03847,2025-03-15,completed,Card,5498
ORD009006,CUST03847,2025-06-05,completed,COD,2499
ORD009007,CUST03848,2026-03-12,completed,NetBanking,5298
ORD009008,CUST03850,2025-05-01,completed,Card,4797
ORD009009,CUST03850,2025-06-06,completed,COD,3398
ORD009010,CUST03850,2025-12-04,completed,UPI,2499
ORD009011,CUST03850,2025-06-10,returned,COD,5498
ORD009012,CUST03850,2025-03-27,completed,NetBanking,6998
ORD009013,CUST03850,2026-07-27,returned,COD,4697
ORD009014,CUST03850,2026-02-27,completed,Card,3698
ORD009015,CUST03850,2025-08-04,completed,UPI,4798
ORD009016,CUST03851,2026-06-19,completed,Card,1299
ORD009017,CUST03851,2025-12-12,completed,UPI,4298
ORD009018,CUST03851,2026-05-31,completed,NetBanking,2499
ORD009019,CUST03851,2025-12-19,completed,UPI,7797
ORD009020,CUST03852,2026-08-04,completed,COD,6197
ORD009021,CUST03852,2025-05-17,returned,NetBanking,3998
ORD009022,CUST03853,2025-05-18,completed,COD,3197
ORD009023,CUST03854,2025-10-30,completed,UPI,3999
ORD009024,CUST03854,2026-03-21,completed,NetBanking,2499
ORD009025,CUST03854,2025-08-12,completed,NetBanking,4397
ORD009026,CUST03854,2026-08-04,completed,Card,1598
ORD009027,CUST03854,2025-06-09,completed,COD,2499
ORD009028,CUST03855,2026-04-08,completed,Card,3198
ORD009029,CUST03856,2026-08-05,cancelled,COD,499
ORD009030,CUST03857,2026-05-24,completed,Card,2499
ORD009031,CUST03858,2026-05-24,completed,UPI,5797
ORD009032,CUST03859,2026-05-09,completed,UPI,3798
ORD009033,CUST03859,2026-07-26,completed,Card,999
ORD009034,CUST03859,2026-04-16,completed,Card,3998
ORD009035,CUST03859,2026-01-08,completed,UPI,3998
ORD009036,CUST03859,2025-07-23,completed,NetBanking,2998
ORD009037,CUST03860,2025-06-29,completed,Card,2999
ORD009038,CUST03860,2026-06-14,completed,NetBanking,3898
ORD009039,CUST03860,2026-07-22,completed,NetBanking,3198
ORD009040,CUST03861,2025-09-28,completed,COD,2499
ORD009041,CUST03861,2026-06-29,completed,COD,499
ORD009042,CUST03861,2026-04-17,completed,COD,3999
ORD009043,CUST03861,2025-06-07,completed,Card,2499
ORD009044,CUST03861,2025-11-30,completed,UPI,2298
ORD009045,CUST03861,2025-04-07,completed,COD,3398
ORD009046,CUST03862,2025-12-11,completed,NetBanking,999
ORD009047,CUST03862,2026-05-23,completed,UPI,2499
ORD009048,CUST03862,2025-11-16,completed,NetBanking,499
ORD009049,CUST03862,2025-10-28,returned,UPI,1799
ORD009050,CUST03862,2025-04-10,completed,COD,2999
ORD009051,CUST03862,2026-06-12,completed,UPI,3898
ORD009052,CUST03863,2025-07-16,completed,UPI,4697
ORD009053,CUST03863,2025-10-05,completed,Card,4197
ORD009054,CUST03863,2026-03-23,completed,NetBanking,1299
ORD009055,CUST03863,2026-06-05,completed,COD,3998
ORD009056,CUST03863,2025-06-29,completed,UPI,6498
ORD009057,CUST03863,2025-09-19,cancelled,Card,1499
ORD009058,CUST03864,2025-04-17,completed,NetBanking,3998
ORD009059,CUST03865,2026-06-10,completed,UPI,3798
ORD009060,CUST03866,2025-10-21,completed,NetBanking,2499
ORD009061,CUST03867,2025-12-17,completed,Card,2499
ORD009062,CUST03867,2026-01-10,completed,UPI,1998
ORD009063,CUST03868,2026-07-16,completed,UPI,1698
ORD009064,CUST03870,2025-11-22,completed,COD,4697
ORD009065,CUST03870,2025-05-01,completed,COD,6998
ORD009066,CUST03872,2026-07-03,cancelled,UPI,3998
ORD009067,CUST03873,2026-03-30,completed,COD,1499
ORD009068,CUST03874,2026-07-16,completed,NetBanking,2798
ORD009069,CUST03874,2025-03-17,completed,UPI,7397
ORD009070,CUST03874,2026-05-19,completed,Card,899
ORD009071,CUST03875,2025-10-17,completed,UPI,699
ORD009072,CUST03875,2025-12-21,completed,Card,6998
ORD009073,CUST03875,2025-03-07,completed,NetBanking,1799
ORD009074,CUST03876,2026-03-12,completed,COD,1698
ORD009075,CUST03876,2026-03-09,completed,NetBanking,2499
ORD009076,CUST03876,2026-06-17,completed,UPI,3298
ORD009077,CUST03876,2025-07-08,completed,NetBanking,1799
ORD009078,CUST03876,2026-05-22,completed,Card,1499
ORD009079,CUST03877,2025-08-22,completed,COD,8297
ORD009080,CUST03878,2025-06-23,completed,COD,2999
ORD009081,CUST03879,2026-05-19,completed,Card,3498
ORD009082,CUST03879,2026-02-28,completed,NetBanking,1299
ORD009083,CUST03879,2025-05-21,completed,COD,4797
ORD009084,CUST03880,2026-08-05,completed,NetBanking,2999
ORD009085,CUST03881,2025-08-31,completed,COD,2498
ORD009086,CUST03883,2025-11-02,completed,NetBanking,1398
ORD009087,CUST03883,2026-02-14,completed,NetBanking,2499
ORD009088,CUST03885,2025-12-25,completed,NetBanking,3798
ORD009089,CUST03885,2026-08-11,completed,UPI,3798
ORD009090,CUST03885,2026-04-21,completed,COD,3398
ORD009091,CUST03885,2025-06-01,completed,Card,3198
ORD009092,CUST03886,2026-03-31,cancelled,COD,2998
ORD009093,CUST03886,2025-03-30,completed,NetBanking,2698
ORD009094,CUST03887,2025-11-27,completed,NetBanking,3797
ORD009095,CUST03888,2025-11-08,completed,NetBanking,5498
ORD009096,CUST03888,2026-07-02,cancelled,UPI,1299
ORD009097,CUST03888,2026-06-13,cancelled,NetBanking,1398
ORD009098,CUST03888,2025-06-08,completed,COD,4797
ORD009099,CUST03888,2025-05-29,completed,COD,1499
ORD009100,CUST03888,2026-06-24,completed,COD,4798
ORD009101,CUST03889,2025-11-27,completed,Card,4197
ORD009102,CUST03889,2025-05-25,completed,Card,4397
ORD009103,CUST03890,2026-04-22,completed,COD,2298
ORD009104,CUST03890,2025-06-10,completed,Card,899
ORD009105,CUST03890,2025-04-27,completed,UPI,4698
ORD009106,CUST03890,2026-06-22,completed,NetBanking,3898
ORD009107,CUST03891,2026-06-02,cancelled,UPI,899
ORD009108,CUST03891,2026-07-03,completed,COD,1499
ORD009109,CUST03891,2026-06-02,completed,COD,3298
ORD009110,CUST03893,2026-05-31,completed,NetBanking,699
ORD009111,CUST03894,2025-08-06,completed,NetBanking,3898
ORD009112,CUST03895,2025-07-05,completed,Card,499
ORD009113,CUST03896,2025-08-24,returned,UPI,699
ORD009114,CUST03896,2026-08-11,completed,Card,699
ORD009115,CUST03896,2025-09-21,cancelled,Card,3897
ORD009116,CUST03896,2026-01-02,completed,Card,3797
ORD009117,CUST03896,2026-04-30,completed,NetBanking,3098
ORD009118,CUST03896,2025-10-05,completed,COD,1499
ORD009119,CUST03897,2026-04-14,completed,NetBanking,3798
ORD009120,CUST03898,2025-11-12,completed,UPI,699
ORD009121,CUST03898,2026-02-03,completed,UPI,2499
ORD009122,CUST03899,2025-04-21,completed,Card,4998
ORD009123,CUST03900,2025-06-06,completed,COD,4597
ORD009124,CUST03900,2026-06-27,completed,UPI,4998
ORD009125,CUST03902,2025-03-27,completed,NetBanking,3198
ORD009126,CUST03903,2026-05-20,completed,NetBanking,3999
ORD009127,CUST03904,2025-03-11,completed,Card,5498
ORD009128,CUST03905,2025-05-05,completed,NetBanking,8797
ORD009129,CUST03906,2025-10-29,completed,COD,499
ORD009130,CUST03907,2025-10-21,completed,NetBanking,2499
ORD009131,CUST03908,2025-04-15,completed,COD,2499
ORD009132,CUST03909,2026-04-10,completed,Card,2498
ORD009133,CUST03909,2025-06-30,completed,NetBanking,4197
ORD009134,CUST03910,2026-05-17,cancelled,Card,4498
ORD009135,CUST03911,2025-04-28,completed,NetBanking,3198
ORD009136,CUST03912,2026-03-25,completed,UPI,5498
ORD009137,CUST03913,2026-05-21,completed,UPI,1299
ORD009138,CUST03913,2025-11-20,completed,UPI,2798
ORD009139,CUST03913,2026-06-20,completed,COD,2499
ORD009140,CUST03913,2025-10-14,cancelled,Card,2198
ORD009141,CUST03913,2025-11-13,completed,UPI,1798
ORD009142,CUST03913,2025-05-22,completed,UPI,2298
ORD009143,CUST03914,2025-12-05,completed,UPI,499
ORD009144,CUST03915,2026-07-01,completed,COD,3998
ORD009145,CUST03915,2025-03-14,completed,UPI,1299
ORD009146,CUST03916,2025-12-24,completed,Card,3999
ORD009147,CUST03916,2025-09-07,completed,Card,699
ORD009148,CUST03916,2025-08-19,completed,Card,2698
ORD009149,CUST03916,2026-03-13,completed,NetBanking,2499
ORD009150,CUST03916,2026-06-02,completed,COD,3198
ORD009151,CUST03917,2026-04-20,cancelled,NetBanking,3798
ORD009152,CUST03918,2026-06-03,completed,COD,699
ORD009153,CUST03918,2025-07-20,completed,UPI,2499
ORD009154,CUST03918,2026-03-06,completed,NetBanking,6998
ORD009155,CUST03918,2025-08-21,completed,COD,1299
ORD009156,CUST03918,2026-07-28,completed,COD,499
ORD009157,CUST03918,2025-08-03,completed,NetBanking,2998
ORD009158,CUST03919,2025-08-26,completed,UPI,1398
ORD009159,CUST03919,2026-07-14,completed,NetBanking,2999
ORD009160,CUST03919,2025-05-22,completed,Card,6998
ORD009161,CUST03919,2025-06-22,completed,Card,2998
ORD009162,CUST03919,2025-08-12,completed,NetBanking,2798
ORD009163,CUST03919,2025-09-24,completed,Card,1299
ORD009164,CUST03919,2025-10-19,completed,Card,1799
ORD009165,CUST03920,2026-03-09,completed,Card,3897
ORD009166,CUST03920,2025-07-03,completed,NetBanking,4298
ORD009167,CUST03920,2025-04-10,completed,COD,4797
ORD009168,CUST03921,2025-05-29,completed,NetBanking,1799
ORD009169,CUST03921,2025-11-07,completed,Card,1398
ORD009170,CUST03921,2025-07-11,completed,UPI,4797
ORD009171,CUST03921,2025-09-02,completed,NetBanking,3998
ORD009172,CUST03921,2026-07-13,completed,Card,2998
ORD009173,CUST03921,2026-05-07,completed,COD,3898
ORD009174,CUST03923,2025-12-17,completed,COD,4997
ORD009175,CUST03923,2025-08-16,cancelled,COD,2499
ORD009176,CUST03923,2026-01-08,completed,UPI,4497
ORD009177,CUST03923,2026-06-02,completed,Card,2998
ORD009178,CUST03923,2025-08-04,completed,Card,2999
ORD009179,CUST03923,2025-03-06,completed,NetBanking,2298
ORD009180,CUST03924,2026-01-04,completed,UPI,3398
ORD009181,CUST03925,2026-06-16,completed,Card,3398
ORD009182,CUST03926,2026-06-14,completed,COD,3798
ORD009183,CUST03926,2025-08-31,cancelled,NetBanking,2499
ORD009184,CUST03926,2025-08-15,completed,COD,3298
ORD009185,CUST03926,2025-10-05,completed,Card,499
ORD009186,CUST03926,2025-09-23,completed,Card,1698
ORD009187,CUST03927,2026-07-11,cancelled,UPI,1499
ORD009188,CUST03927,2025-06-26,completed,UPI,5297
ORD009189,CUST03927,2026-08-22,completed,NetBanking,4197
ORD009190,CUST03928,2025-12-15,completed,Card,3498
ORD009191,CUST03928,2025-08-19,completed,UPI,6498
ORD009192,CUST03928,2025-08-02,completed,NetBanking,3998
ORD009193,CUST03928,2026-03-07,completed,NetBanking,3998
ORD009194,CUST03928,2026-02-28,completed,UPI,2798
ORD009195,CUST03929,2026-01-28,completed,NetBanking,1299
ORD009196,CUST03931,2025-08-15,completed,UPI,2498
ORD009197,CUST03932,2026-04-29,completed,NetBanking,3697
ORD009198,CUST03933,2025-03-10,completed,NetBanking,1598
ORD009199,CUST03933,2026-06-26,completed,UPI,2698
ORD009200,CUST03934,2026-07-07,completed,Card,699
ORD009201,CUST03934,2026-03-20,completed,NetBanking,1698
ORD009202,CUST03935,2025-09-11,completed,NetBanking,2499
ORD009203,CUST03935,2025-10-05,completed,COD,1499
ORD009204,CUST03935,2026-04-23,completed,UPI,6997
ORD009205,CUST03935,2025-08-18,completed,NetBanking,4298
ORD009206,CUST03935,2025-07-21,cancelled,COD,2499
ORD009207,CUST03936,2025-11-03,completed,COD,6797
ORD009208,CUST03936,2025-06-17,completed,UPI,6997
ORD009209,CUST03937,2025-08-19,completed,Card,2499
ORD009210,CUST03937,2026-07-15,returned,NetBanking,1398
ORD009211,CUST03938,2025-12-17,completed,NetBanking,1798
ORD009212,CUST03939,2025-12-09,completed,Card,2499
ORD009213,CUST03940,2026-02-05,completed,UPI,4097
ORD009214,CUST03940,2026-04-27,completed,UPI,2998
ORD009215,CUST03941,2025-10-19,completed,UPI,2498
ORD009216,CUST03941,2025-08-26,completed,UPI,1299
ORD009217,CUST03942,2025-10-01,completed,Card,7297
ORD009218,CUST03943,2026-05-08,completed,UPI,2499
ORD009219,CUST03944,2026-06-15,completed,UPI,6498
ORD009220,CUST03945,2026-01-09,completed,COD,2398
ORD009221,CUST03945,2026-02-08,completed,NetBanking,2499
ORD009222,CUST03945,2026-03-24,completed,UPI,4298
ORD009223,CUST03946,2025-09-29,completed,COD,3398
ORD009224,CUST03947,2025-11-22,completed,COD,2499
ORD009225,CUST03947,2026-08-14,completed,COD,4498
ORD009226,CUST03948,2025-06-03,completed,NetBanking,2499
ORD009227,CUST03948,2026-07-21,completed,NetBanking,2998
ORD009228,CUST03948,2026-07-17,completed,COD,899
ORD009229,CUST03948,2026-04-02,completed,UPI,2998
ORD009230,CUST03948,2025-04-27,completed,COD,7397
ORD009231,CUST03950,2026-02-18,completed,NetBanking,5798
ORD009232,CUST03950,2025-07-21,completed,Card,2798
ORD009233,CUST03950,2026-05-13,completed,Card,4298
ORD009234,CUST03950,2026-04-26,completed,NetBanking,3498
ORD009235,CUST03951,2026-04-13,completed,NetBanking,4498
ORD009236,CUST03952,2025-09-12,completed,NetBanking,1799
ORD009237,CUST03952,2025-10-09,returned,NetBanking,899
ORD009238,CUST03953,2026-05-20,completed,COD,3999
ORD009239,CUST03953,2026-07-11,completed,Card,4197
ORD009240,CUST03953,2026-08-23,returned,NetBanking,4298
ORD009241,CUST03953,2025-04-02,completed,NetBanking,2499
ORD009242,CUST03953,2025-10-09,cancelled,Card,4997
ORD009243,CUST03953,2025-10-01,completed,COD,3297
ORD009244,CUST03954,2025-09-13,completed,UPI,2498
ORD009245,CUST03954,2026-06-11,cancelled,Card,3798
ORD009246,CUST03955,2026-04-26,completed,Card,2298
ORD009247,CUST03955,2025-10-15,completed,UPI,6497
ORD009248,CUST03956,2025-05-13,completed,COD,2498
ORD009249,CUST03957,2026-04-28,completed,UPI,2298
ORD009250,CUST03958,2025-11-02,completed,UPI,4298
ORD009251,CUST03959,2026-01-10,completed,COD,3398
ORD009252,CUST03959,2025-06-10,completed,COD,1299
ORD009253,CUST03960,2025-04-24,completed,Card,3398
ORD009254,CUST03960,2025-12-30,completed,UPI,1698
ORD009255,CUST03960,2025-03-30,completed,COD,4998
ORD009256,CUST03961,2025-08-31,completed,UPI,2498
ORD009257,CUST03962,2026-08-10,completed,NetBanking,4698
ORD009258,CUST03962,2025-03-17,completed,NetBanking,4798
ORD009259,CUST03962,2026-06-13,completed,NetBanking,1998
ORD009260,CUST03962,2025-05-11,completed,UPI,9497
ORD009261,CUST03963,2025-12-16,completed,COD,4698
ORD009262,CUST03963,2025-10-22,completed,COD,4298
ORD009263,CUST03964,2026-01-16,completed,Card,899
ORD009264,CUST03964,2025-10-17,returned,COD,1299
ORD009265,CUST03964,2025-09-22,completed,COD,4697
ORD009266,CUST03964,2025-12-02,completed,Card,699
ORD009267,CUST03964,2025-11-10,completed,COD,5997
ORD009268,CUST03964,2025-03-20,completed,UPI,2197
ORD009269,CUST03965,2025-12-16,completed,NetBanking,699
ORD009270,CUST03965,2026-01-23,completed,COD,1998
ORD009271,CUST03967,2026-04-15,completed,NetBanking,1499
ORD009272,CUST03967,2025-03-30,completed,Card,5997
ORD009273,CUST03967,2026-04-04,completed,UPI,1998
ORD009274,CUST03967,2026-01-29,completed,COD,2499
ORD009275,CUST03967,2025-07-07,completed,UPI,699
ORD009276,CUST03968,2026-03-16,completed,NetBanking,3097
ORD009277,CUST03968,2025-08-30,completed,UPI,2198
ORD009278,CUST03968,2025-06-12,completed,NetBanking,2499
ORD009279,CUST03969,2025-04-16,completed,NetBanking,499
ORD009280,CUST03971,2025-03-18,completed,COD,4997
ORD009281,CUST03971,2026-07-30,completed,Card,899
ORD009282,CUST03971,2026-02-26,completed,Card,4798
ORD009283,CUST03972,2026-08-08,completed,UPI,2999
ORD009284,CUST03972,2025-10-29,completed,Card,2997
ORD009285,CUST03972,2026-06-28,returned,Card,1499
ORD009286,CUST03973,2026-04-15,completed,Card,4498
ORD009287,CUST03973,2025-03-03,completed,COD,1398
ORD009288,CUST03973,2026-08-22,completed,UPI,2398
ORD009289,CUST03973,2025-03-15,completed,Card,499
ORD009290,CUST03973,2026-03-23,completed,NetBanking,1698
ORD009291,CUST03973,2025-09-06,completed,COD,7497
ORD009292,CUST03974,2026-02-03,completed,NetBanking,2499
ORD009293,CUST03975,2025-11-18,completed,NetBanking,4798
ORD009294,CUST03975,2025-08-21,completed,Card,2798
ORD009295,CUST03976,2026-03-03,returned,UPI,5798
ORD009296,CUST03976,2026-01-06,completed,Card,4797
ORD009297,CUST03977,2026-08-23,completed,UPI,899
ORD009298,CUST03977,2025-04-22,completed,NetBanking,1299
ORD009299,CUST03978,2026-02-05,completed,Card,3298
ORD009300,CUST03979,2025-10-06,completed,Card,2499
ORD009301,CUST03980,2026-04-25,completed,COD,2398
ORD009302,CUST03980,2026-05-02,completed,Card,6498
ORD009303,CUST03981,2026-01-09,completed,NetBanking,1798
ORD009304,CUST03981,2026-01-24,returned,Card,4697
ORD009305,CUST03981,2026-03-15,completed,COD,2998
ORD009306,CUST03981,2026-06-17,completed,UPI,999
ORD009307,CUST03981,2025-10-29,completed,NetBanking,4698
ORD009308,CUST03981,2026-05-01,completed,UPI,1498
ORD009309,CUST03982,2025-11-27,completed,COD,899
ORD009310,CUST03986,2026-01-18,completed,UPI,499
ORD009311,CUST03986,2025-10-04,completed,NetBanking,3999
ORD009312,CUST03986,2026-06-14,completed,NetBanking,5397
ORD009313,CUST03986,2026-04-03,completed,NetBanking,2198
ORD009314,CUST03986,2026-08-14,completed,NetBanking,4298
ORD009315,CUST03986,2025-03-22,completed,NetBanking,3798
ORD009316,CUST03986,2026-02-07,completed,Card,2499
ORD009317,CUST03986,2025-03-14,completed,UPI,999
ORD009318,CUST03987,2025-06-26,completed,Card,4498
ORD009319,CUST03988,2025-05-05,completed,NetBanking,2298
ORD009320,CUST03990,2026-06-24,completed,COD,1799
ORD009321,CUST03991,2025-03-22,completed,UPI,3498
ORD009322,CUST03993,2026-06-30,completed,UPI,1299
ORD009323,CUST03993,2025-12-30,completed,COD,2499
ORD009324,CUST03993,2026-05-06,completed,NetBanking,1799
ORD009325,CUST03994,2026-02-11,completed,NetBanking,4498
ORD009326,CUST03995,2026-08-23,completed,NetBanking,3398
ORD009327,CUST03996,2026-08-20,completed,COD,2499
ORD009328,CUST03996,2025-07-27,cancelled,UPI,899
ORD009329,CUST03999,2025-03-21,completed,COD,899
ORD009330,CUST03999,2026-04-21,completed,Card,1198
ORD009331,CUST03999,2025-07-07,completed,Card,1398
ORD009332,CUST03999,2025-12-13,completed,NetBanking,6197
ORD009333,CUST03999,2025-04-27,completed,UPI,4797
ORD009334,CUST03999,2025-08-26,completed,Card,4298
ORD009335,CUST04000,2026-07-05,completed,NetBanking,5498
ORD009336,CUST04000,2026-04-07,completed,NetBanking,2998
ORD009337,CUST04000,2026-06-29,completed,UPI,4697
ORD009338,CUST04000,2025-09-07,completed,UPI,2499
ORD009339,CUST04000,2025-10-21,completed,UPI,2499
ORD009340,CUST04001,2026-04-07,cancelled,COD,2499
ORD009341,CUST04001,2025-11-03,completed,NetBanking,6998
ORD009342,CUST04001,2025-04-02,completed,NetBanking,6997
ORD009343,CUST04001,2026-08-08,completed,COD,2499
ORD009344,CUST04002,2026-05-11,cancelled,Card,3398
ORD009345,CUST04002,2026-06-14,cancelled,Card,4897
ORD009346,CUST04002,2026-02-13,completed,COD,499
ORD009347,CUST04002,2026-01-07,completed,NetBanking,4498
ORD009348,CUST04002,2025-07-27,cancelled,Card,2999
ORD009349,CUST04002,2025-06-02,completed,COD,2998
ORD009350,CUST04002,2026-03-05,completed,Card,5697
ORD009351,CUST04003,2025-12-02,completed,UPI,2698
ORD009352,CUST04003,2025-10-08,completed,NetBanking,1898
ORD009353,CUST04003,2025-04-26,completed,Card,4298
ORD009354,CUST04003,2025-05-19,completed,UPI,2998
ORD009355,CUST04003,2025-10-23,completed,UPI,6998
ORD009356,CUST04003,2025-06-28,completed,NetBanking,2298
ORD009357,CUST04003,2025-05-18,completed,UPI,3497
ORD009358,CUST04005,2026-03-24,completed,UPI,3998
ORD009359,CUST04006,2026-03-28,completed,NetBanking,699
ORD009360,CUST04008,2026-03-06,completed,Card,1499
ORD009361,CUST04009,2025-08-01,completed,COD,4998
ORD009362,CUST04010,2026-06-29,completed,Card,3398
ORD009363,CUST04012,2026-01-22,returned,COD,2499
ORD009364,CUST04013,2026-05-16,cancelled,COD,2499
ORD009365,CUST04013,2025-12-08,completed,COD,2499
ORD009366,CUST04014,2025-09-26,completed,Card,4597
ORD009367,CUST04014,2026-01-31,completed,UPI,2897
ORD009368,CUST04015,2026-03-07,completed,UPI,4298
ORD009369,CUST04016,2025-09-04,completed,COD,4498
ORD009370,CUST04016,2025-05-26,completed,COD,3298
ORD009371,CUST04017,2025-09-15,completed,UPI,5298
ORD009372,CUST04018,2025-09-03,completed,NetBanking,2998
ORD009373,CUST04018,2025-08-09,completed,UPI,3999
ORD009374,CUST04018,2025-03-04,completed,COD,2499
ORD009375,CUST04018,2025-07-01,completed,Card,3998
ORD009376,CUST04018,2025-07-13,completed,UPI,1198
ORD009377,CUST04018,2025-08-24,completed,COD,499
ORD009378,CUST04018,2025-05-06,completed,COD,1798
ORD009379,CUST04018,2026-07-20,completed,Card,2298
ORD009380,CUST04019,2026-06-05,completed,Card,3198
ORD009381,CUST04020,2025-12-11,completed,UPI,3898
ORD009382,CUST04020,2026-02-09,completed,NetBanking,2498
ORD009383,CUST04021,2026-03-15,completed,Card,2998
ORD009384,CUST04021,2025-05-01,completed,NetBanking,2398
ORD009385,CUST04021,2025-07-15,completed,Card,2498
ORD009386,CUST04021,2025-09-18,completed,COD,2798
ORD009387,CUST04021,2025-05-24,completed,UPI,9497
ORD009388,CUST04022,2025-09-29,completed,NetBanking,3498
ORD009389,CUST04024,2025-10-03,completed,COD,7797
ORD009390,CUST04024,2025-11-26,completed,COD,4497
ORD009391,CUST04024,2026-05-26,completed,UPI,6697
ORD009392,CUST04024,2025-06-10,completed,NetBanking,2499
ORD009393,CUST04024,2026-08-22,completed,COD,2298
ORD009394,CUST04024,2025-12-24,completed,Card,4298
ORD009395,CUST04025,2025-07-23,completed,Card,899
ORD009396,CUST04026,2025-10-17,completed,Card,2499
ORD009397,CUST04028,2025-05-10,completed,UPI,499
ORD009398,CUST04029,2026-04-17,completed,NetBanking,1299
ORD009399,CUST04029,2025-12-03,completed,NetBanking,3398
ORD009400,CUST04029,2026-03-23,completed,UPI,2498
ORD009401,CUST04030,2026-04-05,completed,UPI,4998
ORD009402,CUST04031,2026-05-13,completed,UPI,1299
ORD009403,CUST04031,2025-10-14,completed,Card,999
ORD009404,CUST04032,2026-04-19,completed,Card,5197
ORD009405,CUST04033,2026-08-18,completed,COD,2499
ORD009406,CUST04036,2025-10-18,completed,NetBanking,999
ORD009407,CUST04036,2025-04-17,cancelled,COD,2798
ORD009408,CUST04037,2025-07-18,completed,UPI,3998
ORD009409,CUST04037,2026-03-31,completed,Card,1499
ORD009410,CUST04037,2026-07-28,completed,UPI,5298
ORD009411,CUST04037,2025-08-27,completed,UPI,5897
ORD009412,CUST04037,2026-03-10,completed,NetBanking,4498
ORD009413,CUST04037,2025-08-11,completed,COD,2998
ORD009414,CUST04037,2025-11-15,completed,UPI,4498
ORD009415,CUST04037,2026-02-08,completed,UPI,6498
ORD009416,CUST04038,2026-07-30,completed,UPI,2298
ORD009417,CUST04038,2025-04-14,completed,UPI,7097
ORD009418,CUST04038,2025-08-17,cancelled,UPI,1798
ORD009419,CUST04038,2026-02-14,completed,COD,1799
ORD009420,CUST04039,2025-11-29,completed,Card,5298
ORD009421,CUST04040,2026-08-12,completed,Card,2499
ORD009422,CUST04040,2025-07-25,completed,COD,3999
ORD009423,CUST04040,2026-02-13,completed,Card,2697
ORD009424,CUST04040,2025-04-26,completed,UPI,699
ORD009425,CUST04040,2026-06-07,completed,UPI,3999
ORD009426,CUST04040,2026-08-13,cancelled,UPI,4298
ORD009427,CUST04041,2025-08-27,completed,COD,4798
ORD009428,CUST04041,2025-09-18,completed,Card,699
ORD009429,CUST04041,2025-06-24,completed,Card,3298
ORD009430,CUST04041,2026-06-05,completed,NetBanking,6997
ORD009431,CUST04041,2025-07-02,cancelled,Card,1799
ORD009432,CUST04041,2025-10-12,completed,UPI,2499
ORD009433,CUST04041,2025-12-22,completed,COD,4997
ORD009434,CUST04041,2026-04-30,cancelled,COD,2998
ORD009435,CUST04042,2025-05-12,completed,Card,1998
ORD009436,CUST04043,2026-01-03,completed,COD,3398
ORD009437,CUST04043,2025-04-17,completed,NetBanking,3798
ORD009438,CUST04043,2025-08-29,completed,UPI,1398
ORD009439,CUST04043,2025-08-07,returned,COD,4798
ORD009440,CUST04043,2025-11-25,completed,NetBanking,1499
ORD009441,CUST04043,2025-09-23,completed,NetBanking,6498
ORD009442,CUST04043,2025-10-18,completed,COD,2999
ORD009443,CUST04045,2026-08-20,completed,COD,3997
ORD009444,CUST04045,2025-12-08,completed,UPI,2999
ORD009445,CUST04045,2026-06-04,completed,Card,3998
ORD009446,CUST04045,2025-05-05,completed,COD,2998
ORD009447,CUST04045,2026-04-21,completed,NetBanking,5497
ORD009448,CUST04046,2025-07-24,completed,NetBanking,3298
ORD009449,CUST04046,2025-03-30,completed,UPI,2497
ORD009450,CUST04047,2025-07-10,completed,UPI,4298
ORD009451,CUST04047,2026-04-26,completed,UPI,699
ORD009452,CUST04048,2026-06-06,completed,Card,2897
ORD009453,CUST04048,2026-07-05,completed,COD,4297
ORD009454,CUST04048,2025-11-04,completed,COD,3198
ORD009455,CUST04048,2025-08-27,returned,COD,4997
ORD009456,CUST04048,2025-03-13,completed,Card,5498
ORD009457,CUST04048,2026-08-11,completed,UPI,2998
ORD009458,CUST04048,2025-03-17,completed,Card,1498
ORD009459,CUST04048,2025-09-01,completed,Card,4197
ORD009460,CUST04049,2026-07-22,completed,Card,4498
ORD009461,CUST04049,2025-12-11,completed,UPI,6997
ORD009462,CUST04049,2026-08-13,completed,COD,1898
ORD009463,CUST04049,2026-07-06,completed,Card,2499
ORD009464,CUST04050,2025-06-29,completed,Card,3998
ORD009465,CUST04050,2026-04-03,completed,Card,3498
ORD009466,CUST04051,2026-03-02,completed,COD,2999
ORD009467,CUST04051,2026-06-27,completed,COD,1498
ORD009468,CUST04051,2025-10-20,completed,COD,7197
ORD009469,CUST04051,2025-06-17,completed,UPI,2499
ORD009470,CUST04051,2025-04-04,completed,NetBanking,1799
ORD009471,CUST04051,2025-12-22,completed,UPI,3998
ORD009472,CUST04051,2026-03-25,completed,COD,3198
ORD009473,CUST04052,2026-04-14,completed,COD,699
ORD009474,CUST04053,2026-04-24,cancelled,UPI,4498
ORD009475,CUST04053,2026-07-30,completed,NetBanking,2499
ORD009476,CUST04054,2025-11-06,completed,UPI,3999
ORD009477,CUST04054,2026-02-17,completed,COD,7397
ORD009478,CUST04054,2026-04-20,completed,COD,3998
ORD009479,CUST04055,2025-07-19,completed,UPI,3397
ORD009480,CUST04055,2025-07-05,completed,COD,2198
ORD009481,CUST04055,2025-11-19,completed,NetBanking,1799
ORD009482,CUST04055,2026-03-14,completed,NetBanking,4297
ORD009483,CUST04055,2025-12-15,completed,NetBanking,6197
ORD009484,CUST04055,2026-07-06,completed,COD,4298
ORD009485,CUST04056,2025-11-02,completed,Card,5498
ORD009486,CUST04056,2025-11-17,completed,NetBanking,4498
ORD009487,CUST04056,2026-06-15,completed,UPI,5498
ORD009488,CUST04057,2026-05-18,completed,Card,999
ORD009489,CUST04057,2026-05-27,completed,NetBanking,699
ORD009490,CUST04058,2026-07-04,completed,COD,1798
ORD009491,CUST04059,2026-06-12,completed,Card,2198
ORD009492,CUST04060,2025-09-14,completed,UPI,2697
ORD009493,CUST04060,2026-07-16,completed,UPI,6498
ORD009494,CUST04060,2025-12-11,cancelled,UPI,2499
ORD009495,CUST04060,2026-04-27,cancelled,Card,1998
ORD009496,CUST04061,2025-05-23,completed,COD,1498
ORD009497,CUST04061,2026-06-30,completed,UPI,4497
ORD009498,CUST04062,2026-07-20,completed,COD,4298
ORD009499,CUST04062,2026-03-30,completed,NetBanking,1898
ORD009500,CUST04062,2025-08-16,returned,Card,2998
ORD009501,CUST04062,2025-03-09,completed,COD,4497
ORD009502,CUST04063,2025-06-25,cancelled,UPI,1198
ORD009503,CUST04064,2025-07-05,completed,UPI,2798
ORD009504,CUST04064,2025-04-21,completed,NetBanking,6498
ORD009505,CUST04064,2026-08-11,completed,COD,1398
ORD009506,CUST04064,2025-10-19,completed,Card,2998
ORD009507,CUST04064,2026-04-29,completed,COD,2499
ORD009508,CUST04064,2026-04-26,completed,COD,3198
ORD009509,CUST04065,2026-08-15,completed,NetBanking,4097
ORD009510,CUST04066,2026-03-12,cancelled,UPI,5798
ORD009511,CUST04068,2025-03-14,completed,UPI,7997
ORD009512,CUST04070,2025-10-04,completed,Card,4298
ORD009513,CUST04071,2025-11-14,completed,COD,899
ORD009514,CUST04071,2026-07-24,completed,NetBanking,3998
ORD009515,CUST04073,2025-09-03,completed,COD,499
ORD009516,CUST04074,2026-04-18,completed,Card,2998
ORD009517,CUST04074,2025-04-23,completed,UPI,999
ORD009518,CUST04074,2025-09-05,completed,UPI,2499
ORD009519,CUST04074,2025-03-02,completed,Card,5297
ORD009520,CUST04074,2025-12-02,completed,UPI,6197
ORD009521,CUST04076,2025-03-30,completed,UPI,2499
ORD009522,CUST04077,2025-06-14,completed,UPI,1998
ORD009523,CUST04077,2025-03-14,completed,Card,5498
ORD009524,CUST04077,2026-03-08,completed,Card,2499
ORD009525,CUST04077,2025-11-20,completed,NetBanking,5498
ORD009526,CUST04077,2025-10-25,completed,Card,2499
ORD009527,CUST04077,2026-05-27,completed,UPI,2499
ORD009528,CUST04078,2025-12-28,completed,NetBanking,1898
ORD009529,CUST04079,2026-01-06,completed,UPI,999
ORD009530,CUST04079,2025-07-31,completed,COD,2999
ORD009531,CUST04079,2025-06-20,completed,COD,4498
ORD009532,CUST04080,2025-06-12,completed,COD,3998
ORD009533,CUST04080,2025-06-21,completed,COD,2499
ORD009534,CUST04081,2026-02-27,completed,Card,6498
ORD009535,CUST04081,2026-05-21,completed,NetBanking,2698
ORD009536,CUST04081,2025-10-09,completed,Card,499
ORD009537,CUST04081,2026-03-15,completed,NetBanking,2499
ORD009538,CUST04081,2026-07-29,completed,COD,3498
ORD009539,CUST04081,2025-07-25,completed,NetBanking,5498
ORD009540,CUST04081,2025-06-09,completed,Card,1998
ORD009541,CUST04082,2025-11-19,completed,Card,2499
ORD009542,CUST04082,2025-09-09,completed,UPI,699
ORD009543,CUST04082,2026-03-29,returned,COD,2499
ORD009544,CUST04082,2025-04-11,completed,UPI,1898
ORD009545,CUST04082,2025-03-11,completed,Card,4697
ORD009546,CUST04083,2026-05-04,completed,NetBanking,4297
ORD009547,CUST04083,2025-06-29,completed,UPI,499
ORD009548,CUST04083,2026-05-29,completed,COD,4898
ORD009549,CUST04083,2026-01-24,completed,COD,2198
ORD009550,CUST04083,2026-01-02,completed,COD,3398
ORD009551,CUST04083,2025-10-19,completed,NetBanking,499
ORD009552,CUST04085,2025-07-08,cancelled,UPI,1299
ORD009553,CUST04086,2025-08-31,completed,UPI,3998
ORD009554,CUST04086,2026-05-06,completed,NetBanking,2499
ORD009555,CUST04086,2026-04-15,completed,COD,6498
ORD009556,CUST04086,2026-07-21,completed,Card,6397
ORD009557,CUST04088,2026-06-01,completed,COD,1498
ORD009558,CUST04088,2025-08-28,completed,Card,4298
ORD009559,CUST04089,2025-05-29,completed,UPI,1299
ORD009560,CUST04090,2025-08-02,completed,COD,7397
ORD009561,CUST04090,2025-03-12,completed,NetBanking,3198
ORD009562,CUST04091,2025-07-01,completed,UPI,2298
ORD009563,CUST04091,2026-03-22,completed,Card,3297
ORD009564,CUST04091,2026-03-17,completed,Card,2499
ORD009565,CUST04091,2025-08-12,completed,COD,3997
ORD009566,CUST04094,2026-03-28,cancelled,NetBanking,2398
ORD009567,CUST04094,2026-02-20,completed,UPI,3998
ORD009568,CUST04094,2026-02-16,completed,COD,3098
ORD009569,CUST04094,2026-05-21,completed,UPI,3498
ORD009570,CUST04094,2025-12-07,completed,NetBanking,7197
ORD009571,CUST04094,2025-12-04,completed,Card,3998
ORD009572,CUST04095,2026-01-03,completed,NetBanking,3698
ORD009573,CUST04095,2025-10-29,completed,COD,3798
ORD009574,CUST04096,2025-05-26,completed,UPI,3698
ORD009575,CUST04096,2026-08-05,completed,UPI,1799
ORD009576,CUST04096,2026-06-12,completed,Card,3198
ORD009577,CUST04096,2025-05-21,completed,UPI,4998
ORD009578,CUST04097,2026-06-10,completed,Card,2698
ORD009579,CUST04098,2025-04-17,completed,Card,1798
ORD009580,CUST04099,2026-03-27,completed,NetBanking,5197
ORD009581,CUST04099,2026-03-19,cancelled,COD,3999
ORD009582,CUST04099,2025-07-09,cancelled,UPI,3098
ORD009583,CUST04099,2026-02-09,cancelled,UPI,2499
ORD009584,CUST04099,2026-05-24,completed,Card,1299
ORD009585,CUST04100,2026-04-22,completed,COD,2999
ORD009586,CUST04101,2025-10-11,completed,NetBanking,2499
ORD009587,CUST04102,2026-05-24,completed,Card,3498
ORD009588,CUST04102,2025-05-26,completed,UPI,1499
ORD009589,CUST04102,2026-05-31,completed,UPI,2999
ORD009590,CUST04103,2025-10-02,completed,UPI,5497
ORD009591,CUST04103,2026-01-07,cancelled,UPI,2499
ORD009592,CUST04104,2026-05-26,completed,COD,699
ORD009593,CUST04104,2025-11-10,returned,UPI,699
ORD009594,CUST04104,2025-06-12,cancelled,UPI,2499
ORD009595,CUST04105,2025-03-27,completed,Card,5297
ORD009596,CUST04105,2026-08-08,completed,NetBanking,5498
ORD009597,CUST04105,2026-04-09,completed,Card,3698
ORD009598,CUST04106,2026-05-01,completed,COD,5297
ORD009599,CUST04107,2025-08-30,completed,COD,2998
ORD009600,CUST04108,2025-05-11,completed,NetBanking,4298
ORD009601,CUST04108,2025-12-20,completed,Card,6498
ORD009602,CUST04108,2026-04-15,completed,COD,2499
ORD009603,CUST04109,2026-03-27,completed,NetBanking,3297
ORD009604,CUST04109,2025-06-15,completed,Card,6498
ORD009605,CUST04109,2025-05-18,returned,Card,2798
ORD009606,CUST04109,2026-04-11,cancelled,COD,1499
ORD009607,CUST04109,2025-08-01,completed,COD,999
ORD009608,CUST04109,2026-06-25,completed,UPI,3999
ORD009609,CUST04109,2025-06-30,completed,NetBanking,6097
ORD009610,CUST04109,2025-09-04,completed,NetBanking,1499
ORD009611,CUST04110,2025-07-15,completed,Card,1799
ORD009612,CUST04110,2026-06-14,cancelled,COD,2298
ORD009613,CUST04111,2025-03-15,cancelled,NetBanking,3498
ORD009614,CUST04111,2026-08-05,completed,COD,1398
ORD009615,CUST04113,2025-08-16,completed,UPI,1799
ORD009616,CUST04114,2026-08-02,completed,Card,7397
ORD009617,CUST04114,2026-05-10,completed,COD,4997
ORD009618,CUST04115,2026-06-16,completed,NetBanking,2499
ORD009619,CUST04115,2025-08-30,completed,UPI,2498
ORD009620,CUST04117,2026-04-17,completed,Card,4298
ORD009621,CUST04118,2025-07-13,completed,NetBanking,3498
ORD009622,CUST04118,2026-01-29,completed,Card,3798
ORD009623,CUST04119,2025-11-08,completed,UPI,899
ORD009624,CUST04119,2025-12-07,completed,Card,3298
ORD009625,CUST04120,2025-08-01,completed,UPI,1299
ORD009626,CUST04120,2025-04-04,completed,NetBanking,6297
ORD009627,CUST04120,2025-08-23,completed,COD,3198
ORD009628,CUST04120,2026-04-13,completed,Card,3898
ORD009629,CUST04120,2025-11-30,completed,COD,4498
ORD009630,CUST04120,2025-06-24,completed,NetBanking,4798
ORD009631,CUST04120,2025-11-17,completed,UPI,2999
ORD009632,CUST04121,2025-12-31,completed,Card,3998
ORD009633,CUST04123,2026-05-11,completed,NetBanking,3798
ORD009634,CUST04124,2026-02-04,completed,NetBanking,9497
ORD009635,CUST04126,2026-05-27,completed,NetBanking,2499
ORD009636,CUST04126,2026-02-24,cancelled,NetBanking,899
ORD009637,CUST04126,2025-05-22,completed,NetBanking,2798
ORD009638,CUST04126,2025-10-29,completed,NetBanking,3798
ORD009639,CUST04127,2026-08-04,completed,NetBanking,2198
ORD009640,CUST04128,2026-02-24,completed,NetBanking,1499
ORD009641,CUST04128,2025-12-26,returned,NetBanking,3898
ORD009642,CUST04132,2026-02-17,completed,COD,3999
ORD009643,CUST04132,2025-05-25,cancelled,COD,499
ORD009644,CUST04132,2026-03-31,completed,UPI,3998
ORD009645,CUST04132,2026-05-24,completed,UPI,4497
ORD009646,CUST04132,2026-07-22,completed,NetBanking,1299
ORD009647,CUST04132,2026-03-28,completed,NetBanking,499
ORD009648,CUST04132,2025-10-12,cancelled,NetBanking,5597
ORD009649,CUST04132,2026-01-04,cancelled,COD,499
ORD009650,CUST04135,2025-06-27,cancelled,UPI,3798
ORD009651,CUST04135,2025-09-10,completed,Card,2698
ORD009652,CUST04135,2025-10-08,completed,NetBanking,4397
ORD009653,CUST04135,2025-05-28,completed,Card,2498
ORD009654,CUST04136,2026-04-02,completed,UPI,699
ORD009655,CUST04136,2025-05-16,completed,Card,2298
ORD009656,CUST04136,2026-03-24,completed,UPI,1998
ORD009657,CUST04136,2026-03-17,completed,Card,1799
ORD009658,CUST04136,2025-05-27,completed,Card,3999
ORD009659,CUST04136,2026-07-15,completed,Card,1498
ORD009660,CUST04136,2025-10-15,completed,NetBanking,3998
ORD009661,CUST04137,2025-05-07,completed,NetBanking,5498
ORD009662,CUST04138,2026-05-17,completed,COD,499
ORD009663,CUST04138,2026-05-27,completed,UPI,2499
ORD009664,CUST04139,2026-05-24,completed,UPI,699
ORD009665,CUST04139,2026-07-14,completed,COD,2499
ORD009666,CUST04139,2025-10-07,completed,UPI,5797
ORD009667,CUST04139,2025-08-15,completed,Card,3998
ORD009668,CUST04139,2025-09-27,completed,UPI,4698
ORD009669,CUST04139,2025-03-05,completed,UPI,5798
ORD009670,CUST04140,2025-12-03,completed,UPI,3998
ORD009671,CUST04140,2025-08-23,completed,COD,3498
ORD009672,CUST04140,2025-07-12,completed,Card,5297
ORD009673,CUST04140,2025-10-05,completed,Card,3798
ORD009674,CUST04140,2026-08-07,completed,Card,4298
ORD009675,CUST04140,2026-06-14,completed,UPI,5697
ORD009676,CUST04142,2026-07-24,completed,UPI,4797
ORD009677,CUST04142,2025-06-07,completed,UPI,1798
ORD009678,CUST04142,2025-03-19,returned,Card,1499
ORD009679,CUST04142,2025-09-04,completed,COD,1799
ORD009680,CUST04144,2025-09-07,completed,UPI,5498
ORD009681,CUST04144,2025-03-06,completed,NetBanking,899
ORD009682,CUST04145,2026-05-17,completed,UPI,3998
ORD009683,CUST04147,2025-05-19,completed,Card,2499
ORD009684,CUST04147,2026-08-08,completed,UPI,6397
ORD009685,CUST04148,2026-08-07,completed,COD,3198
ORD009686,CUST04149,2025-05-30,completed,UPI,2798
ORD009687,CUST04149,2025-06-28,completed,UPI,2499
ORD009688,CUST04150,2025-03-16,completed,Card,7997
ORD009689,CUST04151,2026-01-23,returned,NetBanking,499
ORD009690,CUST04152,2026-07-22,completed,Card,2499
ORD009691,CUST04153,2026-07-15,completed,UPI,2499
ORD009692,CUST04154,2025-10-11,completed,COD,4097
ORD009693,CUST04154,2025-09-27,completed,NetBanking,1398
ORD009694,CUST04156,2026-01-17,completed,NetBanking,1498
ORD009695,CUST04156,2025-04-08,completed,Card,6497
ORD009696,CUST04156,2025-07-01,cancelled,COD,3998
ORD009697,CUST04156,2025-10-02,completed,Card,7197
ORD009698,CUST04157,2026-05-19,completed,Card,499
ORD009699,CUST04158,2026-06-05,completed,NetBanking,5497
ORD009700,CUST04159,2026-05-03,completed,Card,3999
ORD009701,CUST04159,2025-12-28,completed,NetBanking,2499
ORD009702,CUST04159,2025-11-30,completed,UPI,899
ORD009703,CUST04160,2026-06-04,completed,UPI,499
ORD009704,CUST04161,2025-08-19,completed,NetBanking,2198
ORD009705,CUST04161,2026-07-31,completed,COD,1798
ORD009706,CUST04161,2026-06-28,completed,NetBanking,5498
ORD009707,CUST04161,2025-09-21,completed,UPI,499
ORD009708,CUST04162,2026-05-21,completed,COD,3998
ORD009709,CUST04162,2025-12-02,completed,COD,5798
ORD009710,CUST04162,2025-07-01,completed,Card,3498
ORD009711,CUST04163,2025-10-05,completed,Card,2498
ORD009712,CUST04163,2025-05-05,completed,COD,2398
ORD009713,CUST04163,2026-05-02,completed,COD,899
ORD009714,CUST04163,2025-08-01,completed,COD,2499
ORD009715,CUST04163,2026-02-08,completed,Card,3698
ORD009716,CUST04163,2026-02-28,completed,Card,2998
ORD009717,CUST04163,2026-07-28,completed,COD,2999
ORD009718,CUST04164,2025-12-01,completed,Card,6498
ORD009719,CUST04164,2026-05-18,completed,Card,4698
ORD009720,CUST04164,2026-05-29,completed,NetBanking,4298
ORD009721,CUST04165,2025-08-10,completed,UPI,499
ORD009722,CUST04165,2025-09-24,returned,Card,2499
ORD009723,CUST04166,2025-10-02,completed,UPI,999
ORD009724,CUST04167,2025-10-09,completed,Card,6797
ORD009725,CUST04167,2025-10-30,completed,COD,6998
ORD009726,CUST04167,2026-07-13,returned,COD,1798
ORD009727,CUST04167,2026-06-21,completed,Card,3999
ORD009728,CUST04167,2026-04-30,completed,UPI,3198
ORD009729,CUST04167,2025-12-01,completed,Card,499
ORD009730,CUST04167,2026-04-25,completed,UPI,7497
ORD009731,CUST04168,2026-03-12,completed,COD,899
ORD009732,CUST04168,2025-07-27,completed,NetBanking,2499
ORD009733,CUST04169,2026-03-31,completed,NetBanking,999
ORD009734,CUST04169,2025-10-30,returned,Card,999
ORD009735,CUST04169,2025-10-21,completed,COD,499
ORD009736,CUST04170,2025-06-26,completed,Card,1798
ORD009737,CUST04170,2025-12-10,completed,UPI,2499
ORD009738,CUST04170,2025-03-10,completed,Card,3197
ORD009739,CUST04170,2025-11-26,completed,NetBanking,1499
ORD009740,CUST04170,2026-04-04,completed,Card,2198
ORD009741,CUST04170,2025-03-27,completed,UPI,5498
ORD009742,CUST04170,2025-09-24,completed,NetBanking,2999
ORD009743,CUST04170,2026-06-13,completed,NetBanking,2398
ORD009744,CUST04171,2025-11-19,completed,UPI,3997
ORD009745,CUST04171,2025-03-23,completed,NetBanking,2499
ORD009746,CUST04171,2025-06-17,cancelled,Card,3498
ORD009747,CUST04172,2025-10-17,completed,COD,6498
ORD009748,CUST04172,2025-09-28,completed,COD,6498
ORD009749,CUST04172,2025-09-27,completed,NetBanking,6498
ORD009750,CUST04172,2025-07-12,completed,NetBanking,3698
ORD009751,CUST04172,2025-03-13,completed,COD,2498
ORD009752,CUST04173,2025-03-13,completed,Card,1998
ORD009753,CUST04173,2025-05-30,completed,Card,2998
ORD009754,CUST04173,2026-08-03,completed,Card,499
ORD009755,CUST04173,2026-06-30,completed,Card,2499
ORD009756,CUST04173,2025-10-24,completed,UPI,2499
ORD009757,CUST04173,2025-12-30,completed,NetBanking,3398
ORD009758,CUST04173,2026-03-08,completed,UPI,3998
ORD009759,CUST04174,2026-03-30,completed,NetBanking,3098
ORD009760,CUST04174,2025-12-10,completed,COD,2499
ORD009761,CUST04174,2025-03-25,completed,Card,6097
ORD009762,CUST04174,2026-03-21,completed,UPI,2798
ORD009763,CUST04174,2026-04-23,completed,Card,6197
ORD009764,CUST04175,2026-08-05,completed,NetBanking,7997
ORD009765,CUST04176,2025-09-27,completed,UPI,7797
ORD009766,CUST04176,2026-06-24,completed,UPI,7497
ORD009767,CUST04176,2026-07-17,completed,Card,1299
ORD009768,CUST04176,2026-06-11,completed,Card,3998
ORD009769,CUST04176,2026-05-26,returned,NetBanking,1799
ORD009770,CUST04176,2025-09-19,cancelled,Card,2499
ORD009771,CUST04177,2025-07-08,completed,COD,4298
ORD009772,CUST04178,2025-08-13,returned,Card,4698
ORD009773,CUST04178,2025-07-18,completed,NetBanking,6497
ORD009774,CUST04178,2026-06-13,completed,COD,3498
ORD009775,CUST04178,2026-07-26,completed,Card,2798
ORD009776,CUST04178,2025-12-10,completed,NetBanking,2499
ORD009777,CUST04178,2025-05-29,completed,COD,4197
ORD009778,CUST04179,2026-04-10,completed,COD,699
ORD009779,CUST04179,2025-11-20,completed,UPI,4497
ORD009780,CUST04179,2025-11-22,completed,COD,2999
ORD009781,CUST04179,2026-07-06,completed,Card,1998
ORD009782,CUST04179,2026-05-21,completed,UPI,2499
ORD009783,CUST04179,2026-05-12,completed,COD,4298
ORD009784,CUST04179,2026-05-31,completed,UPI,4498
ORD009785,CUST04180,2026-04-27,completed,Card,4798
ORD009786,CUST04182,2025-08-13,completed,NetBanking,2497
ORD009787,CUST04182,2026-03-22,completed,COD,3798
ORD009788,CUST04182,2025-07-02,completed,Card,3798
ORD009789,CUST04182,2025-09-02,completed,COD,3398
ORD009790,CUST04182,2026-03-01,completed,Card,5497
ORD009791,CUST04182,2026-03-05,completed,UPI,6498
ORD009792,CUST04182,2026-02-11,completed,NetBanking,2499
ORD009793,CUST04183,2026-03-29,completed,Card,4297
ORD009794,CUST04183,2025-05-09,completed,Card,1499
ORD009795,CUST04183,2025-07-09,returned,Card,2298
ORD009796,CUST04184,2025-10-19,completed,Card,3999
ORD009797,CUST04184,2026-05-10,returned,NetBanking,1299
ORD009798,CUST04185,2026-03-26,completed,Card,4698
ORD009799,CUST04185,2026-02-11,returned,COD,699
ORD009800,CUST04185,2025-12-18,completed,COD,899
ORD009801,CUST04185,2026-01-02,completed,Card,3997
ORD009802,CUST04186,2025-03-12,returned,Card,2998
ORD009803,CUST04186,2025-06-02,completed,Card,4397
ORD009804,CUST04186,2025-08-16,cancelled,Card,4298
ORD009805,CUST04187,2026-04-16,completed,COD,2498
ORD009806,CUST04187,2025-12-06,completed,Card,4298
ORD009807,CUST04187,2025-07-11,completed,COD,2298
ORD009808,CUST04187,2025-10-02,completed,NetBanking,2999
ORD009809,CUST04187,2025-11-21,completed,COD,4498
ORD009810,CUST04188,2025-11-05,completed,Card,2999
ORD009811,CUST04189,2025-03-23,completed,Card,3897
ORD009812,CUST04189,2026-08-19,completed,NetBanking,1898
ORD009813,CUST04189,2026-08-11,completed,COD,3898
ORD009814,CUST04189,2026-04-28,completed,Card,6997
ORD009815,CUST04190,2026-06-01,completed,NetBanking,2997
ORD009816,CUST04190,2025-09-20,completed,UPI,3998
ORD009817,CUST04190,2025-10-15,completed,NetBanking,6197
ORD009818,CUST04190,2025-11-01,returned,UPI,1198
ORD009819,CUST04190,2025-07-08,completed,NetBanking,7797
ORD009820,CUST04191,2025-10-29,completed,UPI,4498
ORD009821,CUST04192,2025-11-06,completed,Card,4298
ORD009822,CUST04192,2026-07-07,completed,UPI,2198
ORD009823,CUST04192,2026-02-10,cancelled,Card,2398
ORD009824,CUST04192,2025-06-04,completed,Card,4797
ORD009825,CUST04192,2026-01-22,completed,UPI,4297
ORD009826,CUST04193,2026-06-14,completed,UPI,3898
ORD009827,CUST04193,2026-05-27,completed,COD,499
ORD009828,CUST04194,2025-10-01,completed,NetBanking,2698
ORD009829,CUST04195,2025-05-25,completed,COD,499
ORD009830,CUST04197,2026-07-20,completed,NetBanking,7397
ORD009831,CUST04197,2025-12-24,completed,Card,3198
ORD009832,CUST04198,2026-02-18,completed,COD,2499
ORD009833,CUST04198,2025-12-11,completed,COD,899
ORD009834,CUST04198,2025-03-29,completed,NetBanking,6197
ORD009835,CUST04198,2025-05-03,completed,UPI,7297
ORD009836,CUST04198,2026-04-25,completed,NetBanking,7197
ORD009837,CUST04199,2025-04-08,completed,NetBanking,1998
ORD009838,CUST04199,2025-08-19,completed,NetBanking,3498
ORD009839,CUST04199,2026-05-19,completed,Card,5397
ORD009840,CUST04199,2025-04-03,completed,NetBanking,6498
ORD009841,CUST04200,2026-05-20,completed,NetBanking,1398
ORD009842,CUST04201,2026-02-12,completed,COD,2499
ORD009843,CUST04201,2026-07-16,completed,UPI,4498
ORD009844,CUST04201,2025-04-18,completed,UPI,2798
ORD009845,CUST04202,2025-10-06,completed,COD,3999
ORD009846,CUST04203,2025-05-15,completed,NetBanking,3798
ORD009847,CUST04204,2025-11-23,completed,UPI,3197
ORD009848,CUST04204,2025-09-04,completed,UPI,2998
ORD009849,CUST04204,2026-07-09,completed,NetBanking,4798
ORD009850,CUST04204,2025-07-20,completed,NetBanking,6197
ORD009851,CUST04204,2025-11-13,completed,COD,2999
ORD009852,CUST04204,2025-06-23,completed,Card,2499
ORD009853,CUST04205,2025-07-05,completed,NetBanking,2499
ORD009854,CUST04206,2025-07-21,completed,Card,2499
ORD009855,CUST04206,2026-03-24,completed,COD,5498
ORD009856,CUST04206,2026-06-26,cancelled,Card,4697
ORD009857,CUST04207,2025-06-17,completed,NetBanking,899
ORD009858,CUST04208,2025-03-29,completed,Card,4497
ORD009859,CUST04208,2026-05-04,completed,UPI,4897
ORD009860,CUST04209,2026-04-17,completed,Card,1998
ORD009861,CUST04210,2025-07-09,completed,NetBanking,2499
ORD009862,CUST04210,2026-02-04,completed,UPI,1299
ORD009863,CUST04211,2026-06-06,cancelled,COD,1598
ORD009864,CUST04211,2025-12-22,completed,COD,3897
ORD009865,CUST04211,2026-03-02,completed,Card,1898
ORD009866,CUST04212,2025-08-14,completed,COD,2499
ORD009867,CUST04213,2025-10-01,completed,NetBanking,1799
ORD009868,CUST04214,2025-05-01,completed,Card,2798
ORD009869,CUST04214,2025-09-07,completed,UPI,999
ORD009870,CUST04215,2025-09-05,completed,COD,3698
ORD009871,CUST04216,2025-11-24,completed,COD,2499
ORD009872,CUST04217,2026-03-07,completed,UPI,3999
ORD009873,CUST04218,2026-01-01,completed,COD,2998
ORD009874,CUST04218,2026-08-14,completed,COD,6498
ORD009875,CUST04219,2026-06-17,completed,UPI,2798
ORD009876,CUST04219,2025-12-07,cancelled,UPI,2897
ORD009877,CUST04220,2025-11-19,completed,COD,4498
ORD009878,CUST04220,2025-12-15,completed,NetBanking,3298
ORD009879,CUST04220,2025-05-25,completed,COD,1998
ORD009880,CUST04221,2026-02-27,completed,UPI,1499
ORD009881,CUST04221,2026-04-05,completed,Card,4797
ORD009882,CUST04221,2026-02-24,completed,Card,699
ORD009883,CUST04221,2026-06-30,completed,UPI,4298
ORD009884,CUST04221,2025-04-06,completed,NetBanking,2499
ORD009885,CUST04222,2026-02-11,completed,COD,3197
ORD009886,CUST04223,2026-05-29,completed,COD,2198
ORD009887,CUST04223,2026-03-29,completed,UPI,3498
ORD009888,CUST04224,2025-10-04,completed,COD,2499
ORD009889,CUST04224,2026-07-31,returned,Card,5298
ORD009890,CUST04224,2025-07-24,completed,NetBanking,999
ORD009891,CUST04225,2025-04-02,completed,UPI,4197
ORD009892,CUST04226,2026-05-21,completed,Card,6297
ORD009893,CUST04227,2026-08-17,completed,Card,2897
ORD009894,CUST04227,2026-05-13,completed,Card,6498
ORD009895,CUST04228,2025-11-13,returned,NetBanking,4298
ORD009896,CUST04228,2025-04-16,cancelled,UPI,899
ORD009897,CUST04230,2026-08-18,completed,Card,3998
ORD009898,CUST04230,2026-07-25,completed,COD,499
ORD009899,CUST04231,2025-08-08,cancelled,Card,1598
ORD009900,CUST04231,2026-03-27,completed,NetBanking,5498
ORD009901,CUST04232,2025-11-09,completed,Card,3498
ORD009902,CUST04232,2025-08-19,completed,NetBanking,2999
ORD009903,CUST04233,2025-06-08,completed,NetBanking,1799
ORD009904,CUST04234,2025-11-29,completed,Card,2998
ORD009905,CUST04235,2026-04-08,completed,UPI,5397
ORD009906,CUST04235,2025-05-08,completed,Card,699
ORD009907,CUST04235,2025-06-02,completed,UPI,2897
ORD009908,CUST04235,2026-01-11,completed,COD,2198
ORD009909,CUST04236,2026-05-01,completed,COD,1898
ORD009910,CUST04236,2025-11-19,completed,UPI,4298
ORD009911,CUST04236,2025-10-29,returned,COD,2499
ORD009912,CUST04236,2025-06-25,completed,Card,3798
ORD009913,CUST04236,2026-07-11,completed,UPI,5298
ORD009914,CUST04237,2025-03-10,completed,COD,4697
ORD009915,CUST04238,2025-12-06,completed,Card,2499
ORD009916,CUST04238,2025-11-16,completed,Card,3998
ORD009917,CUST04239,2025-10-10,completed,Card,1998
ORD009918,CUST04240,2026-06-04,completed,COD,5498
ORD009919,CUST04240,2025-07-15,completed,NetBanking,2897
ORD009920,CUST04240,2025-12-26,completed,Card,2198
ORD009921,CUST04240,2026-02-03,completed,Card,5498
ORD009922,CUST04240,2025-08-14,returned,NetBanking,4497
ORD009923,CUST04240,2025-10-08,completed,COD,2499
ORD009924,CUST04241,2025-05-15,completed,NetBanking,2499
ORD009925,CUST04242,2026-02-11,cancelled,NetBanking,2999
ORD009926,CUST04242,2025-06-22,completed,Card,5298
ORD009927,CUST04242,2025-06-12,completed,Card,2499
ORD009928,CUST04242,2025-09-10,completed,NetBanking,2499
ORD009929,CUST04242,2026-03-27,completed,UPI,3999
ORD009930,CUST04243,2025-04-28,completed,UPI,5798
ORD009931,CUST04243,2026-07-07,completed,Card,3297
ORD009932,CUST04243,2026-08-21,completed,NetBanking,2798
ORD009933,CUST04243,2025-04-20,completed,Card,4397
ORD009934,CUST04243,2026-07-15,completed,Card,5498
ORD009935,CUST04243,2025-12-29,completed,COD,2499
ORD009936,CUST04243,2025-09-11,completed,Card,3498
ORD009937,CUST04243,2025-08-29,cancelled,Card,4797
ORD009938,CUST04246,2025-06-11,completed,NetBanking,1198
ORD009939,CUST04246,2026-03-27,completed,UPI,4497
ORD009940,CUST04246,2026-04-08,completed,COD,1499
ORD009941,CUST04246,2026-06-10,completed,NetBanking,4498
ORD009942,CUST04246,2025-05-19,completed,COD,1898
ORD009943,CUST04246,2025-05-29,returned,Card,3498
ORD009944,CUST04246,2026-08-21,completed,UPI,2499
ORD009945,CUST04248,2026-04-07,completed,Card,1998
ORD009946,CUST04248,2025-07-04,completed,NetBanking,5197
ORD009947,CUST04249,2026-01-09,completed,Card,999
ORD009948,CUST04250,2025-12-03,completed,NetBanking,4997
ORD009949,CUST04250,2025-08-11,completed,COD,3498
ORD009950,CUST04251,2025-03-14,cancelled,Card,5197
ORD009951,CUST04252,2025-05-16,completed,Card,5498
ORD009952,CUST04252,2026-01-17,completed,UPI,2499
ORD009953,CUST04253,2026-07-24,completed,COD,1799
ORD009954,CUST04253,2025-07-29,completed,Card,1798
ORD009955,CUST04254,2026-08-04,completed,COD,7297
ORD009956,CUST04255,2026-05-02,completed,NetBanking,1799
ORD009957,CUST04256,2025-10-25,completed,NetBanking,2499
ORD009958,CUST04256,2026-05-11,completed,COD,1499
ORD009959,CUST04256,2025-12-19,completed,Card,5497
ORD009960,CUST04257,2026-02-02,completed,NetBanking,3999
ORD009961,CUST04258,2026-06-02,completed,COD,2398
ORD009962,CUST04258,2025-07-20,completed,NetBanking,3999
ORD009963,CUST04258,2025-07-02,completed,NetBanking,2499
ORD009964,CUST04259,2025-04-02,completed,COD,2498
ORD009965,CUST04259,2026-08-06,completed,Card,5997
ORD009966,CUST04259,2025-03-10,completed,COD,3998
ORD009967,CUST04259,2025-08-29,completed,COD,2997
ORD009968,CUST04259,2025-06-14,completed,UPI,6997
ORD009969,CUST04259,2026-04-20,cancelled,COD,2999
ORD009970,CUST04260,2025-10-20,completed,Card,4898
ORD009971,CUST04260,2025-11-07,completed,NetBanking,2499
ORD009972,CUST04260,2026-01-27,completed,NetBanking,999
ORD009973,CUST04262,2025-11-07,completed,Card,2998
ORD009974,CUST04262,2025-03-16,completed,COD,7897
ORD009975,CUST04262,2025-09-05,returned,UPI,2499
ORD009976,CUST04262,2026-04-29,completed,UPI,3998
ORD009977,CUST04262,2025-10-13,completed,Card,1998
ORD009978,CUST04262,2025-12-06,completed,NetBanking,1799
ORD009979,CUST04262,2026-07-15,completed,COD,2999
ORD009980,CUST04263,2025-03-29,returned,COD,2999
ORD009981,CUST04264,2025-04-18,completed,COD,2998
ORD009982,CUST04264,2025-09-16,completed,COD,7297
ORD009983,CUST04264,2025-04-06,completed,COD,5597
ORD009984,CUST04265,2026-02-03,completed,NetBanking,3398
ORD009985,CUST04265,2025-04-30,completed,NetBanking,4898
ORD009986,CUST04265,2026-06-02,completed,NetBanking,1698
ORD009987,CUST04265,2025-08-27,completed,NetBanking,1299
ORD009988,CUST04265,2025-12-02,completed,NetBanking,2198
ORD009989,CUST04265,2025-05-30,cancelled,Card,8797
ORD009990,CUST04266,2025-07-13,completed,Card,4898
ORD009991,CUST04266,2025-07-23,completed,NetBanking,2499
ORD009992,CUST04267,2025-07-06,completed,UPI,6498
ORD009993,CUST04268,2026-05-02,completed,UPI,3998
ORD009994,CUST04269,2026-08-05,completed,Card,4998
ORD009995,CUST04270,2025-08-09,completed,NetBanking,4998
ORD009996,CUST04270,2026-08-19,completed,NetBanking,2498
ORD009997,CUST04270,2026-03-31,completed,Card,6797
ORD009998,CUST04270,2025-08-09,completed,NetBanking,6297
ORD009999,CUST04270,2025-07-11,completed,NetBanking,4797
ORD010000,CUST04270,2026-08-12,completed,COD,499
ORD010001,CUST04270,2026-03-31,completed,COD,1998
ORD010002,CUST04270,2025-08-20,completed,COD,4797
ORD010003,CUST04271,2025-08-29,completed,NetBanking,1499
ORD010004,CUST04272,2026-07-20,cancelled,Card,1198
ORD010005,CUST04273,2026-06-04,completed,UPI,2499
ORD010006,CUST04274,2025-03-13,completed,COD,2998
ORD010007,CUST04274,2025-10-11,completed,COD,2998
ORD010008,CUST04274,2026-06-12,completed,Card,499
ORD010009,CUST04274,2025-04-29,completed,Card,1498
ORD010010,CUST04275,2025-08-03,completed,Card,3498
ORD010011,CUST04275,2026-04-12,completed,UPI,4697
ORD010012,CUST04276,2026-02-24,completed,Card,2498
ORD010013,CUST04276,2026-02-23,completed,NetBanking,2499
ORD010014,CUST04276,2025-04-08,completed,NetBanking,2398
ORD010015,CUST04276,2025-04-04,completed,NetBanking,2499
ORD010016,CUST04276,2026-07-13,completed,NetBanking,5498
ORD010017,CUST04277,2025-11-04,completed,UPI,4298
ORD010018,CUST04277,2026-08-06,completed,COD,6498
ORD010019,CUST04278,2026-04-08,completed,UPI,6498
ORD010020,CUST04278,2026-02-08,completed,NetBanking,5498
ORD010021,CUST04278,2026-08-11,completed,UPI,499
ORD010022,CUST04278,2025-05-13,completed,UPI,3498
ORD010023,CUST04278,2026-02-10,completed,COD,6498
ORD010024,CUST04279,2025-12-10,completed,Card,2499
ORD010025,CUST04279,2026-06-07,cancelled,NetBanking,5498
ORD010026,CUST04279,2026-07-08,completed,UPI,1799
ORD010027,CUST04280,2026-07-15,completed,NetBanking,3398
ORD010028,CUST04281,2025-09-22,completed,COD,2499
ORD010029,CUST04281,2026-05-31,completed,COD,4698
ORD010030,CUST04281,2025-10-29,returned,COD,6498
ORD010031,CUST04282,2026-05-03,completed,COD,6797
ORD010032,CUST04282,2025-06-17,returned,UPI,5298
ORD010033,CUST04282,2026-05-27,completed,NetBanking,3298
ORD010034,CUST04283,2026-01-03,completed,Card,899
ORD010035,CUST04284,2025-08-20,completed,UPI,3197
ORD010036,CUST04285,2026-08-05,completed,Card,3798
ORD010037,CUST04285,2026-07-17,completed,COD,3999
ORD010038,CUST04285,2026-07-04,completed,Card,3498
ORD010039,CUST04285,2025-11-18,completed,Card,3697
ORD010040,CUST04285,2026-05-02,completed,COD,2998
ORD010041,CUST04285,2025-05-09,completed,UPI,2998
ORD010042,CUST04286,2026-07-19,completed,UPI,2499
ORD010043,CUST04287,2025-11-11,completed,UPI,3398
ORD010044,CUST04288,2025-10-30,completed,COD,6498
ORD010045,CUST04288,2025-07-26,completed,NetBanking,1499
ORD010046,CUST04289,2026-03-11,completed,NetBanking,2798
ORD010047,CUST04289,2025-06-22,completed,COD,4498
ORD010048,CUST04289,2025-10-13,completed,Card,1499
ORD010049,CUST04290,2026-04-20,completed,UPI,5597
ORD010050,CUST04290,2025-05-05,completed,NetBanking,3998
ORD010051,CUST04290,2026-06-13,completed,COD,2498
ORD010052,CUST04291,2026-01-23,completed,Card,3398
ORD010053,CUST04292,2026-02-19,completed,COD,1499
ORD010054,CUST04292,2026-03-18,completed,NetBanking,8297
ORD010055,CUST04292,2026-03-14,completed,COD,8297
ORD010056,CUST04292,2025-07-30,returned,Card,4698
ORD010057,CUST04292,2025-09-01,completed,NetBanking,2499
ORD010058,CUST04293,2026-07-28,completed,Card,3498
ORD010059,CUST04294,2025-04-28,completed,UPI,499
ORD010060,CUST04294,2025-03-26,completed,COD,499
ORD010061,CUST04294,2026-03-13,returned,Card,2999
ORD010062,CUST04294,2025-08-12,completed,UPI,6197
ORD010063,CUST04294,2025-07-16,completed,NetBanking,2499
ORD010064,CUST04294,2026-05-20,completed,Card,6497
ORD010065,CUST04294,2026-03-02,completed,UPI,4298
ORD010066,CUST04295,2026-02-27,completed,COD,1898
ORD010067,CUST04295,2026-03-24,completed,Card,1998
ORD010068,CUST04295,2025-10-11,completed,Card,3298
ORD010069,CUST04295,2026-08-11,completed,NetBanking,499
ORD010070,CUST04296,2026-01-31,completed,NetBanking,899
ORD010071,CUST04299,2025-10-09,completed,UPI,3197
ORD010072,CUST04300,2026-03-02,completed,UPI,4097
ORD010073,CUST04301,2026-01-29,completed,UPI,899
ORD010074,CUST04302,2025-03-11,returned,NetBanking,2499
ORD010075,CUST04302,2026-08-13,completed,NetBanking,8797
ORD010076,CUST04303,2026-05-15,completed,COD,3798
ORD010077,CUST04304,2026-08-02,completed,UPI,2298
ORD010078,CUST04304,2025-05-20,completed,NetBanking,1799
ORD010079,CUST04304,2025-04-19,completed,COD,2298
ORD010080,CUST04304,2026-02-01,completed,Card,6797
ORD010081,CUST04306,2025-04-08,completed,NetBanking,2499
ORD010082,CUST04306,2026-06-08,completed,NetBanking,2998
ORD010083,CUST04306,2026-05-28,completed,UPI,3999
ORD010084,CUST04307,2025-08-22,completed,NetBanking,4697
ORD010085,CUST04308,2025-12-24,completed,COD,2998
ORD010086,CUST04308,2026-07-28,cancelled,COD,2499
ORD010087,CUST04308,2025-11-14,completed,UPI,3697
ORD010088,CUST04308,2025-09-22,completed,COD,3798
ORD010089,CUST04309,2025-05-21,completed,UPI,2798
ORD010090,CUST04309,2026-03-28,completed,NetBanking,3198
ORD010091,CUST04310,2026-03-27,completed,NetBanking,499
ORD010092,CUST04312,2026-03-14,cancelled,Card,4898
ORD010093,CUST04312,2026-02-10,completed,COD,1299
ORD010094,CUST04313,2025-07-23,completed,Card,3497
ORD010095,CUST04315,2026-02-26,completed,UPI,3999
ORD010096,CUST04315,2026-06-10,completed,COD,2499
ORD010097,CUST04315,2026-01-17,cancelled,UPI,1799
ORD010098,CUST04315,2026-07-02,completed,Card,6197
ORD010099,CUST04315,2026-03-24,completed,COD,2499
ORD010100,CUST04315,2026-01-08,returned,Card,999
ORD010101,CUST04315,2025-11-11,completed,UPI,5798
ORD010102,CUST04315,2025-11-24,completed,UPI,4297
ORD010103,CUST04316,2025-03-07,completed,COD,999
ORD010104,CUST04316,2026-05-12,completed,UPI,1598
ORD010105,CUST04316,2026-05-13,completed,Card,1499
ORD010106,CUST04316,2025-04-25,completed,COD,2499
ORD010107,CUST04317,2026-01-13,cancelled,UPI,4498
ORD010108,CUST04317,2025-10-11,completed,COD,1499
ORD010109,CUST04317,2025-10-10,completed,NetBanking,2998
ORD010110,CUST04317,2026-06-13,completed,NetBanking,3498
ORD010111,CUST04317,2025-11-23,completed,NetBanking,2499
ORD010112,CUST04317,2025-11-08,returned,NetBanking,499
ORD010113,CUST04318,2025-06-30,completed,COD,999
ORD010114,CUST04318,2025-04-28,completed,NetBanking,4897
ORD010115,CUST04318,2026-05-30,completed,NetBanking,6997
ORD010116,CUST04319,2026-05-23,completed,UPI,3498
ORD010117,CUST04319,2026-05-17,completed,COD,1398
ORD010118,CUST04320,2025-10-28,completed,UPI,2499
ORD010119,CUST04320,2025-03-09,completed,COD,4898
ORD010120,CUST04320,2026-07-11,completed,Card,999
ORD010121,CUST04320,2025-07-28,completed,NetBanking,1299
ORD010122,CUST04320,2026-02-12,completed,Card,899
ORD010123,CUST04320,2026-01-15,completed,Card,2499
ORD010124,CUST04321,2026-07-29,completed,NetBanking,2499
ORD010125,CUST04321,2025-06-10,completed,UPI,4697
ORD010126,CUST04321,2026-08-01,completed,NetBanking,2998
ORD010127,CUST04321,2025-09-11,completed,UPI,2298
ORD010128,CUST04322,2025-09-25,completed,UPI,2998
ORD010129,CUST04323,2025-12-23,completed,NetBanking,4298
ORD010130,CUST04323,2025-11-27,completed,UPI,499
ORD010131,CUST04324,2026-03-14,completed,NetBanking,1499
ORD010132,CUST04324,2025-11-08,completed,COD,6197
ORD010133,CUST04324,2025-07-08,completed,COD,6998
ORD010134,CUST04326,2025-03-11,completed,NetBanking,3999
ORD010135,CUST04326,2025-12-10,completed,NetBanking,2499
ORD010136,CUST04326,2025-08-25,completed,UPI,7497
ORD010137,CUST04326,2025-03-17,completed,NetBanking,3997
ORD010138,CUST04326,2026-01-24,completed,COD,2499
ORD010139,CUST04326,2025-08-09,completed,COD,3999
ORD010140,CUST04327,2026-01-22,completed,NetBanking,1398
ORD010141,CUST04328,2026-07-31,completed,COD,1398
ORD010142,CUST04329,2026-03-18,completed,UPI,3999
ORD010143,CUST04329,2025-05-08,completed,COD,4797
ORD010144,CUST04329,2025-12-08,completed,Card,7497
ORD010145,CUST04329,2025-09-08,completed,COD,1799
ORD010146,CUST04329,2025-10-12,completed,Card,999
ORD010147,CUST04330,2025-07-27,completed,Card,1799
ORD010148,CUST04330,2026-03-02,completed,COD,4597
ORD010149,CUST04330,2025-07-06,completed,Card,2298
ORD010150,CUST04330,2025-09-28,completed,NetBanking,6497
ORD010151,CUST04332,2026-06-03,returned,COD,2298
ORD010152,CUST04333,2025-06-16,completed,UPI,1299
ORD010153,CUST04335,2025-09-19,completed,COD,2499
ORD010154,CUST04335,2025-05-29,completed,Card,5697
ORD010155,CUST04335,2026-07-20,completed,UPI,5498
ORD010156,CUST04335,2026-01-03,completed,COD,3998
ORD010157,CUST04335,2026-06-06,completed,UPI,5997
ORD010158,CUST04335,2026-05-08,completed,Card,6498
ORD010159,CUST04336,2025-11-20,cancelled,COD,2499
ORD010160,CUST04337,2026-05-29,completed,UPI,2499
ORD010161,CUST04339,2026-06-07,cancelled,Card,1498
ORD010162,CUST04339,2025-08-04,completed,COD,5798
ORD010163,CUST04339,2025-10-06,completed,UPI,1799
ORD010164,CUST04339,2026-04-02,completed,COD,4898
ORD010165,CUST04339,2025-10-01,completed,Card,2499
ORD010166,CUST04339,2026-05-15,completed,Card,3098
ORD010167,CUST04339,2025-09-11,completed,UPI,3198
ORD010168,CUST04339,2025-09-17,completed,NetBanking,2499
ORD010169,CUST04340,2026-07-03,completed,Card,4097
ORD010170,CUST04340,2025-09-29,completed,Card,3498
ORD010171,CUST04340,2025-03-19,completed,COD,3498
ORD010172,CUST04341,2026-01-11,completed,NetBanking,3497
ORD010173,CUST04342,2025-07-02,completed,UPI,4897
ORD010174,CUST04342,2025-06-25,completed,COD,499
ORD010175,CUST04342,2026-08-04,completed,NetBanking,999
ORD010176,CUST04342,2026-06-10,completed,COD,499
ORD010177,CUST04342,2026-02-25,completed,Card,2198
ORD010178,CUST04342,2025-10-10,completed,UPI,1998
ORD010179,CUST04343,2026-01-29,completed,Card,3998
ORD010180,CUST04343,2025-08-06,returned,COD,7797
ORD010181,CUST04344,2026-02-17,completed,UPI,5498
ORD010182,CUST04344,2026-02-15,completed,Card,2499
ORD010183,CUST04344,2025-03-18,completed,NetBanking,5697
ORD010184,CUST04344,2025-12-25,completed,Card,2499
ORD010185,CUST04344,2026-06-18,returned,NetBanking,3297
ORD010186,CUST04344,2025-11-06,completed,UPI,2198
ORD010187,CUST04344,2025-12-24,completed,NetBanking,2298
ORD010188,CUST04345,2026-02-04,completed,UPI,2998
ORD010189,CUST04346,2025-03-04,completed,NetBanking,3998
ORD010190,CUST04348,2026-05-28,completed,UPI,1299
ORD010191,CUST04349,2025-03-08,completed,NetBanking,6497
ORD010192,CUST04349,2026-06-18,completed,NetBanking,6297
ORD010193,CUST04350,2025-12-12,completed,NetBanking,2499
ORD010194,CUST04350,2026-05-14,completed,NetBanking,2597
ORD010195,CUST04350,2025-03-25,completed,UPI,2499
ORD010196,CUST04350,2026-05-19,completed,UPI,1499
ORD010197,CUST04350,2025-05-05,completed,Card,1799
ORD010198,CUST04351,2025-11-03,cancelled,NetBanking,6998
ORD010199,CUST04353,2025-08-23,completed,UPI,3697
ORD010200,CUST04353,2026-07-02,returned,NetBanking,3197
ORD010201,CUST04353,2025-03-09,completed,COD,2998
ORD010202,CUST04353,2026-06-18,completed,Card,5498
ORD010203,CUST04353,2026-04-30,completed,Card,1799
ORD010204,CUST04353,2026-03-26,completed,Card,5498
ORD010205,CUST04354,2025-03-30,completed,Card,1299
ORD010206,CUST04354,2025-06-29,completed,COD,7497
ORD010207,CUST04355,2026-01-12,completed,Card,499
ORD010208,CUST04355,2025-09-15,completed,Card,2198
ORD010209,CUST04355,2025-11-14,completed,UPI,5297
ORD010210,CUST04355,2025-09-03,completed,Card,2998
ORD010211,CUST04356,2025-11-08,completed,UPI,5297
ORD010212,CUST04357,2025-04-29,completed,UPI,2499
ORD010213,CUST04357,2026-07-26,cancelled,NetBanking,4498
ORD010214,CUST04357,2025-07-03,completed,UPI,4797
ORD010215,CUST04357,2026-08-01,completed,UPI,3999
ORD010216,CUST04357,2025-08-14,completed,Card,6097
ORD010217,CUST04357,2026-04-18,completed,Card,2498
ORD010218,CUST04357,2026-05-28,completed,COD,4298
ORD010219,CUST04357,2025-09-11,completed,UPI,2499
ORD010220,CUST04358,2026-06-28,completed,UPI,2499
ORD010221,CUST04358,2025-12-11,completed,UPI,3998
ORD010222,CUST04358,2025-10-09,cancelled,UPI,2499
ORD010223,CUST04359,2026-01-29,completed,Card,1998
ORD010224,CUST04359,2025-06-22,completed,NetBanking,2499
ORD010225,CUST04360,2026-08-23,completed,COD,3798
ORD010226,CUST04360,2025-12-12,completed,Card,6498
ORD010227,CUST04360,2026-03-03,completed,Card,4698
ORD010228,CUST04360,2026-02-14,completed,COD,5997
ORD010229,CUST04360,2025-11-24,returned,NetBanking,1698
ORD010230,CUST04360,2026-06-09,cancelled,NetBanking,999
ORD010231,CUST04360,2025-05-13,completed,Card,7197
ORD010232,CUST04360,2025-11-19,completed,Card,2998
ORD010233,CUST04361,2026-08-18,completed,COD,2998
ORD010234,CUST04361,2025-11-28,completed,Card,2999
ORD010235,CUST04361,2025-12-22,completed,COD,1499
ORD010236,CUST04361,2025-11-21,completed,NetBanking,999
ORD010237,CUST04361,2025-05-07,completed,NetBanking,3198
ORD010238,CUST04362,2025-12-15,completed,UPI,2998
ORD010239,CUST04362,2026-08-05,completed,NetBanking,2998
ORD010240,CUST04362,2025-07-31,completed,NetBanking,3398
ORD010241,CUST04362,2026-05-08,completed,NetBanking,1499
ORD010242,CUST04363,2025-12-08,completed,COD,4898
ORD010243,CUST04363,2026-05-25,completed,NetBanking,7497
ORD010244,CUST04364,2025-09-20,completed,Card,6197
ORD010245,CUST04364,2025-09-04,completed,NetBanking,2298
ORD010246,CUST04364,2026-01-21,returned,Card,5197
ORD010247,CUST04364,2026-04-30,completed,COD,2498
ORD010248,CUST04364,2025-06-13,completed,Card,2499
ORD010249,CUST04365,2026-01-06,completed,UPI,1299
ORD010250,CUST04365,2025-10-25,cancelled,NetBanking,2499
ORD010251,CUST04365,2026-06-07,completed,COD,3998
ORD010252,CUST04365,2026-01-04,completed,UPI,4298
ORD010253,CUST04365,2026-01-11,completed,Card,6997
ORD010254,CUST04365,2026-02-23,completed,UPI,3797
ORD010255,CUST04366,2025-09-25,completed,NetBanking,4898
ORD010256,CUST04366,2026-02-01,completed,Card,6197
ORD010257,CUST04366,2025-10-09,completed,UPI,4298
ORD010258,CUST04366,2025-08-27,completed,COD,3998
ORD010259,CUST04366,2025-09-12,completed,NetBanking,2897
ORD010260,CUST04367,2025-11-03,completed,UPI,1398
ORD010261,CUST04368,2025-06-22,completed,NetBanking,699
ORD010262,CUST04368,2026-02-22,completed,NetBanking,3198
ORD010263,CUST04369,2026-05-06,completed,UPI,6498
ORD010264,CUST04369,2025-05-04,completed,COD,6498
ORD010265,CUST04369,2026-02-19,completed,COD,2499
ORD010266,CUST04369,2025-05-14,completed,Card,7297
ORD010267,CUST04369,2025-12-25,completed,COD,1499
ORD010268,CUST04369,2025-11-11,completed,COD,5298
ORD010269,CUST04370,2025-09-05,completed,COD,4898
ORD010270,CUST04370,2026-05-01,completed,UPI,1499
ORD010271,CUST04370,2025-06-03,completed,Card,3697
ORD010272,CUST04370,2025-07-12,completed,UPI,4597
ORD010273,CUST04370,2025-03-25,completed,UPI,4498
ORD010274,CUST04370,2025-03-23,completed,Card,899
ORD010275,CUST04371,2026-03-04,cancelled,UPI,1499
ORD010276,CUST04371,2026-03-04,completed,UPI,2999
ORD010277,CUST04371,2025-06-30,cancelled,COD,6998
ORD010278,CUST04372,2025-09-18,completed,COD,1799
ORD010279,CUST04372,2025-06-06,completed,Card,1499
ORD010280,CUST04373,2025-09-30,completed,UPI,5498
ORD010281,CUST04374,2026-07-13,completed,NetBanking,2499
ORD010282,CUST04374,2026-02-03,completed,UPI,3398
ORD010283,CUST04374,2025-10-06,completed,Card,3198
ORD010284,CUST04374,2026-03-02,completed,Card,3198
ORD010285,CUST04374,2025-10-11,cancelled,NetBanking,4298
ORD010286,CUST04375,2026-03-17,completed,COD,5798
ORD010287,CUST04375,2026-07-04,completed,Card,3698
ORD010288,CUST04375,2025-12-04,returned,COD,2499
ORD010289,CUST04375,2026-07-29,completed,NetBanking,1498
ORD010290,CUST04375,2025-11-27,completed,COD,3498
ORD010291,CUST04376,2025-04-29,completed,UPI,2999
ORD010292,CUST04376,2026-02-21,completed,NetBanking,999
ORD010293,CUST04376,2026-07-01,completed,NetBanking,4298
ORD010294,CUST04377,2025-03-29,completed,Card,2499
ORD010295,CUST04377,2026-04-01,completed,COD,2998
ORD010296,CUST04377,2026-05-07,completed,UPI,4298
ORD010297,CUST04378,2025-08-07,completed,UPI,2298
ORD010298,CUST04378,2025-08-27,completed,Card,3697
ORD010299,CUST04378,2025-06-29,completed,COD,5697
ORD010300,CUST04378,2026-07-01,completed,COD,3498
ORD010301,CUST04378,2026-04-20,completed,Card,999
ORD010302,CUST04378,2026-08-11,completed,Card,699
ORD010303,CUST04379,2025-08-07,completed,NetBanking,6998
ORD010304,CUST04380,2026-06-12,completed,NetBanking,2499
ORD010305,CUST04381,2025-04-26,completed,NetBanking,1998
ORD010306,CUST04382,2025-05-12,completed,NetBanking,3298
ORD010307,CUST04382,2025-07-10,completed,COD,6498
ORD010308,CUST04382,2025-12-03,completed,NetBanking,899
ORD010309,CUST04383,2026-01-02,completed,NetBanking,3999
ORD010310,CUST04384,2025-05-23,completed,COD,5498
ORD010311,CUST04384,2025-10-28,completed,Card,2999
ORD010312,CUST04384,2025-09-21,completed,Card,3498
ORD010313,CUST04384,2025-08-19,completed,NetBanking,3198
ORD010314,CUST04384,2025-03-05,completed,NetBanking,3398
ORD010315,CUST04384,2025-08-17,completed,NetBanking,4297
ORD010316,CUST04384,2025-08-01,completed,Card,6498
ORD010317,CUST04384,2025-07-03,cancelled,UPI,5498
ORD010318,CUST04386,2025-10-23,completed,Card,3998
ORD010319,CUST04387,2025-12-15,completed,Card,5397
ORD010320,CUST04387,2026-02-24,completed,UPI,5498
ORD010321,CUST04387,2026-03-24,cancelled,NetBanking,1799
ORD010322,CUST04387,2025-10-10,completed,Card,3297
ORD010323,CUST04388,2026-03-02,completed,NetBanking,2998
ORD010324,CUST04388,2026-04-23,completed,Card,3397
ORD010325,CUST04388,2025-08-11,completed,UPI,6498
ORD010326,CUST04388,2026-05-02,completed,NetBanking,1299
ORD010327,CUST04388,2026-01-28,completed,UPI,6998
ORD010328,CUST04388,2026-06-24,completed,UPI,999
ORD010329,CUST04388,2025-08-14,completed,Card,5498
ORD010330,CUST04388,2026-06-02,completed,Card,1598
ORD010331,CUST04390,2026-03-02,completed,Card,2499
ORD010332,CUST04390,2025-12-25,completed,NetBanking,999
ORD010333,CUST04391,2025-11-02,completed,Card,899
ORD010334,CUST04391,2025-07-03,completed,COD,3498
ORD010335,CUST04391,2025-03-24,completed,NetBanking,8297
ORD010336,CUST04391,2026-04-01,cancelled,UPI,1299
ORD010337,CUST04391,2026-04-11,completed,Card,2998
ORD010338,CUST04392,2025-11-07,completed,UPI,1299
ORD010339,CUST04392,2025-05-10,completed,Card,6397
ORD010340,CUST04392,2026-03-11,completed,COD,5997
ORD010341,CUST04392,2025-07-14,completed,NetBanking,3999
ORD010342,CUST04392,2025-04-09,cancelled,NetBanking,3798
ORD010343,CUST04392,2026-06-03,completed,UPI,5497
ORD010344,CUST04393,2026-02-27,completed,COD,8297
ORD010345,CUST04395,2026-01-19,cancelled,UPI,3999
ORD010346,CUST04395,2026-07-28,completed,NetBanking,1598
ORD010347,CUST04396,2026-01-10,completed,NetBanking,4998
ORD010348,CUST04396,2025-10-28,completed,Card,899
ORD010349,CUST04397,2026-03-15,completed,UPI,3998
ORD010350,CUST04398,2026-07-19,completed,NetBanking,699
ORD010351,CUST04402,2026-08-14,cancelled,Card,9497
ORD010352,CUST04402,2026-05-01,completed,UPI,899
ORD010353,CUST04402,2025-10-16,completed,COD,2498
ORD010354,CUST04403,2026-06-01,completed,COD,4898
ORD010355,CUST04403,2026-06-22,completed,Card,4097
ORD010356,CUST04403,2025-11-09,completed,Card,4898
ORD010357,CUST04403,2025-08-05,completed,Card,3797
ORD010358,CUST04404,2026-03-19,completed,UPI,3998
ORD010359,CUST04404,2026-06-08,completed,COD,4497
ORD010360,CUST04405,2025-07-15,completed,NetBanking,3498
ORD010361,CUST04405,2025-08-04,completed,Card,2499
ORD010362,CUST04405,2025-08-22,completed,NetBanking,4298
ORD010363,CUST04405,2026-07-11,completed,UPI,4997
ORD010364,CUST04405,2026-05-31,completed,Card,3999
ORD010365,CUST04405,2025-10-17,cancelled,COD,3798
ORD010366,CUST04406,2026-08-17,completed,Card,4697
ORD010367,CUST04407,2025-07-23,completed,NetBanking,2998
ORD010368,CUST04407,2026-07-12,completed,Card,2397
ORD010369,CUST04408,2025-07-26,completed,NetBanking,2697
ORD010370,CUST04409,2026-08-17,completed,Card,1798
ORD010371,CUST04411,2025-09-23,completed,NetBanking,1398
ORD010372,CUST04411,2025-08-21,completed,NetBanking,1799
ORD010373,CUST04411,2025-05-26,completed,NetBanking,2298
ORD010374,CUST04411,2026-05-06,completed,NetBanking,5498
ORD010375,CUST04412,2026-05-04,completed,UPI,5498
ORD010376,CUST04412,2025-06-11,completed,NetBanking,1499
ORD010377,CUST04415,2026-08-03,completed,UPI,899
ORD010378,CUST04415,2025-08-21,returned,NetBanking,5298
ORD010379,CUST04415,2025-08-04,completed,COD,3398
ORD010380,CUST04415,2025-05-07,cancelled,Card,2499
ORD010381,CUST04415,2025-04-28,completed,UPI,999
ORD010382,CUST04415,2025-09-02,completed,UPI,6397
ORD010383,CUST04416,2025-05-12,completed,COD,4297
ORD010384,CUST04417,2025-07-26,completed,NetBanking,5798
ORD010385,CUST04417,2025-08-10,completed,Card,4298
ORD010386,CUST04417,2026-03-02,completed,COD,2798
ORD010387,CUST04421,2026-02-23,completed,UPI,1198
ORD010388,CUST04421,2026-03-08,completed,COD,2499
ORD010389,CUST04422,2025-11-05,completed,COD,3498
ORD010390,CUST04422,2025-04-10,completed,UPI,2499
ORD010391,CUST04422,2026-05-08,completed,Card,4997
ORD010392,CUST04422,2026-05-26,completed,COD,1498
ORD010393,CUST04422,2025-06-30,completed,NetBanking,2999
ORD010394,CUST04423,2025-11-13,completed,UPI,2499
ORD010395,CUST04423,2025-06-29,completed,Card,1799
ORD010396,CUST04424,2025-04-07,completed,Card,6498
ORD010397,CUST04425,2025-12-28,completed,COD,999
ORD010398,CUST04425,2026-06-20,completed,NetBanking,6797
ORD010399,CUST04427,2026-03-31,completed,NetBanking,499
ORD010400,CUST04428,2026-08-22,cancelled,NetBanking,2499
ORD010401,CUST04428,2026-06-29,completed,UPI,1198
ORD010402,CUST04428,2026-08-04,completed,COD,4497
ORD010403,CUST04428,2025-06-22,completed,NetBanking,4897
ORD010404,CUST04428,2025-06-30,completed,NetBanking,5498
ORD010405,CUST04428,2025-08-20,completed,COD,5297
ORD010406,CUST04428,2025-07-23,completed,COD,5498
ORD010407,CUST04428,2026-07-13,completed,Card,2998
ORD010408,CUST04429,2026-05-18,completed,NetBanking,1499
ORD010409,CUST04429,2026-01-05,completed,NetBanking,5298
ORD010410,CUST04429,2025-03-30,completed,Card,4298
ORD010411,CUST04431,2025-06-25,completed,COD,6498
ORD010412,CUST04432,2026-08-01,completed,UPI,5298
ORD010413,CUST04433,2026-04-04,cancelled,COD,2499
ORD010414,CUST04433,2025-10-03,completed,COD,699
ORD010415,CUST04434,2025-08-01,completed,UPI,7197
ORD010416,CUST04434,2025-08-09,returned,COD,699
ORD010417,CUST04434,2025-07-11,completed,Card,2999
ORD010418,CUST04434,2025-05-05,completed,UPI,1598
ORD010419,CUST04434,2025-09-18,completed,COD,2998
ORD010420,CUST04434,2025-04-26,completed,Card,1799
ORD010421,CUST04434,2026-04-26,completed,NetBanking,2499
ORD010422,CUST04434,2025-11-07,completed,COD,899
ORD010423,CUST04435,2025-11-28,completed,UPI,2499
ORD010424,CUST04436,2026-08-03,completed,COD,4498
ORD010425,CUST04436,2025-06-05,completed,COD,2499
ORD010426,CUST04436,2025-08-16,completed,Card,2798
ORD010427,CUST04437,2026-02-11,completed,NetBanking,1299
ORD010428,CUST04438,2025-08-07,completed,UPI,3298
ORD010429,CUST04438,2025-03-27,completed,Card,5797
ORD010430,CUST04439,2025-04-16,completed,Card,4998
ORD010431,CUST04440,2026-03-18,completed,UPI,3898
ORD010432,CUST04440,2026-07-02,completed,COD,2499
ORD010433,CUST04440,2026-01-13,completed,COD,5298
ORD010434,CUST04441,2025-04-26,completed,UPI,2198
ORD010435,CUST04441,2025-07-13,completed,NetBanking,2999
ORD010436,CUST04442,2025-10-08,completed,Card,4298
ORD010437,CUST04443,2025-12-07,completed,COD,6297
ORD010438,CUST04444,2026-07-19,completed,COD,2398
ORD010439,CUST04444,2025-03-04,completed,UPI,4298
ORD010440,CUST04444,2026-05-31,completed,NetBanking,5498
ORD010441,CUST04445,2025-03-31,completed,NetBanking,2499
ORD010442,CUST04445,2026-04-19,completed,COD,699
ORD010443,CUST04446,2026-02-21,completed,COD,4998
ORD010444,CUST04446,2025-03-22,completed,COD,899
ORD010445,CUST04446,2025-06-22,completed,NetBanking,3098
ORD010446,CUST04447,2026-03-01,completed,Card,5798
ORD010447,CUST04447,2026-01-27,completed,COD,999
ORD010448,CUST04447,2025-04-18,cancelled,Card,899
ORD010449,CUST04447,2026-06-27,completed,COD,5197
ORD010450,CUST04448,2025-03-27,completed,Card,1998
ORD010451,CUST04448,2026-01-29,cancelled,NetBanking,5697
ORD010452,CUST04448,2025-09-19,completed,NetBanking,3999
ORD010453,CUST04449,2026-01-30,completed,NetBanking,1299
ORD010454,CUST04449,2026-04-13,completed,COD,7097
ORD010455,CUST04450,2025-07-11,completed,Card,1398
ORD010456,CUST04450,2026-02-20,completed,Card,1798
ORD010457,CUST04451,2026-01-31,completed,COD,4998
ORD010458,CUST04451,2025-12-18,completed,COD,2198
ORD010459,CUST04453,2025-07-03,completed,Card,4498
ORD010460,CUST04454,2026-01-16,completed,COD,4798
ORD010461,CUST04454,2025-06-16,completed,Card,6197
ORD010462,CUST04454,2025-09-19,completed,COD,4298
ORD010463,CUST04455,2026-06-07,completed,COD,7497
ORD010464,CUST04457,2025-04-12,cancelled,COD,3198
ORD010465,CUST04458,2026-07-11,completed,UPI,3697
ORD010466,CUST04459,2025-05-07,completed,COD,899
ORD010467,CUST04460,2026-02-08,completed,Card,3999
ORD010468,CUST04461,2025-08-05,completed,UPI,3498
ORD010469,CUST04463,2026-03-23,completed,NetBanking,899
ORD010470,CUST04463,2025-05-05,completed,UPI,3999
ORD010471,CUST04463,2025-07-23,completed,Card,2499
ORD010472,CUST04463,2026-04-07,completed,Card,2798
ORD010473,CUST04464,2025-03-01,completed,Card,1499
ORD010474,CUST04464,2025-12-23,cancelled,UPI,2499
ORD010475,CUST04465,2026-04-02,completed,COD,499
ORD010476,CUST04465,2025-06-01,completed,Card,1499
ORD010477,CUST04465,2025-08-23,completed,UPI,2298
ORD010478,CUST04466,2026-04-12,completed,COD,2499
ORD010479,CUST04466,2025-07-14,completed,COD,3198
ORD010480,CUST04466,2025-10-30,cancelled,Card,2999
ORD010481,CUST04466,2025-03-11,completed,UPI,3398
ORD010482,CUST04466,2026-06-24,completed,Card,8497
ORD010483,CUST04467,2025-11-16,completed,Card,4298
ORD010484,CUST04467,2025-06-03,completed,NetBanking,2998
ORD010485,CUST04467,2025-10-06,completed,COD,1299
ORD010486,CUST04467,2026-07-07,completed,COD,899
ORD010487,CUST04467,2025-04-20,cancelled,NetBanking,3897
ORD010488,CUST04467,2025-11-02,completed,Card,499
ORD010489,CUST04467,2026-07-09,completed,COD,1499
ORD010490,CUST04468,2025-05-23,completed,UPI,2698
ORD010491,CUST04468,2026-01-03,completed,NetBanking,3398
ORD010492,CUST04468,2026-08-17,returned,UPI,7297
ORD010493,CUST04468,2025-11-14,completed,NetBanking,1398
ORD010494,CUST04468,2025-04-16,completed,UPI,1499
ORD010495,CUST04468,2026-07-23,completed,COD,2998
ORD010496,CUST04469,2026-02-15,completed,Card,999
ORD010497,CUST04469,2025-06-01,completed,Card,3398
ORD010498,CUST04469,2025-04-05,completed,NetBanking,4698
ORD010499,CUST04469,2025-09-10,completed,Card,3198
ORD010500,CUST04469,2026-05-21,cancelled,UPI,1499
ORD010501,CUST04469,2025-07-07,completed,UPI,3398
ORD010502,CUST04469,2026-05-26,completed,COD,6498
ORD010503,CUST04470,2026-01-23,completed,NetBanking,2498
ORD010504,CUST04470,2025-07-10,completed,NetBanking,2499
ORD010505,CUST04470,2025-05-26,completed,NetBanking,2499
ORD010506,CUST04471,2025-08-21,completed,NetBanking,3798
ORD010507,CUST04471,2026-05-28,completed,UPI,3999
ORD010508,CUST04471,2025-11-23,completed,COD,3997
ORD010509,CUST04473,2026-05-17,completed,Card,6498
ORD010510,CUST04474,2026-07-16,completed,NetBanking,5297
ORD010511,CUST04474,2025-08-05,completed,UPI,3198
ORD010512,CUST04474,2026-05-10,completed,NetBanking,699
ORD010513,CUST04474,2025-03-01,completed,Card,3998
ORD010514,CUST04474,2026-04-04,completed,UPI,3798
ORD010515,CUST04475,2026-04-15,completed,Card,999
ORD010516,CUST04475,2025-03-12,completed,NetBanking,699
ORD010517,CUST04475,2025-11-13,completed,NetBanking,999
ORD010518,CUST04475,2026-08-22,completed,NetBanking,4498
ORD010519,CUST04475,2026-02-16,completed,NetBanking,2499
ORD010520,CUST04475,2026-06-14,completed,UPI,4697
ORD010521,CUST04475,2025-10-03,completed,Card,7497
ORD010522,CUST04476,2025-04-26,completed,Card,1499
ORD010523,CUST04477,2025-08-22,completed,NetBanking,2997
ORD010524,CUST04477,2025-11-17,completed,Card,6797
ORD010525,CUST04477,2026-02-03,completed,UPI,4997
ORD010526,CUST04477,2025-07-24,completed,NetBanking,2198
ORD010527,CUST04477,2025-04-11,completed,NetBanking,2998
ORD010528,CUST04477,2025-08-21,completed,Card,2499
ORD010529,CUST04478,2026-01-02,completed,COD,999
ORD010530,CUST04479,2026-03-24,cancelled,NetBanking,3998
ORD010531,CUST04480,2025-04-12,completed,COD,1998
ORD010532,CUST04482,2026-05-05,completed,Card,1898
ORD010533,CUST04482,2025-08-17,completed,Card,1499
ORD010534,CUST04482,2026-03-28,returned,UPI,5497
ORD010535,CUST04482,2025-10-04,cancelled,COD,3398
ORD010536,CUST04482,2026-05-02,completed,NetBanking,5498
ORD010537,CUST04482,2025-10-06,completed,COD,3398
ORD010538,CUST04482,2025-05-03,completed,NetBanking,2999
ORD010539,CUST04482,2025-05-10,completed,COD,3898
ORD010540,CUST04483,2025-03-31,completed,COD,3998
ORD010541,CUST04483,2025-10-05,completed,UPI,3999
ORD010542,CUST04483,2025-10-22,completed,NetBanking,3798
ORD010543,CUST04484,2026-04-12,completed,Card,2498
ORD010544,CUST04485,2026-02-03,completed,UPI,899
ORD010545,CUST04485,2026-01-05,completed,UPI,4498
ORD010546,CUST04485,2025-06-20,completed,Card,5297
ORD010547,CUST04485,2025-10-08,completed,UPI,899
ORD010548,CUST04485,2026-06-09,completed,Card,3998
ORD010549,CUST04485,2025-08-19,completed,UPI,2998
ORD010550,CUST04485,2026-04-07,returned,UPI,2198
ORD010551,CUST04486,2025-11-12,completed,COD,1499
ORD010552,CUST04486,2026-08-07,completed,Card,2498
ORD010553,CUST04486,2026-03-21,cancelled,COD,999
ORD010554,CUST04486,2026-06-09,completed,Card,899
ORD010555,CUST04486,2025-06-09,completed,Card,999
ORD010556,CUST04486,2025-06-10,completed,Card,3398
ORD010557,CUST04487,2026-04-21,completed,UPI,4898
ORD010558,CUST04487,2026-03-30,completed,UPI,4997
ORD010559,CUST04487,2025-08-29,completed,COD,2798
ORD010560,CUST04487,2025-12-30,completed,UPI,4497
ORD010561,CUST04487,2026-08-07,completed,UPI,4698
ORD010562,CUST04488,2026-03-31,completed,Card,3998
ORD010563,CUST04489,2025-10-15,completed,Card,3797
ORD010564,CUST04490,2025-08-24,completed,NetBanking,899
ORD010565,CUST04490,2026-07-24,completed,NetBanking,699
ORD010566,CUST04490,2025-10-14,completed,UPI,3998
ORD010567,CUST04490,2025-03-15,cancelled,NetBanking,3398
ORD010568,CUST04490,2026-01-10,completed,Card,1198
ORD010569,CUST04491,2026-05-09,completed,Card,1499
ORD010570,CUST04491,2026-07-08,completed,UPI,3798
ORD010571,CUST04491,2025-09-08,completed,NetBanking,4298
ORD010572,CUST04492,2026-06-18,completed,NetBanking,4298
ORD010573,CUST04492,2026-04-11,completed,UPI,2499
ORD010574,CUST04492,2025-06-02,completed,Card,2499
ORD010575,CUST04492,2025-11-26,completed,UPI,4298
ORD010576,CUST04492,2025-03-01,completed,Card,2499
ORD010577,CUST04492,2025-07-30,completed,COD,5498
ORD010578,CUST04493,2025-10-04,completed,COD,1799
ORD010579,CUST04493,2025-09-19,completed,NetBanking,5498
ORD010580,CUST04493,2026-04-12,completed,UPI,3999
ORD010581,CUST04493,2025-09-24,cancelled,NetBanking,2998
ORD010582,CUST04493,2025-08-04,completed,COD,2499
ORD010583,CUST04494,2026-08-09,completed,UPI,3498
ORD010584,CUST04494,2026-05-03,returned,NetBanking,2997
ORD010585,CUST04494,2025-11-14,completed,NetBanking,3198
ORD010586,CUST04494,2025-07-16,completed,NetBanking,2499
ORD010587,CUST04494,2025-04-23,completed,Card,1398
ORD010588,CUST04495,2026-03-25,completed,Card,2998
ORD010589,CUST04496,2025-08-29,completed,COD,499
ORD010590,CUST04496,2026-02-18,completed,NetBanking,3498
ORD010591,CUST04496,2025-12-18,returned,NetBanking,2499
ORD010592,CUST04496,2026-05-07,completed,NetBanking,3498
ORD010593,CUST04496,2026-02-08,completed,UPI,7897
ORD010594,CUST04496,2026-01-01,completed,Card,3498
ORD010595,CUST04496,2026-08-03,completed,COD,3998
ORD010596,CUST04496,2025-05-11,completed,Card,2998
ORD010597,CUST04498,2025-07-05,completed,NetBanking,5197
ORD010598,CUST04498,2026-07-09,completed,NetBanking,2497
ORD010599,CUST04498,2025-08-13,completed,Card,3198
ORD010600,CUST04498,2026-04-30,completed,COD,5498
ORD010601,CUST04498,2025-08-17,completed,Card,499
ORD010602,CUST04499,2025-03-23,completed,UPI,699
ORD010603,CUST04499,2026-01-13,completed,Card,1398
ORD010604,CUST04499,2025-04-29,returned,COD,2998
ORD010605,CUST04499,2026-01-30,completed,Card,2998
ORD010606,CUST04499,2025-11-08,returned,UPI,4698
ORD010607,CUST04499,2026-06-07,completed,Card,499
ORD010608,CUST04499,2025-07-13,completed,COD,1499
ORD010609,CUST04500,2025-06-08,completed,UPI,4197
ORD010610,CUST04500,2026-06-13,completed,COD,4998
ORD010611,CUST04500,2025-06-25,completed,Card,499
ORD010612,CUST04500,2025-09-15,completed,UPI,5498
ORD010613,CUST04500,2026-04-16,completed,COD,1598
ORD010614,CUST04500,2026-04-22,completed,NetBanking,2499
ORD010615,CUST04502,2025-03-29,completed,COD,1598
ORD010616,CUST04502,2025-07-18,completed,NetBanking,2499
ORD010617,CUST04502,2025-10-07,completed,NetBanking,1598
ORD010618,CUST04502,2026-01-05,completed,COD,3998
ORD010619,CUST04502,2025-05-11,completed,UPI,1299
ORD010620,CUST04502,2026-06-06,completed,Card,1499
ORD010621,CUST04503,2026-04-29,completed,UPI,3798
ORD010622,CUST04504,2025-03-24,completed,Card,3698
ORD010623,CUST04504,2026-01-08,cancelled,UPI,2998
ORD010624,CUST04504,2026-08-07,completed,UPI,699
ORD010625,CUST04504,2026-01-15,completed,UPI,3498
ORD010626,CUST04505,2025-09-20,completed,NetBanking,4097
ORD010627,CUST04505,2025-11-06,completed,UPI,1799
ORD010628,CUST04505,2026-03-07,completed,UPI,4298
ORD010629,CUST04505,2026-05-14,returned,Card,1798
ORD010630,CUST04505,2026-01-02,completed,Card,3998
ORD010631,CUST04505,2025-04-20,completed,UPI,6998
ORD010632,CUST04505,2025-05-30,completed,UPI,3498
ORD010633,CUST04506,2025-09-13,completed,Card,3697
ORD010634,CUST04507,2025-12-07,completed,NetBanking,899
ORD010635,CUST04507,2026-05-27,completed,UPI,2499
ORD010636,CUST04507,2026-05-19,completed,COD,3198
ORD010637,CUST04507,2026-01-09,completed,UPI,3999
ORD010638,CUST04507,2025-10-30,cancelled,Card,6997
ORD010639,CUST04507,2026-06-13,completed,UPI,4998
ORD010640,CUST04507,2026-02-04,completed,UPI,3998
ORD010641,CUST04508,2025-05-25,completed,UPI,1698
ORD010642,CUST04508,2025-05-24,completed,NetBanking,2998
ORD010643,CUST04509,2026-01-22,completed,COD,3698
ORD010644,CUST04509,2026-06-09,returned,NetBanking,1798
ORD010645,CUST04509,2025-08-08,completed,UPI,1698
ORD010646,CUST04509,2025-05-11,completed,COD,3098
ORD010647,CUST04509,2025-09-14,completed,COD,3697
ORD010648,CUST04510,2026-07-15,completed,NetBanking,2798
ORD010649,CUST04510,2026-04-06,completed,NetBanking,2498
ORD010650,CUST04510,2025-07-04,completed,UPI,1799
ORD010651,CUST04510,2026-07-08,completed,NetBanking,2999
ORD010652,CUST04510,2026-04-05,completed,Card,2499
ORD010653,CUST04511,2026-03-30,completed,NetBanking,7397
ORD010654,CUST04511,2026-01-18,completed,NetBanking,1898
ORD010655,CUST04511,2026-02-25,completed,NetBanking,1299
ORD010656,CUST04511,2026-06-09,completed,COD,3998
ORD010657,CUST04511,2025-10-06,completed,COD,3498
ORD010658,CUST04512,2025-12-01,completed,COD,2499
ORD010659,CUST04513,2026-06-19,completed,UPI,499
ORD010660,CUST04513,2026-07-10,completed,NetBanking,2998
ORD010661,CUST04514,2026-06-26,completed,UPI,1798
ORD010662,CUST04514,2025-04-05,completed,Card,499
ORD010663,CUST04514,2025-10-30,completed,UPI,999
ORD010664,CUST04514,2025-12-06,completed,NetBanking,4798
ORD010665,CUST04514,2025-07-03,completed,COD,5497
ORD010666,CUST04514,2026-05-31,completed,NetBanking,1598
ORD010667,CUST04515,2026-04-10,completed,NetBanking,2999
ORD010668,CUST04516,2026-05-24,completed,Card,1198
ORD010669,CUST04516,2026-02-01,completed,COD,2499
ORD010670,CUST04517,2026-01-05,completed,COD,4298
ORD010671,CUST04518,2026-04-20,completed,COD,5497
ORD010672,CUST04518,2025-08-17,completed,Card,3798
ORD010673,CUST04518,2026-03-30,completed,COD,1299
ORD010674,CUST04518,2026-04-24,completed,Card,3997
ORD010675,CUST04518,2025-10-01,completed,COD,6498
ORD010676,CUST04518,2025-11-01,completed,Card,2499
ORD010677,CUST04518,2026-02-03,completed,Card,2499
ORD010678,CUST04518,2026-08-19,completed,UPI,4797
ORD010679,CUST04519,2025-10-30,completed,NetBanking,7997
ORD010680,CUST04519,2025-08-03,completed,COD,4697
ORD010681,CUST04519,2026-01-19,completed,Card,3999
ORD010682,CUST04519,2025-12-02,completed,UPI,5498
ORD010683,CUST04519,2026-04-12,completed,COD,2499
ORD010684,CUST04520,2025-10-21,completed,COD,6197
ORD010685,CUST04520,2025-03-20,completed,Card,4498
ORD010686,CUST04522,2025-04-16,completed,COD,3898
ORD010687,CUST04522,2026-04-27,completed,COD,3999
ORD010688,CUST04522,2025-08-29,completed,COD,2499
ORD010689,CUST04523,2026-07-02,completed,NetBanking,3198
ORD010690,CUST04523,2026-06-03,completed,UPI,2398
ORD010691,CUST04523,2025-10-27,completed,COD,899
ORD010692,CUST04523,2025-12-01,returned,COD,1698
ORD010693,CUST04523,2025-11-16,cancelled,COD,4698
ORD010694,CUST04524,2026-04-29,completed,Card,4298
ORD010695,CUST04525,2026-06-15,completed,COD,5498
ORD010696,CUST04525,2025-11-25,completed,Card,3998
ORD010697,CUST04525,2026-03-26,completed,COD,2998
ORD010698,CUST04525,2025-12-27,completed,UPI,699
ORD010699,CUST04526,2025-12-08,completed,UPI,2798
ORD010700,CUST04527,2026-05-13,returned,COD,699
ORD010701,CUST04528,2026-04-24,completed,UPI,2298
ORD010702,CUST04529,2025-06-26,completed,NetBanking,2499
ORD010703,CUST04529,2025-12-22,completed,Card,2999
ORD010704,CUST04530,2025-11-13,completed,Card,3999
ORD010705,CUST04531,2026-01-29,completed,COD,4998
ORD010706,CUST04531,2026-04-29,completed,NetBanking,899
ORD010707,CUST04531,2026-03-21,completed,Card,6498
ORD010708,CUST04531,2026-06-28,completed,NetBanking,2499
ORD010709,CUST04531,2025-09-11,completed,NetBanking,3898
ORD010710,CUST04531,2026-02-10,completed,NetBanking,4498
ORD010711,CUST04531,2025-07-14,completed,Card,899
ORD010712,CUST04532,2025-10-10,cancelled,UPI,3497
ORD010713,CUST04532,2025-09-19,completed,COD,6498
ORD010714,CUST04532,2026-02-21,completed,UPI,3998
ORD010715,CUST04532,2025-09-11,completed,NetBanking,6998
ORD010716,CUST04532,2025-10-02,completed,NetBanking,2499
ORD010717,CUST04533,2026-04-30,completed,COD,7097
ORD010718,CUST04534,2026-02-26,completed,Card,6498
ORD010719,CUST04536,2025-08-23,completed,Card,2999
ORD010720,CUST04536,2025-08-13,returned,UPI,3898
ORD010721,CUST04536,2025-10-02,completed,COD,2198
ORD010722,CUST04536,2025-08-25,completed,NetBanking,3999
ORD010723,CUST04536,2025-03-21,completed,Card,1299
ORD010724,CUST04536,2026-06-25,completed,NetBanking,2798
ORD010725,CUST04537,2025-06-24,completed,NetBanking,999
ORD010726,CUST04538,2026-03-03,cancelled,NetBanking,1799
ORD010727,CUST04538,2026-02-03,completed,COD,5498
ORD010728,CUST04538,2025-12-14,completed,UPI,4998
ORD010729,CUST04538,2025-12-15,cancelled,COD,499
ORD010730,CUST04538,2026-08-23,completed,UPI,3798
ORD010731,CUST04539,2025-10-29,completed,COD,3097
ORD010732,CUST04540,2025-06-17,completed,UPI,2499
ORD010733,CUST04541,2025-04-01,returned,COD,2499
ORD010734,CUST04542,2025-05-24,completed,Card,6498
ORD010735,CUST04542,2025-06-15,completed,NetBanking,999
ORD010736,CUST04542,2025-12-24,completed,Card,1299
ORD010737,CUST04542,2026-06-26,completed,Card,2499
ORD010738,CUST04542,2026-02-13,completed,COD,2499
ORD010739,CUST04543,2025-11-13,completed,Card,3798
ORD010740,CUST04544,2026-08-10,completed,Card,6998
ORD010741,CUST04545,2025-05-16,completed,Card,2499
ORD010742,CUST04545,2026-07-13,completed,COD,4798
ORD010743,CUST04546,2025-11-25,completed,NetBanking,6297
ORD010744,CUST04546,2026-04-03,cancelled,NetBanking,1799
ORD010745,CUST04546,2025-04-05,completed,COD,3498
ORD010746,CUST04546,2025-06-19,cancelled,COD,1499
ORD010747,CUST04546,2026-01-08,completed,COD,3998
ORD010748,CUST04546,2026-06-19,completed,UPI,2998
ORD010749,CUST04547,2026-02-09,completed,NetBanking,2499
ORD010750,CUST04549,2025-12-18,cancelled,Card,1799
ORD010751,CUST04549,2025-03-10,completed,UPI,2398
ORD010752,CUST04550,2026-04-16,completed,NetBanking,3798
ORD010753,CUST04551,2025-12-16,completed,COD,3198
ORD010754,CUST04551,2026-02-15,completed,UPI,4498
ORD010755,CUST04551,2025-10-12,returned,NetBanking,2998
ORD010756,CUST04552,2026-05-16,completed,UPI,3198
ORD010757,CUST04552,2026-07-30,completed,COD,1499
ORD010758,CUST04552,2025-07-17,completed,NetBanking,4298
ORD010759,CUST04553,2025-06-05,completed,Card,4197
ORD010760,CUST04553,2025-10-08,completed,UPI,6498
ORD010761,CUST04553,2025-08-18,completed,COD,2499
ORD010762,CUST04553,2025-11-16,completed,COD,2499
ORD010763,CUST04553,2026-06-07,cancelled,UPI,4298
ORD010764,CUST04553,2025-07-10,completed,NetBanking,899
ORD010765,CUST04553,2026-04-07,completed,Card,999
ORD010766,CUST04553,2026-06-04,completed,NetBanking,6998
ORD010767,CUST04554,2025-10-27,completed,Card,2499
ORD010768,CUST04554,2025-04-20,completed,COD,9497
ORD010769,CUST04554,2026-03-20,completed,UPI,4297
ORD010770,CUST04554,2026-05-08,completed,COD,3798
ORD010771,CUST04554,2025-08-03,completed,UPI,7997
ORD010772,CUST04555,2026-01-31,completed,UPI,2499
ORD010773,CUST04555,2025-04-21,completed,COD,499
ORD010774,CUST04555,2025-12-19,completed,NetBanking,3998
ORD010775,CUST04555,2025-03-23,completed,NetBanking,699
ORD010776,CUST04555,2026-08-04,cancelled,UPI,3997
ORD010777,CUST04555,2026-06-25,completed,Card,2999
ORD010778,CUST04556,2026-02-16,completed,UPI,1799
ORD010779,CUST04556,2026-07-05,completed,NetBanking,999
ORD010780,CUST04556,2025-10-02,completed,UPI,6998
ORD010781,CUST04556,2025-07-26,completed,NetBanking,3397
ORD010782,CUST04556,2026-01-22,completed,Card,4498
ORD010783,CUST04556,2026-08-10,completed,UPI,899
ORD010784,CUST04556,2025-03-11,completed,Card,2698
ORD010785,CUST04557,2025-09-13,completed,COD,5498
ORD010786,CUST04558,2026-08-07,returned,UPI,699
ORD010787,CUST04558,2025-07-17,completed,NetBanking,2999
ORD010788,CUST04558,2026-08-15,completed,Card,1598
ORD010789,CUST04558,2025-07-02,completed,Card,2499
ORD010790,CUST04558,2026-06-20,completed,UPI,1799
ORD010791,CUST04559,2025-12-04,cancelled,COD,2298
ORD010792,CUST04561,2026-03-10,completed,UPI,6797
ORD010793,CUST04561,2025-12-08,completed,UPI,2499
ORD010794,CUST04561,2025-08-03,completed,NetBanking,499
ORD010795,CUST04561,2025-07-25,completed,UPI,1598
ORD010796,CUST04561,2025-08-27,completed,UPI,1198
ORD010797,CUST04561,2026-06-13,completed,NetBanking,4497
ORD010798,CUST04562,2025-12-03,completed,Card,6498
ORD010799,CUST04562,2026-07-23,completed,Card,1799
ORD010800,CUST04562,2025-08-05,completed,COD,7497
ORD010801,CUST04563,2026-04-29,completed,COD,899
ORD010802,CUST04563,2025-04-20,completed,NetBanking,2499
ORD010803,CUST04563,2026-02-06,completed,COD,2298
ORD010804,CUST04563,2025-12-03,completed,COD,3198
ORD010805,CUST04563,2026-02-12,completed,UPI,5797
ORD010806,CUST04563,2025-04-08,completed,COD,2999
ORD010807,CUST04564,2025-11-19,completed,UPI,2499
ORD010808,CUST04565,2026-08-03,completed,Card,6397
ORD010809,CUST04565,2025-10-10,completed,COD,4498
ORD010810,CUST04565,2026-03-08,completed,NetBanking,2497
ORD010811,CUST04566,2025-10-02,completed,UPI,1299
ORD010812,CUST04566,2026-07-18,completed,Card,6997
ORD010813,CUST04566,2026-08-13,completed,UPI,1198
ORD010814,CUST04566,2026-02-22,completed,COD,2999
ORD010815,CUST04566,2025-09-23,completed,COD,2998
ORD010816,CUST04566,2025-07-16,completed,UPI,2798
ORD010817,CUST04567,2026-01-25,completed,Card,5298
ORD010818,CUST04567,2025-09-26,completed,COD,2499
ORD010819,CUST04567,2025-03-20,completed,NetBanking,499
ORD010820,CUST04567,2025-11-16,completed,Card,2298
ORD010821,CUST04567,2025-09-26,completed,UPI,2499
ORD010822,CUST04568,2026-05-28,completed,UPI,3198
ORD010823,CUST04568,2025-07-12,completed,UPI,3397
ORD010824,CUST04568,2026-03-19,completed,Card,5798
ORD010825,CUST04569,2025-03-09,completed,Card,4498
ORD010826,CUST04569,2025-07-23,completed,NetBanking,3498
ORD010827,CUST04570,2025-12-16,completed,NetBanking,999
ORD010828,CUST04570,2025-04-09,completed,UPI,1299
ORD010829,CUST04570,2025-09-08,completed,UPI,699
ORD010830,CUST04570,2025-04-03,completed,Card,5498
ORD010831,CUST04570,2026-02-11,completed,Card,2798
ORD010832,CUST04571,2025-12-05,completed,UPI,2499
ORD010833,CUST04571,2026-08-01,cancelled,Card,3697
ORD010834,CUST04571,2026-01-10,completed,NetBanking,5498
ORD010835,CUST04571,2025-08-24,completed,COD,4497
ORD010836,CUST04571,2025-06-26,completed,UPI,2499
ORD010837,CUST04573,2026-06-20,completed,UPI,2499
ORD010838,CUST04573,2026-02-20,cancelled,COD,3198
ORD010839,CUST04574,2025-12-20,cancelled,NetBanking,2499
ORD010840,CUST04574,2025-12-14,completed,NetBanking,2998
ORD010841,CUST04574,2025-03-21,completed,Card,3999
ORD010842,CUST04574,2026-01-12,completed,COD,5297
ORD010843,CUST04574,2026-08-07,completed,NetBanking,3198
ORD010844,CUST04574,2026-05-24,completed,Card,899
ORD010845,CUST04574,2025-07-14,completed,Card,2298
ORD010846,CUST04575,2026-07-21,completed,UPI,3098
ORD010847,CUST04576,2026-07-27,completed,COD,3498
ORD010848,CUST04576,2025-11-02,completed,UPI,3798
ORD010849,CUST04576,2025-03-16,completed,Card,2499
ORD010850,CUST04576,2026-04-28,completed,Card,2697
ORD010851,CUST04576,2025-12-04,completed,NetBanking,2197
ORD010852,CUST04577,2025-12-15,completed,UPI,4298
ORD010853,CUST04578,2025-03-11,completed,COD,5498
ORD010854,CUST04578,2025-10-24,completed,NetBanking,3498
ORD010855,CUST04579,2026-03-17,completed,UPI,4298
ORD010856,CUST04579,2026-07-22,completed,UPI,2499
ORD010857,CUST04580,2025-09-04,completed,Card,4897
ORD010858,CUST04580,2025-09-22,completed,COD,2198
ORD010859,CUST04580,2026-06-19,completed,UPI,5298
ORD010860,CUST04581,2026-02-10,completed,NetBanking,2998
ORD010861,CUST04581,2026-01-08,completed,UPI,4197
ORD010862,CUST04581,2025-03-16,completed,Card,3198
ORD010863,CUST04582,2025-06-08,completed,UPI,2499
ORD010864,CUST04582,2025-04-23,completed,UPI,3498
ORD010865,CUST04582,2026-06-30,completed,UPI,3999
ORD010866,CUST04582,2026-01-08,completed,NetBanking,7197
ORD010867,CUST04583,2026-03-07,completed,NetBanking,3998
ORD010868,CUST04583,2026-08-07,completed,COD,3398
ORD010869,CUST04583,2025-06-08,completed,UPI,499
ORD010870,CUST04584,2026-02-27,completed,NetBanking,7297
ORD010871,CUST04584,2025-06-02,completed,UPI,1499
ORD010872,CUST04584,2025-07-28,completed,NetBanking,4298
ORD010873,CUST04584,2026-03-31,completed,Card,3998
ORD010874,CUST04584,2025-10-11,cancelled,UPI,1898
ORD010875,CUST04584,2026-06-29,cancelled,NetBanking,5798
ORD010876,CUST04585,2026-08-05,completed,Card,2499
ORD010877,CUST04585,2025-12-04,completed,NetBanking,2998
ORD010878,CUST04586,2025-06-02,completed,COD,3999
ORD010879,CUST04588,2026-04-13,completed,Card,2499
ORD010880,CUST04588,2025-06-20,completed,NetBanking,5197
ORD010881,CUST04588,2026-06-18,completed,COD,1498
ORD010882,CUST04588,2026-04-26,completed,COD,899
ORD010883,CUST04589,2025-03-21,completed,UPI,4797
ORD010884,CUST04590,2025-11-16,cancelled,NetBanking,3798
ORD010885,CUST04591,2026-01-03,cancelled,NetBanking,2499
ORD010886,CUST04591,2026-07-28,completed,Card,7397
ORD010887,CUST04591,2026-02-01,completed,NetBanking,2999
ORD010888,CUST04593,2025-04-15,completed,UPI,5498
ORD010889,CUST04594,2025-11-12,completed,COD,2498
ORD010890,CUST04595,2026-03-21,completed,Card,1799
ORD010891,CUST04595,2026-07-19,completed,UPI,2798
ORD010892,CUST04595,2025-12-18,completed,UPI,2499
ORD010893,CUST04595,2025-05-27,completed,UPI,2499
ORD010894,CUST04596,2026-06-26,completed,NetBanking,1698
ORD010895,CUST04597,2026-01-24,completed,COD,2998
ORD010896,CUST04597,2026-07-22,completed,UPI,4297
ORD010897,CUST04597,2025-10-15,completed,Card,2499
ORD010898,CUST04597,2026-05-09,completed,COD,4898
ORD010899,CUST04597,2026-01-30,cancelled,Card,2498
ORD010900,CUST04598,2025-03-07,completed,UPI,3999
ORD010901,CUST04599,2026-02-26,completed,Card,4498
ORD010902,CUST04600,2026-07-04,completed,COD,1998
ORD010903,CUST04600,2026-08-01,completed,NetBanking,1799
ORD010904,CUST04600,2026-03-14,completed,Card,3798
ORD010905,CUST04600,2025-04-23,completed,UPI,3998
ORD010906,CUST04600,2026-07-12,completed,NetBanking,699
ORD010907,CUST04600,2026-01-18,completed,COD,3999
ORD010908,CUST04600,2025-12-16,completed,NetBanking,1499
ORD010909,CUST04600,2025-03-08,completed,NetBanking,6397
ORD010910,CUST04601,2025-06-06,completed,Card,3498
ORD010911,CUST04602,2025-11-17,completed,Card,3398
ORD010912,CUST04603,2025-10-31,completed,Card,1499
ORD010913,CUST04604,2026-06-05,completed,UPI,3997
ORD010914,CUST04605,2026-01-03,completed,Card,1198
ORD010915,CUST04607,2026-04-06,completed,Card,2198
ORD010916,CUST04607,2025-11-03,completed,UPI,6497
ORD010917,CUST04607,2025-12-06,completed,COD,3698
ORD010918,CUST04607,2025-03-26,completed,Card,6998
ORD010919,CUST04607,2025-09-06,completed,Card,1799
ORD010920,CUST04608,2026-07-22,completed,UPI,6397
ORD010921,CUST04608,2025-08-14,completed,Card,899
ORD010922,CUST04609,2025-04-26,returned,UPI,2298
ORD010923,CUST04610,2026-04-27,cancelled,UPI,5498
ORD010924,CUST04611,2025-04-15,completed,Card,7197
ORD010925,CUST04611,2025-07-11,completed,NetBanking,1299
ORD010926,CUST04611,2025-05-26,completed,COD,4498
ORD010927,CUST04612,2025-12-05,cancelled,NetBanking,5498
ORD010928,CUST04613,2025-05-17,completed,COD,2498
ORD010929,CUST04613,2026-01-23,completed,UPI,2499
ORD010930,CUST04613,2025-08-28,completed,UPI,4798
ORD010931,CUST04613,2026-04-21,completed,Card,1799
ORD010932,CUST04614,2025-08-18,completed,Card,2499
ORD010933,CUST04614,2026-08-16,completed,Card,1499
ORD010934,CUST04615,2025-08-20,completed,UPI,999
ORD010935,CUST04615,2025-03-05,completed,COD,2499
ORD010936,CUST04615,2026-03-30,completed,Card,4498
ORD010937,CUST04615,2025-09-26,completed,NetBanking,3999
ORD010938,CUST04615,2026-03-02,completed,COD,4298
ORD010939,CUST04616,2025-05-07,completed,Card,2298
ORD010940,CUST04618,2025-09-19,completed,COD,2499
ORD010941,CUST04619,2026-06-28,completed,Card,3898
ORD010942,CUST04619,2026-05-22,completed,Card,7397
ORD010943,CUST04619,2026-01-04,completed,Card,3197
ORD010944,CUST04619,2026-01-13,completed,UPI,6297
ORD010945,CUST04620,2025-04-03,completed,COD,4097
ORD010946,CUST04620,2025-05-21,completed,UPI,3698
ORD010947,CUST04620,2026-07-03,completed,COD,3497
ORD010948,CUST04621,2025-08-22,completed,UPI,2698
ORD010949,CUST04621,2026-07-29,completed,COD,3398
ORD010950,CUST04621,2026-04-04,completed,Card,2499
ORD010951,CUST04621,2025-03-24,completed,NetBanking,2798
ORD010952,CUST04621,2026-05-04,completed,UPI,2498
ORD010953,CUST04621,2025-06-10,completed,Card,7197
ORD010954,CUST04621,2025-07-02,completed,NetBanking,1299
ORD010955,CUST04622,2025-05-12,completed,Card,699
ORD010956,CUST04623,2025-05-23,completed,NetBanking,2498
ORD010957,CUST04623,2025-03-17,completed,Card,5498
ORD010958,CUST04624,2026-01-16,completed,UPI,4798
ORD010959,CUST04624,2026-01-27,completed,Card,8497
ORD010960,CUST04624,2026-07-21,cancelled,NetBanking,3998
ORD010961,CUST04625,2025-11-04,completed,NetBanking,6197
ORD010962,CUST04625,2026-07-11,completed,Card,3999
ORD010963,CUST04626,2026-03-23,completed,NetBanking,699
ORD010964,CUST04628,2025-08-05,completed,Card,6498
ORD010965,CUST04628,2026-07-13,completed,Card,1798
ORD010966,CUST04628,2026-04-14,completed,NetBanking,5498
ORD010967,CUST04629,2026-08-02,completed,UPI,2499
ORD010968,CUST04629,2025-03-07,completed,Card,6498
ORD010969,CUST04629,2025-07-29,completed,NetBanking,4298
ORD010970,CUST04629,2025-06-19,completed,Card,2499
ORD010971,CUST04629,2025-10-27,completed,COD,3697
ORD010972,CUST04629,2026-05-27,completed,NetBanking,2498
ORD010973,CUST04630,2025-05-23,completed,UPI,2798
ORD010974,CUST04630,2025-06-12,completed,COD,3999
ORD010975,CUST04630,2025-05-10,completed,NetBanking,7697
ORD010976,CUST04630,2025-12-15,completed,COD,3998
ORD010977,CUST04630,2026-02-16,completed,NetBanking,899
ORD010978,CUST04631,2026-06-04,completed,UPI,3198
ORD010979,CUST04632,2025-11-15,completed,Card,1398
ORD010980,CUST04632,2025-03-15,completed,UPI,1998
ORD010981,CUST04632,2025-04-28,completed,Card,2499
ORD010982,CUST04632,2025-06-27,completed,NetBanking,1998
ORD010983,CUST04632,2026-04-26,completed,NetBanking,699
ORD010984,CUST04633,2025-07-03,completed,COD,2198
ORD010985,CUST04633,2025-11-10,completed,UPI,5797
ORD010986,CUST04633,2025-04-28,completed,Card,499
ORD010987,CUST04633,2025-08-24,completed,Card,3098
ORD010988,CUST04633,2025-10-15,completed,Card,4898
ORD010989,CUST04633,2026-07-10,completed,UPI,2298
ORD010990,CUST04634,2025-11-10,completed,Card,4997
ORD010991,CUST04635,2025-07-31,completed,NetBanking,2499
ORD010992,CUST04636,2026-07-20,completed,Card,1499
ORD010993,CUST04636,2025-03-22,completed,NetBanking,499
ORD010994,CUST04636,2026-06-18,completed,COD,4697
ORD010995,CUST04636,2026-04-03,completed,Card,5997
ORD010996,CUST04636,2025-10-29,completed,Card,1398
ORD010997,CUST04636,2026-07-05,completed,NetBanking,1198
ORD010998,CUST04636,2025-10-08,completed,COD,4397
ORD010999,CUST04636,2025-06-07,completed,COD,2298
ORD011000,CUST04637,2025-08-02,completed,NetBanking,3398
ORD011001,CUST04637,2025-03-08,completed,NetBanking,4298
ORD011002,CUST04638,2025-11-05,completed,UPI,3197
ORD011003,CUST04638,2025-08-07,cancelled,COD,3798
ORD011004,CUST04639,2025-06-03,completed,Card,2798
ORD011005,CUST04639,2026-05-03,cancelled,Card,2999
ORD011006,CUST04639,2025-09-18,completed,NetBanking,3198
ORD011007,CUST04640,2026-07-18,completed,NetBanking,4698
ORD011008,CUST04640,2026-05-22,completed,COD,3498
ORD011009,CUST04640,2025-06-18,completed,COD,1799
ORD011010,CUST04641,2025-04-24,completed,Card,5498
ORD011011,CUST04642,2025-10-18,completed,UPI,1798
ORD011012,CUST04642,2025-06-23,completed,NetBanking,6997
ORD011013,CUST04642,2025-04-11,completed,COD,2998
ORD011014,CUST04642,2025-09-16,cancelled,COD,2597
ORD011015,CUST04642,2025-03-13,cancelled,UPI,5697
ORD011016,CUST04642,2025-10-10,completed,Card,4297
ORD011017,CUST04642,2025-10-07,completed,Card,2499
ORD011018,CUST04643,2026-07-11,completed,Card,5498
ORD011019,CUST04643,2025-08-19,completed,Card,5497
ORD011020,CUST04643,2026-08-18,completed,NetBanking,3498
ORD011021,CUST04643,2025-12-17,completed,NetBanking,1998
ORD011022,CUST04643,2026-03-10,completed,Card,4298
ORD011023,CUST04643,2025-12-25,completed,NetBanking,3398
ORD011024,CUST04643,2026-02-18,completed,Card,3999
ORD011025,CUST04643,2025-05-21,completed,Card,1799
ORD011026,CUST04644,2025-05-08,completed,Card,3998
ORD011027,CUST04645,2025-12-13,completed,COD,6197
ORD011028,CUST04645,2026-07-30,completed,NetBanking,4497
ORD011029,CUST04646,2025-12-25,cancelled,COD,2499
ORD011030,CUST04646,2025-10-10,completed,COD,4498
ORD011031,CUST04646,2026-01-09,completed,NetBanking,1798
ORD011032,CUST04647,2026-01-07,completed,COD,2798
ORD011033,CUST04648,2025-06-03,returned,NetBanking,2499
ORD011034,CUST04649,2025-08-21,completed,COD,4298
ORD011035,CUST04649,2025-06-25,completed,UPI,7397
ORD011036,CUST04651,2026-06-17,completed,UPI,7397
ORD011037,CUST04652,2025-11-14,completed,UPI,3198
ORD011038,CUST04652,2025-03-20,completed,Card,6498
ORD011039,CUST04652,2026-05-16,completed,NetBanking,1898
ORD011040,CUST04652,2025-03-27,completed,UPI,2499
ORD011041,CUST04652,2025-03-10,completed,NetBanking,5797
ORD011042,CUST04652,2026-06-23,completed,NetBanking,2499
ORD011043,CUST04652,2025-10-21,completed,Card,2798
ORD011044,CUST04653,2026-06-06,completed,UPI,4997
ORD011045,CUST04653,2025-08-17,completed,UPI,2698
ORD011046,CUST04654,2025-09-24,completed,Card,699
ORD011047,CUST04656,2025-10-01,completed,Card,1799
ORD011048,CUST04656,2025-05-15,completed,Card,4697
ORD011049,CUST04656,2026-05-16,cancelled,Card,2999
ORD011050,CUST04656,2026-08-11,completed,COD,3897
ORD011051,CUST04656,2026-04-09,completed,NetBanking,4197
ORD011052,CUST04656,2025-06-26,completed,UPI,2498
ORD011053,CUST04657,2025-06-19,completed,Card,1499
ORD011054,CUST04657,2026-05-26,completed,Card,2998
ORD011055,CUST04657,2025-04-10,completed,COD,2499
ORD011056,CUST04658,2026-08-07,completed,UPI,6297
ORD011057,CUST04658,2025-11-18,completed,NetBanking,2499
ORD011058,CUST04658,2026-06-09,completed,NetBanking,3198
ORD011059,CUST04658,2026-04-26,completed,COD,4898
ORD011060,CUST04659,2025-03-15,completed,UPI,2499
ORD011061,CUST04661,2026-05-01,returned,UPI,5498
ORD011062,CUST04662,2025-07-29,cancelled,UPI,3999
ORD011063,CUST04662,2026-06-11,completed,NetBanking,2798
ORD011064,CUST04662,2026-03-06,completed,COD,3398
ORD011065,CUST04662,2026-05-18,cancelled,UPI,2499
ORD011066,CUST04662,2026-05-13,completed,COD,2999
ORD011067,CUST04664,2025-06-06,completed,UPI,3197
ORD011068,CUST04665,2026-02-06,completed,COD,4697
ORD011069,CUST04668,2025-12-28,completed,UPI,1799
ORD011070,CUST04669,2026-05-22,completed,Card,2298
ORD011071,CUST04670,2025-07-26,completed,NetBanking,1198
ORD011072,CUST04670,2026-02-09,completed,NetBanking,3498
ORD011073,CUST04670,2025-11-13,completed,Card,899
ORD011074,CUST04670,2025-12-25,completed,Card,1299
ORD011075,CUST04670,2026-04-05,returned,UPI,2499
ORD011076,CUST04671,2025-06-13,completed,UPI,4497
ORD011077,CUST04671,2026-07-09,completed,NetBanking,899
ORD011078,CUST04671,2026-08-12,completed,UPI,2499
ORD011079,CUST04672,2026-04-12,completed,NetBanking,2499
ORD011080,CUST04672,2025-05-03,completed,Card,3498
ORD011081,CUST04672,2026-04-01,completed,COD,4498
ORD011082,CUST04672,2026-04-09,completed,NetBanking,7997
ORD011083,CUST04672,2025-08-27,completed,NetBanking,4298
ORD011084,CUST04672,2025-07-18,completed,NetBanking,2998
ORD011085,CUST04672,2025-11-15,completed,Card,1998
ORD011086,CUST04672,2026-03-06,completed,Card,3999
ORD011087,CUST04673,2026-03-21,completed,UPI,4597
ORD011088,CUST04675,2026-05-15,completed,NetBanking,999
ORD011089,CUST04675,2025-07-22,completed,UPI,4298
ORD011090,CUST04675,2025-07-17,completed,Card,2798
ORD011091,CUST04675,2026-04-23,cancelled,NetBanking,2298
ORD011092,CUST04675,2026-05-06,completed,UPI,3798
ORD011093,CUST04675,2025-09-14,completed,NetBanking,3697
ORD011094,CUST04676,2025-07-20,completed,UPI,3897
ORD011095,CUST04677,2025-05-28,completed,Card,999
ORD011096,CUST04677,2025-10-02,completed,NetBanking,5798
ORD011097,CUST04677,2026-02-19,completed,COD,2499
ORD011098,CUST04678,2025-04-23,completed,UPI,5798
ORD011099,CUST04678,2025-10-20,completed,Card,999
ORD011100,CUST04679,2026-02-04,completed,Card,6097
ORD011101,CUST04680,2026-04-10,completed,NetBanking,499
ORD011102,CUST04680,2025-05-21,completed,COD,4797
ORD011103,CUST04680,2025-08-06,completed,Card,2499
ORD011104,CUST04680,2026-07-24,completed,UPI,2499
ORD011105,CUST04681,2026-02-10,completed,NetBanking,7797
ORD011106,CUST04682,2025-11-26,completed,UPI,2897
ORD011107,CUST04682,2025-10-06,completed,COD,2698
ORD011108,CUST04682,2025-03-21,completed,UPI,2499
ORD011109,CUST04683,2025-03-23,completed,NetBanking,2998
ORD011110,CUST04683,2026-08-08,completed,NetBanking,3198
ORD011111,CUST04683,2025-08-11,completed,Card,3297
ORD011112,CUST04683,2025-07-22,completed,UPI,2298
ORD011113,CUST04683,2026-05-22,completed,Card,2998
ORD011114,CUST04683,2025-05-05,completed,Card,699
ORD011115,CUST04683,2026-08-06,completed,UPI,2998
ORD011116,CUST04683,2026-03-04,completed,UPI,4397
ORD011117,CUST04684,2025-10-12,completed,COD,1398
ORD011118,CUST04685,2026-03-21,completed,UPI,1798
ORD011119,CUST04687,2025-05-21,completed,UPI,3398
ORD011120,CUST04687,2026-04-07,completed,Card,6998
ORD011121,CUST04688,2026-02-07,completed,NetBanking,6297
ORD011122,CUST04688,2025-08-01,completed,NetBanking,2499
ORD011123,CUST04689,2026-08-17,completed,COD,5498
ORD011124,CUST04690,2026-03-29,completed,Card,2499
ORD011125,CUST04691,2025-04-30,completed,UPI,2499
ORD011126,CUST04691,2025-08-22,completed,COD,2499
ORD011127,CUST04692,2025-09-16,cancelled,Card,3498
ORD011128,CUST04692,2025-06-02,completed,UPI,2198
ORD011129,CUST04692,2025-03-09,completed,UPI,1499
ORD011130,CUST04693,2026-03-29,completed,Card,1799
ORD011131,CUST04693,2025-08-24,completed,UPI,7097
ORD011132,CUST04694,2025-05-28,completed,UPI,2197
ORD011133,CUST04694,2026-07-10,completed,NetBanking,6998
ORD011134,CUST04694,2025-07-16,completed,NetBanking,899
ORD011135,CUST04694,2025-05-15,completed,UPI,2499
ORD011136,CUST04695,2025-06-28,completed,UPI,4997
ORD011137,CUST04695,2026-02-10,cancelled,NetBanking,3397
ORD011138,CUST04695,2026-01-15,completed,COD,499
ORD011139,CUST04695,2026-01-10,completed,Card,2499
ORD011140,CUST04695,2025-11-05,cancelled,COD,2499
ORD011141,CUST04695,2026-08-23,completed,UPI,5997
ORD011142,CUST04695,2025-09-11,completed,Card,3798
ORD011143,CUST04696,2026-08-23,completed,UPI,699
ORD011144,CUST04696,2025-05-31,completed,COD,2198
ORD011145,CUST04696,2026-06-08,completed,Card,2499
ORD011146,CUST04696,2026-04-17,completed,NetBanking,5798
ORD011147,CUST04696,2025-06-21,completed,UPI,3498
ORD011148,CUST04697,2026-03-14,completed,NetBanking,499
ORD011149,CUST04698,2025-11-20,completed,Card,999
ORD011150,CUST04699,2025-11-12,completed,NetBanking,5798
ORD011151,CUST04700,2026-03-01,cancelled,COD,2198
ORD011152,CUST04700,2026-07-17,completed,NetBanking,1799
ORD011153,CUST04700,2025-08-24,completed,Card,4698
ORD011154,CUST04700,2026-03-24,completed,Card,2998
ORD011155,CUST04701,2026-04-13,completed,Card,5797
ORD011156,CUST04702,2026-03-05,completed,UPI,2198
ORD011157,CUST04702,2026-02-12,completed,COD,1799
ORD011158,CUST04703,2025-06-10,completed,COD,3398
ORD011159,CUST04703,2025-05-02,completed,NetBanking,3198
ORD011160,CUST04703,2026-05-29,completed,UPI,999
ORD011161,CUST04703,2026-02-23,completed,Card,3498
ORD011162,CUST04704,2025-10-08,completed,COD,4698
ORD011163,CUST04704,2026-07-22,completed,NetBanking,3798
ORD011164,CUST04705,2025-12-20,completed,NetBanking,2499
ORD011165,CUST04706,2025-11-03,completed,NetBanking,1398
ORD011166,CUST04706,2026-01-05,completed,Card,1698
ORD011167,CUST04706,2026-07-08,completed,Card,4797
ORD011168,CUST04707,2025-11-20,completed,NetBanking,3498
ORD011169,CUST04709,2026-07-15,completed,NetBanking,2198
ORD011170,CUST04709,2025-06-28,completed,NetBanking,899
ORD011171,CUST04709,2026-08-11,completed,Card,899
ORD011172,CUST04710,2026-07-07,completed,UPI,2498
ORD011173,CUST04711,2026-02-18,completed,COD,5297
ORD011174,CUST04714,2025-06-05,completed,Card,1299
ORD011175,CUST04715,2025-08-09,completed,Card,3098
ORD011176,CUST04716,2026-07-02,completed,UPI,4298
ORD011177,CUST04717,2026-07-20,completed,NetBanking,3498
ORD011178,CUST04717,2026-01-15,completed,UPI,699
ORD011179,CUST04717,2026-06-19,completed,COD,7497
ORD011180,CUST04717,2025-07-04,completed,UPI,1299
ORD011181,CUST04717,2026-04-28,completed,COD,2499
ORD011182,CUST04718,2026-06-26,completed,UPI,1898
ORD011183,CUST04719,2026-05-10,completed,Card,2499
ORD011184,CUST04720,2025-05-04,completed,COD,6498
ORD011185,CUST04721,2025-04-08,completed,Card,3998
ORD011186,CUST04721,2026-08-11,completed,Card,4898
ORD011187,CUST04721,2025-07-11,cancelled,UPI,2499
ORD011188,CUST04721,2025-09-23,completed,UPI,1998
ORD011189,CUST04722,2026-03-08,completed,NetBanking,2999
ORD011190,CUST04722,2025-08-11,completed,Card,3697
ORD011191,CUST04723,2025-08-06,completed,UPI,1499
ORD011192,CUST04723,2025-07-15,completed,NetBanking,1398
ORD011193,CUST04723,2025-07-27,completed,NetBanking,4698
ORD011194,CUST04724,2025-11-08,completed,Card,3398
ORD011195,CUST04724,2026-05-16,completed,NetBanking,2198
ORD011196,CUST04724,2026-02-12,completed,Card,2998
ORD011197,CUST04724,2026-04-20,completed,Card,3999
ORD011198,CUST04724,2026-08-11,completed,NetBanking,1598
ORD011199,CUST04724,2026-01-11,completed,NetBanking,2499
ORD011200,CUST04725,2026-03-27,cancelled,Card,3498
ORD011201,CUST04725,2026-04-21,completed,COD,2499
ORD011202,CUST04725,2025-07-31,completed,Card,3498
ORD011203,CUST04725,2026-01-03,completed,NetBanking,4197
ORD011204,CUST04725,2025-07-29,returned,Card,4797
ORD011205,CUST04725,2025-10-18,cancelled,Card,6297
ORD011206,CUST04725,2025-08-03,completed,COD,1798
ORD011207,CUST04725,2026-01-12,completed,Card,3999
ORD011208,CUST04726,2025-07-15,cancelled,Card,1299
ORD011209,CUST04726,2026-02-19,completed,COD,6397
ORD011210,CUST04727,2025-10-21,completed,UPI,4197
ORD011211,CUST04728,2026-03-31,completed,COD,2499
ORD011212,CUST04728,2025-06-02,completed,NetBanking,6498
ORD011213,CUST04729,2025-11-10,completed,COD,1299
ORD011214,CUST04729,2025-05-08,completed,Card,2999
ORD011215,CUST04729,2025-03-22,completed,UPI,2498
ORD011216,CUST04729,2026-04-03,completed,Card,3998
ORD011217,CUST04729,2026-06-03,completed,UPI,1299
ORD011218,CUST04729,2026-04-30,completed,COD,5197
ORD011219,CUST04729,2026-02-02,completed,NetBanking,499
ORD011220,CUST04730,2025-04-08,completed,Card,4397
ORD011221,CUST04730,2025-12-13,returned,UPI,499
ORD011222,CUST04730,2025-08-30,completed,Card,499
ORD011223,CUST04730,2026-01-23,completed,COD,1498
ORD011224,CUST04730,2025-12-11,completed,Card,2998
ORD011225,CUST04730,2025-06-26,cancelled,COD,6998
ORD011226,CUST04730,2025-05-28,completed,UPI,2198
ORD011227,CUST04731,2026-07-17,completed,NetBanking,2998
ORD011228,CUST04731,2026-04-03,completed,Card,4497
ORD011229,CUST04731,2025-11-20,completed,UPI,4998
ORD011230,CUST04731,2025-12-27,completed,NetBanking,1898
ORD011231,CUST04731,2025-09-13,completed,COD,4298
ORD011232,CUST04731,2026-03-16,cancelled,UPI,2499
ORD011233,CUST04732,2026-06-15,completed,COD,2499
ORD011234,CUST04732,2026-01-05,completed,NetBanking,3498
ORD011235,CUST04732,2025-08-06,completed,COD,1299
ORD011236,CUST04732,2025-11-04,completed,COD,5197
ORD011237,CUST04732,2026-02-18,completed,COD,699
ORD011238,CUST04732,2026-05-28,completed,COD,5498
ORD011239,CUST04733,2026-08-19,returned,COD,2298
ORD011240,CUST04733,2025-08-01,completed,COD,6197
ORD011241,CUST04734,2026-04-27,completed,Card,999
ORD011242,CUST04734,2025-08-29,completed,COD,3098
ORD011243,CUST04734,2025-03-07,completed,UPI,4498
ORD011244,CUST04734,2025-07-17,completed,COD,4798
ORD011245,CUST04735,2026-03-31,completed,UPI,5498
ORD011246,CUST04736,2026-07-26,completed,Card,8797
ORD011247,CUST04736,2025-10-12,completed,Card,4998
ORD011248,CUST04736,2025-05-22,completed,Card,8797
ORD011249,CUST04736,2026-08-03,completed,NetBanking,2999
ORD011250,CUST04736,2026-04-23,completed,NetBanking,2499
ORD011251,CUST04737,2025-11-13,completed,NetBanking,2499
ORD011252,CUST04737,2026-02-28,completed,COD,3998
ORD011253,CUST04739,2025-10-31,completed,NetBanking,4998
ORD011254,CUST04739,2026-02-22,cancelled,NetBanking,899
ORD011255,CUST04739,2025-12-19,completed,NetBanking,1798
ORD011256,CUST04739,2025-12-05,completed,UPI,1299
ORD011257,CUST04739,2025-07-15,completed,COD,2999
ORD011258,CUST04739,2026-07-02,cancelled,COD,2897
ORD011259,CUST04740,2025-05-15,completed,NetBanking,499
ORD011260,CUST04740,2026-07-24,completed,COD,1598
ORD011261,CUST04740,2026-03-11,completed,UPI,3498
ORD011262,CUST04740,2025-08-10,returned,COD,1398
ORD011263,CUST04740,2026-04-02,completed,Card,2999
ORD011264,CUST04741,2025-10-17,completed,Card,2298
ORD011265,CUST04741,2026-06-16,completed,UPI,4497
ORD011266,CUST04741,2026-05-08,completed,Card,6998
ORD011267,CUST04742,2025-10-31,completed,UPI,699
ORD011268,CUST04742,2025-06-01,returned,UPI,3897
ORD011269,CUST04742,2025-07-26,returned,COD,3998
ORD011270,CUST04742,2026-02-17,returned,COD,2499
ORD011271,CUST04742,2025-09-20,completed,COD,2499
ORD011272,CUST04742,2026-06-21,completed,COD,3498
ORD011273,CUST04744,2026-06-24,completed,COD,4498
ORD011274,CUST04744,2025-10-13,completed,COD,699
ORD011275,CUST04745,2025-08-22,completed,NetBanking,3998
ORD011276,CUST04746,2025-05-31,completed,NetBanking,2999
ORD011277,CUST04746,2025-10-21,completed,NetBanking,5798
ORD011278,CUST04746,2025-05-31,completed,UPI,699
ORD011279,CUST04746,2025-12-08,completed,Card,1799
ORD011280,CUST04746,2025-12-16,completed,UPI,499
ORD011281,CUST04746,2025-04-22,completed,NetBanking,2499
ORD011282,CUST04747,2026-07-05,completed,COD,2999
ORD011283,CUST04747,2026-05-28,completed,COD,2999
ORD011284,CUST04747,2025-08-10,completed,NetBanking,3998
ORD011285,CUST04747,2025-03-22,completed,COD,3698
ORD011286,CUST04747,2025-09-13,completed,UPI,3897
ORD011287,CUST04747,2025-08-09,completed,NetBanking,1498
ORD011288,CUST04747,2026-07-25,completed,UPI,5797
ORD011289,CUST04748,2026-07-16,completed,UPI,8297
ORD011290,CUST04748,2025-05-16,completed,COD,5798
ORD011291,CUST04748,2025-04-30,completed,UPI,4998
ORD011292,CUST04748,2025-05-13,completed,UPI,2698
ORD011293,CUST04748,2025-07-12,completed,UPI,2499
ORD011294,CUST04748,2025-08-17,completed,COD,4498
ORD011295,CUST04749,2026-02-21,completed,COD,4298
ORD011296,CUST04750,2026-07-23,completed,COD,3198
ORD011297,CUST04750,2025-04-17,completed,NetBanking,3498
ORD011298,CUST04752,2026-03-29,completed,NetBanking,5498
ORD011299,CUST04753,2025-06-11,completed,NetBanking,2998
ORD011300,CUST04753,2025-06-09,completed,NetBanking,3398
ORD011301,CUST04753,2026-01-07,completed,COD,4497
ORD011302,CUST04753,2026-01-23,completed,COD,3798
ORD011303,CUST04753,2026-06-26,completed,COD,499
ORD011304,CUST04755,2025-07-25,completed,Card,6498
ORD011305,CUST04755,2026-01-03,completed,Card,1799
ORD011306,CUST04756,2025-09-21,completed,Card,2999
ORD011307,CUST04756,2025-07-17,completed,Card,2499
ORD011308,CUST04756,2026-02-04,completed,COD,1499
ORD011309,CUST04756,2025-09-14,completed,COD,2499
ORD011310,CUST04756,2025-03-13,completed,COD,2499
ORD011311,CUST04756,2025-06-11,completed,Card,4097
ORD011312,CUST04756,2026-06-24,completed,UPI,5498
ORD011313,CUST04757,2025-07-10,completed,UPI,2499
ORD011314,CUST04757,2025-12-09,completed,NetBanking,2298
ORD011315,CUST04757,2026-06-07,completed,Card,4297
ORD011316,CUST04757,2025-12-04,completed,Card,6998
ORD011317,CUST04758,2025-06-01,completed,NetBanking,2499
ORD011318,CUST04758,2025-12-10,completed,COD,5997
ORD011319,CUST04759,2026-04-22,completed,UPI,2499
ORD011320,CUST04760,2026-01-17,completed,NetBanking,2499
ORD011321,CUST04760,2026-06-02,completed,UPI,4498
ORD011322,CUST04760,2026-07-10,completed,COD,1198
ORD011323,CUST04760,2026-06-27,completed,COD,899
ORD011324,CUST04760,2025-11-26,completed,UPI,1499
ORD011325,CUST04760,2026-07-30,completed,UPI,2499
ORD011326,CUST04760,2025-04-19,completed,Card,1198
ORD011327,CUST04761,2025-11-17,completed,COD,5298
ORD011328,CUST04762,2026-08-11,completed,COD,4498
ORD011329,CUST04762,2026-04-09,completed,UPI,3198
ORD011330,CUST04762,2025-09-16,completed,NetBanking,3698
ORD011331,CUST04762,2026-04-26,completed,Card,899
ORD011332,CUST04762,2025-06-23,completed,UPI,3098
ORD011333,CUST04762,2026-01-27,completed,NetBanking,6797
ORD011334,CUST04763,2026-06-02,cancelled,COD,3999
ORD011335,CUST04763,2026-07-19,completed,UPI,3999
ORD011336,CUST04764,2026-04-10,completed,COD,4898
ORD011337,CUST04766,2026-06-26,completed,Card,1499
ORD011338,CUST04766,2026-06-27,completed,COD,4298
ORD011339,CUST04766,2026-05-21,completed,Card,1698
ORD011340,CUST04766,2026-08-15,cancelled,Card,5297
ORD011341,CUST04766,2025-12-24,completed,UPI,3698
ORD011342,CUST04768,2025-04-05,completed,COD,4798
ORD011343,CUST04769,2025-10-20,completed,Card,1499
ORD011344,CUST04770,2025-03-21,cancelled,COD,499
ORD011345,CUST04770,2025-06-14,completed,Card,8797
ORD011346,CUST04771,2025-09-29,completed,Card,3897
ORD011347,CUST04771,2026-07-18,completed,COD,2499
ORD011348,CUST04771,2026-06-24,completed,NetBanking,6097
ORD011349,CUST04771,2025-08-13,cancelled,Card,2499
ORD011350,CUST04771,2025-07-09,completed,UPI,2999
ORD011351,CUST04771,2025-11-10,completed,COD,7997
ORD011352,CUST04771,2026-06-13,completed,COD,4498
ORD011353,CUST04771,2025-05-17,completed,NetBanking,3698
ORD011354,CUST04772,2026-01-27,completed,NetBanking,5498
ORD011355,CUST04773,2026-04-01,completed,COD,2397
ORD011356,CUST04774,2025-08-19,returned,NetBanking,2198
ORD011357,CUST04775,2025-11-09,completed,NetBanking,7997
ORD011358,CUST04776,2025-03-07,completed,COD,2498
ORD011359,CUST04776,2025-06-02,completed,NetBanking,2499
ORD011360,CUST04776,2025-12-05,completed,COD,4298
ORD011361,CUST04777,2026-01-28,completed,Card,1799
ORD011362,CUST04778,2026-03-22,completed,Card,1799
ORD011363,CUST04780,2026-07-07,completed,UPI,2999
ORD011364,CUST04782,2025-09-04,completed,NetBanking,2499
ORD011365,CUST04782,2026-07-18,completed,UPI,1598
ORD011366,CUST04782,2026-07-03,completed,UPI,2499
ORD011367,CUST04782,2026-03-06,completed,NetBanking,2498
ORD011368,CUST04782,2025-05-14,completed,Card,1299
ORD011369,CUST04782,2025-07-15,returned,Card,3998
ORD011370,CUST04783,2025-12-19,cancelled,UPI,4498
ORD011371,CUST04784,2026-05-28,completed,Card,1698
ORD011372,CUST04784,2026-03-11,completed,NetBanking,899
ORD011373,CUST04784,2026-06-19,completed,COD,3398
ORD011374,CUST04784,2025-09-03,completed,UPI,1499
ORD011375,CUST04784,2025-03-29,completed,Card,2398
ORD011376,CUST04785,2025-10-06,completed,UPI,2998
ORD011377,CUST04787,2025-12-24,completed,NetBanking,4797
ORD011378,CUST04787,2026-02-02,completed,NetBanking,1799
ORD011379,CUST04788,2025-08-20,completed,UPI,4997
ORD011380,CUST04789,2025-03-07,completed,COD,2198
ORD011381,CUST04790,2026-08-05,completed,COD,3098
ORD011382,CUST04790,2026-04-01,completed,Card,2998
ORD011383,CUST04792,2026-03-28,completed,NetBanking,2997
ORD011384,CUST04793,2025-05-12,completed,UPI,4298
ORD011385,CUST04793,2025-10-03,completed,COD,999
ORD011386,CUST04795,2026-05-04,completed,Card,4498
ORD011387,CUST04796,2025-06-30,completed,Card,2498
ORD011388,CUST04797,2025-04-27,completed,Card,1799
ORD011389,CUST04797,2025-09-05,completed,COD,2198
ORD011390,CUST04797,2026-03-22,completed,NetBanking,1798
ORD011391,CUST04797,2025-05-24,completed,COD,2298
ORD011392,CUST04797,2026-02-13,cancelled,Card,3897
ORD011393,CUST04797,2026-03-17,completed,NetBanking,2499
ORD011394,CUST04797,2025-09-25,completed,UPI,699
ORD011395,CUST04797,2026-05-24,completed,Card,2998
ORD011396,CUST04798,2026-04-02,completed,Card,3498
ORD011397,CUST04798,2025-06-29,completed,Card,5498
ORD011398,CUST04799,2026-05-12,completed,COD,2499
ORD011399,CUST04799,2025-08-19,returned,UPI,2999
ORD011400,CUST04799,2026-04-18,completed,COD,2798
ORD011401,CUST04800,2025-10-20,completed,NetBanking,3898
ORD011402,CUST04800,2025-04-28,completed,UPI,3798
ORD011403,CUST04800,2025-09-13,cancelled,Card,3698
ORD011404,CUST04801,2025-09-01,completed,NetBanking,3998
ORD011405,CUST04802,2026-04-03,completed,COD,6998
ORD011406,CUST04802,2025-09-25,completed,NetBanking,5697
ORD011407,CUST04802,2025-08-12,completed,Card,4797
ORD011408,CUST04802,2026-07-16,completed,COD,4797
ORD011409,CUST04802,2026-07-14,completed,COD,1998
ORD011410,CUST04802,2025-08-20,completed,COD,6797
ORD011411,CUST04804,2025-11-09,completed,UPI,2499
ORD011412,CUST04804,2026-03-13,completed,UPI,1499
ORD011413,CUST04804,2025-04-27,completed,UPI,4298
ORD011414,CUST04804,2025-06-20,completed,Card,5298
ORD011415,CUST04804,2025-06-14,completed,UPI,2998
ORD011416,CUST04804,2025-04-19,completed,COD,2999
ORD011417,CUST04804,2026-04-07,completed,NetBanking,1998
ORD011418,CUST04805,2025-07-11,completed,UPI,1799
ORD011419,CUST04805,2026-04-13,completed,UPI,3999
ORD011420,CUST04805,2025-10-11,completed,UPI,1498
ORD011421,CUST04805,2026-04-15,completed,NetBanking,1499
ORD011422,CUST04805,2025-08-19,completed,NetBanking,2298
ORD011423,CUST04806,2025-04-14,completed,NetBanking,5498
ORD011424,CUST04806,2026-04-27,completed,COD,3797
ORD011425,CUST04806,2026-02-01,cancelled,NetBanking,499
ORD011426,CUST04806,2025-12-31,completed,Card,8797
ORD011427,CUST04807,2026-05-26,completed,NetBanking,3198
ORD011428,CUST04807,2026-05-30,completed,NetBanking,2999
ORD011429,CUST04807,2026-01-21,completed,NetBanking,1499
ORD011430,CUST04808,2026-01-24,completed,NetBanking,2499
ORD011431,CUST04809,2025-09-15,completed,UPI,699
ORD011432,CUST04810,2025-05-24,completed,COD,3498
ORD011433,CUST04810,2025-10-25,completed,NetBanking,4298
ORD011434,CUST04812,2025-07-30,completed,UPI,699
ORD011435,CUST04812,2025-06-02,completed,COD,2798
ORD011436,CUST04812,2025-05-16,completed,NetBanking,4897
ORD011437,CUST04814,2025-07-14,completed,COD,3398
ORD011438,CUST04815,2026-05-31,completed,UPI,1799
ORD011439,CUST04816,2026-04-02,cancelled,UPI,699
ORD011440,CUST04818,2025-08-25,returned,NetBanking,3999
ORD011441,CUST04818,2026-04-15,completed,Card,3498
ORD011442,CUST04818,2026-02-19,completed,NetBanking,2998
ORD011443,CUST04818,2025-08-23,completed,UPI,3098
ORD011444,CUST04820,2026-04-16,completed,Card,2798
ORD011445,CUST04820,2025-06-29,completed,UPI,6797
ORD011446,CUST04820,2026-08-04,completed,COD,2398
ORD011447,CUST04820,2025-07-17,completed,UPI,2298
ORD011448,CUST04820,2026-03-26,completed,UPI,7797
ORD011449,CUST04820,2025-05-15,cancelled,Card,3198
ORD011450,CUST04820,2026-08-22,cancelled,NetBanking,1799
ORD011451,CUST04821,2025-07-25,cancelled,COD,1799
ORD011452,CUST04822,2026-06-18,completed,UPI,1499
ORD011453,CUST04823,2025-05-07,completed,UPI,2397
ORD011454,CUST04824,2025-08-08,completed,COD,2398
ORD011455,CUST04825,2025-08-15,completed,Card,999
ORD011456,CUST04826,2025-11-04,completed,UPI,6498
ORD011457,CUST04827,2025-06-23,completed,NetBanking,6197
ORD011458,CUST04827,2025-12-25,completed,COD,1998
ORD011459,CUST04827,2025-07-27,completed,NetBanking,5798
ORD011460,CUST04828,2025-12-01,returned,NetBanking,1898
ORD011461,CUST04829,2026-01-12,completed,Card,4498
ORD011462,CUST04829,2026-08-17,completed,Card,2999
ORD011463,CUST04829,2025-05-03,completed,UPI,3298
ORD011464,CUST04829,2026-03-06,completed,NetBanking,699
ORD011465,CUST04829,2026-07-06,completed,NetBanking,2798
ORD011466,CUST04829,2026-02-23,completed,UPI,3697
ORD011467,CUST04829,2025-11-19,completed,COD,4297
ORD011468,CUST04829,2025-07-22,completed,Card,2998
ORD011469,CUST04830,2026-07-27,completed,NetBanking,6997
ORD011470,CUST04831,2025-12-04,completed,UPI,4498
ORD011471,CUST04832,2026-08-01,completed,Card,4898
ORD011472,CUST04832,2025-09-07,completed,NetBanking,3198
ORD011473,CUST04832,2026-03-24,completed,NetBanking,1299
ORD011474,CUST04832,2026-08-06,completed,Card,1299
ORD011475,CUST04832,2026-01-18,completed,UPI,1698
ORD011476,CUST04832,2025-12-16,completed,COD,5497
ORD011477,CUST04833,2026-03-20,completed,Card,2298
ORD011478,CUST04833,2026-05-01,completed,UPI,1798
ORD011479,CUST04833,2026-03-26,completed,COD,2698
ORD011480,CUST04833,2026-04-19,cancelled,NetBanking,2499
ORD011481,CUST04833,2025-11-25,completed,COD,1998
ORD011482,CUST04833,2026-08-16,completed,Card,2499
ORD011483,CUST04833,2025-08-15,completed,COD,2499
ORD011484,CUST04834,2025-04-04,completed,UPI,2897
ORD011485,CUST04834,2025-04-05,completed,NetBanking,4797
ORD011486,CUST04834,2025-10-15,completed,Card,899
ORD011487,CUST04834,2026-08-12,completed,NetBanking,1998
ORD011488,CUST04834,2026-08-06,completed,COD,2499
ORD011489,CUST04835,2026-05-04,completed,UPI,6498
ORD011490,CUST04835,2026-02-26,completed,NetBanking,3498
ORD011491,CUST04835,2025-07-05,completed,Card,2698
ORD011492,CUST04836,2026-01-20,completed,COD,2499
ORD011493,CUST04836,2025-05-22,completed,Card,4298
ORD011494,CUST04836,2025-11-22,completed,NetBanking,5797
ORD011495,CUST04836,2025-04-30,completed,UPI,3998
ORD011496,CUST04836,2026-07-17,completed,NetBanking,1898
ORD011497,CUST04836,2026-07-09,completed,COD,2499
ORD011498,CUST04837,2025-10-25,completed,NetBanking,3198
ORD011499,CUST04838,2025-06-21,completed,NetBanking,3398
ORD011500,CUST04838,2025-03-24,completed,NetBanking,699
ORD011501,CUST04839,2025-05-05,completed,NetBanking,1799
ORD011502,CUST04840,2026-05-27,completed,UPI,2198
ORD011503,CUST04841,2025-11-01,cancelled,COD,6498
ORD011504,CUST04842,2026-01-26,completed,Card,4298
ORD011505,CUST04842,2025-12-24,returned,Card,1799
ORD011506,CUST04842,2025-03-03,completed,NetBanking,2198
ORD011507,CUST04842,2026-04-29,completed,Card,699
ORD011508,CUST04842,2025-08-29,completed,UPI,999
ORD011509,CUST04842,2026-02-06,completed,UPI,1998
ORD011510,CUST04843,2025-10-01,completed,UPI,499
ORD011511,CUST04844,2025-07-07,returned,Card,699
ORD011512,CUST04844,2025-07-08,completed,NetBanking,2499
ORD011513,CUST04844,2026-04-11,completed,Card,999
ORD011514,CUST04844,2025-03-24,returned,NetBanking,5298
ORD011515,CUST04844,2025-03-29,cancelled,COD,2798
ORD011516,CUST04845,2026-07-20,returned,NetBanking,8297
ORD011517,CUST04846,2025-06-26,cancelled,Card,2499
ORD011518,CUST04846,2025-11-07,completed,UPI,4597
ORD011519,CUST04846,2025-06-09,completed,COD,4697
ORD011520,CUST04847,2025-07-04,completed,Card,4498
ORD011521,CUST04847,2026-06-19,completed,UPI,499
ORD011522,CUST04848,2025-04-21,completed,UPI,3697
ORD011523,CUST04848,2026-01-16,completed,COD,999
ORD011524,CUST04848,2025-06-10,completed,COD,6998
ORD011525,CUST04848,2026-04-07,completed,COD,499
ORD011526,CUST04848,2026-06-26,completed,NetBanking,2498
ORD011527,CUST04849,2025-05-19,completed,UPI,2499
ORD011528,CUST04850,2026-05-10,completed,UPI,2298
ORD011529,CUST04851,2026-07-19,completed,Card,3198
ORD011530,CUST04851,2025-06-05,completed,UPI,2499
ORD011531,CUST04851,2025-03-26,completed,NetBanking,3498
ORD011532,CUST04851,2026-07-18,completed,UPI,5497
ORD011533,CUST04851,2026-02-28,completed,UPI,2499
ORD011534,CUST04851,2025-07-31,returned,NetBanking,2499
ORD011535,CUST04852,2026-08-10,completed,UPI,2798
ORD011536,CUST04853,2026-04-24,completed,Card,4298
ORD011537,CUST04853,2026-07-08,completed,COD,3999
ORD011538,CUST04854,2026-03-19,completed,NetBanking,1799
ORD011539,CUST04854,2026-02-05,completed,Card,499
ORD011540,CUST04855,2025-11-27,completed,COD,7497
ORD011541,CUST04857,2026-05-16,completed,NetBanking,2499
ORD011542,CUST04858,2026-08-05,cancelled,UPI,4798
ORD011543,CUST04858,2025-04-28,completed,NetBanking,5197
ORD011544,CUST04858,2026-03-18,completed,UPI,4397
ORD011545,CUST04859,2025-07-05,completed,COD,6197
ORD011546,CUST04859,2025-12-03,completed,COD,2498
ORD011547,CUST04860,2026-08-03,completed,NetBanking,899
ORD011548,CUST04860,2025-08-30,completed,Card,4697
ORD011549,CUST04861,2025-12-21,completed,UPI,1299
ORD011550,CUST04861,2026-05-11,completed,COD,1498
ORD011551,CUST04861,2025-09-20,completed,COD,499
ORD011552,CUST04861,2025-03-20,cancelled,Card,3398
ORD011553,CUST04861,2025-11-28,completed,COD,1598
ORD011554,CUST04861,2026-08-18,completed,Card,3798
ORD011555,CUST04862,2025-03-06,completed,COD,5797
ORD011556,CUST04864,2025-12-17,completed,Card,2499
ORD011557,CUST04864,2026-05-19,cancelled,COD,3198
ORD011558,CUST04865,2026-08-11,completed,COD,5297
ORD011559,CUST04865,2025-09-01,completed,NetBanking,2499
ORD011560,CUST04865,2025-11-11,completed,Card,5498
ORD011561,CUST04865,2025-05-04,completed,UPI,1798
ORD011562,CUST04865,2025-09-09,completed,COD,7997
ORD011563,CUST04865,2026-07-17,cancelled,UPI,2499
ORD011564,CUST04866,2025-08-18,completed,COD,2499
ORD011565,CUST04866,2026-04-11,returned,NetBanking,7997
ORD011566,CUST04866,2025-08-05,cancelled,NetBanking,7997
ORD011567,CUST04866,2025-12-04,completed,COD,499
ORD011568,CUST04866,2025-08-22,completed,UPI,699
ORD011569,CUST04866,2025-05-18,completed,NetBanking,2998
ORD011570,CUST04866,2026-06-14,completed,NetBanking,4298
ORD011571,CUST04866,2026-02-17,completed,COD,499
ORD011572,CUST04867,2025-11-13,completed,UPI,2998
ORD011573,CUST04867,2025-11-09,completed,Card,6498
ORD011574,CUST04867,2026-02-05,returned,COD,5498
ORD011575,CUST04867,2025-12-14,completed,Card,3798
ORD011576,CUST04867,2025-09-28,completed,Card,3098
ORD011577,CUST04868,2025-06-26,completed,NetBanking,3198
ORD011578,CUST04868,2026-03-26,completed,Card,2798
ORD011579,CUST04868,2026-03-23,completed,COD,3999
ORD011580,CUST04869,2025-05-23,completed,Card,6498
ORD011581,CUST04870,2025-05-03,completed,NetBanking,1499
ORD011582,CUST04871,2026-06-10,completed,Card,2499
ORD011583,CUST04872,2026-03-02,returned,Card,4298
ORD011584,CUST04872,2025-10-02,returned,UPI,3797
ORD011585,CUST04872,2025-05-29,completed,COD,4397
ORD011586,CUST04872,2026-04-10,completed,Card,2497
ORD011587,CUST04872,2026-08-14,completed,Card,3198
ORD011588,CUST04873,2025-04-04,completed,NetBanking,4298
ORD011589,CUST04873,2026-07-10,completed,NetBanking,7197
ORD011590,CUST04873,2025-08-26,completed,Card,6497
ORD011591,CUST04873,2026-08-08,completed,NetBanking,2999
ORD011592,CUST04873,2026-06-02,completed,NetBanking,2698
ORD011593,CUST04873,2025-07-19,completed,COD,3698
ORD011594,CUST04874,2025-08-13,completed,NetBanking,3398
ORD011595,CUST04874,2025-09-29,completed,Card,1598
ORD011596,CUST04875,2025-03-03,completed,Card,5297
ORD011597,CUST04875,2025-11-14,completed,NetBanking,2499
ORD011598,CUST04875,2026-04-16,completed,COD,899
ORD011599,CUST04875,2026-04-12,completed,NetBanking,3797
ORD011600,CUST04876,2026-07-26,completed,NetBanking,1798
ORD011601,CUST04877,2025-07-19,completed,NetBanking,5298
ORD011602,CUST04879,2025-03-27,completed,Card,2499
ORD011603,CUST04880,2025-07-18,returned,NetBanking,2998
ORD011604,CUST04880,2025-06-10,completed,COD,3697
ORD011605,CUST04880,2025-06-06,completed,Card,6998
ORD011606,CUST04880,2025-12-16,completed,NetBanking,3898
ORD011607,CUST04884,2025-08-20,completed,NetBanking,4498
ORD011608,CUST04887,2025-06-10,completed,Card,2998
ORD011609,CUST04887,2025-05-31,completed,COD,2198
ORD011610,CUST04888,2026-06-27,completed,UPI,3999
ORD011611,CUST04888,2026-06-11,completed,UPI,4698
ORD011612,CUST04889,2025-09-13,completed,COD,2998
ORD011613,CUST04889,2025-10-09,completed,COD,4998
ORD011614,CUST04889,2026-02-01,completed,Card,2398
ORD011615,CUST04889,2025-03-19,completed,COD,2499
ORD011616,CUST04889,2026-02-08,completed,NetBanking,3098
ORD011617,CUST04889,2025-09-11,completed,UPI,3198
ORD011618,CUST04890,2026-05-20,completed,COD,3998
ORD011619,CUST04891,2026-06-16,completed,UPI,3198
ORD011620,CUST04891,2026-02-02,completed,COD,3898
ORD011621,CUST04891,2025-03-15,completed,Card,4197
ORD011622,CUST04891,2025-08-23,completed,Card,3798
ORD011623,CUST04891,2025-06-28,completed,Card,5498
ORD011624,CUST04891,2025-08-19,completed,UPI,2698
ORD011625,CUST04891,2025-12-18,completed,Card,2999
ORD011626,CUST04892,2026-02-15,completed,NetBanking,1598
ORD011627,CUST04892,2025-09-20,completed,NetBanking,4297
ORD011628,CUST04892,2025-09-17,cancelled,UPI,2499
ORD011629,CUST04893,2025-04-09,completed,COD,2498
ORD011630,CUST04893,2025-06-30,completed,Card,3398
ORD011631,CUST04893,2025-04-16,completed,NetBanking,6498
ORD011632,CUST04894,2026-05-22,completed,COD,2298
ORD011633,CUST04895,2025-12-04,returned,NetBanking,2499
ORD011634,CUST04895,2025-06-30,returned,UPI,1799
ORD011635,CUST04896,2025-05-18,completed,NetBanking,8297
ORD011636,CUST04898,2025-05-26,completed,UPI,3498
ORD011637,CUST04898,2026-05-23,completed,UPI,3998
ORD011638,CUST04899,2026-01-12,completed,UPI,2798
ORD011639,CUST04900,2026-03-19,completed,UPI,2499
ORD011640,CUST04900,2026-07-03,completed,COD,3999
ORD011641,CUST04901,2026-03-24,completed,NetBanking,2697
ORD011642,CUST04902,2026-07-23,completed,UPI,5498
ORD011643,CUST04902,2025-06-12,completed,Card,2499
ORD011644,CUST04903,2025-09-15,completed,NetBanking,2498
ORD011645,CUST04904,2025-03-23,cancelled,Card,2499
ORD011646,CUST04906,2025-12-25,completed,Card,3798
ORD011647,CUST04906,2026-04-11,completed,COD,899
ORD011648,CUST04906,2025-04-04,completed,UPI,3098
ORD011649,CUST04906,2025-06-02,completed,UPI,6498
ORD011650,CUST04906,2026-05-20,completed,COD,3198
ORD011651,CUST04906,2025-12-22,returned,COD,3297
ORD011652,CUST04906,2025-12-28,completed,UPI,1998
ORD011653,CUST04907,2025-04-13,cancelled,UPI,4298
ORD011654,CUST04907,2025-04-22,completed,COD,3798
ORD011655,CUST04907,2025-04-17,completed,NetBanking,2499
ORD011656,CUST04907,2025-09-19,completed,UPI,4298
ORD011657,CUST04907,2025-06-07,completed,COD,1998
ORD011658,CUST04908,2025-11-13,completed,COD,2999
ORD011659,CUST04909,2025-07-17,completed,UPI,2298
ORD011660,CUST04910,2025-10-01,completed,UPI,5197
ORD011661,CUST04911,2025-08-12,completed,NetBanking,5297
ORD011662,CUST04912,2026-03-21,completed,UPI,1898
ORD011663,CUST04913,2026-02-07,completed,Card,3198
ORD011664,CUST04914,2026-04-13,completed,COD,2499
ORD011665,CUST04915,2025-08-13,completed,Card,499
ORD011666,CUST04915,2025-05-07,completed,Card,1898
ORD011667,CUST04916,2025-08-18,completed,UPI,3999
ORD011668,CUST04916,2026-03-22,completed,UPI,2897
ORD011669,CUST04916,2025-12-01,completed,NetBanking,4597
ORD011670,CUST04916,2025-07-05,completed,COD,999
ORD011671,CUST04916,2025-04-29,completed,UPI,1498
ORD011672,CUST04916,2026-04-10,completed,COD,899
ORD011673,CUST04917,2026-03-11,completed,UPI,4397
ORD011674,CUST04917,2026-03-28,completed,COD,899
ORD011675,CUST04917,2025-06-02,completed,NetBanking,6498
ORD011676,CUST04918,2025-03-10,completed,COD,1799
ORD011677,CUST04919,2026-02-05,completed,UPI,1499
ORD011678,CUST04919,2026-01-13,completed,NetBanking,9497
ORD011679,CUST04919,2025-07-08,completed,NetBanking,6997
ORD011680,CUST04919,2025-07-30,completed,Card,2498
ORD011681,CUST04919,2026-07-17,completed,UPI,8797
ORD011682,CUST04919,2025-03-13,completed,UPI,2999
ORD011683,CUST04920,2025-09-06,completed,Card,499
ORD011684,CUST04920,2025-09-06,completed,COD,1799
ORD011685,CUST04920,2026-02-28,completed,NetBanking,4697
ORD011686,CUST04920,2026-01-13,completed,Card,3198
ORD011687,CUST04921,2025-10-20,completed,NetBanking,3398
ORD011688,CUST04921,2025-05-21,cancelled,UPI,3697
ORD011689,CUST04921,2026-04-21,completed,Card,2499
ORD011690,CUST04923,2025-12-14,completed,COD,3998
ORD011691,CUST04923,2025-10-15,completed,Card,899
ORD011692,CUST04923,2025-10-11,completed,UPI,6297
ORD011693,CUST04924,2025-06-29,completed,COD,5797
ORD011694,CUST04926,2025-05-15,completed,NetBanking,2698
ORD011695,CUST04928,2026-08-13,completed,UPI,7197
ORD011696,CUST04930,2026-05-30,completed,COD,3998
ORD011697,CUST04930,2026-04-27,returned,Card,899
ORD011698,CUST04930,2026-03-27,completed,NetBanking,499
ORD011699,CUST04931,2026-05-05,completed,Card,1799
ORD011700,CUST04932,2026-08-10,completed,UPI,1499
ORD011701,CUST04932,2025-06-10,completed,UPI,3098
ORD011702,CUST04932,2025-10-16,completed,UPI,1499
ORD011703,CUST04932,2026-08-12,completed,NetBanking,3697
ORD011704,CUST04932,2026-04-04,completed,Card,5597
ORD011705,CUST04933,2026-05-31,cancelled,Card,2497
ORD011706,CUST04933,2025-12-08,completed,Card,5997
ORD011707,CUST04933,2025-03-03,completed,NetBanking,2499
ORD011708,CUST04934,2025-09-27,completed,Card,1598
ORD011709,CUST04935,2026-07-30,completed,NetBanking,6497
ORD011710,CUST04935,2026-06-21,completed,NetBanking,4998
ORD011711,CUST04935,2025-11-16,completed,Card,4797
ORD011712,CUST04935,2025-08-10,completed,Card,5298
ORD011713,CUST04935,2025-04-22,cancelled,COD,5297
ORD011714,CUST04935,2026-05-18,completed,NetBanking,2499
ORD011715,CUST04937,2026-05-28,completed,COD,5897
ORD011716,CUST04937,2026-06-08,completed,COD,2698
ORD011717,CUST04937,2026-05-24,completed,COD,5197
ORD011718,CUST04937,2025-11-03,cancelled,UPI,7397
ORD011719,CUST04937,2025-05-15,completed,COD,5397
ORD011720,CUST04937,2025-06-25,completed,Card,2499
ORD011721,CUST04937,2026-05-28,completed,NetBanking,1998
ORD011722,CUST04937,2026-03-14,completed,COD,3998
ORD011723,CUST04938,2026-03-06,completed,NetBanking,3898
ORD011724,CUST04938,2025-06-10,completed,NetBanking,2499
ORD011725,CUST04939,2025-10-28,completed,Card,2499
ORD011726,CUST04940,2025-06-14,completed,COD,2298
ORD011727,CUST04940,2025-08-11,completed,Card,2499
ORD011728,CUST04940,2026-03-01,completed,COD,6397
ORD011729,CUST04940,2026-06-05,returned,COD,1299
ORD011730,CUST04940,2026-06-08,completed,COD,2499
ORD011731,CUST04940,2026-04-30,completed,UPI,6498
ORD011732,CUST04940,2025-12-25,completed,Card,3797
ORD011733,CUST04940,2026-01-22,completed,NetBanking,2999
ORD011734,CUST04942,2026-02-25,completed,Card,3098
ORD011735,CUST04942,2026-04-02,completed,NetBanking,1499
ORD011736,CUST04942,2026-05-23,completed,NetBanking,2499
ORD011737,CUST04942,2025-09-16,completed,COD,2398
ORD011738,CUST04942,2025-04-20,returned,Card,3197
ORD011739,CUST04943,2025-07-17,completed,COD,699
ORD011740,CUST04943,2025-05-02,completed,COD,2498
ORD011741,CUST04944,2025-06-08,completed,COD,3398
ORD011742,CUST04944,2025-12-29,completed,NetBanking,2197
ORD011743,CUST04945,2026-06-16,completed,UPI,2499
ORD011744,CUST04947,2025-06-16,completed,NetBanking,2999
ORD011745,CUST04947,2025-10-05,completed,Card,2798
ORD011746,CUST04948,2026-08-11,completed,NetBanking,6998
ORD011747,CUST04949,2025-04-19,cancelled,Card,5498
ORD011748,CUST04949,2025-12-11,completed,COD,3298
ORD011749,CUST04950,2026-04-19,completed,COD,999
ORD011750,CUST04951,2026-04-20,completed,Card,3298
ORD011751,CUST04951,2025-07-22,completed,UPI,6397
ORD011752,CUST04951,2025-08-18,completed,NetBanking,4697
ORD011753,CUST04951,2025-05-08,completed,UPI,999
ORD011754,CUST04951,2026-08-21,completed,Card,1799
ORD011755,CUST04951,2026-03-09,completed,UPI,2999
ORD011756,CUST04951,2026-07-07,completed,UPI,4498
ORD011757,CUST04952,2025-11-03,completed,COD,4297
ORD011758,CUST04953,2025-09-22,completed,COD,499
ORD011759,CUST04954,2026-07-15,completed,UPI,6998
ORD011760,CUST04954,2025-12-12,completed,UPI,2499
ORD011761,CUST04955,2025-07-14,completed,COD,3697
ORD011762,CUST04955,2026-07-08,cancelled,COD,4998
ORD011763,CUST04956,2026-05-23,completed,NetBanking,499
ORD011764,CUST04956,2025-11-18,cancelled,COD,5697
ORD011765,CUST04957,2026-02-14,completed,UPI,4397
ORD011766,CUST04958,2025-11-26,completed,Card,6697
ORD011767,CUST04959,2026-07-27,completed,COD,4697
ORD011768,CUST04959,2026-04-02,completed,NetBanking,1499
ORD011769,CUST04959,2025-03-05,completed,NetBanking,3298
ORD011770,CUST04959,2026-03-14,completed,Card,3498
ORD011771,CUST04959,2026-01-06,returned,Card,8297
ORD011772,CUST04959,2025-03-29,completed,UPI,2499
ORD011773,CUST04960,2026-01-20,completed,Card,1299
ORD011774,CUST04960,2025-12-19,completed,Card,3197
ORD011775,CUST04960,2025-08-10,completed,NetBanking,1299
ORD011776,CUST04961,2025-06-27,completed,Card,6297
ORD011777,CUST04961,2025-03-09,completed,NetBanking,3999
ORD011778,CUST04962,2025-04-08,completed,NetBanking,3098
ORD011779,CUST04962,2025-04-26,completed,Card,2697
ORD011780,CUST04963,2025-11-06,completed,UPI,1598
ORD011781,CUST04964,2025-07-19,completed,NetBanking,3898
ORD011782,CUST04964,2025-10-01,completed,UPI,3498
ORD011783,CUST04964,2026-04-22,completed,UPI,3999
ORD011784,CUST04964,2026-08-19,cancelled,Card,3997
ORD011785,CUST04965,2025-05-04,completed,COD,1299
ORD011786,CUST04965,2025-10-28,completed,Card,3798
ORD011787,CUST04965,2025-05-02,completed,Card,6797
ORD011788,CUST04965,2025-07-09,completed,UPI,6197
ORD011789,CUST04965,2025-11-28,completed,COD,1499
ORD011790,CUST04966,2026-01-10,completed,Card,2999
ORD011791,CUST04967,2026-01-22,completed,UPI,2397
ORD011792,CUST04967,2026-07-12,completed,UPI,3998
ORD011793,CUST04967,2025-07-17,completed,NetBanking,2998
ORD011794,CUST04968,2025-08-06,completed,UPI,1499
ORD011795,CUST04968,2026-04-16,completed,UPI,4997
ORD011796,CUST04968,2025-05-18,completed,Card,2997
ORD011797,CUST04968,2026-03-20,completed,NetBanking,2499
ORD011798,CUST04969,2026-05-02,completed,Card,5597
ORD011799,CUST04970,2025-06-18,completed,Card,2499
ORD011800,CUST04970,2026-08-01,completed,UPI,899
ORD011801,CUST04970,2025-10-14,completed,NetBanking,2499
ORD011802,CUST04971,2025-09-29,completed,NetBanking,2499
ORD011803,CUST04971,2026-04-12,completed,NetBanking,2997
ORD011804,CUST04975,2025-08-17,completed,Card,2998
ORD011805,CUST04975,2025-08-18,completed,COD,1299
ORD011806,CUST04975,2026-03-01,completed,COD,4298
ORD011807,CUST04975,2025-11-21,completed,UPI,1398
ORD011808,CUST04975,2025-10-15,cancelled,Card,4898
ORD011809,CUST04976,2026-08-22,completed,COD,5498
ORD011810,CUST04976,2025-04-10,completed,COD,2499
ORD011811,CUST04977,2025-05-07,completed,Card,2499
ORD011812,CUST04978,2026-08-14,completed,UPI,3497
ORD011813,CUST04978,2026-03-30,completed,Card,2999
ORD011814,CUST04978,2025-12-27,completed,NetBanking,5498
ORD011815,CUST04979,2026-05-09,completed,COD,2499
ORD011816,CUST04979,2025-07-29,completed,COD,3998
ORD011817,CUST04979,2025-04-29,completed,COD,2998
ORD011818,CUST04980,2026-05-13,completed,COD,3298
ORD011819,CUST04980,2025-12-26,completed,COD,4297
ORD011820,CUST04980,2025-05-26,completed,NetBanking,499
ORD011821,CUST04980,2026-05-26,completed,UPI,2499
ORD011822,CUST04980,2025-09-11,completed,UPI,4997
ORD011823,CUST04980,2025-07-26,completed,UPI,2499
ORD011824,CUST04981,2025-05-27,completed,UPI,3998
ORD011825,CUST04982,2025-04-27,completed,UPI,2499
ORD011826,CUST04983,2026-05-06,completed,NetBanking,8297
ORD011827,CUST04984,2025-07-01,completed,NetBanking,1998
ORD011828,CUST04984,2026-07-07,cancelled,Card,5498
ORD011829,CUST04984,2026-08-09,completed,UPI,1799
ORD011830,CUST04985,2026-01-15,completed,Card,699
ORD011831,CUST04985,2025-10-18,completed,NetBanking,1198
ORD011832,CUST04985,2025-06-26,completed,Card,899
ORD011833,CUST04986,2025-05-16,completed,NetBanking,5297
ORD011834,CUST04986,2026-08-10,completed,NetBanking,3198
ORD011835,CUST04986,2026-03-15,completed,NetBanking,699
ORD011836,CUST04988,2026-08-10,completed,NetBanking,3998
ORD011837,CUST04989,2025-06-22,completed,COD,3898
ORD011838,CUST04989,2025-12-06,returned,COD,999
ORD011839,CUST04990,2026-03-27,completed,Card,3198
ORD011840,CUST04990,2025-05-21,completed,UPI,2298
ORD011841,CUST04990,2025-07-11,completed,COD,3798
ORD011842,CUST04990,2025-12-18,completed,UPI,2998
ORD011843,CUST04990,2026-03-02,completed,Card,1499
ORD011844,CUST04990,2025-04-23,completed,Card,2398
ORD011845,CUST04990,2026-04-27,completed,Card,2499
ORD011846,CUST04990,2025-09-17,completed,NetBanking,8297
ORD011847,CUST04991,2025-11-08,completed,Card,2798
ORD011848,CUST04991,2025-09-24,completed,Card,1998
ORD011849,CUST04991,2026-08-03,completed,COD,2499
ORD011850,CUST04991,2025-11-09,completed,COD,4898
ORD011851,CUST04991,2025-05-29,completed,NetBanking,2999
ORD011852,CUST04993,2026-04-14,returned,UPI,3998
ORD011853,CUST04993,2026-04-17,completed,COD,3498
ORD011854,CUST04993,2025-07-28,completed,Card,5498
ORD011855,CUST04993,2025-03-16,completed,NetBanking,2498
ORD011856,CUST04994,2025-07-31,completed,COD,2998
ORD011857,CUST04994,2026-05-07,completed,UPI,1499
ORD011858,CUST04994,2026-07-09,completed,Card,5797
ORD011859,CUST04994,2025-09-16,completed,Card,3498
ORD011860,CUST04994,2025-08-15,completed,NetBanking,6397
ORD011861,CUST04994,2025-07-18,completed,COD,6498
ORD011862,CUST04995,2025-11-16,completed,COD,1299
ORD011863,CUST04995,2026-07-27,completed,UPI,3197
ORD011864,CUST04995,2025-04-22,completed,UPI,1299
ORD011865,CUST04995,2025-12-02,completed,NetBanking,1499
ORD011866,CUST04996,2025-04-24,returned,NetBanking,1398
ORD011867,CUST04997,2025-07-15,completed,COD,2998
ORD011868,CUST04997,2025-07-05,completed,NetBanking,3798
ORD011869,CUST04997,2025-12-28,completed,Card,999
ORD011870,CUST04998,2026-01-30,completed,UPI,1498
ORD011871,CUST04998,2025-06-08,completed,UPI,2499
ORD011872,CUST04998,2026-02-28,completed,COD,2499
ORD011873,CUST04998,2026-06-06,completed,Card,6998
ORD011874,CUST04998,2025-06-03,completed,UPI,4497
ORD011875,CUST04998,2025-11-14,completed,Card,2999
ORD011876,CUST04998,2026-05-08,completed,Card,1698
ORD011877,CUST04998,2026-01-16,completed,UPI,2798
ORD011878,CUST04999,2025-10-26,cancelled,Card,2498
ORD011879,CUST05000,2026-04-19,completed,NetBanking,4797
