order_item_id,order_id,product_id,quantity,unit_price
ITEM000001,ORD000001,P001,1,2499
ITEM000002,ORD000001,P002,1,3999
ITEM000003,ORD000002,P008,1,1799
ITEM000004,ORD000003,P006,1,2999
ITEM000005,ORD000004,P001,1,2499
ITEM000006,ORD000005,P001,1,2499
ITEM000007,ORD000005,P003,1,1299
ITEM000008,ORD000005,P004,1,499
ITEM000009,ORD000006,P007,1,999
ITEM000010,ORD000006,P005,1,699
ITEM000011,ORD000007,P001,1,2499
ITEM000012,ORD000007,P002,1,3999
ITEM000013,ORD000007,P004,1,499
ITEM000014,ORD000008,P001,1,2499
ITEM000015,ORD000008,P006,1,2999
ITEM000016,ORD000008,P002,1,3999
ITEM000017,ORD000009,P002,1,3999
ITEM000018,ORD000009,P009,1,1499
ITEM000019,ORD000009,P006,1,2999
ITEM000020,ORD000010,P003,1,1299
ITEM000021,ORD000010,P007,1,999
ITEM000022,ORD000011,P007,1,999
ITEM000023,ORD000011,P006,1,2999
ITEM000024,ORD000011,P003,1,1299
ITEM000025,ORD000012,P002,1,3999
ITEM000026,ORD000012,P001,1,2499
ITEM000027,ORD000013,P001,1,2499
ITEM000028,ORD000013,P004,1,499
ITEM000029,ORD000013,P003,1,1299
ITEM000030,ORD000014,P008,1,1799
ITEM000031,ORD000014,P004,1,499
ITEM000032,ORD000015,P004,1,499
ITEM000033,ORD000015,P002,1,3999
ITEM000034,ORD000016,P001,1,2499
ITEM000035,ORD000016,P006,1,2999
ITEM000036,ORD000017,P004,1,499
ITEM000037,ORD000018,P002,1,3999
ITEM000038,ORD000019,P006,1,2999
ITEM000039,ORD000019,P007,1,999
ITEM000040,ORD000020,P003,1,1299
ITEM000041,ORD000020,P010,1,899
ITEM000042,ORD000021,P005,1,699
ITEM000043,ORD000021,P003,1,1299
ITEM000044,ORD000022,P002,1,3999
ITEM000045,ORD000023,P007,1,999
ITEM000046,ORD000023,P010,1,899
ITEM000047,ORD000024,P009,1,1499
ITEM000048,ORD000024,P003,1,1299
ITEM000049,ORD000025,P001,1,2499
ITEM000050,ORD000025,P009,1,1499
ITEM000051,ORD000026,P007,1,999
ITEM000052,ORD000027,P001,1,2499
ITEM000053,ORD000027,P008,1,1799
ITEM000054,ORD000027,P002,1,3999
ITEM000055,ORD000028,P001,1,2499
ITEM000056,ORD000028,P006,1,2999
ITEM000057,ORD000029,P004,1,499
ITEM000058,ORD000030,P005,1,699
ITEM000059,ORD000030,P006,1,2999
ITEM000060,ORD000030,P008,1,1799
ITEM000061,ORD000031,P003,1,1299
ITEM000062,ORD000031,P006,1,2999
ITEM000063,ORD000032,P006,1,2999
ITEM000064,ORD000032,P009,1,1499
ITEM000065,ORD000032,P001,1,2499
ITEM000066,ORD000033,P005,1,699
ITEM000067,ORD000033,P001,1,2499
ITEM000068,ORD000034,P008,1,1799
ITEM000069,ORD000034,P010,1,899
ITEM000070,ORD000035,P001,1,2499
ITEM000071,ORD000035,P010,1,899
ITEM000072,ORD000035,P006,1,2999
ITEM000073,ORD000036,P001,1,2499
ITEM000074,ORD000036,P006,1,2999
ITEM000075,ORD000037,P009,1,1499
ITEM000076,ORD000037,P007,1,999
ITEM000077,ORD000038,P007,1,999
ITEM000078,ORD000038,P003,1,1299
ITEM000079,ORD000039,P009,1,1499
ITEM000080,ORD000039,P001,1,2499
ITEM000081,ORD000040,P010,1,899
ITEM000082,ORD000040,P001,1,2499
ITEM000083,ORD000041,P005,1,699
ITEM000084,ORD000041,P010,1,899
ITEM000085,ORD000042,P002,1,3999
ITEM000086,ORD000042,P008,1,1799
ITEM000087,ORD000042,P001,1,2499
ITEM000088,ORD000043,P006,1,2999
ITEM000089,ORD000044,P001,1,2499
ITEM000090,ORD000044,P004,1,499
ITEM000091,ORD000045,P009,1,1499
ITEM000092,ORD000045,P007,1,999
ITEM000093,ORD000046,P001,1,2499
ITEM000094,ORD000046,P009,1,1499
ITEM000095,ORD000046,P003,1,1299
ITEM000096,ORD000047,P001,1,2499
ITEM000097,ORD000048,P006,1,2999
ITEM000098,ORD000048,P009,1,1499
ITEM000099,ORD000048,P005,1,699
ITEM000100,ORD000049,P001,1,2499
ITEM000101,ORD000049,P007,1,999
ITEM000102,ORD000050,P001,1,2499
ITEM000103,ORD000050,P010,1,899
ITEM000104,ORD000051,P002,1,3999
ITEM000105,ORD000051,P006,1,2999
ITEM000106,ORD000052,P005,1,699
ITEM000107,ORD000052,P008,1,1799
ITEM000108,ORD000053,P007,1,999
ITEM000109,ORD000053,P003,1,1299
ITEM000110,ORD000054,P002,1,3999
ITEM000111,ORD000054,P010,1,899
ITEM000112,ORD000055,P001,1,2499
ITEM000113,ORD000055,P002,1,3999
ITEM000114,ORD000056,P009,1,1499
ITEM000115,ORD000056,P007,1,999
ITEM000116,ORD000057,P001,1,2499
ITEM000117,ORD000058,P001,1,2499
ITEM000118,ORD000058,P004,1,499
ITEM000119,ORD000058,P006,1,2999
ITEM000120,ORD000059,P009,1,1499
ITEM000121,ORD000059,P004,1,499
ITEM000122,ORD000060,P009,1,1499
ITEM000123,ORD000060,P007,1,999
ITEM000124,ORD000060,P001,1,2499
ITEM000125,ORD000061,P001,1,2499
ITEM000126,ORD000062,P001,1,2499
ITEM000127,ORD000062,P007,1,999
ITEM000128,ORD000063,P007,1,999
ITEM000129,ORD000064,P010,1,899
ITEM000130,ORD000064,P008,1,1799
ITEM000131,ORD000065,P001,1,2499
ITEM000132,ORD000066,P001,1,2499
ITEM000133,ORD000067,P003,1,1299
ITEM000134,ORD000067,P006,1,2999
ITEM000135,ORD000067,P001,1,2499
ITEM000136,ORD000068,P004,1,499
ITEM000137,ORD000069,P002,1,3999
ITEM000138,ORD000070,P001,1,2499
ITEM000139,ORD000070,P008,1,1799
ITEM000140,ORD000070,P009,1,1499
ITEM000141,ORD000071,P008,1,1799
ITEM000142,ORD000071,P002,1,3999
ITEM000143,ORD000071,P010,1,899
ITEM000144,ORD000072,P002,1,3999
ITEM000145,ORD000073,P006,1,2999
ITEM000146,ORD000074,P009,1,1499
ITEM000147,ORD000074,P004,1,499
ITEM000148,ORD000074,P006,1,2999
ITEM000149,ORD000075,P006,1,2999
ITEM000150,ORD000075,P001,1,2499
ITEM000151,ORD000076,P004,1,499
ITEM000152,ORD000076,P005,1,699
ITEM000153,ORD000077,P001,1,2499
ITEM000154,ORD000077,P003,1,1299
ITEM000155,ORD000078,P008,1,1799
ITEM000156,ORD000078,P004,1,499
ITEM000157,ORD000079,P002,1,3999
ITEM000158,ORD000080,P008,1,1799
ITEM000159,ORD000080,P004,1,499
ITEM000160,ORD000081,P005,1,699
ITEM000161,ORD000081,P009,1,1499
ITEM000162,ORD000082,P006,1,2999
ITEM000163,ORD000082,P005,1,699
ITEM000164,ORD000083,P008,1,1799
ITEM000165,ORD000083,P002,1,3999
ITEM000166,ORD000084,P003,1,1299
ITEM000167,ORD000085,P010,1,899
ITEM000168,ORD000085,P008,1,1799
ITEM000169,ORD000086,P001,1,2499
ITEM000170,ORD000087,P001,1,2499
ITEM000171,ORD000088,P005,1,699
ITEM000172,ORD000088,P001,1,2499
ITEM000173,ORD000089,P008,1,1799
ITEM000174,ORD000089,P002,1,3999
ITEM000175,ORD000090,P004,1,499
ITEM000176,ORD000090,P002,1,3999
ITEM000177,ORD000090,P006,1,2999
ITEM000178,ORD000091,P008,1,1799
ITEM000179,ORD000091,P006,1,2999
ITEM000180,ORD000091,P007,1,999
ITEM000181,ORD000092,P002,1,3999
ITEM000182,ORD000093,P001,1,2499
ITEM000183,ORD000094,P005,1,699
ITEM000184,ORD000094,P001,1,2499
ITEM000185,ORD000095,P002,1,3999
ITEM000186,ORD000095,P003,1,1299
ITEM000187,ORD000096,P007,1,999
ITEM000188,ORD000096,P004,1,499
ITEM000189,ORD000097,P001,1,2499
ITEM000190,ORD000097,P009,1,1499
ITEM000191,ORD000097,P007,1,999
ITEM000192,ORD000098,P001,1,2499
ITEM000193,ORD000098,P002,1,3999
ITEM000194,ORD000099,P001,1,2499
ITEM000195,ORD000100,P003,1,1299
ITEM000196,ORD000100,P005,1,699
ITEM000197,ORD000100,P004,1,499
ITEM000198,ORD000101,P010,1,899
ITEM000199,ORD000101,P008,1,1799
ITEM000200,ORD000102,P001,1,2499
ITEM000201,ORD000102,P004,1,499
ITEM000202,ORD000103,P001,1,2499
ITEM000203,ORD000103,P003,1,1299
ITEM000204,ORD000104,P005,1,699
ITEM000205,ORD000104,P002,1,3999
ITEM000206,ORD000105,P001,1,2499
ITEM000207,ORD000105,P003,1,1299
ITEM000208,ORD000106,P003,1,1299
ITEM000209,ORD000106,P002,1,3999
ITEM000210,ORD000107,P007,1,999
ITEM000211,ORD000107,P008,1,1799
ITEM000212,ORD000108,P006,1,2999
ITEM000213,ORD000108,P005,1,699
ITEM000214,ORD000109,P006,1,2999
ITEM000215,ORD000110,P001,1,2499
ITEM000216,ORD000110,P006,1,2999
ITEM000217,ORD000111,P002,1,3999
ITEM000218,ORD000111,P010,1,899
ITEM000219,ORD000112,P005,1,699
ITEM000220,ORD000112,P002,1,3999
ITEM000221,ORD000113,P009,1,1499
ITEM000222,ORD000114,P002,1,3999
ITEM000223,ORD000115,P004,1,499
ITEM000224,ORD000116,P001,1,2499
ITEM000225,ORD000116,P010,1,899
ITEM000226,ORD000117,P008,1,1799
ITEM000227,ORD000117,P003,1,1299
ITEM000228,ORD000117,P010,1,899
ITEM000229,ORD000118,P007,1,999
ITEM000230,ORD000119,P009,1,1499
ITEM000231,ORD000120,P001,1,2499
ITEM000232,ORD000121,P005,1,699
ITEM000233,ORD000121,P007,1,999
ITEM000234,ORD000122,P001,1,2499
ITEM000235,ORD000122,P004,1,499
ITEM000236,ORD000123,P001,1,2499
ITEM000237,ORD000124,P010,1,899
ITEM000238,ORD000124,P001,1,2499
ITEM000239,ORD000125,P001,1,2499
ITEM000240,ORD000125,P003,1,1299
ITEM000241,ORD000125,P007,1,999
ITEM000242,ORD000126,P001,1,2499
ITEM000243,ORD000127,P006,1,2999
ITEM000244,ORD000128,P001,1,2499
ITEM000245,ORD000129,P010,1,899
ITEM000246,ORD000130,P004,1,499
ITEM000247,ORD000130,P010,1,899
ITEM000248,ORD000130,P002,1,3999
ITEM000249,ORD000131,P002,1,3999
ITEM000250,ORD000131,P005,1,699
ITEM000251,ORD000132,P006,1,2999
ITEM000252,ORD000133,P003,1,1299
ITEM000253,ORD000133,P004,1,499
ITEM000254,ORD000134,P008,1,1799
ITEM000255,ORD000134,P010,1,899
ITEM000256,ORD000135,P002,1,3999
ITEM000257,ORD000135,P008,1,1799
ITEM000258,ORD000136,P008,1,1799
ITEM000259,ORD000137,P007,1,999
ITEM000260,ORD000138,P001,1,2499
ITEM000261,ORD000138,P009,1,1499
ITEM000262,ORD000138,P006,1,2999
ITEM000263,ORD000139,P001,1,2499
ITEM000264,ORD000139,P007,1,999
ITEM000265,ORD000140,P001,1,2499
ITEM000266,ORD000140,P006,1,2999
ITEM000267,ORD000140,P010,1,899
ITEM000268,ORD000141,P004,1,499
ITEM000269,ORD000142,P008,1,1799
ITEM000270,ORD000142,P006,1,2999
ITEM000271,ORD000143,P010,1,899
ITEM000272,ORD000143,P008,1,1799
ITEM000273,ORD000143,P004,1,499
ITEM000274,ORD000144,P003,1,1299
ITEM000275,ORD000144,P001,1,2499
ITEM000276,ORD000145,P002,1,3999
ITEM000277,ORD000146,P005,1,699
ITEM000278,ORD000146,P006,1,2999
ITEM000279,ORD000147,P001,1,2499
ITEM000280,ORD000147,P003,1,1299
ITEM000281,ORD000148,P001,1,2499
ITEM000282,ORD000149,P006,1,2999
ITEM000283,ORD000149,P007,1,999
ITEM000284,ORD000150,P007,1,999
ITEM000285,ORD000151,P008,1,1799
ITEM000286,ORD000152,P008,1,1799
ITEM000287,ORD000153,P001,1,2499
ITEM000288,ORD000154,P001,1,2499
ITEM000289,ORD000155,P003,1,1299
ITEM000290,ORD000155,P001,1,2499
ITEM000291,ORD000156,P001,1,2499
ITEM000292,ORD000157,P005,1,699
ITEM000293,ORD000157,P007,1,999
ITEM000294,ORD000158,P010,1,899
ITEM000295,ORD000158,P004,1,499
ITEM000296,ORD000158,P001,1,2499
ITEM000297,ORD000159,P006,1,2999
ITEM000298,ORD000160,P001,1,2499
ITEM000299,ORD000161,P006,1,2999
ITEM000300,ORD000161,P009,1,1499
ITEM000301,ORD000162,P009,1,1499
ITEM000302,ORD000163,P009,1,1499
ITEM000303,ORD000164,P003,1,1299
ITEM000304,ORD000164,P006,1,2999
ITEM000305,ORD000165,P009,1,1499
ITEM000306,ORD000165,P001,1,2499
ITEM000307,ORD000165,P003,1,1299
ITEM000308,ORD000166,P001,1,2499
ITEM000309,ORD000167,P010,1,899
ITEM000310,ORD000167,P003,1,1299
ITEM000311,ORD000167,P008,1,1799
ITEM000312,ORD000168,P002,1,3999
ITEM000313,ORD000168,P003,1,1299
ITEM000314,ORD000169,P010,1,899
ITEM000315,ORD000169,P005,1,699
ITEM000316,ORD000170,P001,1,2499
ITEM000317,ORD000170,P009,1,1499
ITEM000318,ORD000171,P001,1,2499
ITEM000319,ORD000171,P004,1,499
ITEM000320,ORD000171,P008,1,1799
ITEM000321,ORD000172,P001,1,2499
ITEM000322,ORD000173,P007,1,999
ITEM000323,ORD000173,P009,1,1499
ITEM000324,ORD000174,P007,1,999
ITEM000325,ORD000175,P001,1,2499
ITEM000326,ORD000175,P004,1,499
ITEM000327,ORD000176,P001,1,2499
ITEM000328,ORD000176,P004,1,499
ITEM000329,ORD000176,P007,1,999
ITEM000330,ORD000177,P004,1,499
ITEM000331,ORD000178,P001,1,2499
ITEM000332,ORD000178,P004,1,499
ITEM000333,ORD000179,P001,1,2499
ITEM000334,ORD000179,P010,1,899
ITEM000335,ORD000180,P001,1,2499
ITEM000336,ORD000180,P006,1,2999
ITEM000337,ORD000180,P002,1,3999
ITEM000338,ORD000181,P001,1,2499
ITEM000339,ORD000181,P004,1,499
ITEM000340,ORD000182,P001,1,2499
ITEM000341,ORD000182,P004,1,499
ITEM000342,ORD000183,P006,1,2999
ITEM000343,ORD000184,P001,1,2499
ITEM000344,ORD000184,P010,1,899
ITEM000345,ORD000184,P004,1,499
ITEM000346,ORD000185,P009,1,1499
ITEM000347,ORD000185,P006,1,2999
ITEM000348,ORD000186,P001,1,2499
ITEM000349,ORD000186,P002,1,3999
ITEM000350,ORD000187,P005,1,699
ITEM000351,ORD000187,P002,1,3999
ITEM000352,ORD000188,P010,1,899
ITEM000353,ORD000188,P003,1,1299
ITEM000354,ORD000189,P004,1,499
ITEM000355,ORD000189,P002,1,3999
ITEM000356,ORD000190,P001,1,2499
ITEM000357,ORD000190,P008,1,1799
ITEM000358,ORD000191,P006,1,2999
ITEM000359,ORD000191,P010,1,899
ITEM000360,ORD000192,P008,1,1799
ITEM000361,ORD000193,P009,1,1499
ITEM000362,ORD000193,P001,1,2499
ITEM000363,ORD000194,P005,1,699
ITEM000364,ORD000195,P001,1,2499
ITEM000365,ORD000195,P005,1,699
ITEM000366,ORD000196,P007,1,999
ITEM000367,ORD000197,P003,1,1299
ITEM000368,ORD000198,P007,1,999
ITEM000369,ORD000198,P004,1,499
ITEM000370,ORD000199,P002,1,3999
ITEM000371,ORD000199,P006,1,2999
ITEM000372,ORD000200,P003,1,1299
ITEM000373,ORD000201,P001,1,2499
ITEM000374,ORD000201,P007,1,999
ITEM000375,ORD000202,P004,1,499
ITEM000376,ORD000202,P010,1,899
ITEM000377,ORD000202,P005,1,699
ITEM000378,ORD000203,P006,1,2999
ITEM000379,ORD000203,P007,1,999
ITEM000380,ORD000203,P008,1,1799
ITEM000381,ORD000204,P003,1,1299
ITEM000382,ORD000204,P005,1,699
ITEM000383,ORD000205,P001,1,2499
ITEM000384,ORD000205,P010,1,899
ITEM000385,ORD000206,P002,1,3999
ITEM000386,ORD000206,P005,1,699
ITEM000387,ORD000207,P001,1,2499
ITEM000388,ORD000207,P006,1,2999
ITEM000389,ORD000208,P001,1,2499
ITEM000390,ORD000208,P010,1,899
ITEM000391,ORD000209,P010,1,899
ITEM000392,ORD000210,P010,1,899
ITEM000393,ORD000211,P010,1,899
ITEM000394,ORD000212,P006,1,2999
ITEM000395,ORD000212,P004,1,499
ITEM000396,ORD000213,P005,1,699
ITEM000397,ORD000213,P004,1,499
ITEM000398,ORD000214,P001,1,2499
ITEM000399,ORD000214,P008,1,1799
ITEM000400,ORD000215,P001,1,2499
ITEM000401,ORD000216,P001,1,2499
ITEM000402,ORD000217,P002,1,3999
ITEM000403,ORD000217,P006,1,2999
ITEM000404,ORD000218,P001,1,2499
ITEM000405,ORD000218,P003,1,1299
ITEM000406,ORD000219,P001,1,2499
ITEM000407,ORD000220,P001,1,2499
ITEM000408,ORD000221,P001,1,2499
ITEM000409,ORD000221,P006,1,2999
ITEM000410,ORD000222,P002,1,3999
ITEM000411,ORD000222,P008,1,1799
ITEM000412,ORD000223,P002,1,3999
ITEM000413,ORD000223,P007,1,999
ITEM000414,ORD000224,P001,1,2499
ITEM000415,ORD000225,P009,1,1499
ITEM000416,ORD000225,P006,1,2999
ITEM000417,ORD000225,P007,1,999
ITEM000418,ORD000226,P007,1,999
ITEM000419,ORD000227,P001,1,2499
ITEM000420,ORD000227,P007,1,999
ITEM000421,ORD000227,P006,1,2999
ITEM000422,ORD000228,P001,1,2499
ITEM000423,ORD000229,P010,1,899
ITEM000424,ORD000230,P002,1,3999
ITEM000425,ORD000231,P009,1,1499
ITEM000426,ORD000232,P002,1,3999
ITEM000427,ORD000232,P004,1,499
ITEM000428,ORD000232,P009,1,1499
ITEM000429,ORD000233,P002,1,3999
ITEM000430,ORD000233,P006,1,2999
ITEM000431,ORD000234,P006,1,2999
ITEM000432,ORD000234,P009,1,1499
ITEM000433,ORD000234,P003,1,1299
ITEM000434,ORD000235,P001,1,2499
ITEM000435,ORD000235,P008,1,1799
ITEM000436,ORD000236,P008,1,1799
ITEM000437,ORD000237,P008,1,1799
ITEM000438,ORD000237,P004,1,499
ITEM000439,ORD000237,P001,1,2499
ITEM000440,ORD000238,P010,1,899
ITEM000441,ORD000238,P002,1,3999
ITEM000442,ORD000238,P005,1,699
ITEM000443,ORD000239,P007,1,999
ITEM000444,ORD000239,P005,1,699
ITEM000445,ORD000239,P001,1,2499
ITEM000446,ORD000240,P002,1,3999
ITEM000447,ORD000240,P006,1,2999
ITEM000448,ORD000241,P006,1,2999
ITEM000449,ORD000241,P010,1,899
ITEM000450,ORD000242,P001,1,2499
ITEM000451,ORD000242,P008,1,1799
ITEM000452,ORD000243,P001,1,2499
ITEM000453,ORD000243,P007,1,999
ITEM000454,ORD000244,P004,1,499
ITEM000455,ORD000245,P002,1,3999
ITEM000456,ORD000245,P003,1,1299
ITEM000457,ORD000246,P001,1,2499
ITEM000458,ORD000247,P001,1,2499
ITEM000459,ORD000247,P006,1,2999
ITEM000460,ORD000248,P009,1,1499
ITEM000461,ORD000248,P001,1,2499
ITEM000462,ORD000248,P010,1,899
ITEM000463,ORD000249,P009,1,1499
ITEM000464,ORD000249,P003,1,1299
ITEM000465,ORD000250,P001,1,2499
ITEM000466,ORD000250,P004,1,499
ITEM000467,ORD000251,P005,1,699
ITEM000468,ORD000251,P004,1,499
ITEM000469,ORD000252,P007,1,999
ITEM000470,ORD000252,P005,1,699
ITEM000471,ORD000253,P006,1,2999
ITEM000472,ORD000254,P001,1,2499
ITEM000473,ORD000254,P007,1,999
ITEM000474,ORD000255,P001,1,2499
ITEM000475,ORD000255,P007,1,999
ITEM000476,ORD000255,P008,1,1799
ITEM000477,ORD000256,P010,1,899
ITEM000478,ORD000256,P001,1,2499
ITEM000479,ORD000257,P001,1,2499
ITEM000480,ORD000258,P009,1,1499
ITEM000481,ORD000259,P005,1,699
ITEM000482,ORD000259,P008,1,1799
ITEM000483,ORD000259,P010,1,899
ITEM000484,ORD000260,P007,1,999
ITEM000485,ORD000260,P006,1,2999
ITEM000486,ORD000260,P005,1,699
ITEM000487,ORD000261,P001,1,2499
ITEM000488,ORD000261,P009,1,1499
ITEM000489,ORD000262,P001,1,2499
ITEM000490,ORD000263,P001,1,2499
ITEM000491,ORD000264,P002,1,3999
ITEM000492,ORD000264,P004,1,499
ITEM000493,ORD000264,P010,1,899
ITEM000494,ORD000265,P001,1,2499
ITEM000495,ORD000266,P003,1,1299
ITEM000496,ORD000266,P006,1,2999
ITEM000497,ORD000267,P004,1,499
ITEM000498,ORD000267,P002,1,3999
ITEM000499,ORD000268,P001,1,2499
ITEM000500,ORD000268,P002,1,3999
ITEM000501,ORD000269,P004,1,499
ITEM000502,ORD000270,P005,1,699
ITEM000503,ORD000270,P008,1,1799
ITEM000504,ORD000271,P007,1,999
ITEM000505,ORD000271,P002,1,3999
ITEM000506,ORD000272,P001,1,2499
ITEM000507,ORD000272,P004,1,499
ITEM000508,ORD000273,P001,1,2499
ITEM000509,ORD000273,P006,1,2999
ITEM000510,ORD000273,P008,1,1799
ITEM000511,ORD000274,P001,1,2499
ITEM000512,ORD000274,P005,1,699
ITEM000513,ORD000275,P001,1,2499
ITEM000514,ORD000275,P004,1,499
ITEM000515,ORD000276,P002,1,3999
ITEM000516,ORD000277,P006,1,2999
ITEM000517,ORD000278,P004,1,499
ITEM000518,ORD000279,P006,1,2999
ITEM000519,ORD000279,P007,1,999
ITEM000520,ORD000280,P001,1,2499
ITEM000521,ORD000281,P008,1,1799
ITEM000522,ORD000281,P005,1,699
ITEM000523,ORD000281,P007,1,999
ITEM000524,ORD000282,P001,1,2499
ITEM000525,ORD000282,P004,1,499
ITEM000526,ORD000283,P008,1,1799
ITEM000527,ORD000284,P008,1,1799
ITEM000528,ORD000284,P010,1,899
ITEM000529,ORD000285,P009,1,1499
ITEM000530,ORD000286,P001,1,2499
ITEM000531,ORD000287,P001,1,2499
ITEM000532,ORD000288,P004,1,499
ITEM000533,ORD000289,P006,1,2999
ITEM000534,ORD000289,P003,1,1299
ITEM000535,ORD000290,P001,1,2499
ITEM000536,ORD000291,P005,1,699
ITEM000537,ORD000291,P010,1,899
ITEM000538,ORD000291,P003,1,1299
ITEM000539,ORD000292,P010,1,899
ITEM000540,ORD000292,P008,1,1799
ITEM000541,ORD000293,P007,1,999
ITEM000542,ORD000293,P003,1,1299
ITEM000543,ORD000294,P001,1,2499
ITEM000544,ORD000294,P006,1,2999
ITEM000545,ORD000294,P007,1,999
ITEM000546,ORD000295,P009,1,1499
ITEM000547,ORD000295,P002,1,3999
ITEM000548,ORD000296,P001,1,2499
ITEM000549,ORD000296,P010,1,899
ITEM000550,ORD000297,P002,1,3999
ITEM000551,ORD000297,P004,1,499
ITEM000552,ORD000298,P003,1,1299
ITEM000553,ORD000298,P001,1,2499
ITEM000554,ORD000299,P004,1,499
ITEM000555,ORD000299,P009,1,1499
ITEM000556,ORD000299,P010,1,899
ITEM000557,ORD000300,P006,1,2999
ITEM000558,ORD000300,P008,1,1799
ITEM000559,ORD000301,P001,1,2499
ITEM000560,ORD000302,P006,1,2999
ITEM000561,ORD000302,P003,1,1299
ITEM000562,ORD000302,P001,1,2499
ITEM000563,ORD000303,P001,1,2499
ITEM000564,ORD000304,P007,1,999
ITEM000565,ORD000305,P010,1,899
ITEM000566,ORD000305,P009,1,1499
ITEM000567,ORD000306,P001,1,2499
ITEM000568,ORD000306,P009,1,1499
ITEM000569,ORD000307,P010,1,899
ITEM000570,ORD000308,P002,1,3999
ITEM000571,ORD000309,P004,1,499
ITEM000572,ORD000309,P007,1,999
ITEM000573,ORD000310,P001,1,2499
ITEM000574,ORD000310,P009,1,1499
ITEM000575,ORD000311,P007,1,999
ITEM000576,ORD000311,P002,1,3999
ITEM000577,ORD000312,P004,1,499
ITEM000578,ORD000313,P007,1,999
ITEM000579,ORD000313,P004,1,499
ITEM000580,ORD000314,P007,1,999
ITEM000581,ORD000314,P001,1,2499
ITEM000582,ORD000315,P010,1,899
ITEM000583,ORD000315,P004,1,499
ITEM000584,ORD000315,P003,1,1299
ITEM000585,ORD000316,P008,1,1799
ITEM000586,ORD000317,P001,1,2499
ITEM000587,ORD000317,P010,1,899
ITEM000588,ORD000317,P006,1,2999
ITEM000589,ORD000318,P005,1,699
ITEM000590,ORD000318,P009,1,1499
ITEM000591,ORD000319,P009,1,1499
ITEM000592,ORD000320,P001,1,2499
ITEM000593,ORD000320,P005,1,699
ITEM000594,ORD000321,P006,1,2999
ITEM000595,ORD000321,P001,1,2499
ITEM000596,ORD000321,P007,1,999
ITEM000597,ORD000322,P003,1,1299
ITEM000598,ORD000322,P010,1,899
ITEM000599,ORD000323,P001,1,2499
ITEM000600,ORD000324,P001,1,2499
ITEM000601,ORD000324,P007,1,999
ITEM000602,ORD000325,P001,1,2499
ITEM000603,ORD000326,P008,1,1799
ITEM000604,ORD000327,P010,1,899
ITEM000605,ORD000327,P006,1,2999
ITEM000606,ORD000328,P001,1,2499
ITEM000607,ORD000329,P001,1,2499
ITEM000608,ORD000330,P008,1,1799
ITEM000609,ORD000330,P002,1,3999
ITEM000610,ORD000331,P004,1,499
ITEM000611,ORD000332,P001,1,2499
ITEM000612,ORD000332,P009,1,1499
ITEM000613,ORD000332,P003,1,1299
ITEM000614,ORD000333,P008,1,1799
ITEM000615,ORD000334,P009,1,1499
ITEM000616,ORD000334,P004,1,499
ITEM000617,ORD000335,P005,1,699
ITEM000618,ORD000335,P006,1,2999
ITEM000619,ORD000336,P001,1,2499
ITEM000620,ORD000337,P001,1,2499
ITEM000621,ORD000337,P003,1,1299
ITEM000622,ORD000338,P010,1,899
ITEM000623,ORD000338,P006,1,2999
ITEM000624,ORD000339,P001,1,2499
ITEM000625,ORD000340,P005,1,699
ITEM000626,ORD000340,P003,1,1299
ITEM000627,ORD000341,P001,1,2499
ITEM000628,ORD000342,P009,1,1499
ITEM000629,ORD000343,P005,1,699
ITEM000630,ORD000344,P010,1,899
ITEM000631,ORD000345,P002,1,3999
ITEM000632,ORD000345,P007,1,999
ITEM000633,ORD000345,P008,1,1799
ITEM000634,ORD000346,P006,1,2999
ITEM000635,ORD000346,P005,1,699
ITEM000636,ORD000347,P008,1,1799
ITEM000637,ORD000348,P001,1,2499
ITEM000638,ORD000349,P007,1,999
ITEM000639,ORD000349,P003,1,1299
ITEM000640,ORD000349,P001,1,2499
ITEM000641,ORD000350,P001,1,2499
ITEM000642,ORD000350,P010,1,899
ITEM000643,ORD000351,P006,1,2999
ITEM000644,ORD000352,P001,1,2499
ITEM000645,ORD000352,P009,1,1499
ITEM000646,ORD000353,P001,1,2499
ITEM000647,ORD000353,P005,1,699
ITEM000648,ORD000354,P005,1,699
ITEM000649,ORD000354,P007,1,999
ITEM000650,ORD000355,P001,1,2499
ITEM000651,ORD000356,P007,1,999
ITEM000652,ORD000357,P007,1,999
ITEM000653,ORD000358,P001,1,2499
ITEM000654,ORD000359,P009,1,1499
ITEM000655,ORD000360,P003,1,1299
ITEM000656,ORD000361,P005,1,699
ITEM000657,ORD000361,P006,1,2999
ITEM000658,ORD000361,P003,1,1299
ITEM000659,ORD000362,P008,1,1799
ITEM000660,ORD000362,P010,1,899
ITEM000661,ORD000363,P004,1,499
ITEM000662,ORD000364,P005,1,699
ITEM000663,ORD000364,P002,1,3999
ITEM000664,ORD000365,P009,1,1499
ITEM000665,ORD000365,P008,1,1799
ITEM000666,ORD000366,P002,1,3999
ITEM000667,ORD000367,P001,1,2499
ITEM000668,ORD000368,P003,1,1299
ITEM000669,ORD000368,P009,1,1499
ITEM000670,ORD000368,P010,1,899
ITEM000671,ORD000369,P007,1,999
ITEM000672,ORD000370,P008,1,1799
ITEM000673,ORD000370,P010,1,899
ITEM000674,ORD000371,P007,1,999
ITEM000675,ORD000372,P009,1,1499
ITEM000676,ORD000372,P006,1,2999
ITEM000677,ORD000373,P005,1,699
ITEM000678,ORD000374,P001,1,2499
ITEM000679,ORD000374,P004,1,499
ITEM000680,ORD000375,P005,1,699
ITEM000681,ORD000376,P007,1,999
ITEM000682,ORD000377,P001,1,2499
ITEM000683,ORD000377,P010,1,899
ITEM000684,ORD000378,P006,1,2999
ITEM000685,ORD000378,P009,1,1499
ITEM000686,ORD000379,P007,1,999
ITEM000687,ORD000379,P009,1,1499
ITEM000688,ORD000380,P006,1,2999
ITEM000689,ORD000380,P009,1,1499
ITEM000690,ORD000381,P005,1,699
ITEM000691,ORD000381,P001,1,2499
ITEM000692,ORD000382,P008,1,1799
ITEM000693,ORD000382,P007,1,999
ITEM000694,ORD000383,P008,1,1799
ITEM000695,ORD000383,P009,1,1499
ITEM000696,ORD000384,P001,1,2499
ITEM000697,ORD000384,P005,1,699
ITEM000698,ORD000385,P003,1,1299
ITEM000699,ORD000385,P006,1,2999
ITEM000700,ORD000385,P001,1,2499
ITEM000701,ORD000386,P007,1,999
ITEM000702,ORD000386,P004,1,499
ITEM000703,ORD000387,P002,1,3999
ITEM000704,ORD000387,P010,1,899
ITEM000705,ORD000388,P001,1,2499
ITEM000706,ORD000388,P004,1,499
ITEM000707,ORD000389,P001,1,2499
ITEM000708,ORD000389,P006,1,2999
ITEM000709,ORD000390,P001,1,2499
ITEM000710,ORD000391,P004,1,499
ITEM000711,ORD000391,P005,1,699
ITEM000712,ORD000392,P003,1,1299
ITEM000713,ORD000393,P001,1,2499
ITEM000714,ORD000394,P003,1,1299
ITEM000715,ORD000395,P007,1,999
ITEM000716,ORD000395,P005,1,699
ITEM000717,ORD000396,P006,1,2999
ITEM000718,ORD000397,P008,1,1799
ITEM000719,ORD000397,P010,1,899
ITEM000720,ORD000397,P005,1,699
ITEM000721,ORD000398,P010,1,899
ITEM000722,ORD000399,P004,1,499
ITEM000723,ORD000399,P010,1,899
ITEM000724,ORD000400,P003,1,1299
ITEM000725,ORD000401,P007,1,999
ITEM000726,ORD000402,P001,1,2499
ITEM000727,ORD000402,P002,1,3999
ITEM000728,ORD000403,P001,1,2499
ITEM000729,ORD000403,P005,1,699
ITEM000730,ORD000404,P003,1,1299
ITEM000731,ORD000404,P002,1,3999
ITEM000732,ORD000404,P004,1,499
ITEM000733,ORD000405,P010,1,899
ITEM000734,ORD000406,P001,1,2499
ITEM000735,ORD000406,P002,1,3999
ITEM000736,ORD000407,P001,1,2499
ITEM000737,ORD000408,P001,1,2499
ITEM000738,ORD000409,P009,1,1499
ITEM000739,ORD000409,P008,1,1799
ITEM000740,ORD000410,P001,1,2499
ITEM000741,ORD000411,P005,1,699
ITEM000742,ORD000411,P007,1,999
ITEM000743,ORD000412,P001,1,2499
ITEM000744,ORD000412,P007,1,999
ITEM000745,ORD000413,P001,1,2499
ITEM000746,ORD000413,P003,1,1299
ITEM000747,ORD000414,P008,1,1799
ITEM000748,ORD000414,P009,1,1499
ITEM000749,ORD000414,P005,1,699
ITEM000750,ORD000415,P007,1,999
ITEM000751,ORD000415,P008,1,1799
ITEM000752,ORD000416,P001,1,2499
ITEM000753,ORD000416,P009,1,1499
ITEM000754,ORD000416,P008,1,1799
ITEM000755,ORD000417,P001,1,2499
ITEM000756,ORD000417,P003,1,1299
ITEM000757,ORD000418,P006,1,2999
ITEM000758,ORD000419,P006,1,2999
ITEM000759,ORD000419,P007,1,999
ITEM000760,ORD000419,P009,1,1499
ITEM000761,ORD000420,P007,1,999
ITEM000762,ORD000420,P008,1,1799
ITEM000763,ORD000420,P006,1,2999
ITEM000764,ORD000421,P003,1,1299
ITEM000765,ORD000421,P006,1,2999
ITEM000766,ORD000422,P002,1,3999
ITEM000767,ORD000422,P010,1,899
ITEM000768,ORD000423,P001,1,2499
ITEM000769,ORD000423,P009,1,1499
ITEM000770,ORD000423,P007,1,999
ITEM000771,ORD000424,P002,1,3999
ITEM000772,ORD000424,P001,1,2499
ITEM000773,ORD000425,P001,1,2499
ITEM000774,ORD000425,P006,1,2999
ITEM000775,ORD000425,P008,1,1799
ITEM000776,ORD000426,P007,1,999
ITEM000777,ORD000427,P001,1,2499
ITEM000778,ORD000428,P006,1,2999
ITEM000779,ORD000429,P001,1,2499
ITEM000780,ORD000429,P008,1,1799
ITEM000781,ORD000430,P001,1,2499
ITEM000782,ORD000430,P008,1,1799
ITEM000783,ORD000431,P006,1,2999
ITEM000784,ORD000431,P004,1,499
ITEM000785,ORD000431,P007,1,999
ITEM000786,ORD000432,P003,1,1299
ITEM000787,ORD000432,P010,1,899
ITEM000788,ORD000432,P005,1,699
ITEM000789,ORD000433,P006,1,2999
ITEM000790,ORD000433,P004,1,499
ITEM000791,ORD000434,P002,1,3999
ITEM000792,ORD000435,P008,1,1799
ITEM000793,ORD000435,P007,1,999
ITEM000794,ORD000435,P010,1,899
ITEM000795,ORD000436,P001,1,2499
ITEM000796,ORD000436,P006,1,2999
ITEM000797,ORD000437,P001,1,2499
ITEM000798,ORD000437,P009,1,1499
ITEM000799,ORD000438,P001,1,2499
ITEM000800,ORD000439,P007,1,999
ITEM000801,ORD000440,P006,1,2999
ITEM000802,ORD000441,P006,1,2999
ITEM000803,ORD000442,P001,1,2499
ITEM000804,ORD000443,P001,1,2499
ITEM000805,ORD000443,P010,1,899
ITEM000806,ORD000443,P006,1,2999
ITEM000807,ORD000444,P007,1,999
ITEM000808,ORD000445,P004,1,499
ITEM000809,ORD000445,P005,1,699
ITEM000810,ORD000445,P009,1,1499
ITEM000811,ORD000446,P003,1,1299
ITEM000812,ORD000446,P010,1,899
ITEM000813,ORD000447,P003,1,1299
ITEM000814,ORD000447,P009,1,1499
ITEM000815,ORD000448,P008,1,1799
ITEM000816,ORD000448,P005,1,699
ITEM000817,ORD000448,P009,1,1499
ITEM000818,ORD000449,P004,1,499
ITEM000819,ORD000449,P002,1,3999
ITEM000820,ORD000450,P005,1,699
ITEM000821,ORD000450,P002,1,3999
ITEM000822,ORD000451,P001,1,2499
ITEM000823,ORD000452,P010,1,899
ITEM000824,ORD000452,P009,1,1499
ITEM000825,ORD000453,P001,1,2499
ITEM000826,ORD000453,P005,1,699
ITEM000827,ORD000454,P010,1,899
ITEM000828,ORD000454,P004,1,499
ITEM000829,ORD000455,P008,1,1799
ITEM000830,ORD000455,P002,1,3999
ITEM000831,ORD000455,P010,1,899
ITEM000832,ORD000456,P002,1,3999
ITEM000833,ORD000457,P004,1,499
ITEM000834,ORD000457,P006,1,2999
ITEM000835,ORD000458,P003,1,1299
ITEM000836,ORD000458,P004,1,499
ITEM000837,ORD000459,P009,1,1499
ITEM000838,ORD000460,P001,1,2499
ITEM000839,ORD000460,P005,1,699
ITEM000840,ORD000461,P003,1,1299
ITEM000841,ORD000461,P008,1,1799
ITEM000842,ORD000462,P007,1,999
ITEM000843,ORD000463,P001,1,2499
ITEM000844,ORD000464,P007,1,999
ITEM000845,ORD000464,P002,1,3999
ITEM000846,ORD000465,P007,1,999
ITEM000847,ORD000465,P004,1,499
ITEM000848,ORD000466,P001,1,2499
ITEM000849,ORD000467,P009,1,1499
ITEM000850,ORD000467,P007,1,999
ITEM000851,ORD000467,P001,1,2499
ITEM000852,ORD000468,P005,1,699
ITEM000853,ORD000469,P001,1,2499
ITEM000854,ORD000470,P001,1,2499
ITEM000855,ORD000470,P008,1,1799
ITEM000856,ORD000471,P007,1,999
ITEM000857,ORD000471,P009,1,1499
ITEM000858,ORD000472,P008,1,1799
ITEM000859,ORD000472,P007,1,999
ITEM000860,ORD000473,P001,1,2499
ITEM000861,ORD000473,P004,1,499
ITEM000862,ORD000474,P004,1,499
ITEM000863,ORD000474,P008,1,1799
ITEM000864,ORD000475,P005,1,699
ITEM000865,ORD000475,P006,1,2999
ITEM000866,ORD000476,P001,1,2499
ITEM000867,ORD000477,P005,1,699
ITEM000868,ORD000477,P004,1,499
ITEM000869,ORD000478,P004,1,499
ITEM000870,ORD000478,P003,1,1299
ITEM000871,ORD000479,P001,1,2499
ITEM000872,ORD000479,P003,1,1299
ITEM000873,ORD000480,P004,1,499
ITEM000874,ORD000480,P008,1,1799
ITEM000875,ORD000481,P009,1,1499
ITEM000876,ORD000482,P008,1,1799
ITEM000877,ORD000483,P001,1,2499
ITEM000878,ORD000483,P009,1,1499
ITEM000879,ORD000483,P005,1,699
ITEM000880,ORD000484,P001,1,2499
ITEM000881,ORD000484,P002,1,3999
ITEM000882,ORD000484,P003,1,1299
ITEM000883,ORD000485,P001,1,2499
ITEM000884,ORD000486,P010,1,899
ITEM000885,ORD000486,P005,1,699
ITEM000886,ORD000487,P009,1,1499
ITEM000887,ORD000487,P006,1,2999
ITEM000888,ORD000488,P004,1,499
ITEM000889,ORD000488,P009,1,1499
ITEM000890,ORD000489,P007,1,999
ITEM000891,ORD000490,P006,1,2999
ITEM000892,ORD000490,P002,1,3999
ITEM000893,ORD000491,P001,1,2499
ITEM000894,ORD000492,P001,1,2499
ITEM000895,ORD000492,P003,1,1299
ITEM000896,ORD000492,P008,1,1799
ITEM000897,ORD000493,P006,1,2999
ITEM000898,ORD000493,P010,1,899
ITEM000899,ORD000493,P005,1,699
ITEM000900,ORD000494,P006,1,2999
ITEM000901,ORD000495,P001,1,2499
ITEM000902,ORD000496,P002,1,3999
ITEM000903,ORD000496,P004,1,499
ITEM000904,ORD000496,P006,1,2999
ITEM000905,ORD000497,P003,1,1299
ITEM000906,ORD000498,P006,1,2999
ITEM000907,ORD000499,P008,1,1799
ITEM000908,ORD000499,P005,1,699
ITEM000909,ORD000500,P001,1,2499
ITEM000910,ORD000501,P004,1,499
ITEM000911,ORD000502,P001,1,2499
ITEM000912,ORD000502,P004,1,499
ITEM000913,ORD000503,P001,1,2499
ITEM000914,ORD000503,P003,1,1299
ITEM000915,ORD000503,P004,1,499
ITEM000916,ORD000504,P010,1,899
ITEM000917,ORD000504,P002,1,3999
ITEM000918,ORD000505,P006,1,2999
ITEM000919,ORD000505,P010,1,899
ITEM000920,ORD000506,P005,1,699
ITEM000921,ORD000507,P001,1,2499
ITEM000922,ORD000508,P004,1,499
ITEM000923,ORD000508,P009,1,1499
ITEM000924,ORD000508,P006,1,2999
ITEM000925,ORD000509,P007,1,999
ITEM000926,ORD000509,P003,1,1299
ITEM000927,ORD000510,P003,1,1299
ITEM000928,ORD000511,P001,1,2499
ITEM000929,ORD000511,P004,1,499
ITEM000930,ORD000511,P002,1,3999
ITEM000931,ORD000512,P001,1,2499
ITEM000932,ORD000513,P007,1,999
ITEM000933,ORD000513,P006,1,2999
ITEM000934,ORD000514,P001,1,2499
ITEM000935,ORD000514,P003,1,1299
ITEM000936,ORD000515,P004,1,499
ITEM000937,ORD000516,P007,1,999
ITEM000938,ORD000516,P001,1,2499
ITEM000939,ORD000517,P009,1,1499
ITEM000940,ORD000517,P002,1,3999
ITEM000941,ORD000517,P008,1,1799
ITEM000942,ORD000518,P001,1,2499
ITEM000943,ORD000519,P005,1,699
ITEM000944,ORD000519,P006,1,2999
ITEM000945,ORD000520,P007,1,999
ITEM000946,ORD000520,P001,1,2499
ITEM000947,ORD000520,P008,1,1799
ITEM000948,ORD000521,P003,1,1299
ITEM000949,ORD000522,P001,1,2499
ITEM000950,ORD000523,P001,1,2499
ITEM000951,ORD000523,P008,1,1799
ITEM000952,ORD000524,P001,1,2499
ITEM000953,ORD000525,P007,1,999
ITEM000954,ORD000525,P010,1,899
ITEM000955,ORD000526,P008,1,1799
ITEM000956,ORD000527,P008,1,1799
ITEM000957,ORD000528,P001,1,2499
ITEM000958,ORD000528,P004,1,499
ITEM000959,ORD000529,P005,1,699
ITEM000960,ORD000529,P009,1,1499
ITEM000961,ORD000529,P004,1,499
ITEM000962,ORD000530,P010,1,899
ITEM000963,ORD000530,P003,1,1299
ITEM000964,ORD000531,P005,1,699
ITEM000965,ORD000531,P006,1,2999
ITEM000966,ORD000532,P004,1,499
ITEM000967,ORD000532,P009,1,1499
ITEM000968,ORD000533,P009,1,1499
ITEM000969,ORD000533,P008,1,1799
ITEM000970,ORD000534,P001,1,2499
ITEM000971,ORD000534,P004,1,499
ITEM000972,ORD000535,P007,1,999
ITEM000973,ORD000535,P005,1,699
ITEM000974,ORD000535,P008,1,1799
ITEM000975,ORD000536,P003,1,1299
ITEM000976,ORD000537,P010,1,899
ITEM000977,ORD000537,P008,1,1799
ITEM000978,ORD000538,P009,1,1499
ITEM000979,ORD000539,P001,1,2499
ITEM000980,ORD000539,P002,1,3999
ITEM000981,ORD000539,P005,1,699
ITEM000982,ORD000540,P001,1,2499
ITEM000983,ORD000541,P001,1,2499
ITEM000984,ORD000541,P002,1,3999
ITEM000985,ORD000542,P001,1,2499
ITEM000986,ORD000542,P005,1,699
ITEM000987,ORD000543,P007,1,999
ITEM000988,ORD000543,P005,1,699
ITEM000989,ORD000544,P001,1,2499
ITEM000990,ORD000544,P004,1,499
ITEM000991,ORD000545,P006,1,2999
ITEM000992,ORD000545,P007,1,999
ITEM000993,ORD000546,P001,1,2499
ITEM000994,ORD000546,P004,1,499
ITEM000995,ORD000546,P007,1,999
ITEM000996,ORD000547,P001,1,2499
ITEM000997,ORD000547,P007,1,999
ITEM000998,ORD000547,P008,1,1799
ITEM000999,ORD000548,P004,1,499
ITEM001000,ORD000548,P009,1,1499
ITEM001001,ORD000549,P008,1,1799
ITEM001002,ORD000550,P002,1,3999
ITEM001003,ORD000550,P006,1,2999
ITEM001004,ORD000551,P001,1,2499
ITEM001005,ORD000552,P008,1,1799
ITEM001006,ORD000552,P001,1,2499
ITEM001007,ORD000553,P010,1,899
ITEM001008,ORD000553,P002,1,3999
ITEM001009,ORD000554,P007,1,999
ITEM001010,ORD000554,P006,1,2999
ITEM001011,ORD000555,P006,1,2999
ITEM001012,ORD000555,P003,1,1299
ITEM001013,ORD000556,P007,1,999
ITEM001014,ORD000556,P002,1,3999
ITEM001015,ORD000556,P008,1,1799
ITEM001016,ORD000557,P006,1,2999
ITEM001017,ORD000557,P003,1,1299
ITEM001018,ORD000558,P004,1,499
ITEM001019,ORD000559,P002,1,3999
ITEM001020,ORD000559,P001,1,2499
ITEM001021,ORD000560,P003,1,1299
ITEM001022,ORD000560,P010,1,899
ITEM001023,ORD000561,P001,1,2499
ITEM001024,ORD000562,P001,1,2499
ITEM001025,ORD000562,P003,1,1299
ITEM001026,ORD000562,P004,1,499
ITEM001027,ORD000563,P004,1,499
ITEM001028,ORD000563,P003,1,1299
ITEM001029,ORD000563,P009,1,1499
ITEM001030,ORD000564,P002,1,3999
ITEM001031,ORD000564,P004,1,499
ITEM001032,ORD000565,P008,1,1799
ITEM001033,ORD000566,P001,1,2499
ITEM001034,ORD000567,P005,1,699
ITEM001035,ORD000568,P001,1,2499
ITEM001036,ORD000569,P001,1,2499
ITEM001037,ORD000569,P002,1,3999
ITEM001038,ORD000570,P003,1,1299
ITEM001039,ORD000570,P005,1,699
ITEM001040,ORD000571,P003,1,1299
ITEM001041,ORD000572,P008,1,1799
ITEM001042,ORD000572,P001,1,2499
ITEM001043,ORD000573,P006,1,2999
ITEM001044,ORD000574,P001,1,2499
ITEM001045,ORD000574,P003,1,1299
ITEM001046,ORD000575,P007,1,999
ITEM001047,ORD000575,P001,1,2499
ITEM001048,ORD000576,P004,1,499
ITEM001049,ORD000576,P006,1,2999
ITEM001050,ORD000577,P009,1,1499
ITEM001051,ORD000578,P001,1,2499
ITEM001052,ORD000578,P010,1,899
ITEM001053,ORD000579,P009,1,1499
ITEM001054,ORD000579,P007,1,999
ITEM001055,ORD000579,P004,1,499
ITEM001056,ORD000580,P001,1,2499
ITEM001057,ORD000580,P009,1,1499
ITEM001058,ORD000581,P001,1,2499
ITEM001059,ORD000581,P008,1,1799
ITEM001060,ORD000581,P005,1,699
ITEM001061,ORD000582,P001,1,2499
ITEM001062,ORD000583,P001,1,2499
ITEM001063,ORD000583,P008,1,1799
ITEM001064,ORD000584,P010,1,899
ITEM001065,ORD000584,P003,1,1299
ITEM001066,ORD000584,P002,1,3999
ITEM001067,ORD000585,P004,1,499
ITEM001068,ORD000585,P006,1,2999
ITEM001069,ORD000586,P010,1,899
ITEM001070,ORD000587,P005,1,699
ITEM001071,ORD000587,P003,1,1299
ITEM001072,ORD000588,P001,1,2499
ITEM001073,ORD000588,P005,1,699
ITEM001074,ORD000589,P003,1,1299
ITEM001075,ORD000589,P008,1,1799
ITEM001076,ORD000590,P004,1,499
ITEM001077,ORD000590,P010,1,899
ITEM001078,ORD000590,P001,1,2499
ITEM001079,ORD000591,P010,1,899
ITEM001080,ORD000592,P001,1,2499
ITEM001081,ORD000593,P001,1,2499
ITEM001082,ORD000593,P004,1,499
ITEM001083,ORD000594,P001,1,2499
ITEM001084,ORD000594,P004,1,499
ITEM001085,ORD000595,P001,1,2499
ITEM001086,ORD000596,P001,1,2499
ITEM001087,ORD000597,P001,1,2499
ITEM001088,ORD000598,P002,1,3999
ITEM001089,ORD000599,P005,1,699
ITEM001090,ORD000599,P004,1,499
ITEM001091,ORD000600,P002,1,3999
ITEM001092,ORD000600,P007,1,999
ITEM001093,ORD000600,P001,1,2499
ITEM001094,ORD000601,P005,1,699
ITEM001095,ORD000601,P003,1,1299
ITEM001096,ORD000602,P008,1,1799
ITEM001097,ORD000602,P003,1,1299
ITEM001098,ORD000603,P008,1,1799
ITEM001099,ORD000604,P003,1,1299
ITEM001100,ORD000604,P009,1,1499
ITEM001101,ORD000605,P008,1,1799
ITEM001102,ORD000605,P009,1,1499
ITEM001103,ORD000606,P001,1,2499
ITEM001104,ORD000606,P009,1,1499
ITEM001105,ORD000607,P001,1,2499
ITEM001106,ORD000608,P009,1,1499
ITEM001107,ORD000608,P001,1,2499
ITEM001108,ORD000609,P002,1,3999
ITEM001109,ORD000609,P010,1,899
ITEM001110,ORD000609,P009,1,1499
ITEM001111,ORD000610,P002,1,3999
ITEM001112,ORD000610,P001,1,2499
ITEM001113,ORD000611,P003,1,1299
ITEM001114,ORD000612,P008,1,1799
ITEM001115,ORD000612,P004,1,499
ITEM001116,ORD000612,P007,1,999
ITEM001117,ORD000613,P009,1,1499
ITEM001118,ORD000613,P006,1,2999
ITEM001119,ORD000614,P006,1,2999
ITEM001120,ORD000615,P001,1,2499
ITEM001121,ORD000616,P004,1,499
ITEM001122,ORD000616,P007,1,999
ITEM001123,ORD000617,P004,1,499
ITEM001124,ORD000617,P003,1,1299
ITEM001125,ORD000618,P004,1,499
ITEM001126,ORD000618,P002,1,3999
ITEM001127,ORD000619,P010,1,899
ITEM001128,ORD000620,P001,1,2499
ITEM001129,ORD000620,P008,1,1799
ITEM001130,ORD000621,P009,1,1499
ITEM001131,ORD000621,P004,1,499
ITEM001132,ORD000621,P008,1,1799
ITEM001133,ORD000622,P001,1,2499
ITEM001134,ORD000622,P004,1,499
ITEM001135,ORD000623,P006,1,2999
ITEM001136,ORD000623,P009,1,1499
ITEM001137,ORD000624,P005,1,699
ITEM001138,ORD000624,P007,1,999
ITEM001139,ORD000625,P008,1,1799
ITEM001140,ORD000625,P001,1,2499
ITEM001141,ORD000625,P006,1,2999
ITEM001142,ORD000626,P009,1,1499
ITEM001143,ORD000627,P009,1,1499
ITEM001144,ORD000628,P001,1,2499
ITEM001145,ORD000628,P009,1,1499
ITEM001146,ORD000629,P001,1,2499
ITEM001147,ORD000630,P007,1,999
ITEM001148,ORD000630,P003,1,1299
ITEM001149,ORD000631,P001,1,2499
ITEM001150,ORD000631,P010,1,899
ITEM001151,ORD000632,P001,1,2499
ITEM001152,ORD000633,P001,1,2499
ITEM001153,ORD000634,P001,1,2499
ITEM001154,ORD000634,P010,1,899
ITEM001155,ORD000635,P007,1,999
ITEM001156,ORD000635,P010,1,899
ITEM001157,ORD000636,P001,1,2499
ITEM001158,ORD000637,P007,1,999
ITEM001159,ORD000637,P009,1,1499
ITEM001160,ORD000637,P002,1,3999
ITEM001161,ORD000638,P009,1,1499
ITEM001162,ORD000638,P004,1,499
ITEM001163,ORD000639,P007,1,999
ITEM001164,ORD000640,P001,1,2499
ITEM001165,ORD000641,P001,1,2499
ITEM001166,ORD000642,P009,1,1499
ITEM001167,ORD000643,P010,1,899
ITEM001168,ORD000644,P006,1,2999
ITEM001169,ORD000644,P002,1,3999
ITEM001170,ORD000644,P010,1,899
ITEM001171,ORD000645,P008,1,1799
ITEM001172,ORD000646,P003,1,1299
ITEM001173,ORD000646,P004,1,499
ITEM001174,ORD000646,P006,1,2999
ITEM001175,ORD000647,P001,1,2499
ITEM001176,ORD000648,P001,1,2499
ITEM001177,ORD000649,P001,1,2499
ITEM001178,ORD000650,P009,1,1499
ITEM001179,ORD000650,P006,1,2999
ITEM001180,ORD000651,P001,1,2499
ITEM001181,ORD000652,P001,1,2499
ITEM001182,ORD000652,P004,1,499
ITEM001183,ORD000653,P002,1,3999
ITEM001184,ORD000654,P001,1,2499
ITEM001185,ORD000654,P002,1,3999
ITEM001186,ORD000655,P004,1,499
ITEM001187,ORD000656,P009,1,1499
ITEM001188,ORD000656,P010,1,899
ITEM001189,ORD000656,P003,1,1299
ITEM001190,ORD000657,P006,1,2999
ITEM001191,ORD000657,P007,1,999
ITEM001192,ORD000657,P009,1,1499
ITEM001193,ORD000658,P002,1,3999
ITEM001194,ORD000658,P007,1,999
ITEM001195,ORD000658,P001,1,2499
ITEM001196,ORD000659,P001,1,2499
ITEM001197,ORD000660,P001,1,2499
ITEM001198,ORD000661,P001,1,2499
ITEM001199,ORD000661,P002,1,3999
ITEM001200,ORD000661,P010,1,899
ITEM001201,ORD000662,P005,1,699
ITEM001202,ORD000662,P010,1,899
ITEM001203,ORD000663,P001,1,2499
ITEM001204,ORD000663,P006,1,2999
ITEM001205,ORD000664,P009,1,1499
ITEM001206,ORD000665,P001,1,2499
ITEM001207,ORD000666,P010,1,899
ITEM001208,ORD000666,P008,1,1799
ITEM001209,ORD000667,P009,1,1499
ITEM001210,ORD000667,P008,1,1799
ITEM001211,ORD000668,P001,1,2499
ITEM001212,ORD000669,P007,1,999
ITEM001213,ORD000670,P006,1,2999
ITEM001214,ORD000670,P001,1,2499
ITEM001215,ORD000671,P002,1,3999
ITEM001216,ORD000672,P007,1,999
ITEM001217,ORD000673,P001,1,2499
ITEM001218,ORD000673,P009,1,1499
ITEM001219,ORD000673,P007,1,999
ITEM001220,ORD000674,P008,1,1799
ITEM001221,ORD000674,P005,1,699
ITEM001222,ORD000675,P003,1,1299
ITEM001223,ORD000676,P001,1,2499
ITEM001224,ORD000676,P003,1,1299
ITEM001225,ORD000677,P010,1,899
ITEM001226,ORD000677,P002,1,3999
ITEM001227,ORD000678,P003,1,1299
ITEM001228,ORD000679,P002,1,3999
ITEM001229,ORD000679,P005,1,699
ITEM001230,ORD000680,P004,1,499
ITEM001231,ORD000680,P003,1,1299
ITEM001232,ORD000681,P010,1,899
ITEM001233,ORD000682,P002,1,3999
ITEM001234,ORD000682,P001,1,2499
ITEM001235,ORD000682,P008,1,1799
ITEM001236,ORD000683,P008,1,1799
ITEM001237,ORD000683,P010,1,899
ITEM001238,ORD000683,P003,1,1299
ITEM001239,ORD000684,P001,1,2499
ITEM001240,ORD000684,P004,1,499
ITEM001241,ORD000684,P003,1,1299
ITEM001242,ORD000685,P009,1,1499
ITEM001243,ORD000686,P007,1,999
ITEM001244,ORD000687,P009,1,1499
ITEM001245,ORD000687,P007,1,999
ITEM001246,ORD000688,P006,1,2999
ITEM001247,ORD000689,P009,1,1499
ITEM001248,ORD000690,P001,1,2499
ITEM001249,ORD000690,P003,1,1299
ITEM001250,ORD000691,P001,1,2499
ITEM001251,ORD000691,P009,1,1499
ITEM001252,ORD000692,P001,1,2499
ITEM001253,ORD000693,P001,1,2499
ITEM001254,ORD000693,P007,1,999
ITEM001255,ORD000694,P003,1,1299
ITEM001256,ORD000694,P009,1,1499
ITEM001257,ORD000695,P002,1,3999
ITEM001258,ORD000695,P003,1,1299
ITEM001259,ORD000696,P007,1,999
ITEM001260,ORD000696,P006,1,2999
ITEM001261,ORD000696,P004,1,499
ITEM001262,ORD000697,P001,1,2499
ITEM001263,ORD000697,P005,1,699
ITEM001264,ORD000697,P002,1,3999
ITEM001265,ORD000698,P007,1,999
ITEM001266,ORD000699,P007,1,999
ITEM001267,ORD000699,P006,1,2999
ITEM001268,ORD000699,P008,1,1799
ITEM001269,ORD000700,P008,1,1799
ITEM001270,ORD000701,P010,1,899
ITEM001271,ORD000701,P003,1,1299
ITEM001272,ORD000701,P007,1,999
ITEM001273,ORD000702,P004,1,499
ITEM001274,ORD000702,P005,1,699
ITEM001275,ORD000703,P009,1,1499
ITEM001276,ORD000703,P006,1,2999
ITEM001277,ORD000703,P007,1,999
ITEM001278,ORD000704,P009,1,1499
ITEM001279,ORD000704,P001,1,2499
ITEM001280,ORD000704,P003,1,1299
ITEM001281,ORD000705,P001,1,2499
ITEM001282,ORD000706,P004,1,499
ITEM001283,ORD000707,P001,1,2499
ITEM001284,ORD000707,P009,1,1499
ITEM001285,ORD000708,P001,1,2499
ITEM001286,ORD000708,P009,1,1499
ITEM001287,ORD000709,P005,1,699
ITEM001288,ORD000710,P007,1,999
ITEM001289,ORD000711,P009,1,1499
ITEM001290,ORD000712,P002,1,3999
ITEM001291,ORD000712,P004,1,499
ITEM001292,ORD000712,P007,1,999
ITEM001293,ORD000713,P001,1,2499
ITEM001294,ORD000713,P005,1,699
ITEM001295,ORD000713,P004,1,499
ITEM001296,ORD000714,P006,1,2999
ITEM001297,ORD000714,P010,1,899
ITEM001298,ORD000715,P001,1,2499
ITEM001299,ORD000715,P009,1,1499
ITEM001300,ORD000716,P001,1,2499
ITEM001301,ORD000717,P001,1,2499
ITEM001302,ORD000717,P002,1,3999
ITEM001303,ORD000718,P001,1,2499
ITEM001304,ORD000719,P002,1,3999
ITEM001305,ORD000719,P001,1,2499
ITEM001306,ORD000720,P002,1,3999
ITEM001307,ORD000720,P007,1,999
ITEM001308,ORD000720,P006,1,2999
ITEM001309,ORD000721,P006,1,2999
ITEM001310,ORD000721,P005,1,699
ITEM001311,ORD000722,P004,1,499
ITEM001312,ORD000722,P007,1,999
ITEM001313,ORD000723,P008,1,1799
ITEM001314,ORD000723,P010,1,899
ITEM001315,ORD000724,P002,1,3999
ITEM001316,ORD000724,P005,1,699
ITEM001317,ORD000724,P006,1,2999
ITEM001318,ORD000725,P004,1,499
ITEM001319,ORD000726,P001,1,2499
ITEM001320,ORD000727,P005,1,699
ITEM001321,ORD000727,P001,1,2499
ITEM001322,ORD000728,P008,1,1799
ITEM001323,ORD000728,P003,1,1299
ITEM001324,ORD000729,P007,1,999
ITEM001325,ORD000730,P005,1,699
ITEM001326,ORD000730,P010,1,899
ITEM001327,ORD000730,P002,1,3999
ITEM001328,ORD000731,P008,1,1799
ITEM001329,ORD000731,P010,1,899
ITEM001330,ORD000732,P001,1,2499
ITEM001331,ORD000732,P004,1,499
ITEM001332,ORD000732,P007,1,999
ITEM001333,ORD000733,P005,1,699
ITEM001334,ORD000734,P010,1,899
ITEM001335,ORD000734,P003,1,1299
ITEM001336,ORD000735,P006,1,2999
ITEM001337,ORD000735,P008,1,1799
ITEM001338,ORD000735,P004,1,499
ITEM001339,ORD000736,P001,1,2499
ITEM001340,ORD000736,P010,1,899
ITEM001341,ORD000737,P007,1,999
ITEM001342,ORD000738,P009,1,1499
ITEM001343,ORD000738,P002,1,3999
ITEM001344,ORD000739,P008,1,1799
ITEM001345,ORD000739,P005,1,699
ITEM001346,ORD000740,P003,1,1299
ITEM001347,ORD000740,P004,1,499
ITEM001348,ORD000741,P010,1,899
ITEM001349,ORD000741,P005,1,699
ITEM001350,ORD000741,P006,1,2999
ITEM001351,ORD000742,P001,1,2499
ITEM001352,ORD000742,P008,1,1799
ITEM001353,ORD000742,P002,1,3999
ITEM001354,ORD000743,P006,1,2999
ITEM001355,ORD000743,P001,1,2499
ITEM001356,ORD000743,P003,1,1299
ITEM001357,ORD000744,P001,1,2499
ITEM001358,ORD000744,P005,1,699
ITEM001359,ORD000744,P009,1,1499
ITEM001360,ORD000745,P006,1,2999
ITEM001361,ORD000746,P001,1,2499
ITEM001362,ORD000746,P009,1,1499
ITEM001363,ORD000747,P001,1,2499
ITEM001364,ORD000747,P010,1,899
ITEM001365,ORD000748,P009,1,1499
ITEM001366,ORD000749,P005,1,699
ITEM001367,ORD000750,P005,1,699
ITEM001368,ORD000751,P007,1,999
ITEM001369,ORD000751,P009,1,1499
ITEM001370,ORD000752,P008,1,1799
ITEM001371,ORD000752,P007,1,999
ITEM001372,ORD000753,P001,1,2499
ITEM001373,ORD000754,P005,1,699
ITEM001374,ORD000755,P005,1,699
ITEM001375,ORD000756,P001,1,2499
ITEM001376,ORD000756,P009,1,1499
ITEM001377,ORD000757,P010,1,899
ITEM001378,ORD000757,P008,1,1799
ITEM001379,ORD000758,P001,1,2499
ITEM001380,ORD000758,P004,1,499
ITEM001381,ORD000759,P010,1,899
ITEM001382,ORD000760,P003,1,1299
ITEM001383,ORD000760,P001,1,2499
ITEM001384,ORD000761,P006,1,2999
ITEM001385,ORD000761,P008,1,1799
ITEM001386,ORD000762,P002,1,3999
ITEM001387,ORD000763,P004,1,499
ITEM001388,ORD000763,P002,1,3999
ITEM001389,ORD000764,P010,1,899
ITEM001390,ORD000764,P005,1,699
ITEM001391,ORD000764,P002,1,3999
ITEM001392,ORD000765,P001,1,2499
ITEM001393,ORD000765,P009,1,1499
ITEM001394,ORD000766,P006,1,2999
ITEM001395,ORD000767,P009,1,1499
ITEM001396,ORD000768,P001,1,2499
ITEM001397,ORD000769,P004,1,499
ITEM001398,ORD000769,P006,1,2999
ITEM001399,ORD000769,P005,1,699
ITEM001400,ORD000770,P003,1,1299
ITEM001401,ORD000770,P001,1,2499
ITEM001402,ORD000771,P007,1,999
ITEM001403,ORD000771,P004,1,499
ITEM001404,ORD000771,P002,1,3999
ITEM001405,ORD000772,P005,1,699
ITEM001406,ORD000772,P001,1,2499
ITEM001407,ORD000772,P009,1,1499
ITEM001408,ORD000773,P001,1,2499
ITEM001409,ORD000773,P006,1,2999
ITEM001410,ORD000774,P002,1,3999
ITEM001411,ORD000774,P006,1,2999
ITEM001412,ORD000775,P010,1,899
ITEM001413,ORD000775,P007,1,999
ITEM001414,ORD000776,P004,1,499
ITEM001415,ORD000776,P007,1,999
ITEM001416,ORD000777,P001,1,2499
ITEM001417,ORD000777,P002,1,3999
ITEM001418,ORD000778,P003,1,1299
ITEM001419,ORD000779,P004,1,499
ITEM001420,ORD000780,P001,1,2499
ITEM001421,ORD000780,P004,1,499
ITEM001422,ORD000780,P003,1,1299
ITEM001423,ORD000781,P001,1,2499
ITEM001424,ORD000781,P009,1,1499
ITEM001425,ORD000782,P001,1,2499
ITEM001426,ORD000782,P009,1,1499
ITEM001427,ORD000783,P010,1,899
ITEM001428,ORD000783,P004,1,499
ITEM001429,ORD000783,P009,1,1499
ITEM001430,ORD000784,P006,1,2999
ITEM001431,ORD000785,P003,1,1299
ITEM001432,ORD000785,P004,1,499
ITEM001433,ORD000786,P009,1,1499
ITEM001434,ORD000786,P003,1,1299
ITEM001435,ORD000787,P002,1,3999
ITEM001436,ORD000787,P006,1,2999
ITEM001437,ORD000787,P001,1,2499
ITEM001438,ORD000788,P010,1,899
ITEM001439,ORD000788,P005,1,699
ITEM001440,ORD000789,P005,1,699
ITEM001441,ORD000789,P009,1,1499
ITEM001442,ORD000790,P005,1,699
ITEM001443,ORD000790,P007,1,999
ITEM001444,ORD000791,P010,1,899
ITEM001445,ORD000791,P006,1,2999
ITEM001446,ORD000792,P001,1,2499
ITEM001447,ORD000792,P003,1,1299
ITEM001448,ORD000793,P008,1,1799
ITEM001449,ORD000793,P005,1,699
ITEM001450,ORD000794,P004,1,499
ITEM001451,ORD000794,P008,1,1799
ITEM001452,ORD000795,P001,1,2499
ITEM001453,ORD000795,P005,1,699
ITEM001454,ORD000796,P007,1,999
ITEM001455,ORD000796,P005,1,699
ITEM001456,ORD000796,P002,1,3999
ITEM001457,ORD000797,P008,1,1799
ITEM001458,ORD000798,P001,1,2499
ITEM001459,ORD000799,P007,1,999
ITEM001460,ORD000799,P002,1,3999
ITEM001461,ORD000800,P004,1,499
ITEM001462,ORD000801,P005,1,699
ITEM001463,ORD000802,P006,1,2999
ITEM001464,ORD000802,P004,1,499
ITEM001465,ORD000803,P007,1,999
ITEM001466,ORD000804,P004,1,499
ITEM001467,ORD000805,P007,1,999
ITEM001468,ORD000805,P001,1,2499
ITEM001469,ORD000805,P010,1,899
ITEM001470,ORD000806,P001,1,2499
ITEM001471,ORD000806,P007,1,999
ITEM001472,ORD000807,P008,1,1799
ITEM001473,ORD000807,P006,1,2999
ITEM001474,ORD000808,P001,1,2499
ITEM001475,ORD000809,P010,1,899
ITEM001476,ORD000809,P009,1,1499
ITEM001477,ORD000809,P006,1,2999
ITEM001478,ORD000810,P004,1,499
ITEM001479,ORD000810,P002,1,3999
ITEM001480,ORD000811,P001,1,2499
ITEM001481,ORD000812,P004,1,499
ITEM001482,ORD000812,P010,1,899
ITEM001483,ORD000813,P009,1,1499
ITEM001484,ORD000813,P008,1,1799
ITEM001485,ORD000813,P003,1,1299
ITEM001486,ORD000814,P009,1,1499
ITEM001487,ORD000815,P001,1,2499
ITEM001488,ORD000816,P005,1,699
ITEM001489,ORD000817,P001,1,2499
ITEM001490,ORD000817,P005,1,699
ITEM001491,ORD000818,P003,1,1299
ITEM001492,ORD000818,P010,1,899
ITEM001493,ORD000819,P009,1,1499
ITEM001494,ORD000820,P010,1,899
ITEM001495,ORD000821,P005,1,699
ITEM001496,ORD000821,P010,1,899
ITEM001497,ORD000822,P007,1,999
ITEM001498,ORD000822,P003,1,1299
ITEM001499,ORD000823,P001,1,2499
ITEM001500,ORD000823,P010,1,899
ITEM001501,ORD000824,P002,1,3999
ITEM001502,ORD000825,P003,1,1299
ITEM001503,ORD000825,P007,1,999
ITEM001504,ORD000825,P008,1,1799
ITEM001505,ORD000826,P001,1,2499
ITEM001506,ORD000826,P005,1,699
ITEM001507,ORD000827,P009,1,1499
ITEM001508,ORD000827,P008,1,1799
ITEM001509,ORD000827,P004,1,499
ITEM001510,ORD000828,P008,1,1799
ITEM001511,ORD000828,P007,1,999
ITEM001512,ORD000828,P006,1,2999
ITEM001513,ORD000829,P003,1,1299
ITEM001514,ORD000829,P008,1,1799
ITEM001515,ORD000829,P007,1,999
ITEM001516,ORD000830,P003,1,1299
ITEM001517,ORD000830,P001,1,2499
ITEM001518,ORD000831,P005,1,699
ITEM001519,ORD000831,P003,1,1299
ITEM001520,ORD000832,P007,1,999
ITEM001521,ORD000832,P005,1,699
ITEM001522,ORD000833,P001,1,2499
ITEM001523,ORD000833,P002,1,3999
ITEM001524,ORD000833,P009,1,1499
ITEM001525,ORD000834,P004,1,499
ITEM001526,ORD000834,P009,1,1499
ITEM001527,ORD000835,P003,1,1299
ITEM001528,ORD000835,P010,1,899
ITEM001529,ORD000835,P008,1,1799
ITEM001530,ORD000836,P001,1,2499
ITEM001531,ORD000836,P003,1,1299
ITEM001532,ORD000837,P001,1,2499
ITEM001533,ORD000837,P010,1,899
ITEM001534,ORD000838,P001,1,2499
ITEM001535,ORD000838,P005,1,699
ITEM001536,ORD000839,P010,1,899
ITEM001537,ORD000839,P001,1,2499
ITEM001538,ORD000840,P001,1,2499
ITEM001539,ORD000840,P002,1,3999
ITEM001540,ORD000841,P001,1,2499
ITEM001541,ORD000841,P008,1,1799
ITEM001542,ORD000842,P010,1,899
ITEM001543,ORD000843,P006,1,2999
ITEM001544,ORD000844,P001,1,2499
ITEM001545,ORD000844,P004,1,499
ITEM001546,ORD000845,P007,1,999
ITEM001547,ORD000846,P001,1,2499
ITEM001548,ORD000846,P006,1,2999
ITEM001549,ORD000847,P007,1,999
ITEM001550,ORD000847,P003,1,1299
ITEM001551,ORD000848,P003,1,1299
ITEM001552,ORD000848,P006,1,2999
ITEM001553,ORD000849,P007,1,999
ITEM001554,ORD000849,P008,1,1799
ITEM001555,ORD000850,P003,1,1299
ITEM001556,ORD000851,P003,1,1299
ITEM001557,ORD000852,P001,1,2499
ITEM001558,ORD000853,P006,1,2999
ITEM001559,ORD000854,P001,1,2499
ITEM001560,ORD000854,P004,1,499
ITEM001561,ORD000855,P001,1,2499
ITEM001562,ORD000855,P005,1,699
ITEM001563,ORD000856,P001,1,2499
ITEM001564,ORD000856,P002,1,3999
ITEM001565,ORD000857,P010,1,899
ITEM001566,ORD000858,P004,1,499
ITEM001567,ORD000859,P005,1,699
ITEM001568,ORD000860,P002,1,3999
ITEM001569,ORD000860,P005,1,699
ITEM001570,ORD000861,P008,1,1799
ITEM001571,ORD000862,P010,1,899
ITEM001572,ORD000863,P008,1,1799
ITEM001573,ORD000864,P001,1,2499
ITEM001574,ORD000864,P006,1,2999
ITEM001575,ORD000865,P010,1,899
ITEM001576,ORD000866,P006,1,2999
ITEM001577,ORD000866,P002,1,3999
ITEM001578,ORD000867,P001,1,2499
ITEM001579,ORD000867,P005,1,699
ITEM001580,ORD000867,P008,1,1799
ITEM001581,ORD000868,P005,1,699
ITEM001582,ORD000868,P003,1,1299
ITEM001583,ORD000868,P006,1,2999
ITEM001584,ORD000869,P006,1,2999
ITEM001585,ORD000870,P001,1,2499
ITEM001586,ORD000870,P006,1,2999
ITEM001587,ORD000871,P007,1,999
ITEM001588,ORD000872,P002,1,3999
ITEM001589,ORD000872,P007,1,999
ITEM001590,ORD000872,P001,1,2499
ITEM001591,ORD000873,P007,1,999
ITEM001592,ORD000874,P001,1,2499
ITEM001593,ORD000874,P008,1,1799
ITEM001594,ORD000875,P003,1,1299
ITEM001595,ORD000875,P001,1,2499
ITEM001596,ORD000876,P002,1,3999
ITEM001597,ORD000876,P010,1,899
ITEM001598,ORD000877,P002,1,3999
ITEM001599,ORD000877,P006,1,2999
ITEM001600,ORD000878,P004,1,499
ITEM001601,ORD000878,P006,1,2999
ITEM001602,ORD000879,P004,1,499
ITEM001603,ORD000879,P007,1,999
ITEM001604,ORD000880,P003,1,1299
ITEM001605,ORD000880,P001,1,2499
ITEM001606,ORD000881,P009,1,1499
ITEM001607,ORD000881,P008,1,1799
ITEM001608,ORD000882,P008,1,1799
ITEM001609,ORD000882,P009,1,1499
ITEM001610,ORD000883,P001,1,2499
ITEM001611,ORD000883,P010,1,899
ITEM001612,ORD000883,P006,1,2999
ITEM001613,ORD000884,P010,1,899
ITEM001614,ORD000884,P008,1,1799
ITEM001615,ORD000885,P001,1,2499
ITEM001616,ORD000885,P004,1,499
ITEM001617,ORD000886,P002,1,3999
ITEM001618,ORD000887,P001,1,2499
ITEM001619,ORD000887,P010,1,899
ITEM001620,ORD000888,P001,1,2499
ITEM001621,ORD000889,P003,1,1299
ITEM001622,ORD000889,P008,1,1799
ITEM001623,ORD000890,P003,1,1299
ITEM001624,ORD000891,P008,1,1799
ITEM001625,ORD000891,P002,1,3999
ITEM001626,ORD000892,P004,1,499
ITEM001627,ORD000892,P006,1,2999
ITEM001628,ORD000893,P001,1,2499
ITEM001629,ORD000893,P004,1,499
ITEM001630,ORD000894,P004,1,499
ITEM001631,ORD000894,P005,1,699
ITEM001632,ORD000894,P008,1,1799
ITEM001633,ORD000895,P008,1,1799
ITEM001634,ORD000895,P002,1,3999
ITEM001635,ORD000896,P001,1,2499
ITEM001636,ORD000896,P006,1,2999
ITEM001637,ORD000897,P006,1,2999
ITEM001638,ORD000898,P001,1,2499
ITEM001639,ORD000898,P004,1,499
ITEM001640,ORD000899,P010,1,899
ITEM001641,ORD000899,P004,1,499
ITEM001642,ORD000900,P001,1,2499
ITEM001643,ORD000900,P009,1,1499
ITEM001644,ORD000901,P010,1,899
ITEM001645,ORD000901,P005,1,699
ITEM001646,ORD000902,P001,1,2499
ITEM001647,ORD000902,P010,1,899
ITEM001648,ORD000903,P002,1,3999
ITEM001649,ORD000904,P010,1,899
ITEM001650,ORD000904,P002,1,3999
ITEM001651,ORD000905,P004,1,499
ITEM001652,ORD000905,P005,1,699
ITEM001653,ORD000905,P002,1,3999
ITEM001654,ORD000906,P001,1,2499
ITEM001655,ORD000906,P006,1,2999
ITEM001656,ORD000907,P003,1,1299
ITEM001657,ORD000907,P006,1,2999
ITEM001658,ORD000908,P001,1,2499
ITEM001659,ORD000909,P003,1,1299
ITEM001660,ORD000910,P008,1,1799
ITEM001661,ORD000911,P010,1,899
ITEM001662,ORD000911,P005,1,699
ITEM001663,ORD000912,P010,1,899
ITEM001664,ORD000912,P002,1,3999
ITEM001665,ORD000913,P001,1,2499
ITEM001666,ORD000913,P004,1,499
ITEM001667,ORD000914,P001,1,2499
ITEM001668,ORD000915,P010,1,899
ITEM001669,ORD000915,P007,1,999
ITEM001670,ORD000916,P001,1,2499
ITEM001671,ORD000916,P007,1,999
ITEM001672,ORD000917,P002,1,3999
ITEM001673,ORD000917,P007,1,999
ITEM001674,ORD000917,P006,1,2999
ITEM001675,ORD000918,P001,1,2499
ITEM001676,ORD000918,P009,1,1499
ITEM001677,ORD000919,P003,1,1299
ITEM001678,ORD000920,P001,1,2499
ITEM001679,ORD000920,P010,1,899
ITEM001680,ORD000920,P005,1,699
ITEM001681,ORD000921,P001,1,2499
ITEM001682,ORD000921,P006,1,2999
ITEM001683,ORD000921,P007,1,999
ITEM001684,ORD000922,P001,1,2499
ITEM001685,ORD000923,P001,1,2499
ITEM001686,ORD000924,P005,1,699
ITEM001687,ORD000924,P010,1,899
ITEM001688,ORD000924,P009,1,1499
ITEM001689,ORD000925,P009,1,1499
ITEM001690,ORD000926,P007,1,999
ITEM001691,ORD000926,P006,1,2999
ITEM001692,ORD000926,P002,1,3999
ITEM001693,ORD000927,P004,1,499
ITEM001694,ORD000928,P001,1,2499
ITEM001695,ORD000928,P004,1,499
ITEM001696,ORD000929,P003,1,1299
ITEM001697,ORD000930,P003,1,1299
ITEM001698,ORD000931,P004,1,499
ITEM001699,ORD000932,P003,1,1299
ITEM001700,ORD000933,P007,1,999
ITEM001701,ORD000934,P010,1,899
ITEM001702,ORD000934,P008,1,1799
ITEM001703,ORD000934,P007,1,999
ITEM001704,ORD000935,P008,1,1799
ITEM001705,ORD000935,P003,1,1299
ITEM001706,ORD000936,P001,1,2499
ITEM001707,ORD000937,P002,1,3999
ITEM001708,ORD000938,P006,1,2999
ITEM001709,ORD000938,P003,1,1299
ITEM001710,ORD000939,P009,1,1499
ITEM001711,ORD000939,P004,1,499
ITEM001712,ORD000939,P003,1,1299
ITEM001713,ORD000940,P004,1,499
ITEM001714,ORD000940,P002,1,3999
ITEM001715,ORD000940,P003,1,1299
ITEM001716,ORD000941,P003,1,1299
ITEM001717,ORD000941,P009,1,1499
ITEM001718,ORD000941,P007,1,999
ITEM001719,ORD000942,P005,1,699
ITEM001720,ORD000943,P004,1,499
ITEM001721,ORD000944,P001,1,2499
ITEM001722,ORD000944,P010,1,899
ITEM001723,ORD000945,P001,1,2499
ITEM001724,ORD000945,P008,1,1799
ITEM001725,ORD000946,P010,1,899
ITEM001726,ORD000946,P004,1,499
ITEM001727,ORD000947,P003,1,1299
ITEM001728,ORD000948,P002,1,3999
ITEM001729,ORD000948,P005,1,699
ITEM001730,ORD000948,P006,1,2999
ITEM001731,ORD000949,P002,1,3999
ITEM001732,ORD000950,P005,1,699
ITEM001733,ORD000951,P002,1,3999
ITEM001734,ORD000952,P001,1,2499
ITEM001735,ORD000952,P004,1,499
ITEM001736,ORD000953,P005,1,699
ITEM001737,ORD000954,P003,1,1299
ITEM001738,ORD000955,P008,1,1799
ITEM001739,ORD000956,P003,1,1299
ITEM001740,ORD000956,P002,1,3999
ITEM001741,ORD000957,P004,1,499
ITEM001742,ORD000957,P005,1,699
ITEM001743,ORD000957,P008,1,1799
ITEM001744,ORD000958,P001,1,2499
ITEM001745,ORD000958,P006,1,2999
ITEM001746,ORD000958,P007,1,999
ITEM001747,ORD000959,P004,1,499
ITEM001748,ORD000960,P007,1,999
ITEM001749,ORD000960,P006,1,2999
ITEM001750,ORD000960,P005,1,699
ITEM001751,ORD000961,P009,1,1499
ITEM001752,ORD000962,P002,1,3999
ITEM001753,ORD000962,P001,1,2499
ITEM001754,ORD000963,P005,1,699
ITEM001755,ORD000964,P002,1,3999
ITEM001756,ORD000964,P009,1,1499
ITEM001757,ORD000965,P001,1,2499
ITEM001758,ORD000965,P008,1,1799
ITEM001759,ORD000966,P005,1,699
ITEM001760,ORD000966,P008,1,1799
ITEM001761,ORD000967,P001,1,2499
ITEM001762,ORD000967,P002,1,3999
ITEM001763,ORD000968,P001,1,2499
ITEM001764,ORD000968,P004,1,499
ITEM001765,ORD000969,P008,1,1799
ITEM001766,ORD000969,P005,1,699
ITEM001767,ORD000970,P003,1,1299
ITEM001768,ORD000970,P004,1,499
ITEM001769,ORD000970,P006,1,2999
ITEM001770,ORD000971,P009,1,1499
ITEM001771,ORD000971,P008,1,1799
ITEM001772,ORD000972,P009,1,1499
ITEM001773,ORD000972,P008,1,1799
ITEM001774,ORD000972,P002,1,3999
ITEM001775,ORD000973,P008,1,1799
ITEM001776,ORD000973,P003,1,1299
ITEM001777,ORD000974,P001,1,2499
ITEM001778,ORD000974,P005,1,699
ITEM001779,ORD000975,P008,1,1799
ITEM001780,ORD000975,P004,1,499
ITEM001781,ORD000976,P007,1,999
ITEM001782,ORD000976,P001,1,2499
ITEM001783,ORD000977,P006,1,2999
ITEM001784,ORD000977,P004,1,499
ITEM001785,ORD000977,P002,1,3999
ITEM001786,ORD000978,P006,1,2999
ITEM001787,ORD000978,P005,1,699
ITEM001788,ORD000978,P004,1,499
ITEM001789,ORD000979,P001,1,2499
ITEM001790,ORD000979,P004,1,499
ITEM001791,ORD000979,P006,1,2999
ITEM001792,ORD000980,P001,1,2499
ITEM001793,ORD000980,P002,1,3999
ITEM001794,ORD000981,P001,1,2499
ITEM001795,ORD000981,P004,1,499
ITEM001796,ORD000982,P006,1,2999
ITEM001797,ORD000982,P005,1,699
ITEM001798,ORD000983,P008,1,1799
ITEM001799,ORD000983,P009,1,1499
ITEM001800,ORD000983,P003,1,1299
ITEM001801,ORD000984,P001,1,2499
ITEM001802,ORD000984,P004,1,499
ITEM001803,ORD000985,P008,1,1799
ITEM001804,ORD000986,P001,1,2499
ITEM001805,ORD000986,P008,1,1799
ITEM001806,ORD000987,P007,1,999
ITEM001807,ORD000987,P008,1,1799
ITEM001808,ORD000988,P001,1,2499
ITEM001809,ORD000988,P005,1,699
ITEM001810,ORD000989,P002,1,3999
ITEM001811,ORD000990,P004,1,499
ITEM001812,ORD000991,P005,1,699
ITEM001813,ORD000992,P007,1,999
ITEM001814,ORD000992,P010,1,899
ITEM001815,ORD000992,P008,1,1799
ITEM001816,ORD000993,P005,1,699
ITEM001817,ORD000994,P009,1,1499
ITEM001818,ORD000994,P010,1,899
ITEM001819,ORD000995,P001,1,2499
ITEM001820,ORD000995,P009,1,1499
ITEM001821,ORD000996,P004,1,499
ITEM001822,ORD000997,P007,1,999
ITEM001823,ORD000997,P002,1,3999
ITEM001824,ORD000998,P001,1,2499
ITEM001825,ORD000999,P004,1,499
ITEM001826,ORD000999,P003,1,1299
ITEM001827,ORD001000,P006,1,2999
ITEM001828,ORD001001,P003,1,1299
ITEM001829,ORD001002,P001,1,2499
ITEM001830,ORD001003,P001,1,2499
ITEM001831,ORD001003,P004,1,499
ITEM001832,ORD001003,P007,1,999
ITEM001833,ORD001004,P003,1,1299
ITEM001834,ORD001005,P004,1,499
ITEM001835,ORD001005,P006,1,2999
ITEM001836,ORD001006,P007,1,999
ITEM001837,ORD001007,P001,1,2499
ITEM001838,ORD001008,P009,1,1499
ITEM001839,ORD001009,P009,1,1499
ITEM001840,ORD001010,P001,1,2499
ITEM001841,ORD001011,P001,1,2499
ITEM001842,ORD001011,P004,1,499
ITEM001843,ORD001011,P006,1,2999
ITEM001844,ORD001012,P006,1,2999
ITEM001845,ORD001013,P008,1,1799
ITEM001846,ORD001014,P006,1,2999
ITEM001847,ORD001015,P005,1,699
ITEM001848,ORD001015,P007,1,999
ITEM001849,ORD001016,P001,1,2499
ITEM001850,ORD001016,P010,1,899
ITEM001851,ORD001016,P009,1,1499
ITEM001852,ORD001017,P001,1,2499
ITEM001853,ORD001017,P006,1,2999
ITEM001854,ORD001018,P001,1,2499
ITEM001855,ORD001018,P006,1,2999
ITEM001856,ORD001018,P005,1,699
ITEM001857,ORD001019,P001,1,2499
ITEM001858,ORD001019,P004,1,499
ITEM001859,ORD001020,P004,1,499
ITEM001860,ORD001020,P007,1,999
ITEM001861,ORD001021,P004,1,499
ITEM001862,ORD001022,P003,1,1299
ITEM001863,ORD001022,P002,1,3999
ITEM001864,ORD001022,P008,1,1799
ITEM001865,ORD001023,P003,1,1299
ITEM001866,ORD001023,P001,1,2499
ITEM001867,ORD001023,P004,1,499
ITEM001868,ORD001024,P005,1,699
ITEM001869,ORD001024,P003,1,1299
ITEM001870,ORD001025,P001,1,2499
ITEM001871,ORD001025,P010,1,899
ITEM001872,ORD001026,P006,1,2999
ITEM001873,ORD001026,P010,1,899
ITEM001874,ORD001027,P001,1,2499
ITEM001875,ORD001027,P002,1,3999
ITEM001876,ORD001028,P001,1,2499
ITEM001877,ORD001029,P007,1,999
ITEM001878,ORD001029,P003,1,1299
ITEM001879,ORD001030,P001,1,2499
ITEM001880,ORD001030,P005,1,699
ITEM001881,ORD001031,P003,1,1299
ITEM001882,ORD001031,P007,1,999
ITEM001883,ORD001032,P003,1,1299
ITEM001884,ORD001032,P010,1,899
ITEM001885,ORD001033,P006,1,2999
ITEM001886,ORD001034,P008,1,1799
ITEM001887,ORD001034,P003,1,1299
ITEM001888,ORD001035,P001,1,2499
ITEM001889,ORD001035,P008,1,1799
ITEM001890,ORD001036,P001,1,2499
ITEM001891,ORD001036,P010,1,899
ITEM001892,ORD001037,P001,1,2499
ITEM001893,ORD001037,P008,1,1799
ITEM001894,ORD001038,P009,1,1499
ITEM001895,ORD001038,P010,1,899
ITEM001896,ORD001038,P007,1,999
ITEM001897,ORD001039,P004,1,499
ITEM001898,ORD001040,P004,1,499
ITEM001899,ORD001041,P001,1,2499
ITEM001900,ORD001041,P010,1,899
ITEM001901,ORD001042,P002,1,3999
ITEM001902,ORD001043,P001,1,2499
ITEM001903,ORD001043,P009,1,1499
ITEM001904,ORD001044,P010,1,899
ITEM001905,ORD001044,P001,1,2499
ITEM001906,ORD001044,P003,1,1299
ITEM001907,ORD001045,P001,1,2499
ITEM001908,ORD001045,P008,1,1799
ITEM001909,ORD001046,P006,1,2999
ITEM001910,ORD001047,P004,1,499
ITEM001911,ORD001048,P009,1,1499
ITEM001912,ORD001048,P008,1,1799
ITEM001913,ORD001049,P004,1,499
ITEM001914,ORD001050,P001,1,2499
ITEM001915,ORD001050,P005,1,699
ITEM001916,ORD001051,P005,1,699
ITEM001917,ORD001052,P007,1,999
ITEM001918,ORD001052,P006,1,2999
ITEM001919,ORD001052,P008,1,1799
ITEM001920,ORD001053,P001,1,2499
ITEM001921,ORD001054,P003,1,1299
ITEM001922,ORD001055,P008,1,1799
ITEM001923,ORD001056,P003,1,1299
ITEM001924,ORD001057,P001,1,2499
ITEM001925,ORD001058,P005,1,699
ITEM001926,ORD001058,P004,1,499
ITEM001927,ORD001059,P007,1,999
ITEM001928,ORD001059,P005,1,699
ITEM001929,ORD001060,P006,1,2999
ITEM001930,ORD001060,P005,1,699
ITEM001931,ORD001060,P002,1,3999
ITEM001932,ORD001061,P003,1,1299
ITEM001933,ORD001061,P005,1,699
ITEM001934,ORD001062,P006,1,2999
ITEM001935,ORD001063,P010,1,899
ITEM001936,ORD001064,P010,1,899
ITEM001937,ORD001064,P003,1,1299
ITEM001938,ORD001065,P001,1,2499
ITEM001939,ORD001065,P004,1,499
ITEM001940,ORD001066,P001,1,2499
ITEM001941,ORD001066,P006,1,2999
ITEM001942,ORD001067,P001,1,2499
ITEM001943,ORD001068,P002,1,3999
ITEM001944,ORD001069,P003,1,1299
ITEM001945,ORD001070,P009,1,1499
ITEM001946,ORD001070,P006,1,2999
ITEM001947,ORD001070,P002,1,3999
ITEM001948,ORD001071,P001,1,2499
ITEM001949,ORD001072,P007,1,999
ITEM001950,ORD001072,P010,1,899
ITEM001951,ORD001073,P004,1,499
ITEM001952,ORD001073,P007,1,999
ITEM001953,ORD001074,P009,1,1499
ITEM001954,ORD001074,P010,1,899
ITEM001955,ORD001075,P001,1,2499
ITEM001956,ORD001076,P001,1,2499
ITEM001957,ORD001077,P001,1,2499
ITEM001958,ORD001077,P002,1,3999
ITEM001959,ORD001077,P008,1,1799
ITEM001960,ORD001078,P007,1,999
ITEM001961,ORD001079,P001,1,2499
ITEM001962,ORD001079,P008,1,1799
ITEM001963,ORD001080,P007,1,999
ITEM001964,ORD001080,P002,1,3999
ITEM001965,ORD001080,P003,1,1299
ITEM001966,ORD001081,P001,1,2499
ITEM001967,ORD001082,P009,1,1499
ITEM001968,ORD001082,P003,1,1299
ITEM001969,ORD001083,P001,1,2499
ITEM001970,ORD001084,P003,1,1299
ITEM001971,ORD001085,P004,1,499
ITEM001972,ORD001086,P006,1,2999
ITEM001973,ORD001086,P008,1,1799
ITEM001974,ORD001087,P008,1,1799
ITEM001975,ORD001087,P007,1,999
ITEM001976,ORD001088,P010,1,899
ITEM001977,ORD001089,P008,1,1799
ITEM001978,ORD001089,P007,1,999
ITEM001979,ORD001090,P007,1,999
ITEM001980,ORD001090,P008,1,1799
ITEM001981,ORD001091,P006,1,2999
ITEM001982,ORD001091,P003,1,1299
ITEM001983,ORD001091,P007,1,999
ITEM001984,ORD001092,P001,1,2499
ITEM001985,ORD001092,P010,1,899
ITEM001986,ORD001092,P009,1,1499
ITEM001987,ORD001093,P008,1,1799
ITEM001988,ORD001093,P005,1,699
ITEM001989,ORD001094,P006,1,2999
ITEM001990,ORD001094,P001,1,2499
ITEM001991,ORD001095,P001,1,2499
ITEM001992,ORD001095,P005,1,699
ITEM001993,ORD001096,P001,1,2499
ITEM001994,ORD001096,P004,1,499
ITEM001995,ORD001097,P001,1,2499
ITEM001996,ORD001097,P004,1,499
ITEM001997,ORD001098,P001,1,2499
ITEM001998,ORD001098,P006,1,2999
ITEM001999,ORD001099,P005,1,699
ITEM002000,ORD001099,P003,1,1299
ITEM002001,ORD001099,P007,1,999
ITEM002002,ORD001100,P005,1,699
ITEM002003,ORD001100,P008,1,1799
ITEM002004,ORD001100,P009,1,1499
ITEM002005,ORD001101,P004,1,499
ITEM002006,ORD001101,P009,1,1499
ITEM002007,ORD001102,P010,1,899
ITEM002008,ORD001102,P004,1,499
ITEM002009,ORD001103,P006,1,2999
ITEM002010,ORD001103,P007,1,999
ITEM002011,ORD001104,P003,1,1299
ITEM002012,ORD001104,P007,1,999
ITEM002013,ORD001104,P005,1,699
ITEM002014,ORD001105,P001,1,2499
ITEM002015,ORD001105,P009,1,1499
ITEM002016,ORD001106,P008,1,1799
ITEM002017,ORD001107,P002,1,3999
ITEM002018,ORD001108,P010,1,899
ITEM002019,ORD001108,P003,1,1299
ITEM002020,ORD001109,P006,1,2999
ITEM002021,ORD001109,P002,1,3999
ITEM002022,ORD001109,P001,1,2499
ITEM002023,ORD001110,P005,1,699
ITEM002024,ORD001110,P003,1,1299
ITEM002025,ORD001111,P004,1,499
ITEM002026,ORD001111,P006,1,2999
ITEM002027,ORD001112,P001,1,2499
ITEM002028,ORD001113,P001,1,2499
ITEM002029,ORD001113,P010,1,899
ITEM002030,ORD001113,P005,1,699
ITEM002031,ORD001114,P005,1,699
ITEM002032,ORD001115,P010,1,899
ITEM002033,ORD001116,P010,1,899
ITEM002034,ORD001116,P008,1,1799
ITEM002035,ORD001117,P002,1,3999
ITEM002036,ORD001118,P004,1,499
ITEM002037,ORD001118,P006,1,2999
ITEM002038,ORD001119,P001,1,2499
ITEM002039,ORD001119,P005,1,699
ITEM002040,ORD001120,P004,1,499
ITEM002041,ORD001120,P006,1,2999
ITEM002042,ORD001121,P001,1,2499
ITEM002043,ORD001121,P007,1,999
ITEM002044,ORD001122,P003,1,1299
ITEM002045,ORD001122,P005,1,699
ITEM002046,ORD001123,P001,1,2499
ITEM002047,ORD001123,P002,1,3999
ITEM002048,ORD001124,P003,1,1299
ITEM002049,ORD001124,P010,1,899
ITEM002050,ORD001124,P009,1,1499
ITEM002051,ORD001125,P008,1,1799
ITEM002052,ORD001126,P001,1,2499
ITEM002053,ORD001127,P001,1,2499
ITEM002054,ORD001127,P010,1,899
ITEM002055,ORD001128,P003,1,1299
ITEM002056,ORD001129,P001,1,2499
ITEM002057,ORD001129,P007,1,999
ITEM002058,ORD001129,P006,1,2999
ITEM002059,ORD001130,P001,1,2499
ITEM002060,ORD001130,P005,1,699
ITEM002061,ORD001131,P001,1,2499
ITEM002062,ORD001131,P007,1,999
ITEM002063,ORD001131,P002,1,3999
ITEM002064,ORD001132,P001,1,2499
ITEM002065,ORD001132,P003,1,1299
ITEM002066,ORD001133,P001,1,2499
ITEM002067,ORD001133,P009,1,1499
ITEM002068,ORD001134,P004,1,499
ITEM002069,ORD001134,P006,1,2999
ITEM002070,ORD001135,P001,1,2499
ITEM002071,ORD001135,P004,1,499
ITEM002072,ORD001136,P008,1,1799
ITEM002073,ORD001136,P006,1,2999
ITEM002074,ORD001137,P001,1,2499
ITEM002075,ORD001137,P005,1,699
ITEM002076,ORD001138,P004,1,499
ITEM002077,ORD001139,P007,1,999
ITEM002078,ORD001139,P005,1,699
ITEM002079,ORD001140,P002,1,3999
ITEM002080,ORD001140,P006,1,2999
ITEM002081,ORD001141,P006,1,2999
ITEM002082,ORD001142,P010,1,899
ITEM002083,ORD001142,P006,1,2999
ITEM002084,ORD001143,P004,1,499
ITEM002085,ORD001143,P006,1,2999
ITEM002086,ORD001144,P003,1,1299
ITEM002087,ORD001145,P002,1,3999
ITEM002088,ORD001145,P005,1,699
ITEM002089,ORD001146,P004,1,499
ITEM002090,ORD001146,P003,1,1299
ITEM002091,ORD001147,P001,1,2499
ITEM002092,ORD001147,P005,1,699
ITEM002093,ORD001148,P002,1,3999
ITEM002094,ORD001149,P001,1,2499
ITEM002095,ORD001149,P004,1,499
ITEM002096,ORD001150,P003,1,1299
ITEM002097,ORD001151,P005,1,699
ITEM002098,ORD001151,P007,1,999
ITEM002099,ORD001152,P010,1,899
ITEM002100,ORD001152,P004,1,499
ITEM002101,ORD001152,P001,1,2499
ITEM002102,ORD001153,P007,1,999
ITEM002103,ORD001153,P010,1,899
ITEM002104,ORD001154,P007,1,999
ITEM002105,ORD001154,P005,1,699
ITEM002106,ORD001154,P009,1,1499
ITEM002107,ORD001155,P004,1,499
ITEM002108,ORD001155,P007,1,999
ITEM002109,ORD001155,P003,1,1299
ITEM002110,ORD001156,P006,1,2999
ITEM002111,ORD001156,P007,1,999
ITEM002112,ORD001157,P004,1,499
ITEM002113,ORD001158,P001,1,2499
ITEM002114,ORD001158,P007,1,999
ITEM002115,ORD001158,P010,1,899
ITEM002116,ORD001159,P008,1,1799
ITEM002117,ORD001160,P001,1,2499
ITEM002118,ORD001160,P007,1,999
ITEM002119,ORD001161,P010,1,899
ITEM002120,ORD001161,P007,1,999
ITEM002121,ORD001162,P009,1,1499
ITEM002122,ORD001162,P010,1,899
ITEM002123,ORD001163,P004,1,499
ITEM002124,ORD001163,P010,1,899
ITEM002125,ORD001164,P007,1,999
ITEM002126,ORD001165,P004,1,499
ITEM002127,ORD001166,P005,1,699
ITEM002128,ORD001166,P007,1,999
ITEM002129,ORD001166,P002,1,3999
ITEM002130,ORD001167,P010,1,899
ITEM002131,ORD001167,P001,1,2499
ITEM002132,ORD001168,P001,1,2499
ITEM002133,ORD001169,P010,1,899
ITEM002134,ORD001170,P007,1,999
ITEM002135,ORD001170,P004,1,499
ITEM002136,ORD001170,P002,1,3999
ITEM002137,ORD001171,P004,1,499
ITEM002138,ORD001172,P010,1,899
ITEM002139,ORD001173,P006,1,2999
ITEM002140,ORD001173,P010,1,899
ITEM002141,ORD001173,P001,1,2499
ITEM002142,ORD001174,P002,1,3999
ITEM002143,ORD001174,P007,1,999
ITEM002144,ORD001175,P004,1,499
ITEM002145,ORD001175,P008,1,1799
ITEM002146,ORD001176,P007,1,999
ITEM002147,ORD001176,P002,1,3999
ITEM002148,ORD001177,P001,1,2499
ITEM002149,ORD001178,P001,1,2499
ITEM002150,ORD001178,P004,1,499
ITEM002151,ORD001179,P009,1,1499
ITEM002152,ORD001180,P003,1,1299
ITEM002153,ORD001181,P006,1,2999
ITEM002154,ORD001181,P004,1,499
ITEM002155,ORD001182,P001,1,2499
ITEM002156,ORD001182,P003,1,1299
ITEM002157,ORD001182,P008,1,1799
ITEM002158,ORD001183,P002,1,3999
ITEM002159,ORD001184,P005,1,699
ITEM002160,ORD001185,P002,1,3999
ITEM002161,ORD001185,P008,1,1799
ITEM002162,ORD001186,P003,1,1299
ITEM002163,ORD001186,P001,1,2499
ITEM002164,ORD001187,P003,1,1299
ITEM002165,ORD001187,P008,1,1799
ITEM002166,ORD001188,P002,1,3999
ITEM002167,ORD001188,P006,1,2999
ITEM002168,ORD001189,P001,1,2499
ITEM002169,ORD001190,P006,1,2999
ITEM002170,ORD001190,P001,1,2499
ITEM002171,ORD001190,P005,1,699
ITEM002172,ORD001191,P008,1,1799
ITEM002173,ORD001192,P008,1,1799
ITEM002174,ORD001193,P005,1,699
ITEM002175,ORD001194,P002,1,3999
ITEM002176,ORD001194,P003,1,1299
ITEM002177,ORD001195,P003,1,1299
ITEM002178,ORD001195,P001,1,2499
ITEM002179,ORD001196,P001,1,2499
ITEM002180,ORD001197,P009,1,1499
ITEM002181,ORD001198,P001,1,2499
ITEM002182,ORD001198,P004,1,499
ITEM002183,ORD001199,P008,1,1799
ITEM002184,ORD001200,P006,1,2999
ITEM002185,ORD001200,P010,1,899
ITEM002186,ORD001201,P001,1,2499
ITEM002187,ORD001201,P010,1,899
ITEM002188,ORD001202,P001,1,2499
ITEM002189,ORD001202,P009,1,1499
ITEM002190,ORD001203,P006,1,2999
ITEM002191,ORD001203,P007,1,999
ITEM002192,ORD001204,P006,1,2999
ITEM002193,ORD001205,P001,1,2499
ITEM002194,ORD001205,P004,1,499
ITEM002195,ORD001206,P008,1,1799
ITEM002196,ORD001207,P006,1,2999
ITEM002197,ORD001208,P001,1,2499
ITEM002198,ORD001209,P001,1,2499
ITEM002199,ORD001209,P010,1,899
ITEM002200,ORD001209,P003,1,1299
ITEM002201,ORD001210,P006,1,2999
ITEM002202,ORD001210,P009,1,1499
ITEM002203,ORD001211,P004,1,499
ITEM002204,ORD001211,P006,1,2999
ITEM002205,ORD001211,P008,1,1799
ITEM002206,ORD001212,P001,1,2499
ITEM002207,ORD001212,P004,1,499
ITEM002208,ORD001212,P009,1,1499
ITEM002209,ORD001213,P007,1,999
ITEM002210,ORD001213,P009,1,1499
ITEM002211,ORD001214,P001,1,2499
ITEM002212,ORD001214,P007,1,999
ITEM002213,ORD001214,P006,1,2999
ITEM002214,ORD001215,P008,1,1799
ITEM002215,ORD001215,P003,1,1299
ITEM002216,ORD001216,P004,1,499
ITEM002217,ORD001216,P001,1,2499
ITEM002218,ORD001217,P004,1,499
ITEM002219,ORD001217,P001,1,2499
ITEM002220,ORD001218,P005,1,699
ITEM002221,ORD001218,P006,1,2999
ITEM002222,ORD001219,P009,1,1499
ITEM002223,ORD001219,P003,1,1299
ITEM002224,ORD001220,P006,1,2999
ITEM002225,ORD001220,P002,1,3999
ITEM002226,ORD001220,P005,1,699
ITEM002227,ORD001221,P001,1,2499
ITEM002228,ORD001221,P004,1,499
ITEM002229,ORD001222,P005,1,699
ITEM002230,ORD001223,P007,1,999
ITEM002231,ORD001224,P007,1,999
ITEM002232,ORD001224,P008,1,1799
ITEM002233,ORD001224,P010,1,899
ITEM002234,ORD001225,P008,1,1799
ITEM002235,ORD001226,P010,1,899
ITEM002236,ORD001226,P009,1,1499
ITEM002237,ORD001227,P008,1,1799
ITEM002238,ORD001227,P002,1,3999
ITEM002239,ORD001228,P001,1,2499
ITEM002240,ORD001228,P003,1,1299
ITEM002241,ORD001228,P004,1,499
ITEM002242,ORD001229,P006,1,2999
ITEM002243,ORD001229,P004,1,499
ITEM002244,ORD001230,P001,1,2499
ITEM002245,ORD001231,P001,1,2499
ITEM002246,ORD001231,P002,1,3999
ITEM002247,ORD001232,P007,1,999
ITEM002248,ORD001233,P004,1,499
ITEM002249,ORD001233,P008,1,1799
ITEM002250,ORD001234,P008,1,1799
ITEM002251,ORD001234,P001,1,2499
ITEM002252,ORD001235,P008,1,1799
ITEM002253,ORD001236,P001,1,2499
ITEM002254,ORD001237,P001,1,2499
ITEM002255,ORD001238,P009,1,1499
ITEM002256,ORD001239,P001,1,2499
ITEM002257,ORD001240,P001,1,2499
ITEM002258,ORD001240,P007,1,999
ITEM002259,ORD001240,P010,1,899
ITEM002260,ORD001241,P001,1,2499
ITEM002261,ORD001241,P002,1,3999
ITEM002262,ORD001242,P001,1,2499
ITEM002263,ORD001242,P008,1,1799
ITEM002264,ORD001243,P002,1,3999
ITEM002265,ORD001243,P006,1,2999
ITEM002266,ORD001244,P007,1,999
ITEM002267,ORD001245,P001,1,2499
ITEM002268,ORD001245,P008,1,1799
ITEM002269,ORD001245,P010,1,899
ITEM002270,ORD001246,P001,1,2499
ITEM002271,ORD001246,P002,1,3999
ITEM002272,ORD001247,P002,1,3999
ITEM002273,ORD001247,P001,1,2499
ITEM002274,ORD001248,P001,1,2499
ITEM002275,ORD001249,P001,1,2499
ITEM002276,ORD001249,P007,1,999
ITEM002277,ORD001250,P001,1,2499
ITEM002278,ORD001250,P006,1,2999
ITEM002279,ORD001251,P007,1,999
ITEM002280,ORD001252,P009,1,1499
ITEM002281,ORD001253,P006,1,2999
ITEM002282,ORD001253,P004,1,499
ITEM002283,ORD001254,P001,1,2499
ITEM002284,ORD001255,P001,1,2499
ITEM002285,ORD001255,P007,1,999
ITEM002286,ORD001255,P006,1,2999
ITEM002287,ORD001256,P006,1,2999
ITEM002288,ORD001256,P003,1,1299
ITEM002289,ORD001257,P009,1,1499
ITEM002290,ORD001257,P007,1,999
ITEM002291,ORD001258,P003,1,1299
ITEM002292,ORD001258,P010,1,899
ITEM002293,ORD001258,P005,1,699
ITEM002294,ORD001259,P001,1,2499
ITEM002295,ORD001259,P005,1,699
ITEM002296,ORD001259,P010,1,899
ITEM002297,ORD001260,P001,1,2499
ITEM002298,ORD001261,P005,1,699
ITEM002299,ORD001262,P009,1,1499
ITEM002300,ORD001262,P002,1,3999
ITEM002301,ORD001262,P004,1,499
ITEM002302,ORD001263,P005,1,699
ITEM002303,ORD001263,P002,1,3999
ITEM002304,ORD001264,P001,1,2499
ITEM002305,ORD001264,P004,1,499
ITEM002306,ORD001265,P001,1,2499
ITEM002307,ORD001265,P002,1,3999
ITEM002308,ORD001266,P003,1,1299
ITEM002309,ORD001266,P007,1,999
ITEM002310,ORD001267,P001,1,2499
ITEM002311,ORD001267,P004,1,499
ITEM002312,ORD001267,P002,1,3999
ITEM002313,ORD001268,P001,1,2499
ITEM002314,ORD001268,P004,1,499
ITEM002315,ORD001269,P004,1,499
ITEM002316,ORD001269,P007,1,999
ITEM002317,ORD001270,P004,1,499
ITEM002318,ORD001270,P009,1,1499
ITEM002319,ORD001270,P001,1,2499
ITEM002320,ORD001271,P001,1,2499
ITEM002321,ORD001271,P007,1,999
ITEM002322,ORD001272,P008,1,1799
ITEM002323,ORD001272,P005,1,699
ITEM002324,ORD001273,P005,1,699
ITEM002325,ORD001273,P002,1,3999
ITEM002326,ORD001273,P006,1,2999
ITEM002327,ORD001274,P002,1,3999
ITEM002328,ORD001275,P004,1,499
ITEM002329,ORD001276,P001,1,2499
ITEM002330,ORD001277,P009,1,1499
ITEM002331,ORD001277,P006,1,2999
ITEM002332,ORD001277,P001,1,2499
ITEM002333,ORD001278,P001,1,2499
ITEM002334,ORD001278,P004,1,499
ITEM002335,ORD001279,P002,1,3999
ITEM002336,ORD001279,P005,1,699
ITEM002337,ORD001280,P005,1,699
ITEM002338,ORD001280,P004,1,499
ITEM002339,ORD001280,P003,1,1299
ITEM002340,ORD001281,P007,1,999
ITEM002341,ORD001281,P006,1,2999
ITEM002342,ORD001282,P001,1,2499
ITEM002343,ORD001282,P009,1,1499
ITEM002344,ORD001282,P004,1,499
ITEM002345,ORD001283,P005,1,699
ITEM002346,ORD001283,P009,1,1499
ITEM002347,ORD001283,P002,1,3999
ITEM002348,ORD001284,P006,1,2999
ITEM002349,ORD001284,P010,1,899
ITEM002350,ORD001285,P005,1,699
ITEM002351,ORD001285,P003,1,1299
ITEM002352,ORD001286,P005,1,699
ITEM002353,ORD001287,P001,1,2499
ITEM002354,ORD001288,P002,1,3999
ITEM002355,ORD001288,P005,1,699
ITEM002356,ORD001289,P007,1,999
ITEM002357,ORD001289,P003,1,1299
ITEM002358,ORD001289,P006,1,2999
ITEM002359,ORD001290,P001,1,2499
ITEM002360,ORD001290,P002,1,3999
ITEM002361,ORD001291,P007,1,999
ITEM002362,ORD001292,P001,1,2499
ITEM002363,ORD001292,P008,1,1799
ITEM002364,ORD001292,P010,1,899
ITEM002365,ORD001293,P003,1,1299
ITEM002366,ORD001293,P006,1,2999
ITEM002367,ORD001294,P003,1,1299
ITEM002368,ORD001294,P007,1,999
ITEM002369,ORD001295,P007,1,999
ITEM002370,ORD001295,P009,1,1499
ITEM002371,ORD001296,P001,1,2499
ITEM002372,ORD001296,P007,1,999
ITEM002373,ORD001297,P001,1,2499
ITEM002374,ORD001297,P004,1,499
ITEM002375,ORD001298,P010,1,899
ITEM002376,ORD001298,P006,1,2999
ITEM002377,ORD001299,P001,1,2499
ITEM002378,ORD001299,P007,1,999
ITEM002379,ORD001300,P009,1,1499
ITEM002380,ORD001301,P001,1,2499
ITEM002381,ORD001302,P007,1,999
ITEM002382,ORD001302,P008,1,1799
ITEM002383,ORD001302,P005,1,699
ITEM002384,ORD001303,P004,1,499
ITEM002385,ORD001304,P001,1,2499
ITEM002386,ORD001304,P004,1,499
ITEM002387,ORD001305,P002,1,3999
ITEM002388,ORD001305,P005,1,699
ITEM002389,ORD001306,P001,1,2499
ITEM002390,ORD001307,P001,1,2499
ITEM002391,ORD001307,P009,1,1499
ITEM002392,ORD001308,P006,1,2999
ITEM002393,ORD001309,P001,1,2499
ITEM002394,ORD001309,P004,1,499
ITEM002395,ORD001310,P008,1,1799
ITEM002396,ORD001310,P007,1,999
ITEM002397,ORD001310,P005,1,699
ITEM002398,ORD001311,P001,1,2499
ITEM002399,ORD001312,P001,1,2499
ITEM002400,ORD001312,P003,1,1299
ITEM002401,ORD001312,P008,1,1799
ITEM002402,ORD001313,P004,1,499
ITEM002403,ORD001313,P007,1,999
ITEM002404,ORD001314,P001,1,2499
ITEM002405,ORD001314,P007,1,999
ITEM002406,ORD001314,P010,1,899
ITEM002407,ORD001315,P002,1,3999
ITEM002408,ORD001316,P001,1,2499
ITEM002409,ORD001317,P001,1,2499
ITEM002410,ORD001317,P005,1,699
ITEM002411,ORD001318,P001,1,2499
ITEM002412,ORD001318,P010,1,899
ITEM002413,ORD001318,P005,1,699
ITEM002414,ORD001319,P001,1,2499
ITEM002415,ORD001319,P003,1,1299
ITEM002416,ORD001319,P010,1,899
ITEM002417,ORD001320,P001,1,2499
ITEM002418,ORD001321,P001,1,2499
ITEM002419,ORD001321,P008,1,1799
ITEM002420,ORD001321,P006,1,2999
ITEM002421,ORD001322,P004,1,499
ITEM002422,ORD001323,P002,1,3999
ITEM002423,ORD001324,P005,1,699
ITEM002424,ORD001324,P010,1,899
ITEM002425,ORD001325,P004,1,499
ITEM002426,ORD001325,P009,1,1499
ITEM002427,ORD001326,P001,1,2499
ITEM002428,ORD001326,P007,1,999
ITEM002429,ORD001327,P001,1,2499
ITEM002430,ORD001327,P007,1,999
ITEM002431,ORD001328,P001,1,2499
ITEM002432,ORD001328,P002,1,3999
ITEM002433,ORD001328,P006,1,2999
ITEM002434,ORD001329,P005,1,699
ITEM002435,ORD001330,P007,1,999
ITEM002436,ORD001331,P001,1,2499
ITEM002437,ORD001331,P010,1,899
ITEM002438,ORD001332,P004,1,499
ITEM002439,ORD001333,P007,1,999
ITEM002440,ORD001334,P007,1,999
ITEM002441,ORD001334,P002,1,3999
ITEM002442,ORD001334,P006,1,2999
ITEM002443,ORD001335,P001,1,2499
ITEM002444,ORD001335,P003,1,1299
ITEM002445,ORD001336,P004,1,499
ITEM002446,ORD001336,P009,1,1499
ITEM002447,ORD001337,P007,1,999
ITEM002448,ORD001337,P008,1,1799
ITEM002449,ORD001338,P001,1,2499
ITEM002450,ORD001339,P006,1,2999
ITEM002451,ORD001339,P008,1,1799
ITEM002452,ORD001340,P007,1,999
ITEM002453,ORD001340,P006,1,2999
ITEM002454,ORD001341,P006,1,2999
ITEM002455,ORD001341,P007,1,999
ITEM002456,ORD001342,P001,1,2499
ITEM002457,ORD001342,P006,1,2999
ITEM002458,ORD001343,P001,1,2499
ITEM002459,ORD001343,P009,1,1499
ITEM002460,ORD001343,P007,1,999
ITEM002461,ORD001344,P003,1,1299
ITEM002462,ORD001344,P007,1,999
ITEM002463,ORD001345,P001,1,2499
ITEM002464,ORD001345,P006,1,2999
ITEM002465,ORD001346,P010,1,899
ITEM002466,ORD001346,P001,1,2499
ITEM002467,ORD001347,P008,1,1799
ITEM002468,ORD001348,P004,1,499
ITEM002469,ORD001348,P005,1,699
ITEM002470,ORD001348,P008,1,1799
ITEM002471,ORD001349,P001,1,2499
ITEM002472,ORD001350,P010,1,899
ITEM002473,ORD001350,P008,1,1799
ITEM002474,ORD001351,P005,1,699
ITEM002475,ORD001352,P001,1,2499
ITEM002476,ORD001353,P001,1,2499
ITEM002477,ORD001353,P010,1,899
ITEM002478,ORD001354,P010,1,899
ITEM002479,ORD001355,P007,1,999
ITEM002480,ORD001355,P001,1,2499
ITEM002481,ORD001356,P001,1,2499
ITEM002482,ORD001356,P004,1,499
ITEM002483,ORD001356,P010,1,899
ITEM002484,ORD001357,P004,1,499
ITEM002485,ORD001358,P001,1,2499
ITEM002486,ORD001358,P004,1,499
ITEM002487,ORD001358,P010,1,899
ITEM002488,ORD001359,P009,1,1499
ITEM002489,ORD001360,P002,1,3999
ITEM002490,ORD001360,P006,1,2999
ITEM002491,ORD001361,P001,1,2499
ITEM002492,ORD001361,P007,1,999
ITEM002493,ORD001362,P008,1,1799
ITEM002494,ORD001363,P003,1,1299
ITEM002495,ORD001363,P008,1,1799
ITEM002496,ORD001364,P004,1,499
ITEM002497,ORD001364,P001,1,2499
ITEM002498,ORD001365,P002,1,3999
ITEM002499,ORD001365,P003,1,1299
ITEM002500,ORD001366,P002,1,3999
ITEM002501,ORD001367,P006,1,2999
ITEM002502,ORD001368,P006,1,2999
ITEM002503,ORD001368,P005,1,699
ITEM002504,ORD001369,P010,1,899
ITEM002505,ORD001370,P001,1,2499
ITEM002506,ORD001371,P001,1,2499
ITEM002507,ORD001371,P002,1,3999
ITEM002508,ORD001372,P006,1,2999
ITEM002509,ORD001373,P004,1,499
ITEM002510,ORD001374,P008,1,1799
ITEM002511,ORD001374,P009,1,1499
ITEM002512,ORD001375,P006,1,2999
ITEM002513,ORD001375,P004,1,499
ITEM002514,ORD001376,P003,1,1299
ITEM002515,ORD001376,P006,1,2999
ITEM002516,ORD001377,P008,1,1799
ITEM002517,ORD001377,P003,1,1299
ITEM002518,ORD001378,P001,1,2499
ITEM002519,ORD001378,P003,1,1299
ITEM002520,ORD001379,P007,1,999
ITEM002521,ORD001380,P001,1,2499
ITEM002522,ORD001381,P005,1,699
ITEM002523,ORD001381,P009,1,1499
ITEM002524,ORD001382,P002,1,3999
ITEM002525,ORD001382,P003,1,1299
ITEM002526,ORD001383,P004,1,499
ITEM002527,ORD001384,P001,1,2499
ITEM002528,ORD001384,P002,1,3999
ITEM002529,ORD001384,P006,1,2999
ITEM002530,ORD001385,P003,1,1299
ITEM002531,ORD001385,P009,1,1499
ITEM002532,ORD001385,P004,1,499
ITEM002533,ORD001386,P001,1,2499
ITEM002534,ORD001387,P006,1,2999
ITEM002535,ORD001387,P005,1,699
ITEM002536,ORD001387,P001,1,2499
ITEM002537,ORD001388,P001,1,2499
ITEM002538,ORD001388,P010,1,899
ITEM002539,ORD001388,P007,1,999
ITEM002540,ORD001389,P001,1,2499
ITEM002541,ORD001389,P007,1,999
ITEM002542,ORD001390,P005,1,699
ITEM002543,ORD001390,P007,1,999
ITEM002544,ORD001391,P001,1,2499
ITEM002545,ORD001391,P003,1,1299
ITEM002546,ORD001391,P010,1,899
ITEM002547,ORD001392,P007,1,999
ITEM002548,ORD001393,P001,1,2499
ITEM002549,ORD001394,P009,1,1499
ITEM002550,ORD001395,P001,1,2499
ITEM002551,ORD001395,P005,1,699
ITEM002552,ORD001395,P008,1,1799
ITEM002553,ORD001396,P004,1,499
ITEM002554,ORD001396,P001,1,2499
ITEM002555,ORD001397,P007,1,999
ITEM002556,ORD001398,P009,1,1499
ITEM002557,ORD001398,P006,1,2999
ITEM002558,ORD001399,P001,1,2499
ITEM002559,ORD001399,P010,1,899
ITEM002560,ORD001400,P001,1,2499
ITEM002561,ORD001400,P005,1,699
ITEM002562,ORD001400,P007,1,999
ITEM002563,ORD001401,P001,1,2499
ITEM002564,ORD001402,P002,1,3999
ITEM002565,ORD001402,P005,1,699
ITEM002566,ORD001402,P006,1,2999
ITEM002567,ORD001403,P001,1,2499
ITEM002568,ORD001404,P005,1,699
ITEM002569,ORD001404,P008,1,1799
ITEM002570,ORD001405,P001,1,2499
ITEM002571,ORD001405,P005,1,699
ITEM002572,ORD001406,P005,1,699
ITEM002573,ORD001407,P008,1,1799
ITEM002574,ORD001408,P006,1,2999
ITEM002575,ORD001408,P001,1,2499
ITEM002576,ORD001409,P004,1,499
ITEM002577,ORD001410,P006,1,2999
ITEM002578,ORD001410,P002,1,3999
ITEM002579,ORD001411,P001,1,2499
ITEM002580,ORD001412,P001,1,2499
ITEM002581,ORD001412,P006,1,2999
ITEM002582,ORD001413,P003,1,1299
ITEM002583,ORD001413,P010,1,899
ITEM002584,ORD001414,P008,1,1799
ITEM002585,ORD001414,P004,1,499
ITEM002586,ORD001414,P003,1,1299
ITEM002587,ORD001415,P004,1,499
ITEM002588,ORD001415,P003,1,1299
ITEM002589,ORD001416,P004,1,499
ITEM002590,ORD001416,P005,1,699
ITEM002591,ORD001417,P004,1,499
ITEM002592,ORD001417,P010,1,899
ITEM002593,ORD001417,P005,1,699
ITEM002594,ORD001418,P001,1,2499
ITEM002595,ORD001418,P004,1,499
ITEM002596,ORD001419,P003,1,1299
ITEM002597,ORD001419,P001,1,2499
ITEM002598,ORD001419,P006,1,2999
ITEM002599,ORD001420,P001,1,2499
ITEM002600,ORD001420,P002,1,3999
ITEM002601,ORD001421,P001,1,2499
ITEM002602,ORD001421,P003,1,1299
ITEM002603,ORD001422,P010,1,899
ITEM002604,ORD001422,P004,1,499
ITEM002605,ORD001422,P002,1,3999
ITEM002606,ORD001423,P001,1,2499
ITEM002607,ORD001424,P005,1,699
ITEM002608,ORD001424,P007,1,999
ITEM002609,ORD001425,P007,1,999
ITEM002610,ORD001426,P005,1,699
ITEM002611,ORD001427,P007,1,999
ITEM002612,ORD001427,P010,1,899
ITEM002613,ORD001428,P001,1,2499
ITEM002614,ORD001428,P005,1,699
ITEM002615,ORD001429,P007,1,999
ITEM002616,ORD001430,P008,1,1799
ITEM002617,ORD001430,P003,1,1299
ITEM002618,ORD001430,P007,1,999
ITEM002619,ORD001431,P004,1,499
ITEM002620,ORD001431,P008,1,1799
ITEM002621,ORD001431,P002,1,3999
ITEM002622,ORD001432,P004,1,499
ITEM002623,ORD001432,P007,1,999
ITEM002624,ORD001433,P004,1,499
ITEM002625,ORD001433,P006,1,2999
ITEM002626,ORD001434,P001,1,2499
ITEM002627,ORD001434,P009,1,1499
ITEM002628,ORD001435,P004,1,499
ITEM002629,ORD001435,P001,1,2499
ITEM002630,ORD001436,P005,1,699
ITEM002631,ORD001436,P006,1,2999
ITEM002632,ORD001437,P001,1,2499
ITEM002633,ORD001437,P010,1,899
ITEM002634,ORD001437,P007,1,999
ITEM002635,ORD001438,P010,1,899
ITEM002636,ORD001438,P008,1,1799
ITEM002637,ORD001439,P001,1,2499
ITEM002638,ORD001439,P005,1,699
ITEM002639,ORD001440,P010,1,899
ITEM002640,ORD001441,P001,1,2499
ITEM002641,ORD001441,P008,1,1799
ITEM002642,ORD001442,P001,1,2499
ITEM002643,ORD001443,P008,1,1799
ITEM002644,ORD001444,P004,1,499
ITEM002645,ORD001444,P002,1,3999
ITEM002646,ORD001445,P007,1,999
ITEM002647,ORD001445,P002,1,3999
ITEM002648,ORD001446,P002,1,3999
ITEM002649,ORD001446,P003,1,1299
ITEM002650,ORD001447,P010,1,899
ITEM002651,ORD001448,P006,1,2999
ITEM002652,ORD001448,P009,1,1499
ITEM002653,ORD001449,P001,1,2499
ITEM002654,ORD001449,P004,1,499
ITEM002655,ORD001450,P007,1,999
ITEM002656,ORD001450,P001,1,2499
ITEM002657,ORD001451,P009,1,1499
ITEM002658,ORD001451,P002,1,3999
ITEM002659,ORD001452,P001,1,2499
ITEM002660,ORD001452,P006,1,2999
ITEM002661,ORD001453,P001,1,2499
ITEM002662,ORD001453,P007,1,999
ITEM002663,ORD001454,P010,1,899
ITEM002664,ORD001454,P009,1,1499
ITEM002665,ORD001454,P003,1,1299
ITEM002666,ORD001455,P005,1,699
ITEM002667,ORD001455,P010,1,899
ITEM002668,ORD001455,P008,1,1799
ITEM002669,ORD001456,P008,1,1799
ITEM002670,ORD001456,P004,1,499
ITEM002671,ORD001457,P009,1,1499
ITEM002672,ORD001457,P004,1,499
ITEM002673,ORD001457,P008,1,1799
ITEM002674,ORD001458,P003,1,1299
ITEM002675,ORD001458,P010,1,899
ITEM002676,ORD001459,P007,1,999
ITEM002677,ORD001460,P001,1,2499
ITEM002678,ORD001460,P004,1,499
ITEM002679,ORD001461,P005,1,699
ITEM002680,ORD001462,P008,1,1799
ITEM002681,ORD001462,P003,1,1299
ITEM002682,ORD001463,P001,1,2499
ITEM002683,ORD001463,P008,1,1799
ITEM002684,ORD001464,P007,1,999
ITEM002685,ORD001464,P003,1,1299
ITEM002686,ORD001464,P008,1,1799
ITEM002687,ORD001465,P008,1,1799
ITEM002688,ORD001465,P007,1,999
ITEM002689,ORD001466,P001,1,2499
ITEM002690,ORD001467,P004,1,499
ITEM002691,ORD001467,P002,1,3999
ITEM002692,ORD001468,P007,1,999
ITEM002693,ORD001469,P003,1,1299
ITEM002694,ORD001469,P001,1,2499
ITEM002695,ORD001469,P004,1,499
ITEM002696,ORD001470,P001,1,2499
ITEM002697,ORD001470,P006,1,2999
ITEM002698,ORD001471,P001,1,2499
ITEM002699,ORD001471,P004,1,499
ITEM002700,ORD001471,P008,1,1799
ITEM002701,ORD001472,P007,1,999
ITEM002702,ORD001472,P008,1,1799
ITEM002703,ORD001473,P001,1,2499
ITEM002704,ORD001473,P003,1,1299
ITEM002705,ORD001474,P005,1,699
ITEM002706,ORD001475,P007,1,999
ITEM002707,ORD001476,P009,1,1499
ITEM002708,ORD001477,P001,1,2499
ITEM002709,ORD001477,P009,1,1499
ITEM002710,ORD001478,P002,1,3999
ITEM002711,ORD001479,P008,1,1799
ITEM002712,ORD001480,P007,1,999
ITEM002713,ORD001480,P008,1,1799
ITEM002714,ORD001481,P001,1,2499
ITEM002715,ORD001481,P010,1,899
ITEM002716,ORD001481,P009,1,1499
ITEM002717,ORD001482,P010,1,899
ITEM002718,ORD001483,P001,1,2499
ITEM002719,ORD001484,P001,1,2499
ITEM002720,ORD001484,P008,1,1799
ITEM002721,ORD001484,P006,1,2999
ITEM002722,ORD001485,P001,1,2499
ITEM002723,ORD001486,P001,1,2499
ITEM002724,ORD001486,P009,1,1499
ITEM002725,ORD001486,P002,1,3999
ITEM002726,ORD001487,P001,1,2499
ITEM002727,ORD001487,P002,1,3999
ITEM002728,ORD001488,P001,1,2499
ITEM002729,ORD001488,P006,1,2999
ITEM002730,ORD001489,P008,1,1799
ITEM002731,ORD001490,P003,1,1299
ITEM002732,ORD001490,P008,1,1799
ITEM002733,ORD001491,P005,1,699
ITEM002734,ORD001492,P002,1,3999
ITEM002735,ORD001493,P004,1,499
ITEM002736,ORD001494,P010,1,899
ITEM002737,ORD001494,P001,1,2499
ITEM002738,ORD001495,P001,1,2499
ITEM002739,ORD001496,P001,1,2499
ITEM002740,ORD001496,P007,1,999
ITEM002741,ORD001496,P004,1,499
ITEM002742,ORD001497,P002,1,3999
ITEM002743,ORD001498,P002,1,3999
ITEM002744,ORD001499,P003,1,1299
ITEM002745,ORD001499,P002,1,3999
ITEM002746,ORD001500,P001,1,2499
ITEM002747,ORD001500,P005,1,699
ITEM002748,ORD001500,P009,1,1499
ITEM002749,ORD001501,P001,1,2499
ITEM002750,ORD001501,P003,1,1299
ITEM002751,ORD001502,P007,1,999
ITEM002752,ORD001502,P006,1,2999
ITEM002753,ORD001503,P002,1,3999
ITEM002754,ORD001504,P005,1,699
ITEM002755,ORD001505,P001,1,2499
ITEM002756,ORD001505,P007,1,999
ITEM002757,ORD001506,P001,1,2499
ITEM002758,ORD001507,P009,1,1499
ITEM002759,ORD001507,P007,1,999
ITEM002760,ORD001508,P010,1,899
ITEM002761,ORD001508,P006,1,2999
ITEM002762,ORD001509,P001,1,2499
ITEM002763,ORD001509,P006,1,2999
ITEM002764,ORD001509,P004,1,499
ITEM002765,ORD001510,P001,1,2499
ITEM002766,ORD001510,P005,1,699
ITEM002767,ORD001511,P002,1,3999
ITEM002768,ORD001511,P003,1,1299
ITEM002769,ORD001512,P006,1,2999
ITEM002770,ORD001512,P010,1,899
ITEM002771,ORD001513,P001,1,2499
ITEM002772,ORD001513,P004,1,499
ITEM002773,ORD001514,P009,1,1499
ITEM002774,ORD001515,P001,1,2499
ITEM002775,ORD001516,P002,1,3999
ITEM002776,ORD001516,P001,1,2499
ITEM002777,ORD001517,P007,1,999
ITEM002778,ORD001517,P010,1,899
ITEM002779,ORD001518,P005,1,699
ITEM002780,ORD001519,P001,1,2499
ITEM002781,ORD001520,P010,1,899
ITEM002782,ORD001520,P001,1,2499
ITEM002783,ORD001521,P001,1,2499
ITEM002784,ORD001521,P003,1,1299
ITEM002785,ORD001522,P001,1,2499
ITEM002786,ORD001522,P004,1,499
ITEM002787,ORD001523,P007,1,999
ITEM002788,ORD001524,P006,1,2999
ITEM002789,ORD001524,P004,1,499
ITEM002790,ORD001525,P001,1,2499
ITEM002791,ORD001525,P003,1,1299
ITEM002792,ORD001526,P008,1,1799
ITEM002793,ORD001527,P001,1,2499
ITEM002794,ORD001528,P002,1,3999
ITEM002795,ORD001528,P009,1,1499
ITEM002796,ORD001529,P004,1,499
ITEM002797,ORD001529,P007,1,999
ITEM002798,ORD001529,P009,1,1499
ITEM002799,ORD001530,P001,1,2499
ITEM002800,ORD001530,P005,1,699
ITEM002801,ORD001531,P005,1,699
ITEM002802,ORD001531,P008,1,1799
ITEM002803,ORD001532,P001,1,2499
ITEM002804,ORD001533,P007,1,999
ITEM002805,ORD001534,P008,1,1799
ITEM002806,ORD001534,P002,1,3999
ITEM002807,ORD001534,P010,1,899
ITEM002808,ORD001535,P004,1,499
ITEM002809,ORD001535,P006,1,2999
ITEM002810,ORD001535,P005,1,699
ITEM002811,ORD001536,P001,1,2499
ITEM002812,ORD001536,P008,1,1799
ITEM002813,ORD001537,P001,1,2499
ITEM002814,ORD001537,P004,1,499
ITEM002815,ORD001538,P010,1,899
ITEM002816,ORD001538,P006,1,2999
ITEM002817,ORD001539,P003,1,1299
ITEM002818,ORD001540,P001,1,2499
ITEM002819,ORD001541,P010,1,899
ITEM002820,ORD001542,P010,1,899
ITEM002821,ORD001542,P002,1,3999
ITEM002822,ORD001543,P001,1,2499
ITEM002823,ORD001543,P009,1,1499
ITEM002824,ORD001544,P008,1,1799
ITEM002825,ORD001545,P005,1,699
ITEM002826,ORD001545,P010,1,899
ITEM002827,ORD001546,P001,1,2499
ITEM002828,ORD001546,P004,1,499
ITEM002829,ORD001547,P006,1,2999
ITEM002830,ORD001548,P001,1,2499
ITEM002831,ORD001549,P008,1,1799
ITEM002832,ORD001550,P009,1,1499
ITEM002833,ORD001550,P006,1,2999
ITEM002834,ORD001551,P008,1,1799
ITEM002835,ORD001551,P002,1,3999
ITEM002836,ORD001552,P001,1,2499
ITEM002837,ORD001552,P003,1,1299
ITEM002838,ORD001553,P001,1,2499
ITEM002839,ORD001553,P007,1,999
ITEM002840,ORD001553,P008,1,1799
ITEM002841,ORD001554,P002,1,3999
ITEM002842,ORD001555,P004,1,499
ITEM002843,ORD001555,P001,1,2499
ITEM002844,ORD001556,P006,1,2999
ITEM002845,ORD001556,P003,1,1299
ITEM002846,ORD001557,P004,1,499
ITEM002847,ORD001557,P001,1,2499
ITEM002848,ORD001558,P001,1,2499
ITEM002849,ORD001558,P010,1,899
ITEM002850,ORD001559,P002,1,3999
ITEM002851,ORD001560,P004,1,499
ITEM002852,ORD001560,P007,1,999
ITEM002853,ORD001561,P007,1,999
ITEM002854,ORD001561,P005,1,699
ITEM002855,ORD001562,P001,1,2499
ITEM002856,ORD001562,P007,1,999
ITEM002857,ORD001563,P003,1,1299
ITEM002858,ORD001563,P002,1,3999
ITEM002859,ORD001564,P001,1,2499
ITEM002860,ORD001564,P009,1,1499
ITEM002861,ORD001565,P008,1,1799
ITEM002862,ORD001565,P004,1,499
ITEM002863,ORD001565,P007,1,999
ITEM002864,ORD001566,P006,1,2999
ITEM002865,ORD001566,P009,1,1499
ITEM002866,ORD001567,P001,1,2499
ITEM002867,ORD001567,P010,1,899
ITEM002868,ORD001568,P010,1,899
ITEM002869,ORD001568,P002,1,3999
ITEM002870,ORD001569,P001,1,2499
ITEM002871,ORD001569,P003,1,1299
ITEM002872,ORD001569,P004,1,499
ITEM002873,ORD001570,P004,1,499
ITEM002874,ORD001570,P005,1,699
ITEM002875,ORD001571,P009,1,1499
ITEM002876,ORD001571,P002,1,3999
ITEM002877,ORD001572,P001,1,2499
ITEM002878,ORD001573,P010,1,899
ITEM002879,ORD001573,P007,1,999
ITEM002880,ORD001574,P009,1,1499
ITEM002881,ORD001574,P003,1,1299
ITEM002882,ORD001575,P001,1,2499
ITEM002883,ORD001575,P008,1,1799
ITEM002884,ORD001576,P001,1,2499
ITEM002885,ORD001576,P003,1,1299
ITEM002886,ORD001576,P004,1,499
ITEM002887,ORD001577,P008,1,1799
ITEM002888,ORD001578,P007,1,999
ITEM002889,ORD001578,P008,1,1799
ITEM002890,ORD001579,P005,1,699
ITEM002891,ORD001579,P006,1,2999
ITEM002892,ORD001580,P002,1,3999
ITEM002893,ORD001581,P001,1,2499
ITEM002894,ORD001581,P008,1,1799
ITEM002895,ORD001582,P006,1,2999
ITEM002896,ORD001582,P002,1,3999
ITEM002897,ORD001582,P001,1,2499
ITEM002898,ORD001583,P007,1,999
ITEM002899,ORD001583,P010,1,899
ITEM002900,ORD001584,P001,1,2499
ITEM002901,ORD001584,P009,1,1499
ITEM002902,ORD001585,P007,1,999
ITEM002903,ORD001585,P004,1,499
ITEM002904,ORD001586,P010,1,899
ITEM002905,ORD001586,P004,1,499
ITEM002906,ORD001587,P007,1,999
ITEM002907,ORD001588,P001,1,2499
ITEM002908,ORD001589,P003,1,1299
ITEM002909,ORD001590,P008,1,1799
ITEM002910,ORD001591,P010,1,899
ITEM002911,ORD001591,P003,1,1299
ITEM002912,ORD001591,P002,1,3999
ITEM002913,ORD001592,P007,1,999
ITEM002914,ORD001593,P001,1,2499
ITEM002915,ORD001593,P004,1,499
ITEM002916,ORD001594,P009,1,1499
ITEM002917,ORD001594,P005,1,699
ITEM002918,ORD001594,P010,1,899
ITEM002919,ORD001595,P001,1,2499
ITEM002920,ORD001595,P009,1,1499
ITEM002921,ORD001596,P002,1,3999
ITEM002922,ORD001596,P004,1,499
ITEM002923,ORD001596,P006,1,2999
ITEM002924,ORD001597,P004,1,499
ITEM002925,ORD001597,P003,1,1299
ITEM002926,ORD001598,P006,1,2999
ITEM002927,ORD001598,P002,1,3999
ITEM002928,ORD001598,P010,1,899
ITEM002929,ORD001599,P009,1,1499
ITEM002930,ORD001600,P001,1,2499
ITEM002931,ORD001601,P008,1,1799
ITEM002932,ORD001602,P010,1,899
ITEM002933,ORD001603,P001,1,2499
ITEM002934,ORD001603,P008,1,1799
ITEM002935,ORD001604,P001,1,2499
ITEM002936,ORD001605,P006,1,2999
ITEM002937,ORD001605,P008,1,1799
ITEM002938,ORD001606,P001,1,2499
ITEM002939,ORD001606,P002,1,3999
ITEM002940,ORD001606,P007,1,999
ITEM002941,ORD001607,P009,1,1499
ITEM002942,ORD001608,P001,1,2499
ITEM002943,ORD001608,P008,1,1799
ITEM002944,ORD001609,P007,1,999
ITEM002945,ORD001610,P001,1,2499
ITEM002946,ORD001611,P003,1,1299
ITEM002947,ORD001611,P007,1,999
ITEM002948,ORD001612,P003,1,1299
ITEM002949,ORD001612,P006,1,2999
ITEM002950,ORD001613,P001,1,2499
ITEM002951,ORD001613,P010,1,899
ITEM002952,ORD001614,P001,1,2499
ITEM002953,ORD001614,P004,1,499
ITEM002954,ORD001614,P009,1,1499
ITEM002955,ORD001615,P002,1,3999
ITEM002956,ORD001615,P010,1,899
ITEM002957,ORD001615,P008,1,1799
ITEM002958,ORD001616,P006,1,2999
ITEM002959,ORD001617,P008,1,1799
ITEM002960,ORD001618,P001,1,2499
ITEM002961,ORD001618,P002,1,3999
ITEM002962,ORD001619,P003,1,1299
ITEM002963,ORD001619,P002,1,3999
ITEM002964,ORD001620,P008,1,1799
ITEM002965,ORD001620,P006,1,2999
ITEM002966,ORD001621,P010,1,899
ITEM002967,ORD001622,P001,1,2499
ITEM002968,ORD001622,P004,1,499
ITEM002969,ORD001622,P006,1,2999
ITEM002970,ORD001623,P001,1,2499
ITEM002971,ORD001624,P004,1,499
ITEM002972,ORD001624,P007,1,999
ITEM002973,ORD001625,P006,1,2999
ITEM002974,ORD001625,P010,1,899
ITEM002975,ORD001626,P005,1,699
ITEM002976,ORD001627,P008,1,1799
ITEM002977,ORD001627,P003,1,1299
ITEM002978,ORD001628,P009,1,1499
ITEM002979,ORD001628,P010,1,899
ITEM002980,ORD001628,P002,1,3999
ITEM002981,ORD001629,P001,1,2499
ITEM002982,ORD001629,P005,1,699
ITEM002983,ORD001630,P001,1,2499
ITEM002984,ORD001631,P001,1,2499
ITEM002985,ORD001631,P010,1,899
ITEM002986,ORD001632,P007,1,999
ITEM002987,ORD001632,P002,1,3999
ITEM002988,ORD001633,P004,1,499
ITEM002989,ORD001633,P005,1,699
ITEM002990,ORD001634,P001,1,2499
ITEM002991,ORD001634,P006,1,2999
ITEM002992,ORD001634,P005,1,699
ITEM002993,ORD001635,P001,1,2499
ITEM002994,ORD001635,P010,1,899
ITEM002995,ORD001635,P007,1,999
ITEM002996,ORD001636,P009,1,1499
ITEM002997,ORD001637,P001,1,2499
ITEM002998,ORD001638,P002,1,3999
ITEM002999,ORD001638,P001,1,2499
ITEM003000,ORD001638,P004,1,499
ITEM003001,ORD001639,P003,1,1299
ITEM003002,ORD001639,P005,1,699
ITEM003003,ORD001639,P010,1,899
ITEM003004,ORD001640,P001,1,2499
ITEM003005,ORD001640,P006,1,2999
ITEM003006,ORD001641,P009,1,1499
ITEM003007,ORD001641,P007,1,999
ITEM003008,ORD001642,P001,1,2499
ITEM003009,ORD001643,P004,1,499
ITEM003010,ORD001644,P007,1,999
ITEM003011,ORD001644,P009,1,1499
ITEM003012,ORD001644,P002,1,3999
ITEM003013,ORD001645,P010,1,899
ITEM003014,ORD001646,P001,1,2499
ITEM003015,ORD001646,P007,1,999
ITEM003016,ORD001647,P001,1,2499
ITEM003017,ORD001648,P008,1,1799
ITEM003018,ORD001648,P003,1,1299
ITEM003019,ORD001649,P008,1,1799
ITEM003020,ORD001649,P006,1,2999
ITEM003021,ORD001650,P004,1,499
ITEM003022,ORD001651,P003,1,1299
ITEM003023,ORD001651,P002,1,3999
ITEM003024,ORD001652,P005,1,699
ITEM003025,ORD001652,P002,1,3999
ITEM003026,ORD001653,P009,1,1499
ITEM003027,ORD001653,P003,1,1299
ITEM003028,ORD001653,P007,1,999
ITEM003029,ORD001654,P002,1,3999
ITEM003030,ORD001655,P003,1,1299
ITEM003031,ORD001656,P003,1,1299
ITEM003032,ORD001656,P007,1,999
ITEM003033,ORD001657,P001,1,2499
ITEM003034,ORD001658,P001,1,2499
ITEM003035,ORD001658,P006,1,2999
ITEM003036,ORD001659,P003,1,1299
ITEM003037,ORD001660,P006,1,2999
ITEM003038,ORD001661,P001,1,2499
ITEM003039,ORD001661,P003,1,1299
ITEM003040,ORD001662,P001,1,2499
ITEM003041,ORD001662,P005,1,699
ITEM003042,ORD001662,P009,1,1499
ITEM003043,ORD001663,P001,1,2499
ITEM003044,ORD001664,P001,1,2499
ITEM003045,ORD001664,P009,1,1499
ITEM003046,ORD001665,P001,1,2499
ITEM003047,ORD001666,P008,1,1799
ITEM003048,ORD001666,P007,1,999
ITEM003049,ORD001666,P006,1,2999
ITEM003050,ORD001667,P008,1,1799
ITEM003051,ORD001667,P010,1,899
ITEM003052,ORD001667,P003,1,1299
ITEM003053,ORD001668,P001,1,2499
ITEM003054,ORD001668,P004,1,499
ITEM003055,ORD001669,P007,1,999
ITEM003056,ORD001669,P009,1,1499
ITEM003057,ORD001670,P009,1,1499
ITEM003058,ORD001671,P004,1,499
ITEM003059,ORD001672,P001,1,2499
ITEM003060,ORD001673,P002,1,3999
ITEM003061,ORD001673,P001,1,2499
ITEM003062,ORD001674,P004,1,499
ITEM003063,ORD001674,P003,1,1299
ITEM003064,ORD001674,P001,1,2499
ITEM003065,ORD001675,P006,1,2999
ITEM003066,ORD001676,P004,1,499
ITEM003067,ORD001676,P008,1,1799
ITEM003068,ORD001676,P002,1,3999
ITEM003069,ORD001677,P001,1,2499
ITEM003070,ORD001678,P001,1,2499
ITEM003071,ORD001679,P003,1,1299
ITEM003072,ORD001680,P006,1,2999
ITEM003073,ORD001681,P001,1,2499
ITEM003074,ORD001682,P001,1,2499
ITEM003075,ORD001683,P001,1,2499
ITEM003076,ORD001683,P003,1,1299
ITEM003077,ORD001683,P010,1,899
ITEM003078,ORD001684,P006,1,2999
ITEM003079,ORD001685,P004,1,499
ITEM003080,ORD001685,P009,1,1499
ITEM003081,ORD001686,P001,1,2499
ITEM003082,ORD001686,P004,1,499
ITEM003083,ORD001687,P001,1,2499
ITEM003084,ORD001688,P001,1,2499
ITEM003085,ORD001688,P007,1,999
ITEM003086,ORD001689,P005,1,699
ITEM003087,ORD001689,P006,1,2999
ITEM003088,ORD001689,P008,1,1799
ITEM003089,ORD001690,P002,1,3999
ITEM003090,ORD001690,P003,1,1299
ITEM003091,ORD001691,P003,1,1299
ITEM003092,ORD001691,P005,1,699
ITEM003093,ORD001692,P009,1,1499
ITEM003094,ORD001692,P005,1,699
ITEM003095,ORD001693,P001,1,2499
ITEM003096,ORD001693,P006,1,2999
ITEM003097,ORD001693,P005,1,699
ITEM003098,ORD001694,P003,1,1299
ITEM003099,ORD001694,P005,1,699
ITEM003100,ORD001695,P004,1,499
ITEM003101,ORD001695,P006,1,2999
ITEM003102,ORD001696,P004,1,499
ITEM003103,ORD001696,P008,1,1799
ITEM003104,ORD001697,P001,1,2499
ITEM003105,ORD001697,P010,1,899
ITEM003106,ORD001698,P001,1,2499
ITEM003107,ORD001699,P005,1,699
ITEM003108,ORD001700,P007,1,999
ITEM003109,ORD001700,P001,1,2499
ITEM003110,ORD001701,P001,1,2499
ITEM003111,ORD001701,P004,1,499
ITEM003112,ORD001702,P003,1,1299
ITEM003113,ORD001702,P001,1,2499
ITEM003114,ORD001702,P010,1,899
ITEM003115,ORD001703,P001,1,2499
ITEM003116,ORD001704,P003,1,1299
ITEM003117,ORD001705,P001,1,2499
ITEM003118,ORD001705,P010,1,899
ITEM003119,ORD001706,P001,1,2499
ITEM003120,ORD001707,P001,1,2499
ITEM003121,ORD001708,P006,1,2999
ITEM003122,ORD001709,P007,1,999
ITEM003123,ORD001710,P001,1,2499
ITEM003124,ORD001711,P001,1,2499
ITEM003125,ORD001711,P007,1,999
ITEM003126,ORD001712,P006,1,2999
ITEM003127,ORD001712,P008,1,1799
ITEM003128,ORD001713,P008,1,1799
ITEM003129,ORD001714,P001,1,2499
ITEM003130,ORD001714,P010,1,899
ITEM003131,ORD001714,P008,1,1799
ITEM003132,ORD001715,P001,1,2499
ITEM003133,ORD001715,P010,1,899
ITEM003134,ORD001715,P009,1,1499
ITEM003135,ORD001716,P002,1,3999
ITEM003136,ORD001717,P001,1,2499
ITEM003137,ORD001717,P009,1,1499
ITEM003138,ORD001718,P004,1,499
ITEM003139,ORD001718,P002,1,3999
ITEM003140,ORD001718,P008,1,1799
ITEM003141,ORD001719,P007,1,999
ITEM003142,ORD001719,P010,1,899
ITEM003143,ORD001720,P001,1,2499
ITEM003144,ORD001721,P008,1,1799
ITEM003145,ORD001721,P002,1,3999
ITEM003146,ORD001722,P002,1,3999
ITEM003147,ORD001723,P001,1,2499
ITEM003148,ORD001723,P002,1,3999
ITEM003149,ORD001724,P010,1,899
ITEM003150,ORD001724,P006,1,2999
ITEM003151,ORD001725,P006,1,2999
ITEM003152,ORD001725,P003,1,1299
ITEM003153,ORD001726,P002,1,3999
ITEM003154,ORD001727,P005,1,699
ITEM003155,ORD001727,P002,1,3999
ITEM003156,ORD001728,P007,1,999
ITEM003157,ORD001729,P001,1,2499
ITEM003158,ORD001729,P007,1,999
ITEM003159,ORD001730,P005,1,699
ITEM003160,ORD001730,P001,1,2499
ITEM003161,ORD001731,P004,1,499
ITEM003162,ORD001731,P007,1,999
ITEM003163,ORD001732,P007,1,999
ITEM003164,ORD001732,P006,1,2999
ITEM003165,ORD001733,P010,1,899
ITEM003166,ORD001733,P001,1,2499
ITEM003167,ORD001734,P004,1,499
ITEM003168,ORD001734,P002,1,3999
ITEM003169,ORD001735,P002,1,3999
ITEM003170,ORD001735,P001,1,2499
ITEM003171,ORD001736,P006,1,2999
ITEM003172,ORD001736,P007,1,999
ITEM003173,ORD001737,P001,1,2499
ITEM003174,ORD001737,P004,1,499
ITEM003175,ORD001737,P006,1,2999
ITEM003176,ORD001738,P004,1,499
ITEM003177,ORD001738,P010,1,899
ITEM003178,ORD001739,P007,1,999
ITEM003179,ORD001739,P006,1,2999
ITEM003180,ORD001740,P008,1,1799
ITEM003181,ORD001740,P001,1,2499
ITEM003182,ORD001741,P001,1,2499
ITEM003183,ORD001741,P006,1,2999
ITEM003184,ORD001741,P007,1,999
ITEM003185,ORD001742,P003,1,1299
ITEM003186,ORD001742,P001,1,2499
ITEM003187,ORD001743,P003,1,1299
ITEM003188,ORD001743,P002,1,3999
ITEM003189,ORD001743,P005,1,699
ITEM003190,ORD001744,P001,1,2499
ITEM003191,ORD001744,P010,1,899
ITEM003192,ORD001744,P003,1,1299
ITEM003193,ORD001745,P001,1,2499
ITEM003194,ORD001745,P007,1,999
ITEM003195,ORD001746,P009,1,1499
ITEM003196,ORD001746,P001,1,2499
ITEM003197,ORD001747,P001,1,2499
ITEM003198,ORD001748,P003,1,1299
ITEM003199,ORD001749,P003,1,1299
ITEM003200,ORD001749,P001,1,2499
ITEM003201,ORD001749,P004,1,499
ITEM003202,ORD001750,P001,1,2499
ITEM003203,ORD001751,P008,1,1799
ITEM003204,ORD001752,P008,1,1799
ITEM003205,ORD001752,P003,1,1299
ITEM003206,ORD001753,P001,1,2499
ITEM003207,ORD001753,P004,1,499
ITEM003208,ORD001754,P010,1,899
ITEM003209,ORD001754,P003,1,1299
ITEM003210,ORD001755,P001,1,2499
ITEM003211,ORD001755,P004,1,499
ITEM003212,ORD001755,P006,1,2999
ITEM003213,ORD001756,P004,1,499
ITEM003214,ORD001756,P005,1,699
ITEM003215,ORD001756,P003,1,1299
ITEM003216,ORD001757,P009,1,1499
ITEM003217,ORD001757,P002,1,3999
ITEM003218,ORD001758,P001,1,2499
ITEM003219,ORD001759,P001,1,2499
ITEM003220,ORD001759,P004,1,499
ITEM003221,ORD001760,P005,1,699
ITEM003222,ORD001760,P010,1,899
ITEM003223,ORD001761,P001,1,2499
ITEM003224,ORD001762,P009,1,1499
ITEM003225,ORD001762,P008,1,1799
ITEM003226,ORD001763,P008,1,1799
ITEM003227,ORD001764,P001,1,2499
ITEM003228,ORD001765,P003,1,1299
ITEM003229,ORD001766,P004,1,499
ITEM003230,ORD001766,P002,1,3999
ITEM003231,ORD001767,P005,1,699
ITEM003232,ORD001767,P010,1,899
ITEM003233,ORD001767,P009,1,1499
ITEM003234,ORD001768,P001,1,2499
ITEM003235,ORD001768,P004,1,499
ITEM003236,ORD001768,P002,1,3999
ITEM003237,ORD001769,P005,1,699
ITEM003238,ORD001769,P003,1,1299
ITEM003239,ORD001770,P001,1,2499
ITEM003240,ORD001771,P009,1,1499
ITEM003241,ORD001772,P001,1,2499
ITEM003242,ORD001772,P009,1,1499
ITEM003243,ORD001773,P001,1,2499
ITEM003244,ORD001773,P009,1,1499
ITEM003245,ORD001774,P006,1,2999
ITEM003246,ORD001774,P008,1,1799
ITEM003247,ORD001775,P002,1,3999
ITEM003248,ORD001775,P004,1,499
ITEM003249,ORD001776,P008,1,1799
ITEM003250,ORD001777,P001,1,2499
ITEM003251,ORD001778,P006,1,2999
ITEM003252,ORD001778,P004,1,499
ITEM003253,ORD001779,P001,1,2499
ITEM003254,ORD001780,P004,1,499
ITEM003255,ORD001780,P010,1,899
ITEM003256,ORD001781,P001,1,2499
ITEM003257,ORD001781,P006,1,2999
ITEM003258,ORD001781,P003,1,1299
ITEM003259,ORD001782,P008,1,1799
ITEM003260,ORD001782,P005,1,699
ITEM003261,ORD001783,P003,1,1299
ITEM003262,ORD001783,P006,1,2999
ITEM003263,ORD001784,P001,1,2499
ITEM003264,ORD001784,P004,1,499
ITEM003265,ORD001785,P001,1,2499
ITEM003266,ORD001785,P006,1,2999
ITEM003267,ORD001786,P001,1,2499
ITEM003268,ORD001786,P002,1,3999
ITEM003269,ORD001786,P010,1,899
ITEM003270,ORD001787,P008,1,1799
ITEM003271,ORD001787,P009,1,1499
ITEM003272,ORD001788,P001,1,2499
ITEM003273,ORD001788,P006,1,2999
ITEM003274,ORD001789,P001,1,2499
ITEM003275,ORD001789,P003,1,1299
ITEM003276,ORD001790,P010,1,899
ITEM003277,ORD001790,P004,1,499
ITEM003278,ORD001791,P001,1,2499
ITEM003279,ORD001791,P009,1,1499
ITEM003280,ORD001792,P001,1,2499
ITEM003281,ORD001792,P007,1,999
ITEM003282,ORD001793,P001,1,2499
ITEM003283,ORD001794,P008,1,1799
ITEM003284,ORD001794,P009,1,1499
ITEM003285,ORD001795,P005,1,699
ITEM003286,ORD001795,P010,1,899
ITEM003287,ORD001795,P003,1,1299
ITEM003288,ORD001796,P002,1,3999
ITEM003289,ORD001797,P009,1,1499
ITEM003290,ORD001798,P006,1,2999
ITEM003291,ORD001799,P004,1,499
ITEM003292,ORD001800,P008,1,1799
ITEM003293,ORD001800,P002,1,3999
ITEM003294,ORD001800,P007,1,999
ITEM003295,ORD001801,P007,1,999
ITEM003296,ORD001802,P004,1,499
ITEM003297,ORD001803,P001,1,2499
ITEM003298,ORD001803,P002,1,3999
ITEM003299,ORD001804,P006,1,2999
ITEM003300,ORD001804,P009,1,1499
ITEM003301,ORD001804,P003,1,1299
ITEM003302,ORD001805,P009,1,1499
ITEM003303,ORD001806,P005,1,699
ITEM003304,ORD001806,P010,1,899
ITEM003305,ORD001806,P003,1,1299
ITEM003306,ORD001807,P001,1,2499
ITEM003307,ORD001807,P009,1,1499
ITEM003308,ORD001807,P005,1,699
ITEM003309,ORD001808,P005,1,699
ITEM003310,ORD001808,P004,1,499
ITEM003311,ORD001808,P003,1,1299
ITEM003312,ORD001809,P001,1,2499
ITEM003313,ORD001810,P007,1,999
ITEM003314,ORD001810,P010,1,899
ITEM003315,ORD001811,P003,1,1299
ITEM003316,ORD001811,P002,1,3999
ITEM003317,ORD001811,P008,1,1799
ITEM003318,ORD001812,P008,1,1799
ITEM003319,ORD001812,P007,1,999
ITEM003320,ORD001813,P007,1,999
ITEM003321,ORD001813,P003,1,1299
ITEM003322,ORD001814,P001,1,2499
ITEM003323,ORD001814,P006,1,2999
ITEM003324,ORD001815,P001,1,2499
ITEM003325,ORD001815,P007,1,999
ITEM003326,ORD001815,P004,1,499
ITEM003327,ORD001816,P008,1,1799
ITEM003328,ORD001817,P001,1,2499
ITEM003329,ORD001818,P005,1,699
ITEM003330,ORD001819,P001,1,2499
ITEM003331,ORD001819,P004,1,499
ITEM003332,ORD001820,P006,1,2999
ITEM003333,ORD001820,P008,1,1799
ITEM003334,ORD001821,P003,1,1299
ITEM003335,ORD001822,P001,1,2499
ITEM003336,ORD001822,P008,1,1799
ITEM003337,ORD001823,P003,1,1299
ITEM003338,ORD001823,P007,1,999
ITEM003339,ORD001823,P006,1,2999
ITEM003340,ORD001824,P003,1,1299
ITEM003341,ORD001824,P007,1,999
ITEM003342,ORD001825,P009,1,1499
ITEM003343,ORD001826,P009,1,1499
ITEM003344,ORD001827,P001,1,2499
ITEM003345,ORD001827,P007,1,999
ITEM003346,ORD001828,P009,1,1499
ITEM003347,ORD001828,P003,1,1299
ITEM003348,ORD001829,P010,1,899
ITEM003349,ORD001830,P001,1,2499
ITEM003350,ORD001830,P008,1,1799
ITEM003351,ORD001831,P001,1,2499
ITEM003352,ORD001831,P007,1,999
ITEM003353,ORD001831,P008,1,1799
ITEM003354,ORD001832,P001,1,2499
ITEM003355,ORD001832,P004,1,499
ITEM003356,ORD001833,P010,1,899
ITEM003357,ORD001834,P003,1,1299
ITEM003358,ORD001834,P010,1,899
ITEM003359,ORD001835,P001,1,2499
ITEM003360,ORD001835,P006,1,2999
ITEM003361,ORD001835,P010,1,899
ITEM003362,ORD001836,P001,1,2499
ITEM003363,ORD001837,P002,1,3999
ITEM003364,ORD001837,P007,1,999
ITEM003365,ORD001838,P004,1,499
ITEM003366,ORD001839,P007,1,999
ITEM003367,ORD001839,P010,1,899
ITEM003368,ORD001840,P009,1,1499
ITEM003369,ORD001840,P004,1,499
ITEM003370,ORD001840,P008,1,1799
ITEM003371,ORD001841,P008,1,1799
ITEM003372,ORD001842,P001,1,2499
ITEM003373,ORD001842,P003,1,1299
ITEM003374,ORD001843,P001,1,2499
ITEM003375,ORD001844,P001,1,2499
ITEM003376,ORD001844,P004,1,499
ITEM003377,ORD001845,P001,1,2499
ITEM003378,ORD001845,P005,1,699
ITEM003379,ORD001845,P009,1,1499
ITEM003380,ORD001846,P008,1,1799
ITEM003381,ORD001846,P004,1,499
ITEM003382,ORD001846,P009,1,1499
ITEM003383,ORD001847,P008,1,1799
ITEM003384,ORD001848,P010,1,899
ITEM003385,ORD001849,P010,1,899
ITEM003386,ORD001849,P006,1,2999
ITEM003387,ORD001850,P009,1,1499
ITEM003388,ORD001851,P001,1,2499
ITEM003389,ORD001852,P001,1,2499
ITEM003390,ORD001852,P004,1,499
ITEM003391,ORD001853,P005,1,699
ITEM003392,ORD001853,P007,1,999
ITEM003393,ORD001854,P004,1,499
ITEM003394,ORD001855,P005,1,699
ITEM003395,ORD001855,P007,1,999
ITEM003396,ORD001856,P001,1,2499
ITEM003397,ORD001856,P002,1,3999
ITEM003398,ORD001856,P008,1,1799
ITEM003399,ORD001857,P001,1,2499
ITEM003400,ORD001857,P004,1,499
ITEM003401,ORD001858,P004,1,499
ITEM003402,ORD001859,P002,1,3999
ITEM003403,ORD001859,P005,1,699
ITEM003404,ORD001859,P003,1,1299
ITEM003405,ORD001860,P003,1,1299
ITEM003406,ORD001861,P009,1,1499
ITEM003407,ORD001861,P006,1,2999
ITEM003408,ORD001862,P002,1,3999
ITEM003409,ORD001862,P004,1,499
ITEM003410,ORD001863,P001,1,2499
ITEM003411,ORD001864,P004,1,499
ITEM003412,ORD001865,P007,1,999
ITEM003413,ORD001866,P005,1,699
ITEM003414,ORD001866,P008,1,1799
ITEM003415,ORD001866,P007,1,999
ITEM003416,ORD001867,P007,1,999
ITEM003417,ORD001868,P003,1,1299
ITEM003418,ORD001868,P007,1,999
ITEM003419,ORD001869,P001,1,2499
ITEM003420,ORD001869,P007,1,999
ITEM003421,ORD001870,P009,1,1499
ITEM003422,ORD001871,P001,1,2499
ITEM003423,ORD001872,P010,1,899
ITEM003424,ORD001872,P006,1,2999
ITEM003425,ORD001873,P009,1,1499
ITEM003426,ORD001873,P006,1,2999
ITEM003427,ORD001874,P001,1,2499
ITEM003428,ORD001874,P003,1,1299
ITEM003429,ORD001874,P005,1,699
ITEM003430,ORD001875,P001,1,2499
ITEM003431,ORD001875,P006,1,2999
ITEM003432,ORD001876,P001,1,2499
ITEM003433,ORD001876,P007,1,999
ITEM003434,ORD001877,P001,1,2499
ITEM003435,ORD001877,P003,1,1299
ITEM003436,ORD001878,P005,1,699
ITEM003437,ORD001879,P008,1,1799
ITEM003438,ORD001879,P001,1,2499
ITEM003439,ORD001880,P001,1,2499
ITEM003440,ORD001880,P003,1,1299
ITEM003441,ORD001880,P004,1,499
ITEM003442,ORD001881,P001,1,2499
ITEM003443,ORD001881,P004,1,499
ITEM003444,ORD001882,P008,1,1799
ITEM003445,ORD001882,P001,1,2499
ITEM003446,ORD001883,P001,1,2499
ITEM003447,ORD001884,P009,1,1499
ITEM003448,ORD001884,P006,1,2999
ITEM003449,ORD001885,P008,1,1799
ITEM003450,ORD001886,P003,1,1299
ITEM003451,ORD001887,P001,1,2499
ITEM003452,ORD001887,P010,1,899
ITEM003453,ORD001888,P006,1,2999
ITEM003454,ORD001888,P008,1,1799
ITEM003455,ORD001888,P004,1,499
ITEM003456,ORD001889,P001,1,2499
ITEM003457,ORD001889,P010,1,899
ITEM003458,ORD001890,P005,1,699
ITEM003459,ORD001890,P008,1,1799
ITEM003460,ORD001890,P007,1,999
ITEM003461,ORD001891,P007,1,999
ITEM003462,ORD001892,P009,1,1499
ITEM003463,ORD001893,P007,1,999
ITEM003464,ORD001893,P003,1,1299
ITEM003465,ORD001893,P001,1,2499
ITEM003466,ORD001894,P001,1,2499
ITEM003467,ORD001894,P010,1,899
ITEM003468,ORD001895,P002,1,3999
ITEM003469,ORD001895,P007,1,999
ITEM003470,ORD001896,P004,1,499
ITEM003471,ORD001896,P001,1,2499
ITEM003472,ORD001897,P004,1,499
ITEM003473,ORD001898,P001,1,2499
ITEM003474,ORD001898,P010,1,899
ITEM003475,ORD001899,P009,1,1499
ITEM003476,ORD001899,P002,1,3999
ITEM003477,ORD001899,P004,1,499
ITEM003478,ORD001900,P001,1,2499
ITEM003479,ORD001900,P007,1,999
ITEM003480,ORD001901,P010,1,899
ITEM003481,ORD001902,P001,1,2499
ITEM003482,ORD001902,P007,1,999
ITEM003483,ORD001903,P004,1,499
ITEM003484,ORD001903,P006,1,2999
ITEM003485,ORD001903,P001,1,2499
ITEM003486,ORD001904,P006,1,2999
ITEM003487,ORD001904,P009,1,1499
ITEM003488,ORD001905,P001,1,2499
ITEM003489,ORD001906,P001,1,2499
ITEM003490,ORD001907,P009,1,1499
ITEM003491,ORD001908,P001,1,2499
ITEM003492,ORD001909,P003,1,1299
ITEM003493,ORD001910,P006,1,2999
ITEM003494,ORD001911,P001,1,2499
ITEM003495,ORD001911,P009,1,1499
ITEM003496,ORD001911,P008,1,1799
ITEM003497,ORD001912,P001,1,2499
ITEM003498,ORD001912,P002,1,3999
ITEM003499,ORD001912,P005,1,699
ITEM003500,ORD001913,P003,1,1299
ITEM003501,ORD001914,P006,1,2999
ITEM003502,ORD001915,P004,1,499
ITEM003503,ORD001916,P001,1,2499
ITEM003504,ORD001916,P010,1,899
ITEM003505,ORD001916,P005,1,699
ITEM003506,ORD001917,P010,1,899
ITEM003507,ORD001918,P001,1,2499
ITEM003508,ORD001918,P007,1,999
ITEM003509,ORD001919,P001,1,2499
ITEM003510,ORD001920,P002,1,3999
ITEM003511,ORD001921,P010,1,899
ITEM003512,ORD001921,P004,1,499
ITEM003513,ORD001922,P004,1,499
ITEM003514,ORD001923,P006,1,2999
ITEM003515,ORD001923,P009,1,1499
ITEM003516,ORD001924,P005,1,699
ITEM003517,ORD001924,P004,1,499
ITEM003518,ORD001924,P002,1,3999
ITEM003519,ORD001925,P001,1,2499
ITEM003520,ORD001926,P004,1,499
ITEM003521,ORD001927,P006,1,2999
ITEM003522,ORD001928,P001,1,2499
ITEM003523,ORD001929,P008,1,1799
ITEM003524,ORD001929,P003,1,1299
ITEM003525,ORD001930,P010,1,899
ITEM003526,ORD001930,P007,1,999
ITEM003527,ORD001931,P001,1,2499
ITEM003528,ORD001932,P001,1,2499
ITEM003529,ORD001933,P009,1,1499
ITEM003530,ORD001934,P006,1,2999
ITEM003531,ORD001935,P007,1,999
ITEM003532,ORD001936,P009,1,1499
ITEM003533,ORD001936,P002,1,3999
ITEM003534,ORD001937,P009,1,1499
ITEM003535,ORD001938,P006,1,2999
ITEM003536,ORD001939,P009,1,1499
ITEM003537,ORD001940,P010,1,899
ITEM003538,ORD001940,P008,1,1799
ITEM003539,ORD001941,P001,1,2499
ITEM003540,ORD001941,P009,1,1499
ITEM003541,ORD001942,P010,1,899
ITEM003542,ORD001943,P009,1,1499
ITEM003543,ORD001943,P008,1,1799
ITEM003544,ORD001943,P003,1,1299
ITEM003545,ORD001944,P001,1,2499
ITEM003546,ORD001944,P007,1,999
ITEM003547,ORD001945,P008,1,1799
ITEM003548,ORD001945,P005,1,699
ITEM003549,ORD001946,P001,1,2499
ITEM003550,ORD001946,P009,1,1499
ITEM003551,ORD001947,P001,1,2499
ITEM003552,ORD001947,P009,1,1499
ITEM003553,ORD001948,P001,1,2499
ITEM003554,ORD001948,P008,1,1799
ITEM003555,ORD001948,P002,1,3999
ITEM003556,ORD001949,P002,1,3999
ITEM003557,ORD001949,P006,1,2999
ITEM003558,ORD001950,P005,1,699
ITEM003559,ORD001951,P004,1,499
ITEM003560,ORD001951,P001,1,2499
ITEM003561,ORD001952,P001,1,2499
ITEM003562,ORD001953,P001,1,2499
ITEM003563,ORD001954,P003,1,1299
ITEM003564,ORD001955,P003,1,1299
ITEM003565,ORD001955,P006,1,2999
ITEM003566,ORD001955,P005,1,699
ITEM003567,ORD001956,P003,1,1299
ITEM003568,ORD001956,P010,1,899
ITEM003569,ORD001957,P010,1,899
ITEM003570,ORD001957,P001,1,2499
ITEM003571,ORD001958,P004,1,499
ITEM003572,ORD001958,P003,1,1299
ITEM003573,ORD001959,P010,1,899
ITEM003574,ORD001960,P001,1,2499
ITEM003575,ORD001960,P007,1,999
ITEM003576,ORD001960,P009,1,1499
ITEM003577,ORD001961,P001,1,2499
ITEM003578,ORD001962,P001,1,2499
ITEM003579,ORD001962,P005,1,699
ITEM003580,ORD001963,P003,1,1299
ITEM003581,ORD001963,P004,1,499
ITEM003582,ORD001963,P006,1,2999
ITEM003583,ORD001964,P001,1,2499
ITEM003584,ORD001964,P005,1,699
ITEM003585,ORD001965,P010,1,899
ITEM003586,ORD001966,P010,1,899
ITEM003587,ORD001966,P005,1,699
ITEM003588,ORD001967,P001,1,2499
ITEM003589,ORD001967,P007,1,999
ITEM003590,ORD001968,P001,1,2499
ITEM003591,ORD001968,P006,1,2999
ITEM003592,ORD001969,P008,1,1799
ITEM003593,ORD001969,P004,1,499
ITEM003594,ORD001970,P006,1,2999
ITEM003595,ORD001970,P010,1,899
ITEM003596,ORD001971,P007,1,999
ITEM003597,ORD001972,P001,1,2499
ITEM003598,ORD001972,P003,1,1299
ITEM003599,ORD001973,P001,1,2499
ITEM003600,ORD001973,P005,1,699
ITEM003601,ORD001974,P007,1,999
ITEM003602,ORD001974,P006,1,2999
ITEM003603,ORD001975,P005,1,699
ITEM003604,ORD001976,P010,1,899
ITEM003605,ORD001976,P004,1,499
ITEM003606,ORD001976,P009,1,1499
ITEM003607,ORD001977,P008,1,1799
ITEM003608,ORD001977,P010,1,899
ITEM003609,ORD001977,P003,1,1299
ITEM003610,ORD001978,P009,1,1499
ITEM003611,ORD001978,P003,1,1299
ITEM003612,ORD001979,P004,1,499
ITEM003613,ORD001980,P005,1,699
ITEM003614,ORD001981,P008,1,1799
ITEM003615,ORD001981,P007,1,999
ITEM003616,ORD001982,P008,1,1799
ITEM003617,ORD001983,P003,1,1299
ITEM003618,ORD001983,P009,1,1499
ITEM003619,ORD001984,P001,1,2499
ITEM003620,ORD001984,P002,1,3999
ITEM003621,ORD001985,P010,1,899
ITEM003622,ORD001985,P003,1,1299
ITEM003623,ORD001986,P001,1,2499
ITEM003624,ORD001987,P001,1,2499
ITEM003625,ORD001988,P001,1,2499
ITEM003626,ORD001988,P010,1,899
ITEM003627,ORD001989,P007,1,999
ITEM003628,ORD001989,P002,1,3999
ITEM003629,ORD001989,P003,1,1299
ITEM003630,ORD001990,P001,1,2499
ITEM003631,ORD001990,P004,1,499
ITEM003632,ORD001991,P008,1,1799
ITEM003633,ORD001991,P005,1,699
ITEM003634,ORD001992,P003,1,1299
ITEM003635,ORD001993,P002,1,3999
ITEM003636,ORD001993,P009,1,1499
ITEM003637,ORD001994,P009,1,1499
ITEM003638,ORD001994,P004,1,499
ITEM003639,ORD001995,P008,1,1799
ITEM003640,ORD001996,P004,1,499
ITEM003641,ORD001997,P001,1,2499
ITEM003642,ORD001998,P001,1,2499
ITEM003643,ORD001998,P010,1,899
ITEM003644,ORD001999,P004,1,499
ITEM003645,ORD001999,P010,1,899
ITEM003646,ORD001999,P008,1,1799
ITEM003647,ORD002000,P010,1,899
ITEM003648,ORD002000,P007,1,999
ITEM003649,ORD002001,P005,1,699
ITEM003650,ORD002002,P010,1,899
ITEM003651,ORD002003,P002,1,3999
ITEM003652,ORD002003,P006,1,2999
ITEM003653,ORD002004,P009,1,1499
ITEM003654,ORD002004,P008,1,1799
ITEM003655,ORD002005,P001,1,2499
ITEM003656,ORD002005,P008,1,1799
ITEM003657,ORD002005,P004,1,499
ITEM003658,ORD002006,P002,1,3999
ITEM003659,ORD002006,P007,1,999
ITEM003660,ORD002007,P001,1,2499
ITEM003661,ORD002008,P010,1,899
ITEM003662,ORD002008,P006,1,2999
ITEM003663,ORD002008,P008,1,1799
ITEM003664,ORD002009,P001,1,2499
ITEM003665,ORD002009,P007,1,999
ITEM003666,ORD002010,P001,1,2499
ITEM003667,ORD002010,P010,1,899
ITEM003668,ORD002011,P003,1,1299
ITEM003669,ORD002011,P008,1,1799
ITEM003670,ORD002012,P010,1,899
ITEM003671,ORD002012,P006,1,2999
ITEM003672,ORD002013,P005,1,699
ITEM003673,ORD002014,P001,1,2499
ITEM003674,ORD002014,P004,1,499
ITEM003675,ORD002014,P002,1,3999
ITEM003676,ORD002015,P001,1,2499
ITEM003677,ORD002016,P007,1,999
ITEM003678,ORD002017,P001,1,2499
ITEM003679,ORD002017,P003,1,1299
ITEM003680,ORD002018,P007,1,999
ITEM003681,ORD002018,P006,1,2999
ITEM003682,ORD002019,P001,1,2499
ITEM003683,ORD002019,P002,1,3999
ITEM003684,ORD002020,P001,1,2499
ITEM003685,ORD002020,P006,1,2999
ITEM003686,ORD002020,P002,1,3999
ITEM003687,ORD002021,P010,1,899
ITEM003688,ORD002021,P007,1,999
ITEM003689,ORD002021,P008,1,1799
ITEM003690,ORD002022,P005,1,699
ITEM003691,ORD002023,P001,1,2499
ITEM003692,ORD002023,P006,1,2999
ITEM003693,ORD002024,P007,1,999
ITEM003694,ORD002024,P008,1,1799
ITEM003695,ORD002025,P006,1,2999
ITEM003696,ORD002026,P001,1,2499
ITEM003697,ORD002026,P003,1,1299
ITEM003698,ORD002027,P003,1,1299
ITEM003699,ORD002028,P007,1,999
ITEM003700,ORD002028,P004,1,499
ITEM003701,ORD002029,P003,1,1299
ITEM003702,ORD002029,P010,1,899
ITEM003703,ORD002030,P003,1,1299
ITEM003704,ORD002030,P004,1,499
ITEM003705,ORD002031,P001,1,2499
ITEM003706,ORD002031,P004,1,499
ITEM003707,ORD002032,P007,1,999
ITEM003708,ORD002032,P001,1,2499
ITEM003709,ORD002033,P008,1,1799
ITEM003710,ORD002033,P010,1,899
ITEM003711,ORD002034,P008,1,1799
ITEM003712,ORD002035,P001,1,2499
ITEM003713,ORD002036,P001,1,2499
ITEM003714,ORD002036,P008,1,1799
ITEM003715,ORD002036,P009,1,1499
ITEM003716,ORD002037,P003,1,1299
ITEM003717,ORD002037,P004,1,499
ITEM003718,ORD002038,P007,1,999
ITEM003719,ORD002039,P001,1,2499
ITEM003720,ORD002040,P006,1,2999
ITEM003721,ORD002041,P007,1,999
ITEM003722,ORD002041,P003,1,1299
ITEM003723,ORD002041,P002,1,3999
ITEM003724,ORD002042,P005,1,699
ITEM003725,ORD002043,P005,1,699
ITEM003726,ORD002043,P002,1,3999
ITEM003727,ORD002043,P004,1,499
ITEM003728,ORD002044,P001,1,2499
ITEM003729,ORD002044,P003,1,1299
ITEM003730,ORD002044,P004,1,499
ITEM003731,ORD002045,P008,1,1799
ITEM003732,ORD002045,P002,1,3999
ITEM003733,ORD002046,P004,1,499
ITEM003734,ORD002046,P010,1,899
ITEM003735,ORD002047,P007,1,999
ITEM003736,ORD002047,P005,1,699
ITEM003737,ORD002048,P002,1,3999
ITEM003738,ORD002048,P004,1,499
ITEM003739,ORD002048,P005,1,699
ITEM003740,ORD002049,P010,1,899
ITEM003741,ORD002049,P003,1,1299
ITEM003742,ORD002050,P001,1,2499
ITEM003743,ORD002050,P007,1,999
ITEM003744,ORD002050,P002,1,3999
ITEM003745,ORD002051,P007,1,999
ITEM003746,ORD002052,P005,1,699
ITEM003747,ORD002053,P001,1,2499
ITEM003748,ORD002053,P009,1,1499
ITEM003749,ORD002053,P006,1,2999
ITEM003750,ORD002054,P001,1,2499
ITEM003751,ORD002054,P008,1,1799
ITEM003752,ORD002054,P010,1,899
ITEM003753,ORD002055,P004,1,499
ITEM003754,ORD002056,P007,1,999
ITEM003755,ORD002057,P003,1,1299
ITEM003756,ORD002057,P005,1,699
ITEM003757,ORD002057,P008,1,1799
ITEM003758,ORD002058,P009,1,1499
ITEM003759,ORD002059,P001,1,2499
ITEM003760,ORD002060,P003,1,1299
ITEM003761,ORD002060,P008,1,1799
ITEM003762,ORD002061,P001,1,2499
ITEM003763,ORD002062,P009,1,1499
ITEM003764,ORD002063,P001,1,2499
ITEM003765,ORD002063,P006,1,2999
ITEM003766,ORD002064,P002,1,3999
ITEM003767,ORD002065,P001,1,2499
ITEM003768,ORD002066,P008,1,1799
ITEM003769,ORD002067,P001,1,2499
ITEM003770,ORD002067,P004,1,499
ITEM003771,ORD002068,P001,1,2499
ITEM003772,ORD002068,P006,1,2999
ITEM003773,ORD002068,P008,1,1799
ITEM003774,ORD002069,P001,1,2499
ITEM003775,ORD002069,P004,1,499
ITEM003776,ORD002070,P006,1,2999
ITEM003777,ORD002070,P009,1,1499
ITEM003778,ORD002071,P008,1,1799
ITEM003779,ORD002071,P009,1,1499
ITEM003780,ORD002072,P003,1,1299
ITEM003781,ORD002072,P004,1,499
ITEM003782,ORD002072,P008,1,1799
ITEM003783,ORD002073,P008,1,1799
ITEM003784,ORD002073,P004,1,499
ITEM003785,ORD002074,P003,1,1299
ITEM003786,ORD002075,P002,1,3999
ITEM003787,ORD002076,P001,1,2499
ITEM003788,ORD002077,P008,1,1799
ITEM003789,ORD002077,P007,1,999
ITEM003790,ORD002077,P009,1,1499
ITEM003791,ORD002078,P001,1,2499
ITEM003792,ORD002078,P010,1,899
ITEM003793,ORD002078,P008,1,1799
ITEM003794,ORD002079,P001,1,2499
ITEM003795,ORD002079,P002,1,3999
ITEM003796,ORD002080,P006,1,2999
ITEM003797,ORD002081,P003,1,1299
ITEM003798,ORD002081,P006,1,2999
ITEM003799,ORD002082,P004,1,499
ITEM003800,ORD002082,P007,1,999
ITEM003801,ORD002083,P002,1,3999
ITEM003802,ORD002084,P001,1,2499
ITEM003803,ORD002084,P007,1,999
ITEM003804,ORD002084,P010,1,899
ITEM003805,ORD002085,P001,1,2499
ITEM003806,ORD002085,P004,1,499
ITEM003807,ORD002085,P003,1,1299
ITEM003808,ORD002086,P007,1,999
ITEM003809,ORD002087,P002,1,3999
ITEM003810,ORD002088,P007,1,999
ITEM003811,ORD002088,P006,1,2999
ITEM003812,ORD002089,P002,1,3999
ITEM003813,ORD002090,P010,1,899
ITEM003814,ORD002090,P001,1,2499
ITEM003815,ORD002090,P009,1,1499
ITEM003816,ORD002091,P001,1,2499
ITEM003817,ORD002091,P002,1,3999
ITEM003818,ORD002092,P001,1,2499
ITEM003819,ORD002092,P009,1,1499
ITEM003820,ORD002093,P004,1,499
ITEM003821,ORD002093,P003,1,1299
ITEM003822,ORD002094,P008,1,1799
ITEM003823,ORD002094,P007,1,999
ITEM003824,ORD002095,P001,1,2499
ITEM003825,ORD002096,P001,1,2499
ITEM003826,ORD002096,P008,1,1799
ITEM003827,ORD002097,P001,1,2499
ITEM003828,ORD002098,P005,1,699
ITEM003829,ORD002098,P003,1,1299
ITEM003830,ORD002098,P002,1,3999
ITEM003831,ORD002099,P010,1,899
ITEM003832,ORD002099,P008,1,1799
ITEM003833,ORD002100,P001,1,2499
ITEM003834,ORD002101,P005,1,699
ITEM003835,ORD002102,P009,1,1499
ITEM003836,ORD002103,P001,1,2499
ITEM003837,ORD002104,P001,1,2499
ITEM003838,ORD002104,P002,1,3999
ITEM003839,ORD002104,P010,1,899
ITEM003840,ORD002105,P002,1,3999
ITEM003841,ORD002105,P010,1,899
ITEM003842,ORD002105,P003,1,1299
ITEM003843,ORD002106,P004,1,499
ITEM003844,ORD002106,P001,1,2499
ITEM003845,ORD002107,P001,1,2499
ITEM003846,ORD002107,P009,1,1499
ITEM003847,ORD002108,P007,1,999
ITEM003848,ORD002109,P008,1,1799
ITEM003849,ORD002110,P009,1,1499
ITEM003850,ORD002111,P004,1,499
ITEM003851,ORD002112,P003,1,1299
ITEM003852,ORD002112,P002,1,3999
ITEM003853,ORD002113,P001,1,2499
ITEM003854,ORD002113,P002,1,3999
ITEM003855,ORD002113,P006,1,2999
ITEM003856,ORD002114,P001,1,2499
ITEM003857,ORD002115,P001,1,2499
ITEM003858,ORD002115,P004,1,499
ITEM003859,ORD002116,P001,1,2499
ITEM003860,ORD002116,P004,1,499
ITEM003861,ORD002116,P009,1,1499
ITEM003862,ORD002117,P006,1,2999
ITEM003863,ORD002117,P001,1,2499
ITEM003864,ORD002118,P006,1,2999
ITEM003865,ORD002119,P001,1,2499
ITEM003866,ORD002119,P004,1,499
ITEM003867,ORD002120,P010,1,899
ITEM003868,ORD002120,P006,1,2999
ITEM003869,ORD002121,P001,1,2499
ITEM003870,ORD002122,P001,1,2499
ITEM003871,ORD002122,P004,1,499
ITEM003872,ORD002123,P001,1,2499
ITEM003873,ORD002123,P002,1,3999
ITEM003874,ORD002124,P010,1,899
ITEM003875,ORD002125,P005,1,699
ITEM003876,ORD002125,P002,1,3999
ITEM003877,ORD002126,P005,1,699
ITEM003878,ORD002127,P009,1,1499
ITEM003879,ORD002127,P008,1,1799
ITEM003880,ORD002128,P001,1,2499
ITEM003881,ORD002128,P008,1,1799
ITEM003882,ORD002129,P005,1,699
ITEM003883,ORD002129,P007,1,999
ITEM003884,ORD002130,P001,1,2499
ITEM003885,ORD002130,P008,1,1799
ITEM003886,ORD002131,P001,1,2499
ITEM003887,ORD002131,P006,1,2999
ITEM003888,ORD002132,P007,1,999
ITEM003889,ORD002132,P010,1,899
ITEM003890,ORD002133,P003,1,1299
ITEM003891,ORD002133,P005,1,699
ITEM003892,ORD002134,P010,1,899
ITEM003893,ORD002134,P003,1,1299
ITEM003894,ORD002135,P001,1,2499
ITEM003895,ORD002135,P005,1,699
ITEM003896,ORD002136,P005,1,699
ITEM003897,ORD002137,P001,1,2499
ITEM003898,ORD002138,P001,1,2499
ITEM003899,ORD002139,P001,1,2499
ITEM003900,ORD002140,P001,1,2499
ITEM003901,ORD002141,P006,1,2999
ITEM003902,ORD002141,P005,1,699
ITEM003903,ORD002141,P003,1,1299
ITEM003904,ORD002142,P001,1,2499
ITEM003905,ORD002142,P007,1,999
ITEM003906,ORD002142,P002,1,3999
ITEM003907,ORD002143,P002,1,3999
ITEM003908,ORD002144,P001,1,2499
ITEM003909,ORD002144,P007,1,999
ITEM003910,ORD002145,P009,1,1499
ITEM003911,ORD002145,P006,1,2999
ITEM003912,ORD002146,P010,1,899
ITEM003913,ORD002146,P003,1,1299
ITEM003914,ORD002147,P009,1,1499
ITEM003915,ORD002147,P002,1,3999
ITEM003916,ORD002148,P005,1,699
ITEM003917,ORD002149,P001,1,2499
ITEM003918,ORD002149,P009,1,1499
ITEM003919,ORD002150,P009,1,1499
ITEM003920,ORD002151,P001,1,2499
ITEM003921,ORD002152,P001,1,2499
ITEM003922,ORD002152,P009,1,1499
ITEM003923,ORD002153,P002,1,3999
ITEM003924,ORD002153,P007,1,999
ITEM003925,ORD002153,P008,1,1799
ITEM003926,ORD002154,P002,1,3999
ITEM003927,ORD002154,P001,1,2499
ITEM003928,ORD002155,P010,1,899
ITEM003929,ORD002155,P008,1,1799
ITEM003930,ORD002156,P001,1,2499
ITEM003931,ORD002156,P002,1,3999
ITEM003932,ORD002157,P009,1,1499
ITEM003933,ORD002157,P005,1,699
ITEM003934,ORD002158,P007,1,999
ITEM003935,ORD002158,P006,1,2999
ITEM003936,ORD002158,P008,1,1799
ITEM003937,ORD002159,P008,1,1799
ITEM003938,ORD002160,P004,1,499
ITEM003939,ORD002160,P010,1,899
ITEM003940,ORD002161,P002,1,3999
ITEM003941,ORD002161,P004,1,499
ITEM003942,ORD002162,P004,1,499
ITEM003943,ORD002163,P007,1,999
ITEM003944,ORD002164,P003,1,1299
ITEM003945,ORD002164,P005,1,699
ITEM003946,ORD002165,P004,1,499
ITEM003947,ORD002165,P001,1,2499
ITEM003948,ORD002166,P001,1,2499
ITEM003949,ORD002167,P009,1,1499
ITEM003950,ORD002168,P008,1,1799
ITEM003951,ORD002168,P003,1,1299
ITEM003952,ORD002169,P006,1,2999
ITEM003953,ORD002169,P002,1,3999
ITEM003954,ORD002170,P008,1,1799
ITEM003955,ORD002171,P010,1,899
ITEM003956,ORD002172,P001,1,2499
ITEM003957,ORD002172,P009,1,1499
ITEM003958,ORD002172,P005,1,699
ITEM003959,ORD002173,P008,1,1799
ITEM003960,ORD002173,P002,1,3999
ITEM003961,ORD002174,P005,1,699
ITEM003962,ORD002175,P003,1,1299
ITEM003963,ORD002175,P009,1,1499
ITEM003964,ORD002176,P001,1,2499
ITEM003965,ORD002176,P008,1,1799
ITEM003966,ORD002177,P002,1,3999
ITEM003967,ORD002178,P009,1,1499
ITEM003968,ORD002178,P001,1,2499
ITEM003969,ORD002179,P001,1,2499
ITEM003970,ORD002179,P004,1,499
ITEM003971,ORD002180,P010,1,899
ITEM003972,ORD002181,P002,1,3999
ITEM003973,ORD002182,P008,1,1799
ITEM003974,ORD002182,P009,1,1499
ITEM003975,ORD002183,P001,1,2499
ITEM003976,ORD002183,P009,1,1499
ITEM003977,ORD002183,P004,1,499
ITEM003978,ORD002184,P001,1,2499
ITEM003979,ORD002184,P004,1,499
ITEM003980,ORD002185,P008,1,1799
ITEM003981,ORD002185,P001,1,2499
ITEM003982,ORD002186,P001,1,2499
ITEM003983,ORD002186,P005,1,699
ITEM003984,ORD002186,P009,1,1499
ITEM003985,ORD002187,P001,1,2499
ITEM003986,ORD002187,P009,1,1499
ITEM003987,ORD002188,P004,1,499
ITEM003988,ORD002188,P009,1,1499
ITEM003989,ORD002189,P008,1,1799
ITEM003990,ORD002189,P009,1,1499
ITEM003991,ORD002190,P001,1,2499
ITEM003992,ORD002190,P010,1,899
ITEM003993,ORD002190,P003,1,1299
ITEM003994,ORD002191,P007,1,999
ITEM003995,ORD002192,P004,1,499
ITEM003996,ORD002193,P001,1,2499
ITEM003997,ORD002193,P008,1,1799
ITEM003998,ORD002194,P001,1,2499
ITEM003999,ORD002195,P001,1,2499
ITEM004000,ORD002195,P004,1,499
ITEM004001,ORD002196,P007,1,999
ITEM004002,ORD002197,P002,1,3999
ITEM004003,ORD002197,P004,1,499
ITEM004004,ORD002198,P001,1,2499
ITEM004005,ORD002199,P010,1,899
ITEM004006,ORD002200,P007,1,999
ITEM004007,ORD002200,P009,1,1499
ITEM004008,ORD002201,P004,1,499
ITEM004009,ORD002201,P006,1,2999
ITEM004010,ORD002202,P001,1,2499
ITEM004011,ORD002202,P008,1,1799
ITEM004012,ORD002202,P006,1,2999
ITEM004013,ORD002203,P002,1,3999
ITEM004014,ORD002203,P009,1,1499
ITEM004015,ORD002203,P004,1,499
ITEM004016,ORD002204,P004,1,499
ITEM004017,ORD002204,P007,1,999
ITEM004018,ORD002205,P006,1,2999
ITEM004019,ORD002205,P008,1,1799
ITEM004020,ORD002205,P001,1,2499
ITEM004021,ORD002206,P001,1,2499
ITEM004022,ORD002206,P009,1,1499
ITEM004023,ORD002206,P002,1,3999
ITEM004024,ORD002207,P004,1,499
ITEM004025,ORD002208,P001,1,2499
ITEM004026,ORD002208,P004,1,499
ITEM004027,ORD002209,P001,1,2499
ITEM004028,ORD002209,P007,1,999
ITEM004029,ORD002210,P010,1,899
ITEM004030,ORD002210,P008,1,1799
ITEM004031,ORD002211,P002,1,3999
ITEM004032,ORD002212,P010,1,899
ITEM004033,ORD002212,P003,1,1299
ITEM004034,ORD002213,P006,1,2999
ITEM004035,ORD002213,P005,1,699
ITEM004036,ORD002213,P007,1,999
ITEM004037,ORD002214,P008,1,1799
ITEM004038,ORD002214,P001,1,2499
ITEM004039,ORD002215,P008,1,1799
ITEM004040,ORD002216,P007,1,999
ITEM004041,ORD002216,P002,1,3999
ITEM004042,ORD002217,P001,1,2499
ITEM004043,ORD002218,P008,1,1799
ITEM004044,ORD002218,P010,1,899
ITEM004045,ORD002219,P010,1,899
ITEM004046,ORD002219,P006,1,2999
ITEM004047,ORD002220,P009,1,1499
ITEM004048,ORD002221,P009,1,1499
ITEM004049,ORD002221,P003,1,1299
ITEM004050,ORD002221,P005,1,699
ITEM004051,ORD002222,P001,1,2499
ITEM004052,ORD002222,P002,1,3999
ITEM004053,ORD002222,P008,1,1799
ITEM004054,ORD002223,P007,1,999
ITEM004055,ORD002224,P007,1,999
ITEM004056,ORD002225,P010,1,899
ITEM004057,ORD002226,P003,1,1299
ITEM004058,ORD002227,P008,1,1799
ITEM004059,ORD002227,P010,1,899
ITEM004060,ORD002227,P001,1,2499
ITEM004061,ORD002228,P008,1,1799
ITEM004062,ORD002229,P001,1,2499
ITEM004063,ORD002229,P009,1,1499
ITEM004064,ORD002230,P005,1,699
ITEM004065,ORD002231,P008,1,1799
ITEM004066,ORD002231,P006,1,2999
ITEM004067,ORD002231,P004,1,499
ITEM004068,ORD002232,P004,1,499
ITEM004069,ORD002232,P002,1,3999
ITEM004070,ORD002232,P007,1,999
ITEM004071,ORD002233,P003,1,1299
ITEM004072,ORD002234,P001,1,2499
ITEM004073,ORD002234,P010,1,899
ITEM004074,ORD002234,P005,1,699
ITEM004075,ORD002235,P010,1,899
ITEM004076,ORD002235,P002,1,3999
ITEM004077,ORD002236,P007,1,999
ITEM004078,ORD002236,P010,1,899
ITEM004079,ORD002236,P001,1,2499
ITEM004080,ORD002237,P005,1,699
ITEM004081,ORD002238,P005,1,699
ITEM004082,ORD002238,P001,1,2499
ITEM004083,ORD002239,P003,1,1299
ITEM004084,ORD002239,P005,1,699
ITEM004085,ORD002240,P010,1,899
ITEM004086,ORD002240,P005,1,699
ITEM004087,ORD002241,P001,1,2499
ITEM004088,ORD002242,P004,1,499
ITEM004089,ORD002242,P009,1,1499
ITEM004090,ORD002243,P010,1,899
ITEM004091,ORD002243,P002,1,3999
ITEM004092,ORD002243,P001,1,2499
ITEM004093,ORD002244,P001,1,2499
ITEM004094,ORD002245,P006,1,2999
ITEM004095,ORD002245,P008,1,1799
ITEM004096,ORD002245,P005,1,699
ITEM004097,ORD002246,P002,1,3999
ITEM004098,ORD002246,P007,1,999
ITEM004099,ORD002247,P007,1,999
ITEM004100,ORD002248,P004,1,499
ITEM004101,ORD002248,P002,1,3999
ITEM004102,ORD002249,P005,1,699
ITEM004103,ORD002249,P010,1,899
ITEM004104,ORD002249,P007,1,999
ITEM004105,ORD002250,P010,1,899
ITEM004106,ORD002250,P008,1,1799
ITEM004107,ORD002251,P001,1,2499
ITEM004108,ORD002252,P001,1,2499
ITEM004109,ORD002252,P003,1,1299
ITEM004110,ORD002253,P004,1,499
ITEM004111,ORD002253,P009,1,1499
ITEM004112,ORD002254,P006,1,2999
ITEM004113,ORD002255,P009,1,1499
ITEM004114,ORD002255,P010,1,899
ITEM004115,ORD002256,P004,1,499
ITEM004116,ORD002257,P001,1,2499
ITEM004117,ORD002258,P003,1,1299
ITEM004118,ORD002258,P007,1,999
ITEM004119,ORD002259,P004,1,499
ITEM004120,ORD002260,P005,1,699
ITEM004121,ORD002261,P001,1,2499
ITEM004122,ORD002261,P007,1,999
ITEM004123,ORD002262,P006,1,2999
ITEM004124,ORD002263,P001,1,2499
ITEM004125,ORD002264,P003,1,1299
ITEM004126,ORD002265,P005,1,699
ITEM004127,ORD002265,P002,1,3999
ITEM004128,ORD002266,P007,1,999
ITEM004129,ORD002266,P003,1,1299
ITEM004130,ORD002267,P001,1,2499
ITEM004131,ORD002267,P010,1,899
ITEM004132,ORD002268,P006,1,2999
ITEM004133,ORD002268,P005,1,699
ITEM004134,ORD002269,P007,1,999
ITEM004135,ORD002269,P001,1,2499
ITEM004136,ORD002270,P008,1,1799
ITEM004137,ORD002270,P002,1,3999
ITEM004138,ORD002271,P001,1,2499
ITEM004139,ORD002271,P006,1,2999
ITEM004140,ORD002272,P001,1,2499
ITEM004141,ORD002272,P005,1,699
ITEM004142,ORD002273,P007,1,999
ITEM004143,ORD002274,P008,1,1799
ITEM004144,ORD002275,P001,1,2499
ITEM004145,ORD002275,P007,1,999
ITEM004146,ORD002276,P009,1,1499
ITEM004147,ORD002277,P001,1,2499
ITEM004148,ORD002277,P004,1,499
ITEM004149,ORD002278,P001,1,2499
ITEM004150,ORD002278,P004,1,499
ITEM004151,ORD002279,P003,1,1299
ITEM004152,ORD002279,P010,1,899
ITEM004153,ORD002280,P006,1,2999
ITEM004154,ORD002280,P007,1,999
ITEM004155,ORD002281,P008,1,1799
ITEM004156,ORD002281,P004,1,499
ITEM004157,ORD002282,P001,1,2499
ITEM004158,ORD002283,P009,1,1499
ITEM004159,ORD002284,P004,1,499
ITEM004160,ORD002284,P008,1,1799
ITEM004161,ORD002285,P009,1,1499
ITEM004162,ORD002285,P007,1,999
ITEM004163,ORD002285,P001,1,2499
ITEM004164,ORD002286,P001,1,2499
ITEM004165,ORD002286,P007,1,999
ITEM004166,ORD002286,P008,1,1799
ITEM004167,ORD002287,P009,1,1499
ITEM004168,ORD002287,P006,1,2999
ITEM004169,ORD002287,P008,1,1799
ITEM004170,ORD002288,P001,1,2499
ITEM004171,ORD002288,P003,1,1299
ITEM004172,ORD002289,P008,1,1799
ITEM004173,ORD002289,P004,1,499
ITEM004174,ORD002289,P001,1,2499
ITEM004175,ORD002290,P001,1,2499
ITEM004176,ORD002291,P005,1,699
ITEM004177,ORD002292,P009,1,1499
ITEM004178,ORD002292,P010,1,899
ITEM004179,ORD002292,P001,1,2499
ITEM004180,ORD002293,P001,1,2499
ITEM004181,ORD002294,P007,1,999
ITEM004182,ORD002295,P001,1,2499
ITEM004183,ORD002296,P006,1,2999
ITEM004184,ORD002297,P001,1,2499
ITEM004185,ORD002298,P002,1,3999
ITEM004186,ORD002298,P003,1,1299
ITEM004187,ORD002298,P001,1,2499
ITEM004188,ORD002299,P005,1,699
ITEM004189,ORD002300,P004,1,499
ITEM004190,ORD002301,P001,1,2499
ITEM004191,ORD002301,P005,1,699
ITEM004192,ORD002302,P001,1,2499
ITEM004193,ORD002302,P008,1,1799
ITEM004194,ORD002302,P004,1,499
ITEM004195,ORD002303,P001,1,2499
ITEM004196,ORD002303,P004,1,499
ITEM004197,ORD002304,P001,1,2499
ITEM004198,ORD002304,P010,1,899
ITEM004199,ORD002304,P002,1,3999
ITEM004200,ORD002305,P005,1,699
ITEM004201,ORD002305,P007,1,999
ITEM004202,ORD002305,P006,1,2999
ITEM004203,ORD002306,P004,1,499
ITEM004204,ORD002306,P008,1,1799
ITEM004205,ORD002306,P006,1,2999
ITEM004206,ORD002307,P010,1,899
ITEM004207,ORD002307,P004,1,499
ITEM004208,ORD002307,P008,1,1799
ITEM004209,ORD002308,P001,1,2499
ITEM004210,ORD002309,P001,1,2499
ITEM004211,ORD002310,P001,1,2499
ITEM004212,ORD002311,P005,1,699
ITEM004213,ORD002311,P006,1,2999
ITEM004214,ORD002312,P001,1,2499
ITEM004215,ORD002312,P003,1,1299
ITEM004216,ORD002313,P004,1,499
ITEM004217,ORD002314,P001,1,2499
ITEM004218,ORD002315,P001,1,2499
ITEM004219,ORD002315,P005,1,699
ITEM004220,ORD002315,P009,1,1499
ITEM004221,ORD002316,P001,1,2499
ITEM004222,ORD002316,P005,1,699
ITEM004223,ORD002316,P004,1,499
ITEM004224,ORD002317,P003,1,1299
ITEM004225,ORD002318,P002,1,3999
ITEM004226,ORD002319,P006,1,2999
ITEM004227,ORD002320,P008,1,1799
ITEM004228,ORD002321,P001,1,2499
ITEM004229,ORD002321,P009,1,1499
ITEM004230,ORD002321,P007,1,999
ITEM004231,ORD002322,P006,1,2999
ITEM004232,ORD002322,P005,1,699
ITEM004233,ORD002323,P006,1,2999
ITEM004234,ORD002324,P010,1,899
ITEM004235,ORD002324,P008,1,1799
ITEM004236,ORD002325,P004,1,499
ITEM004237,ORD002325,P003,1,1299
ITEM004238,ORD002325,P008,1,1799
ITEM004239,ORD002326,P006,1,2999
ITEM004240,ORD002326,P001,1,2499
ITEM004241,ORD002326,P008,1,1799
ITEM004242,ORD002327,P010,1,899
ITEM004243,ORD002327,P004,1,499
ITEM004244,ORD002328,P003,1,1299
ITEM004245,ORD002328,P010,1,899
ITEM004246,ORD002329,P006,1,2999
ITEM004247,ORD002329,P004,1,499
ITEM004248,ORD002330,P010,1,899
ITEM004249,ORD002330,P001,1,2499
ITEM004250,ORD002331,P007,1,999
ITEM004251,ORD002331,P001,1,2499
ITEM004252,ORD002331,P004,1,499
ITEM004253,ORD002332,P005,1,699
ITEM004254,ORD002333,P001,1,2499
ITEM004255,ORD002333,P009,1,1499
ITEM004256,ORD002334,P001,1,2499
ITEM004257,ORD002334,P002,1,3999
ITEM004258,ORD002334,P007,1,999
ITEM004259,ORD002335,P005,1,699
ITEM004260,ORD002336,P004,1,499
ITEM004261,ORD002337,P001,1,2499
ITEM004262,ORD002337,P003,1,1299
ITEM004263,ORD002337,P006,1,2999
ITEM004264,ORD002338,P005,1,699
ITEM004265,ORD002338,P003,1,1299
ITEM004266,ORD002339,P001,1,2499
ITEM004267,ORD002340,P008,1,1799
ITEM004268,ORD002340,P007,1,999
ITEM004269,ORD002341,P001,1,2499
ITEM004270,ORD002341,P005,1,699
ITEM004271,ORD002342,P001,1,2499
ITEM004272,ORD002342,P007,1,999
ITEM004273,ORD002342,P006,1,2999
ITEM004274,ORD002343,P002,1,3999
ITEM004275,ORD002344,P008,1,1799
ITEM004276,ORD002345,P005,1,699
ITEM004277,ORD002345,P006,1,2999
ITEM004278,ORD002345,P009,1,1499
ITEM004279,ORD002346,P005,1,699
ITEM004280,ORD002347,P008,1,1799
ITEM004281,ORD002347,P004,1,499
ITEM004282,ORD002348,P005,1,699
ITEM004283,ORD002348,P003,1,1299
ITEM004284,ORD002349,P004,1,499
ITEM004285,ORD002349,P002,1,3999
ITEM004286,ORD002350,P001,1,2499
ITEM004287,ORD002351,P004,1,499
ITEM004288,ORD002351,P002,1,3999
ITEM004289,ORD002351,P003,1,1299
ITEM004290,ORD002352,P001,1,2499
ITEM004291,ORD002352,P002,1,3999
ITEM004292,ORD002353,P002,1,3999
ITEM004293,ORD002353,P007,1,999
ITEM004294,ORD002353,P009,1,1499
ITEM004295,ORD002354,P001,1,2499
ITEM004296,ORD002354,P008,1,1799
ITEM004297,ORD002354,P005,1,699
ITEM004298,ORD002355,P010,1,899
ITEM004299,ORD002355,P003,1,1299
ITEM004300,ORD002356,P001,1,2499
ITEM004301,ORD002356,P006,1,2999
ITEM004302,ORD002356,P005,1,699
ITEM004303,ORD002357,P001,1,2499
ITEM004304,ORD002357,P006,1,2999
ITEM004305,ORD002357,P008,1,1799
ITEM004306,ORD002358,P007,1,999
ITEM004307,ORD002359,P010,1,899
ITEM004308,ORD002359,P001,1,2499
ITEM004309,ORD002359,P002,1,3999
ITEM004310,ORD002360,P001,1,2499
ITEM004311,ORD002361,P008,1,1799
ITEM004312,ORD002361,P003,1,1299
ITEM004313,ORD002362,P001,1,2499
ITEM004314,ORD002363,P001,1,2499
ITEM004315,ORD002363,P007,1,999
ITEM004316,ORD002364,P002,1,3999
ITEM004317,ORD002364,P009,1,1499
ITEM004318,ORD002365,P008,1,1799
ITEM004319,ORD002365,P003,1,1299
ITEM004320,ORD002365,P010,1,899
ITEM004321,ORD002366,P005,1,699
ITEM004322,ORD002366,P003,1,1299
ITEM004323,ORD002366,P007,1,999
ITEM004324,ORD002367,P001,1,2499
ITEM004325,ORD002367,P003,1,1299
ITEM004326,ORD002367,P004,1,499
ITEM004327,ORD002368,P003,1,1299
ITEM004328,ORD002368,P004,1,499
ITEM004329,ORD002369,P007,1,999
ITEM004330,ORD002370,P006,1,2999
ITEM004331,ORD002371,P001,1,2499
ITEM004332,ORD002371,P010,1,899
ITEM004333,ORD002372,P003,1,1299
ITEM004334,ORD002372,P001,1,2499
ITEM004335,ORD002373,P005,1,699
ITEM004336,ORD002373,P002,1,3999
ITEM004337,ORD002374,P009,1,1499
ITEM004338,ORD002374,P008,1,1799
ITEM004339,ORD002375,P007,1,999
ITEM004340,ORD002376,P003,1,1299
ITEM004341,ORD002377,P010,1,899
ITEM004342,ORD002377,P005,1,699
ITEM004343,ORD002378,P001,1,2499
ITEM004344,ORD002379,P007,1,999
ITEM004345,ORD002379,P001,1,2499
ITEM004346,ORD002379,P009,1,1499
ITEM004347,ORD002380,P009,1,1499
ITEM004348,ORD002381,P001,1,2499
ITEM004349,ORD002381,P010,1,899
ITEM004350,ORD002381,P005,1,699
ITEM004351,ORD002382,P010,1,899
ITEM004352,ORD002382,P001,1,2499
ITEM004353,ORD002383,P001,1,2499
ITEM004354,ORD002383,P006,1,2999
ITEM004355,ORD002384,P005,1,699
ITEM004356,ORD002384,P007,1,999
ITEM004357,ORD002385,P001,1,2499
ITEM004358,ORD002386,P004,1,499
ITEM004359,ORD002386,P008,1,1799
ITEM004360,ORD002387,P001,1,2499
ITEM004361,ORD002388,P008,1,1799
ITEM004362,ORD002389,P009,1,1499
ITEM004363,ORD002389,P007,1,999
ITEM004364,ORD002390,P009,1,1499
ITEM004365,ORD002390,P007,1,999
ITEM004366,ORD002390,P006,1,2999
ITEM004367,ORD002391,P009,1,1499
ITEM004368,ORD002392,P004,1,499
ITEM004369,ORD002393,P005,1,699
ITEM004370,ORD002393,P004,1,499
ITEM004371,ORD002394,P005,1,699
ITEM004372,ORD002394,P009,1,1499
ITEM004373,ORD002395,P005,1,699
ITEM004374,ORD002395,P001,1,2499
ITEM004375,ORD002396,P010,1,899
ITEM004376,ORD002396,P002,1,3999
ITEM004377,ORD002397,P001,1,2499
ITEM004378,ORD002397,P010,1,899
ITEM004379,ORD002398,P004,1,499
ITEM004380,ORD002399,P008,1,1799
ITEM004381,ORD002399,P002,1,3999
ITEM004382,ORD002400,P008,1,1799
ITEM004383,ORD002400,P004,1,499
ITEM004384,ORD002401,P009,1,1499
ITEM004385,ORD002401,P010,1,899
ITEM004386,ORD002402,P001,1,2499
ITEM004387,ORD002402,P008,1,1799
ITEM004388,ORD002403,P009,1,1499
ITEM004389,ORD002403,P004,1,499
ITEM004390,ORD002404,P001,1,2499
ITEM004391,ORD002404,P008,1,1799
ITEM004392,ORD002405,P001,1,2499
ITEM004393,ORD002405,P005,1,699
ITEM004394,ORD002406,P001,1,2499
ITEM004395,ORD002406,P004,1,499
ITEM004396,ORD002406,P008,1,1799
ITEM004397,ORD002407,P001,1,2499
ITEM004398,ORD002407,P006,1,2999
ITEM004399,ORD002407,P008,1,1799
ITEM004400,ORD002408,P005,1,699
ITEM004401,ORD002408,P010,1,899
ITEM004402,ORD002409,P003,1,1299
ITEM004403,ORD002409,P009,1,1499
ITEM004404,ORD002410,P001,1,2499
ITEM004405,ORD002411,P004,1,499
ITEM004406,ORD002411,P005,1,699
ITEM004407,ORD002412,P001,1,2499
ITEM004408,ORD002412,P003,1,1299
ITEM004409,ORD002413,P001,1,2499
ITEM004410,ORD002413,P004,1,499
ITEM004411,ORD002414,P001,1,2499
ITEM004412,ORD002414,P010,1,899
ITEM004413,ORD002415,P004,1,499
ITEM004414,ORD002416,P009,1,1499
ITEM004415,ORD002416,P002,1,3999
ITEM004416,ORD002417,P004,1,499
ITEM004417,ORD002417,P005,1,699
ITEM004418,ORD002418,P001,1,2499
ITEM004419,ORD002418,P007,1,999
ITEM004420,ORD002419,P001,1,2499
ITEM004421,ORD002420,P006,1,2999
ITEM004422,ORD002420,P002,1,3999
ITEM004423,ORD002421,P001,1,2499
ITEM004424,ORD002422,P001,1,2499
ITEM004425,ORD002422,P005,1,699
ITEM004426,ORD002422,P006,1,2999
ITEM004427,ORD002423,P004,1,499
ITEM004428,ORD002423,P005,1,699
ITEM004429,ORD002423,P008,1,1799
ITEM004430,ORD002424,P006,1,2999
ITEM004431,ORD002425,P010,1,899
ITEM004432,ORD002426,P003,1,1299
ITEM004433,ORD002426,P006,1,2999
ITEM004434,ORD002427,P001,1,2499
ITEM004435,ORD002427,P004,1,499
ITEM004436,ORD002428,P006,1,2999
ITEM004437,ORD002428,P009,1,1499
ITEM004438,ORD002429,P005,1,699
ITEM004439,ORD002429,P007,1,999
ITEM004440,ORD002429,P009,1,1499
ITEM004441,ORD002430,P004,1,499
ITEM004442,ORD002430,P001,1,2499
ITEM004443,ORD002431,P001,1,2499
ITEM004444,ORD002432,P002,1,3999
ITEM004445,ORD002432,P006,1,2999
ITEM004446,ORD002433,P009,1,1499
ITEM004447,ORD002433,P010,1,899
ITEM004448,ORD002433,P001,1,2499
ITEM004449,ORD002434,P008,1,1799
ITEM004450,ORD002434,P003,1,1299
ITEM004451,ORD002435,P001,1,2499
ITEM004452,ORD002436,P007,1,999
ITEM004453,ORD002436,P008,1,1799
ITEM004454,ORD002437,P002,1,3999
ITEM004455,ORD002437,P003,1,1299
ITEM004456,ORD002438,P003,1,1299
ITEM004457,ORD002438,P007,1,999
ITEM004458,ORD002438,P002,1,3999
ITEM004459,ORD002439,P003,1,1299
ITEM004460,ORD002440,P001,1,2499
ITEM004461,ORD002440,P003,1,1299
ITEM004462,ORD002441,P003,1,1299
ITEM004463,ORD002441,P004,1,499
ITEM004464,ORD002442,P006,1,2999
ITEM004465,ORD002443,P001,1,2499
ITEM004466,ORD002443,P003,1,1299
ITEM004467,ORD002443,P005,1,699
ITEM004468,ORD002444,P001,1,2499
ITEM004469,ORD002444,P010,1,899
ITEM004470,ORD002445,P001,1,2499
ITEM004471,ORD002445,P004,1,499
ITEM004472,ORD002446,P007,1,999
ITEM004473,ORD002447,P006,1,2999
ITEM004474,ORD002447,P008,1,1799
ITEM004475,ORD002447,P003,1,1299
ITEM004476,ORD002448,P007,1,999
ITEM004477,ORD002449,P010,1,899
ITEM004478,ORD002449,P008,1,1799
ITEM004479,ORD002450,P001,1,2499
ITEM004480,ORD002451,P001,1,2499
ITEM004481,ORD002452,P009,1,1499
ITEM004482,ORD002452,P003,1,1299
ITEM004483,ORD002453,P010,1,899
ITEM004484,ORD002453,P005,1,699
ITEM004485,ORD002454,P001,1,2499
ITEM004486,ORD002455,P001,1,2499
ITEM004487,ORD002455,P010,1,899
ITEM004488,ORD002456,P010,1,899
ITEM004489,ORD002456,P004,1,499
ITEM004490,ORD002457,P009,1,1499
ITEM004491,ORD002457,P004,1,499
ITEM004492,ORD002458,P002,1,3999
ITEM004493,ORD002458,P010,1,899
ITEM004494,ORD002459,P005,1,699
ITEM004495,ORD002459,P009,1,1499
ITEM004496,ORD002460,P006,1,2999
ITEM004497,ORD002460,P003,1,1299
ITEM004498,ORD002461,P007,1,999
ITEM004499,ORD002462,P008,1,1799
ITEM004500,ORD002462,P006,1,2999
ITEM004501,ORD002463,P007,1,999
ITEM004502,ORD002463,P001,1,2499
ITEM004503,ORD002463,P003,1,1299
ITEM004504,ORD002464,P001,1,2499
ITEM004505,ORD002464,P003,1,1299
ITEM004506,ORD002465,P005,1,699
ITEM004507,ORD002465,P002,1,3999
ITEM004508,ORD002466,P005,1,699
ITEM004509,ORD002467,P009,1,1499
ITEM004510,ORD002468,P008,1,1799
ITEM004511,ORD002469,P001,1,2499
ITEM004512,ORD002469,P004,1,499
ITEM004513,ORD002469,P003,1,1299
ITEM004514,ORD002470,P003,1,1299
ITEM004515,ORD002470,P002,1,3999
ITEM004516,ORD002471,P008,1,1799
ITEM004517,ORD002472,P002,1,3999
ITEM004518,ORD002473,P004,1,499
ITEM004519,ORD002473,P001,1,2499
ITEM004520,ORD002473,P006,1,2999
ITEM004521,ORD002474,P007,1,999
ITEM004522,ORD002474,P010,1,899
ITEM004523,ORD002475,P001,1,2499
ITEM004524,ORD002475,P007,1,999
ITEM004525,ORD002476,P001,1,2499
ITEM004526,ORD002476,P009,1,1499
ITEM004527,ORD002477,P001,1,2499
ITEM004528,ORD002477,P009,1,1499
ITEM004529,ORD002478,P002,1,3999
ITEM004530,ORD002479,P005,1,699
ITEM004531,ORD002479,P010,1,899
ITEM004532,ORD002480,P002,1,3999
ITEM004533,ORD002480,P005,1,699
ITEM004534,ORD002480,P003,1,1299
ITEM004535,ORD002481,P001,1,2499
ITEM004536,ORD002481,P002,1,3999
ITEM004537,ORD002482,P004,1,499
ITEM004538,ORD002483,P001,1,2499
ITEM004539,ORD002483,P009,1,1499
ITEM004540,ORD002483,P008,1,1799
ITEM004541,ORD002484,P001,1,2499
ITEM004542,ORD002484,P002,1,3999
ITEM004543,ORD002485,P006,1,2999
ITEM004544,ORD002485,P001,1,2499
ITEM004545,ORD002486,P003,1,1299
ITEM004546,ORD002487,P001,1,2499
ITEM004547,ORD002488,P008,1,1799
ITEM004548,ORD002489,P002,1,3999
ITEM004549,ORD002490,P001,1,2499
ITEM004550,ORD002490,P005,1,699
ITEM004551,ORD002490,P008,1,1799
ITEM004552,ORD002491,P008,1,1799
ITEM004553,ORD002492,P001,1,2499
ITEM004554,ORD002492,P005,1,699
ITEM004555,ORD002493,P001,1,2499
ITEM004556,ORD002493,P010,1,899
ITEM004557,ORD002494,P001,1,2499
ITEM004558,ORD002495,P010,1,899
ITEM004559,ORD002495,P004,1,499
ITEM004560,ORD002496,P001,1,2499
ITEM004561,ORD002496,P009,1,1499
ITEM004562,ORD002497,P001,1,2499
ITEM004563,ORD002498,P002,1,3999
ITEM004564,ORD002498,P010,1,899
ITEM004565,ORD002499,P001,1,2499
ITEM004566,ORD002500,P004,1,499
ITEM004567,ORD002500,P007,1,999
ITEM004568,ORD002500,P010,1,899
ITEM004569,ORD002501,P006,1,2999
ITEM004570,ORD002502,P004,1,499
ITEM004571,ORD002503,P007,1,999
ITEM004572,ORD002503,P008,1,1799
ITEM004573,ORD002503,P002,1,3999
ITEM004574,ORD002504,P001,1,2499
ITEM004575,ORD002504,P010,1,899
ITEM004576,ORD002505,P004,1,499
ITEM004577,ORD002505,P002,1,3999
ITEM004578,ORD002506,P001,1,2499
ITEM004579,ORD002506,P007,1,999
ITEM004580,ORD002507,P010,1,899
ITEM004581,ORD002507,P002,1,3999
ITEM004582,ORD002507,P003,1,1299
ITEM004583,ORD002508,P010,1,899
ITEM004584,ORD002508,P002,1,3999
ITEM004585,ORD002509,P001,1,2499
ITEM004586,ORD002509,P004,1,499
ITEM004587,ORD002509,P003,1,1299
ITEM004588,ORD002510,P001,1,2499
ITEM004589,ORD002510,P007,1,999
ITEM004590,ORD002511,P001,1,2499
ITEM004591,ORD002511,P007,1,999
ITEM004592,ORD002511,P008,1,1799
ITEM004593,ORD002512,P001,1,2499
ITEM004594,ORD002512,P010,1,899
ITEM004595,ORD002513,P001,1,2499
ITEM004596,ORD002513,P010,1,899
ITEM004597,ORD002514,P010,1,899
ITEM004598,ORD002514,P005,1,699
ITEM004599,ORD002515,P001,1,2499
ITEM004600,ORD002515,P004,1,499
ITEM004601,ORD002516,P001,1,2499
ITEM004602,ORD002516,P004,1,499
ITEM004603,ORD002516,P009,1,1499
ITEM004604,ORD002517,P001,1,2499
ITEM004605,ORD002518,P001,1,2499
ITEM004606,ORD002518,P002,1,3999
ITEM004607,ORD002519,P001,1,2499
ITEM004608,ORD002519,P004,1,499
ITEM004609,ORD002520,P001,1,2499
ITEM004610,ORD002520,P003,1,1299
ITEM004611,ORD002521,P001,1,2499
ITEM004612,ORD002522,P007,1,999
ITEM004613,ORD002522,P006,1,2999
ITEM004614,ORD002523,P002,1,3999
ITEM004615,ORD002523,P004,1,499
ITEM004616,ORD002524,P001,1,2499
ITEM004617,ORD002524,P002,1,3999
ITEM004618,ORD002525,P001,1,2499
ITEM004619,ORD002526,P001,1,2499
ITEM004620,ORD002527,P001,1,2499
ITEM004621,ORD002527,P010,1,899
ITEM004622,ORD002528,P002,1,3999
ITEM004623,ORD002528,P007,1,999
ITEM004624,ORD002529,P001,1,2499
ITEM004625,ORD002529,P004,1,499
ITEM004626,ORD002529,P005,1,699
ITEM004627,ORD002530,P003,1,1299
ITEM004628,ORD002530,P008,1,1799
ITEM004629,ORD002531,P001,1,2499
ITEM004630,ORD002532,P005,1,699
ITEM004631,ORD002532,P006,1,2999
ITEM004632,ORD002532,P003,1,1299
ITEM004633,ORD002533,P010,1,899
ITEM004634,ORD002533,P004,1,499
ITEM004635,ORD002534,P009,1,1499
ITEM004636,ORD002535,P002,1,3999
ITEM004637,ORD002535,P005,1,699
ITEM004638,ORD002536,P008,1,1799
ITEM004639,ORD002537,P006,1,2999
ITEM004640,ORD002538,P009,1,1499
ITEM004641,ORD002538,P004,1,499
ITEM004642,ORD002538,P005,1,699
ITEM004643,ORD002539,P008,1,1799
ITEM004644,ORD002539,P006,1,2999
ITEM004645,ORD002540,P006,1,2999
ITEM004646,ORD002541,P001,1,2499
ITEM004647,ORD002541,P010,1,899
ITEM004648,ORD002542,P006,1,2999
ITEM004649,ORD002542,P010,1,899
ITEM004650,ORD002543,P006,1,2999
ITEM004651,ORD002543,P003,1,1299
ITEM004652,ORD002543,P004,1,499
ITEM004653,ORD002544,P005,1,699
ITEM004654,ORD002544,P006,1,2999
ITEM004655,ORD002545,P005,1,699
ITEM004656,ORD002545,P007,1,999
ITEM004657,ORD002545,P001,1,2499
ITEM004658,ORD002546,P003,1,1299
ITEM004659,ORD002546,P007,1,999
ITEM004660,ORD002547,P002,1,3999
ITEM004661,ORD002547,P004,1,499
ITEM004662,ORD002548,P010,1,899
ITEM004663,ORD002549,P002,1,3999
ITEM004664,ORD002549,P001,1,2499
ITEM004665,ORD002549,P004,1,499
ITEM004666,ORD002550,P010,1,899
ITEM004667,ORD002550,P005,1,699
ITEM004668,ORD002551,P001,1,2499
ITEM004669,ORD002551,P002,1,3999
ITEM004670,ORD002552,P005,1,699
ITEM004671,ORD002553,P001,1,2499
ITEM004672,ORD002553,P009,1,1499
ITEM004673,ORD002554,P006,1,2999
ITEM004674,ORD002555,P007,1,999
ITEM004675,ORD002555,P001,1,2499
ITEM004676,ORD002555,P004,1,499
ITEM004677,ORD002556,P003,1,1299
ITEM004678,ORD002556,P008,1,1799
ITEM004679,ORD002557,P001,1,2499
ITEM004680,ORD002558,P005,1,699
ITEM004681,ORD002558,P003,1,1299
ITEM004682,ORD002558,P004,1,499
ITEM004683,ORD002559,P008,1,1799
ITEM004684,ORD002559,P006,1,2999
ITEM004685,ORD002560,P001,1,2499
ITEM004686,ORD002561,P001,1,2499
ITEM004687,ORD002562,P006,1,2999
ITEM004688,ORD002562,P007,1,999
ITEM004689,ORD002563,P008,1,1799
ITEM004690,ORD002563,P006,1,2999
ITEM004691,ORD002564,P002,1,3999
ITEM004692,ORD002564,P006,1,2999
ITEM004693,ORD002565,P009,1,1499
ITEM004694,ORD002565,P003,1,1299
ITEM004695,ORD002566,P001,1,2499
ITEM004696,ORD002566,P007,1,999
ITEM004697,ORD002567,P006,1,2999
ITEM004698,ORD002567,P005,1,699
ITEM004699,ORD002568,P004,1,499
ITEM004700,ORD002568,P008,1,1799
ITEM004701,ORD002569,P003,1,1299
ITEM004702,ORD002570,P008,1,1799
ITEM004703,ORD002570,P006,1,2999
ITEM004704,ORD002570,P004,1,499
ITEM004705,ORD002571,P007,1,999
ITEM004706,ORD002571,P010,1,899
ITEM004707,ORD002572,P001,1,2499
ITEM004708,ORD002572,P003,1,1299
ITEM004709,ORD002572,P008,1,1799
ITEM004710,ORD002573,P005,1,699
ITEM004711,ORD002574,P008,1,1799
ITEM004712,ORD002574,P004,1,499
ITEM004713,ORD002574,P006,1,2999
ITEM004714,ORD002575,P001,1,2499
ITEM004715,ORD002575,P009,1,1499
ITEM004716,ORD002576,P010,1,899
ITEM004717,ORD002576,P009,1,1499
ITEM004718,ORD002577,P003,1,1299
ITEM004719,ORD002577,P008,1,1799
ITEM004720,ORD002578,P008,1,1799
ITEM004721,ORD002578,P002,1,3999
ITEM004722,ORD002579,P008,1,1799
ITEM004723,ORD002580,P001,1,2499
ITEM004724,ORD002580,P004,1,499
ITEM004725,ORD002581,P010,1,899
ITEM004726,ORD002581,P002,1,3999
ITEM004727,ORD002582,P003,1,1299
ITEM004728,ORD002582,P007,1,999
ITEM004729,ORD002582,P009,1,1499
ITEM004730,ORD002583,P002,1,3999
ITEM004731,ORD002583,P003,1,1299
ITEM004732,ORD002584,P003,1,1299
ITEM004733,ORD002584,P008,1,1799
ITEM004734,ORD002585,P007,1,999
ITEM004735,ORD002585,P002,1,3999
ITEM004736,ORD002585,P005,1,699
ITEM004737,ORD002586,P006,1,2999
ITEM004738,ORD002586,P003,1,1299
ITEM004739,ORD002587,P001,1,2499
ITEM004740,ORD002587,P004,1,499
ITEM004741,ORD002588,P001,1,2499
ITEM004742,ORD002589,P002,1,3999
ITEM004743,ORD002589,P006,1,2999
ITEM004744,ORD002589,P003,1,1299
ITEM004745,ORD002590,P002,1,3999
ITEM004746,ORD002590,P001,1,2499
ITEM004747,ORD002591,P010,1,899
ITEM004748,ORD002592,P006,1,2999
ITEM004749,ORD002593,P006,1,2999
ITEM004750,ORD002594,P003,1,1299
ITEM004751,ORD002594,P002,1,3999
ITEM004752,ORD002595,P008,1,1799
ITEM004753,ORD002595,P010,1,899
ITEM004754,ORD002596,P008,1,1799
ITEM004755,ORD002597,P007,1,999
ITEM004756,ORD002597,P003,1,1299
ITEM004757,ORD002598,P006,1,2999
ITEM004758,ORD002598,P004,1,499
ITEM004759,ORD002599,P007,1,999
ITEM004760,ORD002600,P010,1,899
ITEM004761,ORD002600,P002,1,3999
ITEM004762,ORD002601,P004,1,499
ITEM004763,ORD002601,P003,1,1299
ITEM004764,ORD002601,P001,1,2499
ITEM004765,ORD002602,P003,1,1299
ITEM004766,ORD002602,P010,1,899
ITEM004767,ORD002603,P001,1,2499
ITEM004768,ORD002604,P003,1,1299
ITEM004769,ORD002605,P003,1,1299
ITEM004770,ORD002606,P004,1,499
ITEM004771,ORD002606,P010,1,899
ITEM004772,ORD002607,P006,1,2999
ITEM004773,ORD002607,P008,1,1799
ITEM004774,ORD002608,P007,1,999
ITEM004775,ORD002608,P001,1,2499
ITEM004776,ORD002609,P006,1,2999
ITEM004777,ORD002609,P005,1,699
ITEM004778,ORD002610,P005,1,699
ITEM004779,ORD002611,P004,1,499
ITEM004780,ORD002612,P010,1,899
ITEM004781,ORD002613,P007,1,999
ITEM004782,ORD002613,P001,1,2499
ITEM004783,ORD002613,P002,1,3999
ITEM004784,ORD002614,P010,1,899
ITEM004785,ORD002615,P004,1,499
ITEM004786,ORD002615,P001,1,2499
ITEM004787,ORD002616,P004,1,499
ITEM004788,ORD002616,P007,1,999
ITEM004789,ORD002617,P004,1,499
ITEM004790,ORD002617,P005,1,699
ITEM004791,ORD002617,P008,1,1799
ITEM004792,ORD002618,P002,1,3999
ITEM004793,ORD002618,P004,1,499
ITEM004794,ORD002619,P001,1,2499
ITEM004795,ORD002619,P003,1,1299
ITEM004796,ORD002620,P007,1,999
ITEM004797,ORD002620,P009,1,1499
ITEM004798,ORD002620,P006,1,2999
ITEM004799,ORD002621,P003,1,1299
ITEM004800,ORD002621,P005,1,699
ITEM004801,ORD002622,P002,1,3999
ITEM004802,ORD002623,P001,1,2499
ITEM004803,ORD002623,P004,1,499
ITEM004804,ORD002623,P010,1,899
ITEM004805,ORD002624,P006,1,2999
ITEM004806,ORD002625,P007,1,999
ITEM004807,ORD002625,P001,1,2499
ITEM004808,ORD002626,P001,1,2499
ITEM004809,ORD002626,P009,1,1499
ITEM004810,ORD002626,P003,1,1299
ITEM004811,ORD002627,P001,1,2499
ITEM004812,ORD002628,P003,1,1299
ITEM004813,ORD002629,P006,1,2999
ITEM004814,ORD002630,P002,1,3999
ITEM004815,ORD002631,P002,1,3999
ITEM004816,ORD002631,P001,1,2499
ITEM004817,ORD002632,P001,1,2499
ITEM004818,ORD002632,P002,1,3999
ITEM004819,ORD002633,P001,1,2499
ITEM004820,ORD002633,P002,1,3999
ITEM004821,ORD002633,P003,1,1299
ITEM004822,ORD002634,P001,1,2499
ITEM004823,ORD002634,P005,1,699
ITEM004824,ORD002634,P006,1,2999
ITEM004825,ORD002635,P003,1,1299
ITEM004826,ORD002635,P006,1,2999
ITEM004827,ORD002636,P010,1,899
ITEM004828,ORD002636,P008,1,1799
ITEM004829,ORD002637,P006,1,2999
ITEM004830,ORD002638,P002,1,3999
ITEM004831,ORD002638,P009,1,1499
ITEM004832,ORD002639,P001,1,2499
ITEM004833,ORD002639,P003,1,1299
ITEM004834,ORD002639,P007,1,999
ITEM004835,ORD002640,P010,1,899
ITEM004836,ORD002640,P009,1,1499
ITEM004837,ORD002641,P001,1,2499
ITEM004838,ORD002642,P007,1,999
ITEM004839,ORD002642,P008,1,1799
ITEM004840,ORD002643,P007,1,999
ITEM004841,ORD002643,P005,1,699
ITEM004842,ORD002644,P003,1,1299
ITEM004843,ORD002644,P001,1,2499
ITEM004844,ORD002644,P008,1,1799
ITEM004845,ORD002645,P010,1,899
ITEM004846,ORD002645,P001,1,2499
ITEM004847,ORD002646,P005,1,699
ITEM004848,ORD002647,P008,1,1799
ITEM004849,ORD002647,P003,1,1299
ITEM004850,ORD002648,P001,1,2499
ITEM004851,ORD002648,P010,1,899
ITEM004852,ORD002649,P002,1,3999
ITEM004853,ORD002649,P006,1,2999
ITEM004854,ORD002650,P003,1,1299
ITEM004855,ORD002650,P007,1,999
ITEM004856,ORD002651,P001,1,2499
ITEM004857,ORD002651,P005,1,699
ITEM004858,ORD002652,P010,1,899
ITEM004859,ORD002652,P001,1,2499
ITEM004860,ORD002652,P003,1,1299
ITEM004861,ORD002653,P007,1,999
ITEM004862,ORD002653,P002,1,3999
ITEM004863,ORD002653,P004,1,499
ITEM004864,ORD002654,P009,1,1499
ITEM004865,ORD002655,P003,1,1299
ITEM004866,ORD002655,P006,1,2999
ITEM004867,ORD002656,P001,1,2499
ITEM004868,ORD002657,P001,1,2499
ITEM004869,ORD002657,P005,1,699
ITEM004870,ORD002658,P001,1,2499
ITEM004871,ORD002658,P006,1,2999
ITEM004872,ORD002658,P010,1,899
ITEM004873,ORD002659,P001,1,2499
ITEM004874,ORD002659,P005,1,699
ITEM004875,ORD002659,P008,1,1799
ITEM004876,ORD002660,P007,1,999
ITEM004877,ORD002660,P010,1,899
ITEM004878,ORD002661,P007,1,999
ITEM004879,ORD002661,P010,1,899
ITEM004880,ORD002662,P001,1,2499
ITEM004881,ORD002663,P008,1,1799
ITEM004882,ORD002663,P001,1,2499
ITEM004883,ORD002663,P006,1,2999
ITEM004884,ORD002664,P001,1,2499
ITEM004885,ORD002664,P005,1,699
ITEM004886,ORD002665,P003,1,1299
ITEM004887,ORD002666,P001,1,2499
ITEM004888,ORD002667,P008,1,1799
ITEM004889,ORD002667,P005,1,699
ITEM004890,ORD002668,P001,1,2499
ITEM004891,ORD002668,P010,1,899
ITEM004892,ORD002669,P003,1,1299
ITEM004893,ORD002670,P009,1,1499
ITEM004894,ORD002670,P001,1,2499
ITEM004895,ORD002671,P005,1,699
ITEM004896,ORD002671,P009,1,1499
ITEM004897,ORD002671,P007,1,999
ITEM004898,ORD002672,P009,1,1499
ITEM004899,ORD002672,P006,1,2999
ITEM004900,ORD002673,P002,1,3999
ITEM004901,ORD002673,P009,1,1499
ITEM004902,ORD002674,P001,1,2499
ITEM004903,ORD002674,P009,1,1499
ITEM004904,ORD002674,P005,1,699
ITEM004905,ORD002675,P007,1,999
ITEM004906,ORD002676,P008,1,1799
ITEM004907,ORD002677,P001,1,2499
ITEM004908,ORD002677,P008,1,1799
ITEM004909,ORD002677,P004,1,499
ITEM004910,ORD002678,P005,1,699
ITEM004911,ORD002678,P003,1,1299
ITEM004912,ORD002679,P009,1,1499
ITEM004913,ORD002679,P002,1,3999
ITEM004914,ORD002680,P006,1,2999
ITEM004915,ORD002680,P008,1,1799
ITEM004916,ORD002680,P001,1,2499
ITEM004917,ORD002681,P005,1,699
ITEM004918,ORD002681,P006,1,2999
ITEM004919,ORD002682,P001,1,2499
ITEM004920,ORD002682,P002,1,3999
ITEM004921,ORD002683,P003,1,1299
ITEM004922,ORD002683,P009,1,1499
ITEM004923,ORD002684,P001,1,2499
ITEM004924,ORD002684,P003,1,1299
ITEM004925,ORD002685,P007,1,999
ITEM004926,ORD002685,P003,1,1299
ITEM004927,ORD002686,P003,1,1299
ITEM004928,ORD002687,P001,1,2499
ITEM004929,ORD002687,P004,1,499
ITEM004930,ORD002688,P001,1,2499
ITEM004931,ORD002688,P002,1,3999
ITEM004932,ORD002688,P005,1,699
ITEM004933,ORD002689,P008,1,1799
ITEM004934,ORD002690,P001,1,2499
ITEM004935,ORD002691,P003,1,1299
ITEM004936,ORD002692,P010,1,899
ITEM004937,ORD002692,P002,1,3999
ITEM004938,ORD002692,P006,1,2999
ITEM004939,ORD002693,P001,1,2499
ITEM004940,ORD002693,P005,1,699
ITEM004941,ORD002694,P003,1,1299
ITEM004942,ORD002695,P001,1,2499
ITEM004943,ORD002695,P004,1,499
ITEM004944,ORD002696,P001,1,2499
ITEM004945,ORD002696,P008,1,1799
ITEM004946,ORD002697,P007,1,999
ITEM004947,ORD002698,P001,1,2499
ITEM004948,ORD002698,P004,1,499
ITEM004949,ORD002699,P004,1,499
ITEM004950,ORD002700,P001,1,2499
ITEM004951,ORD002700,P010,1,899
ITEM004952,ORD002700,P006,1,2999
ITEM004953,ORD002701,P007,1,999
ITEM004954,ORD002702,P008,1,1799
ITEM004955,ORD002702,P009,1,1499
ITEM004956,ORD002703,P002,1,3999
ITEM004957,ORD002704,P001,1,2499
ITEM004958,ORD002705,P004,1,499
ITEM004959,ORD002705,P008,1,1799
ITEM004960,ORD002706,P007,1,999
ITEM004961,ORD002706,P004,1,499
ITEM004962,ORD002706,P003,1,1299
ITEM004963,ORD002707,P002,1,3999
ITEM004964,ORD002707,P003,1,1299
ITEM004965,ORD002708,P005,1,699
ITEM004966,ORD002709,P001,1,2499
ITEM004967,ORD002710,P001,1,2499
ITEM004968,ORD002710,P008,1,1799
ITEM004969,ORD002710,P007,1,999
ITEM004970,ORD002711,P006,1,2999
ITEM004971,ORD002711,P005,1,699
ITEM004972,ORD002712,P003,1,1299
ITEM004973,ORD002712,P007,1,999
ITEM004974,ORD002713,P004,1,499
ITEM004975,ORD002713,P003,1,1299
ITEM004976,ORD002714,P001,1,2499
ITEM004977,ORD002714,P009,1,1499
ITEM004978,ORD002715,P001,1,2499
ITEM004979,ORD002715,P004,1,499
ITEM004980,ORD002716,P001,1,2499
ITEM004981,ORD002716,P004,1,499
ITEM004982,ORD002717,P008,1,1799
ITEM004983,ORD002718,P003,1,1299
ITEM004984,ORD002718,P004,1,499
ITEM004985,ORD002718,P005,1,699
ITEM004986,ORD002719,P002,1,3999
ITEM004987,ORD002719,P007,1,999
ITEM004988,ORD002720,P001,1,2499
ITEM004989,ORD002720,P009,1,1499
ITEM004990,ORD002720,P004,1,499
ITEM004991,ORD002721,P005,1,699
ITEM004992,ORD002722,P001,1,2499
ITEM004993,ORD002723,P007,1,999
ITEM004994,ORD002723,P009,1,1499
ITEM004995,ORD002724,P001,1,2499
ITEM004996,ORD002725,P001,1,2499
ITEM004997,ORD002725,P004,1,499
ITEM004998,ORD002725,P007,1,999
ITEM004999,ORD002726,P001,1,2499
ITEM005000,ORD002727,P001,1,2499
ITEM005001,ORD002728,P010,1,899
ITEM005002,ORD002729,P009,1,1499
ITEM005003,ORD002729,P005,1,699
ITEM005004,ORD002729,P006,1,2999
ITEM005005,ORD002730,P010,1,899
ITEM005006,ORD002731,P004,1,499
ITEM005007,ORD002732,P001,1,2499
ITEM005008,ORD002733,P002,1,3999
ITEM005009,ORD002733,P009,1,1499
ITEM005010,ORD002734,P007,1,999
ITEM005011,ORD002734,P003,1,1299
ITEM005012,ORD002735,P003,1,1299
ITEM005013,ORD002735,P006,1,2999
ITEM005014,ORD002735,P005,1,699
ITEM005015,ORD002736,P001,1,2499
ITEM005016,ORD002736,P008,1,1799
ITEM005017,ORD002737,P004,1,499
ITEM005018,ORD002738,P004,1,499
ITEM005019,ORD002739,P001,1,2499
ITEM005020,ORD002739,P002,1,3999
ITEM005021,ORD002740,P006,1,2999
ITEM005022,ORD002741,P001,1,2499
ITEM005023,ORD002741,P006,1,2999
ITEM005024,ORD002742,P005,1,699
ITEM005025,ORD002742,P002,1,3999
ITEM005026,ORD002743,P001,1,2499
ITEM005027,ORD002743,P002,1,3999
ITEM005028,ORD002743,P005,1,699
ITEM005029,ORD002744,P007,1,999
ITEM005030,ORD002744,P009,1,1499
ITEM005031,ORD002745,P006,1,2999
ITEM005032,ORD002745,P010,1,899
ITEM005033,ORD002746,P003,1,1299
ITEM005034,ORD002747,P010,1,899
ITEM005035,ORD002747,P002,1,3999
ITEM005036,ORD002748,P005,1,699
ITEM005037,ORD002749,P001,1,2499
ITEM005038,ORD002749,P008,1,1799
ITEM005039,ORD002750,P001,1,2499
ITEM005040,ORD002750,P005,1,699
ITEM005041,ORD002751,P010,1,899
ITEM005042,ORD002752,P001,1,2499
ITEM005043,ORD002753,P001,1,2499
ITEM005044,ORD002753,P004,1,499
ITEM005045,ORD002754,P006,1,2999
ITEM005046,ORD002755,P005,1,699
ITEM005047,ORD002756,P002,1,3999
ITEM005048,ORD002756,P004,1,499
ITEM005049,ORD002757,P001,1,2499
ITEM005050,ORD002757,P004,1,499
ITEM005051,ORD002758,P009,1,1499
ITEM005052,ORD002758,P003,1,1299
ITEM005053,ORD002759,P005,1,699
ITEM005054,ORD002759,P009,1,1499
ITEM005055,ORD002759,P001,1,2499
ITEM005056,ORD002760,P010,1,899
ITEM005057,ORD002760,P002,1,3999
ITEM005058,ORD002760,P009,1,1499
ITEM005059,ORD002761,P004,1,499
ITEM005060,ORD002762,P004,1,499
ITEM005061,ORD002763,P005,1,699
ITEM005062,ORD002763,P002,1,3999
ITEM005063,ORD002764,P004,1,499
ITEM005064,ORD002764,P001,1,2499
ITEM005065,ORD002765,P001,1,2499
ITEM005066,ORD002765,P010,1,899
ITEM005067,ORD002766,P010,1,899
ITEM005068,ORD002766,P001,1,2499
ITEM005069,ORD002766,P007,1,999
ITEM005070,ORD002767,P001,1,2499
ITEM005071,ORD002767,P002,1,3999
ITEM005072,ORD002767,P007,1,999
ITEM005073,ORD002768,P007,1,999
ITEM005074,ORD002768,P009,1,1499
ITEM005075,ORD002768,P008,1,1799
ITEM005076,ORD002769,P001,1,2499
ITEM005077,ORD002770,P006,1,2999
ITEM005078,ORD002770,P001,1,2499
ITEM005079,ORD002771,P009,1,1499
ITEM005080,ORD002771,P005,1,699
ITEM005081,ORD002772,P005,1,699
ITEM005082,ORD002772,P008,1,1799
ITEM005083,ORD002773,P001,1,2499
ITEM005084,ORD002774,P004,1,499
ITEM005085,ORD002774,P006,1,2999
ITEM005086,ORD002775,P001,1,2499
ITEM005087,ORD002775,P008,1,1799
ITEM005088,ORD002775,P004,1,499
ITEM005089,ORD002776,P010,1,899
ITEM005090,ORD002776,P002,1,3999
ITEM005091,ORD002776,P008,1,1799
ITEM005092,ORD002777,P010,1,899
ITEM005093,ORD002778,P004,1,499
ITEM005094,ORD002778,P007,1,999
ITEM005095,ORD002779,P008,1,1799
ITEM005096,ORD002780,P010,1,899
ITEM005097,ORD002780,P006,1,2999
ITEM005098,ORD002781,P009,1,1499
ITEM005099,ORD002781,P006,1,2999
ITEM005100,ORD002781,P003,1,1299
ITEM005101,ORD002782,P010,1,899
ITEM005102,ORD002782,P008,1,1799
ITEM005103,ORD002782,P003,1,1299
ITEM005104,ORD002783,P001,1,2499
ITEM005105,ORD002784,P002,1,3999
ITEM005106,ORD002784,P003,1,1299
ITEM005107,ORD002785,P010,1,899
ITEM005108,ORD002785,P008,1,1799
ITEM005109,ORD002786,P008,1,1799
ITEM005110,ORD002786,P001,1,2499
ITEM005111,ORD002787,P008,1,1799
ITEM005112,ORD002788,P004,1,499
ITEM005113,ORD002789,P002,1,3999
ITEM005114,ORD002789,P001,1,2499
ITEM005115,ORD002790,P003,1,1299
ITEM005116,ORD002791,P002,1,3999
ITEM005117,ORD002791,P001,1,2499
ITEM005118,ORD002791,P003,1,1299
ITEM005119,ORD002792,P001,1,2499
ITEM005120,ORD002792,P004,1,499
ITEM005121,ORD002793,P005,1,699
ITEM005122,ORD002793,P008,1,1799
ITEM005123,ORD002794,P008,1,1799
ITEM005124,ORD002794,P004,1,499
ITEM005125,ORD002794,P010,1,899
ITEM005126,ORD002795,P006,1,2999
ITEM005127,ORD002795,P009,1,1499
ITEM005128,ORD002796,P001,1,2499
ITEM005129,ORD002797,P004,1,499
ITEM005130,ORD002797,P005,1,699
ITEM005131,ORD002798,P001,1,2499
ITEM005132,ORD002799,P001,1,2499
ITEM005133,ORD002800,P008,1,1799
ITEM005134,ORD002800,P004,1,499
ITEM005135,ORD002801,P008,1,1799
ITEM005136,ORD002802,P007,1,999
ITEM005137,ORD002802,P001,1,2499
ITEM005138,ORD002803,P001,1,2499
ITEM005139,ORD002803,P009,1,1499
ITEM005140,ORD002804,P003,1,1299
ITEM005141,ORD002805,P003,1,1299
ITEM005142,ORD002805,P006,1,2999
ITEM005143,ORD002806,P002,1,3999
ITEM005144,ORD002807,P003,1,1299
ITEM005145,ORD002807,P007,1,999
ITEM005146,ORD002808,P001,1,2499
ITEM005147,ORD002808,P005,1,699
ITEM005148,ORD002808,P003,1,1299
ITEM005149,ORD002809,P005,1,699
ITEM005150,ORD002809,P001,1,2499
ITEM005151,ORD002809,P004,1,499
ITEM005152,ORD002810,P004,1,499
ITEM005153,ORD002810,P006,1,2999
ITEM005154,ORD002811,P004,1,499
ITEM005155,ORD002812,P005,1,699
ITEM005156,ORD002812,P001,1,2499
ITEM005157,ORD002813,P003,1,1299
ITEM005158,ORD002814,P002,1,3999
ITEM005159,ORD002815,P009,1,1499
ITEM005160,ORD002815,P008,1,1799
ITEM005161,ORD002815,P003,1,1299
ITEM005162,ORD002816,P001,1,2499
ITEM005163,ORD002816,P009,1,1499
ITEM005164,ORD002817,P001,1,2499
ITEM005165,ORD002817,P008,1,1799
ITEM005166,ORD002818,P001,1,2499
ITEM005167,ORD002818,P009,1,1499
ITEM005168,ORD002819,P001,1,2499
ITEM005169,ORD002819,P004,1,499
ITEM005170,ORD002820,P002,1,3999
ITEM005171,ORD002821,P006,1,2999
ITEM005172,ORD002821,P002,1,3999
ITEM005173,ORD002822,P010,1,899
ITEM005174,ORD002822,P004,1,499
ITEM005175,ORD002823,P001,1,2499
ITEM005176,ORD002823,P009,1,1499
ITEM005177,ORD002823,P010,1,899
ITEM005178,ORD002824,P004,1,499
ITEM005179,ORD002825,P003,1,1299
ITEM005180,ORD002825,P010,1,899
ITEM005181,ORD002826,P001,1,2499
ITEM005182,ORD002826,P006,1,2999
ITEM005183,ORD002826,P010,1,899
ITEM005184,ORD002827,P008,1,1799
ITEM005185,ORD002827,P004,1,499
ITEM005186,ORD002828,P006,1,2999
ITEM005187,ORD002828,P007,1,999
ITEM005188,ORD002829,P006,1,2999
ITEM005189,ORD002829,P008,1,1799
ITEM005190,ORD002830,P001,1,2499
ITEM005191,ORD002830,P008,1,1799
ITEM005192,ORD002830,P010,1,899
ITEM005193,ORD002831,P001,1,2499
ITEM005194,ORD002831,P010,1,899
ITEM005195,ORD002832,P001,1,2499
ITEM005196,ORD002832,P005,1,699
ITEM005197,ORD002833,P005,1,699
ITEM005198,ORD002833,P007,1,999
ITEM005199,ORD002834,P009,1,1499
ITEM005200,ORD002834,P001,1,2499
ITEM005201,ORD002834,P005,1,699
ITEM005202,ORD002835,P003,1,1299
ITEM005203,ORD002836,P001,1,2499
ITEM005204,ORD002837,P005,1,699
ITEM005205,ORD002837,P007,1,999
ITEM005206,ORD002838,P005,1,699
ITEM005207,ORD002838,P008,1,1799
ITEM005208,ORD002839,P001,1,2499
ITEM005209,ORD002839,P005,1,699
ITEM005210,ORD002840,P006,1,2999
ITEM005211,ORD002840,P005,1,699
ITEM005212,ORD002840,P010,1,899
ITEM005213,ORD002841,P001,1,2499
ITEM005214,ORD002841,P010,1,899
ITEM005215,ORD002841,P006,1,2999
ITEM005216,ORD002842,P001,1,2499
ITEM005217,ORD002843,P004,1,499
ITEM005218,ORD002844,P004,1,499
ITEM005219,ORD002844,P001,1,2499
ITEM005220,ORD002844,P009,1,1499
ITEM005221,ORD002845,P001,1,2499
ITEM005222,ORD002845,P010,1,899
ITEM005223,ORD002846,P001,1,2499
ITEM005224,ORD002846,P006,1,2999
ITEM005225,ORD002846,P008,1,1799
ITEM005226,ORD002847,P010,1,899
ITEM005227,ORD002847,P005,1,699
ITEM005228,ORD002848,P001,1,2499
ITEM005229,ORD002848,P002,1,3999
ITEM005230,ORD002848,P003,1,1299
ITEM005231,ORD002849,P001,1,2499
ITEM005232,ORD002849,P003,1,1299
ITEM005233,ORD002850,P002,1,3999
ITEM005234,ORD002850,P001,1,2499
ITEM005235,ORD002850,P004,1,499
ITEM005236,ORD002851,P010,1,899
ITEM005237,ORD002851,P001,1,2499
ITEM005238,ORD002851,P007,1,999
ITEM005239,ORD002852,P003,1,1299
ITEM005240,ORD002852,P005,1,699
ITEM005241,ORD002852,P004,1,499
ITEM005242,ORD002853,P008,1,1799
ITEM005243,ORD002853,P001,1,2499
ITEM005244,ORD002853,P007,1,999
ITEM005245,ORD002854,P006,1,2999
ITEM005246,ORD002854,P010,1,899
ITEM005247,ORD002854,P005,1,699
ITEM005248,ORD002855,P003,1,1299
ITEM005249,ORD002855,P007,1,999
ITEM005250,ORD002856,P001,1,2499
ITEM005251,ORD002856,P003,1,1299
ITEM005252,ORD002857,P010,1,899
ITEM005253,ORD002858,P001,1,2499
ITEM005254,ORD002859,P009,1,1499
ITEM005255,ORD002859,P005,1,699
ITEM005256,ORD002859,P002,1,3999
ITEM005257,ORD002860,P001,1,2499
ITEM005258,ORD002860,P002,1,3999
ITEM005259,ORD002861,P003,1,1299
ITEM005260,ORD002862,P001,1,2499
ITEM005261,ORD002862,P004,1,499
ITEM005262,ORD002863,P008,1,1799
ITEM005263,ORD002863,P007,1,999
ITEM005264,ORD002864,P001,1,2499
ITEM005265,ORD002864,P002,1,3999
ITEM005266,ORD002865,P003,1,1299
ITEM005267,ORD002866,P004,1,499
ITEM005268,ORD002866,P002,1,3999
ITEM005269,ORD002866,P008,1,1799
ITEM005270,ORD002867,P002,1,3999
ITEM005271,ORD002868,P010,1,899
ITEM005272,ORD002869,P001,1,2499
ITEM005273,ORD002870,P004,1,499
ITEM005274,ORD002870,P002,1,3999
ITEM005275,ORD002871,P001,1,2499
ITEM005276,ORD002871,P004,1,499
ITEM005277,ORD002872,P002,1,3999
ITEM005278,ORD002872,P004,1,499
ITEM005279,ORD002873,P001,1,2499
ITEM005280,ORD002874,P010,1,899
ITEM005281,ORD002874,P008,1,1799
ITEM005282,ORD002874,P007,1,999
ITEM005283,ORD002875,P001,1,2499
ITEM005284,ORD002875,P003,1,1299
ITEM005285,ORD002876,P001,1,2499
ITEM005286,ORD002876,P007,1,999
ITEM005287,ORD002877,P001,1,2499
ITEM005288,ORD002877,P003,1,1299
ITEM005289,ORD002878,P004,1,499
ITEM005290,ORD002878,P005,1,699
ITEM005291,ORD002878,P007,1,999
ITEM005292,ORD002879,P009,1,1499
ITEM005293,ORD002879,P010,1,899
ITEM005294,ORD002880,P010,1,899
ITEM005295,ORD002880,P003,1,1299
ITEM005296,ORD002881,P005,1,699
ITEM005297,ORD002881,P003,1,1299
ITEM005298,ORD002881,P002,1,3999
ITEM005299,ORD002882,P001,1,2499
ITEM005300,ORD002882,P004,1,499
ITEM005301,ORD002883,P005,1,699
ITEM005302,ORD002883,P006,1,2999
ITEM005303,ORD002884,P003,1,1299
ITEM005304,ORD002884,P009,1,1499
ITEM005305,ORD002884,P007,1,999
ITEM005306,ORD002885,P004,1,499
ITEM005307,ORD002886,P005,1,699
ITEM005308,ORD002887,P001,1,2499
ITEM005309,ORD002887,P010,1,899
ITEM005310,ORD002887,P008,1,1799
ITEM005311,ORD002888,P001,1,2499
ITEM005312,ORD002889,P001,1,2499
ITEM005313,ORD002889,P002,1,3999
ITEM005314,ORD002890,P004,1,499
ITEM005315,ORD002890,P002,1,3999
ITEM005316,ORD002891,P001,1,2499
ITEM005317,ORD002891,P003,1,1299
ITEM005318,ORD002892,P004,1,499
ITEM005319,ORD002892,P001,1,2499
ITEM005320,ORD002893,P009,1,1499
ITEM005321,ORD002893,P008,1,1799
ITEM005322,ORD002894,P006,1,2999
ITEM005323,ORD002894,P004,1,499
ITEM005324,ORD002894,P008,1,1799
ITEM005325,ORD002895,P002,1,3999
ITEM005326,ORD002895,P010,1,899
ITEM005327,ORD002896,P009,1,1499
ITEM005328,ORD002896,P010,1,899
ITEM005329,ORD002896,P002,1,3999
ITEM005330,ORD002897,P003,1,1299
ITEM005331,ORD002897,P002,1,3999
ITEM005332,ORD002898,P005,1,699
ITEM005333,ORD002899,P004,1,499
ITEM005334,ORD002899,P010,1,899
ITEM005335,ORD002899,P008,1,1799
ITEM005336,ORD002900,P001,1,2499
ITEM005337,ORD002900,P004,1,499
ITEM005338,ORD002901,P001,1,2499
ITEM005339,ORD002902,P004,1,499
ITEM005340,ORD002903,P001,1,2499
ITEM005341,ORD002903,P009,1,1499
ITEM005342,ORD002903,P008,1,1799
ITEM005343,ORD002904,P001,1,2499
ITEM005344,ORD002905,P001,1,2499
ITEM005345,ORD002905,P008,1,1799
ITEM005346,ORD002905,P009,1,1499
ITEM005347,ORD002906,P010,1,899
ITEM005348,ORD002906,P003,1,1299
ITEM005349,ORD002907,P001,1,2499
ITEM005350,ORD002907,P007,1,999
ITEM005351,ORD002907,P010,1,899
ITEM005352,ORD002908,P002,1,3999
ITEM005353,ORD002909,P007,1,999
ITEM005354,ORD002909,P001,1,2499
ITEM005355,ORD002910,P003,1,1299
ITEM005356,ORD002910,P008,1,1799
ITEM005357,ORD002911,P001,1,2499
ITEM005358,ORD002911,P004,1,499
ITEM005359,ORD002912,P001,1,2499
ITEM005360,ORD002912,P004,1,499
ITEM005361,ORD002913,P004,1,499
ITEM005362,ORD002913,P008,1,1799
ITEM005363,ORD002913,P005,1,699
ITEM005364,ORD002914,P007,1,999
ITEM005365,ORD002915,P009,1,1499
ITEM005366,ORD002916,P006,1,2999
ITEM005367,ORD002917,P004,1,499
ITEM005368,ORD002917,P002,1,3999
ITEM005369,ORD002918,P001,1,2499
ITEM005370,ORD002918,P008,1,1799
ITEM005371,ORD002918,P005,1,699
ITEM005372,ORD002919,P003,1,1299
ITEM005373,ORD002919,P005,1,699
ITEM005374,ORD002920,P001,1,2499
ITEM005375,ORD002920,P004,1,499
ITEM005376,ORD002920,P002,1,3999
ITEM005377,ORD002921,P004,1,499
ITEM005378,ORD002921,P006,1,2999
ITEM005379,ORD002922,P003,1,1299
ITEM005380,ORD002922,P007,1,999
ITEM005381,ORD002923,P001,1,2499
ITEM005382,ORD002923,P008,1,1799
ITEM005383,ORD002924,P005,1,699
ITEM005384,ORD002924,P006,1,2999
ITEM005385,ORD002925,P001,1,2499
ITEM005386,ORD002925,P004,1,499
ITEM005387,ORD002925,P007,1,999
ITEM005388,ORD002926,P007,1,999
ITEM005389,ORD002926,P004,1,499
ITEM005390,ORD002927,P009,1,1499
ITEM005391,ORD002927,P008,1,1799
ITEM005392,ORD002928,P001,1,2499
ITEM005393,ORD002928,P004,1,499
ITEM005394,ORD002928,P010,1,899
ITEM005395,ORD002929,P006,1,2999
ITEM005396,ORD002929,P003,1,1299
ITEM005397,ORD002930,P004,1,499
ITEM005398,ORD002930,P008,1,1799
ITEM005399,ORD002930,P001,1,2499
ITEM005400,ORD002931,P009,1,1499
ITEM005401,ORD002931,P006,1,2999
ITEM005402,ORD002932,P001,1,2499
ITEM005403,ORD002932,P010,1,899
ITEM005404,ORD002933,P010,1,899
ITEM005405,ORD002933,P001,1,2499
ITEM005406,ORD002933,P005,1,699
ITEM005407,ORD002934,P005,1,699
ITEM005408,ORD002934,P008,1,1799
ITEM005409,ORD002934,P009,1,1499
ITEM005410,ORD002935,P008,1,1799
ITEM005411,ORD002936,P009,1,1499
ITEM005412,ORD002937,P005,1,699
ITEM005413,ORD002937,P002,1,3999
ITEM005414,ORD002938,P010,1,899
ITEM005415,ORD002939,P001,1,2499
ITEM005416,ORD002940,P006,1,2999
ITEM005417,ORD002941,P001,1,2499
ITEM005418,ORD002941,P004,1,499
ITEM005419,ORD002942,P001,1,2499
ITEM005420,ORD002942,P005,1,699
ITEM005421,ORD002943,P005,1,699
ITEM005422,ORD002944,P007,1,999
ITEM005423,ORD002944,P004,1,499
ITEM005424,ORD002945,P001,1,2499
ITEM005425,ORD002945,P004,1,499
ITEM005426,ORD002946,P008,1,1799
ITEM005427,ORD002947,P008,1,1799
ITEM005428,ORD002947,P004,1,499
ITEM005429,ORD002948,P008,1,1799
ITEM005430,ORD002948,P010,1,899
ITEM005431,ORD002949,P001,1,2499
ITEM005432,ORD002949,P010,1,899
ITEM005433,ORD002949,P008,1,1799
ITEM005434,ORD002950,P002,1,3999
ITEM005435,ORD002950,P004,1,499
ITEM005436,ORD002951,P001,1,2499
ITEM005437,ORD002951,P002,1,3999
ITEM005438,ORD002952,P001,1,2499
ITEM005439,ORD002953,P002,1,3999
ITEM005440,ORD002954,P006,1,2999
ITEM005441,ORD002955,P002,1,3999
ITEM005442,ORD002955,P007,1,999
ITEM005443,ORD002955,P004,1,499
ITEM005444,ORD002956,P010,1,899
ITEM005445,ORD002956,P008,1,1799
ITEM005446,ORD002957,P007,1,999
ITEM005447,ORD002958,P007,1,999
ITEM005448,ORD002958,P003,1,1299
ITEM005449,ORD002958,P006,1,2999
ITEM005450,ORD002959,P001,1,2499
ITEM005451,ORD002960,P007,1,999
ITEM005452,ORD002960,P006,1,2999
ITEM005453,ORD002961,P001,1,2499
ITEM005454,ORD002961,P003,1,1299
ITEM005455,ORD002962,P010,1,899
ITEM005456,ORD002962,P001,1,2499
ITEM005457,ORD002963,P007,1,999
ITEM005458,ORD002964,P001,1,2499
ITEM005459,ORD002964,P005,1,699
ITEM005460,ORD002964,P008,1,1799
ITEM005461,ORD002965,P001,1,2499
ITEM005462,ORD002965,P004,1,499
ITEM005463,ORD002965,P003,1,1299
ITEM005464,ORD002966,P008,1,1799
ITEM005465,ORD002966,P005,1,699
ITEM005466,ORD002966,P003,1,1299
ITEM005467,ORD002967,P001,1,2499
ITEM005468,ORD002967,P004,1,499
ITEM005469,ORD002968,P007,1,999
ITEM005470,ORD002968,P008,1,1799
ITEM005471,ORD002969,P001,1,2499
ITEM005472,ORD002969,P007,1,999
ITEM005473,ORD002969,P005,1,699
ITEM005474,ORD002970,P007,1,999
ITEM005475,ORD002970,P010,1,899
ITEM005476,ORD002971,P005,1,699
ITEM005477,ORD002971,P006,1,2999
ITEM005478,ORD002972,P008,1,1799
ITEM005479,ORD002973,P010,1,899
ITEM005480,ORD002974,P003,1,1299
ITEM005481,ORD002975,P009,1,1499
ITEM005482,ORD002975,P005,1,699
ITEM005483,ORD002976,P007,1,999
ITEM005484,ORD002976,P005,1,699
ITEM005485,ORD002977,P001,1,2499
ITEM005486,ORD002978,P005,1,699
ITEM005487,ORD002978,P004,1,499
ITEM005488,ORD002978,P009,1,1499
ITEM005489,ORD002979,P004,1,499
ITEM005490,ORD002980,P009,1,1499
ITEM005491,ORD002980,P007,1,999
ITEM005492,ORD002981,P001,1,2499
ITEM005493,ORD002982,P007,1,999
ITEM005494,ORD002983,P002,1,3999
ITEM005495,ORD002984,P007,1,999
ITEM005496,ORD002985,P009,1,1499
ITEM005497,ORD002986,P006,1,2999
ITEM005498,ORD002987,P006,1,2999
ITEM005499,ORD002988,P002,1,3999
ITEM005500,ORD002989,P005,1,699
ITEM005501,ORD002990,P001,1,2499
ITEM005502,ORD002990,P007,1,999
ITEM005503,ORD002991,P004,1,499
ITEM005504,ORD002991,P001,1,2499
ITEM005505,ORD002991,P009,1,1499
ITEM005506,ORD002992,P007,1,999
ITEM005507,ORD002992,P004,1,499
ITEM005508,ORD002992,P002,1,3999
ITEM005509,ORD002993,P001,1,2499
ITEM005510,ORD002993,P009,1,1499
ITEM005511,ORD002994,P007,1,999
ITEM005512,ORD002994,P005,1,699
ITEM005513,ORD002995,P007,1,999
ITEM005514,ORD002996,P001,1,2499
ITEM005515,ORD002996,P002,1,3999
ITEM005516,ORD002997,P001,1,2499
ITEM005517,ORD002997,P006,1,2999
ITEM005518,ORD002998,P004,1,499
ITEM005519,ORD002998,P010,1,899
ITEM005520,ORD002999,P008,1,1799
ITEM005521,ORD003000,P009,1,1499
ITEM005522,ORD003001,P005,1,699
ITEM005523,ORD003002,P010,1,899
ITEM005524,ORD003002,P002,1,3999
ITEM005525,ORD003003,P004,1,499
ITEM005526,ORD003003,P001,1,2499
ITEM005527,ORD003003,P006,1,2999
ITEM005528,ORD003004,P010,1,899
ITEM005529,ORD003005,P001,1,2499
ITEM005530,ORD003006,P006,1,2999
ITEM005531,ORD003006,P003,1,1299
ITEM005532,ORD003007,P004,1,499
ITEM005533,ORD003008,P008,1,1799
ITEM005534,ORD003009,P002,1,3999
ITEM005535,ORD003009,P006,1,2999
ITEM005536,ORD003010,P007,1,999
ITEM005537,ORD003011,P001,1,2499
ITEM005538,ORD003011,P005,1,699
ITEM005539,ORD003012,P006,1,2999
ITEM005540,ORD003012,P010,1,899
ITEM005541,ORD003013,P001,1,2499
ITEM005542,ORD003013,P005,1,699
ITEM005543,ORD003013,P003,1,1299
ITEM005544,ORD003014,P007,1,999
ITEM005545,ORD003014,P004,1,499
ITEM005546,ORD003015,P001,1,2499
ITEM005547,ORD003016,P001,1,2499
ITEM005548,ORD003016,P006,1,2999
ITEM005549,ORD003017,P001,1,2499
ITEM005550,ORD003017,P010,1,899
ITEM005551,ORD003018,P002,1,3999
ITEM005552,ORD003018,P003,1,1299
ITEM005553,ORD003018,P009,1,1499
ITEM005554,ORD003019,P002,1,3999
ITEM005555,ORD003019,P005,1,699
ITEM005556,ORD003019,P004,1,499
ITEM005557,ORD003020,P009,1,1499
ITEM005558,ORD003020,P005,1,699
ITEM005559,ORD003021,P001,1,2499
ITEM005560,ORD003021,P004,1,499
ITEM005561,ORD003022,P009,1,1499
ITEM005562,ORD003022,P003,1,1299
ITEM005563,ORD003023,P001,1,2499
ITEM005564,ORD003023,P004,1,499
ITEM005565,ORD003023,P009,1,1499
ITEM005566,ORD003024,P005,1,699
ITEM005567,ORD003025,P008,1,1799
ITEM005568,ORD003025,P005,1,699
ITEM005569,ORD003026,P002,1,3999
ITEM005570,ORD003026,P004,1,499
ITEM005571,ORD003027,P001,1,2499
ITEM005572,ORD003028,P008,1,1799
ITEM005573,ORD003028,P009,1,1499
ITEM005574,ORD003029,P001,1,2499
ITEM005575,ORD003029,P007,1,999
ITEM005576,ORD003030,P006,1,2999
ITEM005577,ORD003031,P009,1,1499
ITEM005578,ORD003031,P007,1,999
ITEM005579,ORD003032,P008,1,1799
ITEM005580,ORD003032,P002,1,3999
ITEM005581,ORD003032,P005,1,699
ITEM005582,ORD003033,P004,1,499
ITEM005583,ORD003033,P007,1,999
ITEM005584,ORD003033,P005,1,699
ITEM005585,ORD003034,P001,1,2499
ITEM005586,ORD003035,P007,1,999
ITEM005587,ORD003035,P004,1,499
ITEM005588,ORD003035,P009,1,1499
ITEM005589,ORD003036,P010,1,899
ITEM005590,ORD003036,P004,1,499
ITEM005591,ORD003036,P002,1,3999
ITEM005592,ORD003037,P009,1,1499
ITEM005593,ORD003038,P009,1,1499
ITEM005594,ORD003039,P003,1,1299
ITEM005595,ORD003039,P010,1,899
ITEM005596,ORD003040,P009,1,1499
ITEM005597,ORD003041,P008,1,1799
ITEM005598,ORD003042,P005,1,699
ITEM005599,ORD003042,P004,1,499
ITEM005600,ORD003043,P008,1,1799
ITEM005601,ORD003043,P007,1,999
ITEM005602,ORD003044,P006,1,2999
ITEM005603,ORD003045,P006,1,2999
ITEM005604,ORD003046,P002,1,3999
ITEM005605,ORD003046,P005,1,699
ITEM005606,ORD003046,P004,1,499
ITEM005607,ORD003047,P005,1,699
ITEM005608,ORD003048,P001,1,2499
ITEM005609,ORD003048,P008,1,1799
ITEM005610,ORD003049,P005,1,699
ITEM005611,ORD003049,P006,1,2999
ITEM005612,ORD003050,P004,1,499
ITEM005613,ORD003050,P009,1,1499
ITEM005614,ORD003050,P003,1,1299
ITEM005615,ORD003051,P008,1,1799
ITEM005616,ORD003051,P001,1,2499
ITEM005617,ORD003052,P005,1,699
ITEM005618,ORD003052,P007,1,999
ITEM005619,ORD003053,P007,1,999
ITEM005620,ORD003053,P004,1,499
ITEM005621,ORD003053,P008,1,1799
ITEM005622,ORD003054,P001,1,2499
ITEM005623,ORD003055,P004,1,499
ITEM005624,ORD003055,P002,1,3999
ITEM005625,ORD003056,P010,1,899
ITEM005626,ORD003056,P007,1,999
ITEM005627,ORD003057,P007,1,999
ITEM005628,ORD003057,P001,1,2499
ITEM005629,ORD003058,P008,1,1799
ITEM005630,ORD003058,P005,1,699
ITEM005631,ORD003059,P009,1,1499
ITEM005632,ORD003059,P004,1,499
ITEM005633,ORD003059,P008,1,1799
ITEM005634,ORD003060,P004,1,499
ITEM005635,ORD003060,P005,1,699
ITEM005636,ORD003061,P002,1,3999
ITEM005637,ORD003061,P004,1,499
ITEM005638,ORD003061,P003,1,1299
ITEM005639,ORD003062,P005,1,699
ITEM005640,ORD003062,P006,1,2999
ITEM005641,ORD003063,P010,1,899
ITEM005642,ORD003063,P009,1,1499
ITEM005643,ORD003064,P006,1,2999
ITEM005644,ORD003064,P010,1,899
ITEM005645,ORD003065,P010,1,899
ITEM005646,ORD003065,P007,1,999
ITEM005647,ORD003066,P004,1,499
ITEM005648,ORD003066,P010,1,899
ITEM005649,ORD003067,P004,1,499
ITEM005650,ORD003068,P009,1,1499
ITEM005651,ORD003068,P010,1,899
ITEM005652,ORD003069,P001,1,2499
ITEM005653,ORD003069,P004,1,499
ITEM005654,ORD003070,P001,1,2499
ITEM005655,ORD003071,P001,1,2499
ITEM005656,ORD003072,P008,1,1799
ITEM005657,ORD003072,P001,1,2499
ITEM005658,ORD003073,P010,1,899
ITEM005659,ORD003074,P007,1,999
ITEM005660,ORD003074,P008,1,1799
ITEM005661,ORD003075,P008,1,1799
ITEM005662,ORD003075,P003,1,1299
ITEM005663,ORD003076,P005,1,699
ITEM005664,ORD003076,P004,1,499
ITEM005665,ORD003077,P004,1,499
ITEM005666,ORD003077,P005,1,699
ITEM005667,ORD003077,P010,1,899
ITEM005668,ORD003078,P001,1,2499
ITEM005669,ORD003079,P005,1,699
ITEM005670,ORD003080,P001,1,2499
ITEM005671,ORD003081,P001,1,2499
ITEM005672,ORD003082,P005,1,699
ITEM005673,ORD003083,P007,1,999
ITEM005674,ORD003084,P005,1,699
ITEM005675,ORD003084,P003,1,1299
ITEM005676,ORD003084,P010,1,899
ITEM005677,ORD003085,P005,1,699
ITEM005678,ORD003085,P003,1,1299
ITEM005679,ORD003086,P008,1,1799
ITEM005680,ORD003086,P010,1,899
ITEM005681,ORD003087,P001,1,2499
ITEM005682,ORD003087,P005,1,699
ITEM005683,ORD003087,P007,1,999
ITEM005684,ORD003088,P008,1,1799
ITEM005685,ORD003089,P009,1,1499
ITEM005686,ORD003089,P007,1,999
ITEM005687,ORD003090,P008,1,1799
ITEM005688,ORD003091,P004,1,499
ITEM005689,ORD003091,P010,1,899
ITEM005690,ORD003092,P008,1,1799
ITEM005691,ORD003092,P001,1,2499
ITEM005692,ORD003093,P003,1,1299
ITEM005693,ORD003093,P005,1,699
ITEM005694,ORD003094,P004,1,499
ITEM005695,ORD003095,P001,1,2499
ITEM005696,ORD003095,P005,1,699
ITEM005697,ORD003096,P001,1,2499
ITEM005698,ORD003096,P007,1,999
ITEM005699,ORD003096,P005,1,699
ITEM005700,ORD003097,P001,1,2499
ITEM005701,ORD003098,P009,1,1499
ITEM005702,ORD003098,P001,1,2499
ITEM005703,ORD003098,P004,1,499
ITEM005704,ORD003099,P009,1,1499
ITEM005705,ORD003099,P005,1,699
ITEM005706,ORD003100,P001,1,2499
ITEM005707,ORD003100,P007,1,999
ITEM005708,ORD003101,P001,1,2499
ITEM005709,ORD003102,P001,1,2499
ITEM005710,ORD003102,P007,1,999
ITEM005711,ORD003103,P001,1,2499
ITEM005712,ORD003103,P006,1,2999
ITEM005713,ORD003103,P008,1,1799
ITEM005714,ORD003104,P001,1,2499
ITEM005715,ORD003104,P003,1,1299
ITEM005716,ORD003105,P001,1,2499
ITEM005717,ORD003106,P001,1,2499
ITEM005718,ORD003106,P009,1,1499
ITEM005719,ORD003106,P007,1,999
ITEM005720,ORD003107,P001,1,2499
ITEM005721,ORD003107,P010,1,899
ITEM005722,ORD003108,P004,1,499
ITEM005723,ORD003108,P008,1,1799
ITEM005724,ORD003109,P006,1,2999
ITEM005725,ORD003109,P002,1,3999
ITEM005726,ORD003110,P001,1,2499
ITEM005727,ORD003110,P003,1,1299
ITEM005728,ORD003111,P010,1,899
ITEM005729,ORD003112,P002,1,3999
ITEM005730,ORD003112,P010,1,899
ITEM005731,ORD003112,P001,1,2499
ITEM005732,ORD003113,P001,1,2499
ITEM005733,ORD003113,P003,1,1299
ITEM005734,ORD003113,P010,1,899
ITEM005735,ORD003114,P003,1,1299
ITEM005736,ORD003114,P007,1,999
ITEM005737,ORD003115,P008,1,1799
ITEM005738,ORD003115,P007,1,999
ITEM005739,ORD003116,P001,1,2499
ITEM005740,ORD003116,P010,1,899
ITEM005741,ORD003117,P004,1,499
ITEM005742,ORD003118,P007,1,999
ITEM005743,ORD003119,P001,1,2499
ITEM005744,ORD003120,P009,1,1499
ITEM005745,ORD003120,P005,1,699
ITEM005746,ORD003120,P002,1,3999
ITEM005747,ORD003121,P001,1,2499
ITEM005748,ORD003121,P004,1,499
ITEM005749,ORD003122,P010,1,899
ITEM005750,ORD003122,P006,1,2999
ITEM005751,ORD003123,P001,1,2499
ITEM005752,ORD003123,P003,1,1299
ITEM005753,ORD003123,P005,1,699
ITEM005754,ORD003124,P010,1,899
ITEM005755,ORD003124,P007,1,999
ITEM005756,ORD003125,P001,1,2499
ITEM005757,ORD003125,P002,1,3999
ITEM005758,ORD003126,P006,1,2999
ITEM005759,ORD003126,P010,1,899
ITEM005760,ORD003127,P004,1,499
ITEM005761,ORD003127,P005,1,699
ITEM005762,ORD003127,P010,1,899
ITEM005763,ORD003128,P010,1,899
ITEM005764,ORD003128,P008,1,1799
ITEM005765,ORD003129,P007,1,999
ITEM005766,ORD003129,P002,1,3999
ITEM005767,ORD003130,P001,1,2499
ITEM005768,ORD003131,P007,1,999
ITEM005769,ORD003131,P008,1,1799
ITEM005770,ORD003131,P010,1,899
ITEM005771,ORD003132,P007,1,999
ITEM005772,ORD003132,P010,1,899
ITEM005773,ORD003132,P001,1,2499
ITEM005774,ORD003133,P001,1,2499
ITEM005775,ORD003134,P001,1,2499
ITEM005776,ORD003134,P002,1,3999
ITEM005777,ORD003135,P001,1,2499
ITEM005778,ORD003135,P003,1,1299
ITEM005779,ORD003136,P003,1,1299
ITEM005780,ORD003137,P010,1,899
ITEM005781,ORD003137,P005,1,699
ITEM005782,ORD003138,P010,1,899
ITEM005783,ORD003138,P004,1,499
ITEM005784,ORD003139,P006,1,2999
ITEM005785,ORD003139,P001,1,2499
ITEM005786,ORD003140,P010,1,899
ITEM005787,ORD003140,P002,1,3999
ITEM005788,ORD003141,P001,1,2499
ITEM005789,ORD003142,P002,1,3999
ITEM005790,ORD003143,P010,1,899
ITEM005791,ORD003144,P001,1,2499
ITEM005792,ORD003144,P010,1,899
ITEM005793,ORD003144,P007,1,999
ITEM005794,ORD003145,P001,1,2499
ITEM005795,ORD003145,P003,1,1299
ITEM005796,ORD003146,P004,1,499
ITEM005797,ORD003146,P002,1,3999
ITEM005798,ORD003147,P009,1,1499
ITEM005799,ORD003147,P007,1,999
ITEM005800,ORD003148,P001,1,2499
ITEM005801,ORD003148,P004,1,499
ITEM005802,ORD003148,P007,1,999
ITEM005803,ORD003149,P001,1,2499
ITEM005804,ORD003149,P006,1,2999
ITEM005805,ORD003150,P001,1,2499
ITEM005806,ORD003151,P006,1,2999
ITEM005807,ORD003151,P001,1,2499
ITEM005808,ORD003151,P005,1,699
ITEM005809,ORD003152,P004,1,499
ITEM005810,ORD003152,P001,1,2499
ITEM005811,ORD003153,P006,1,2999
ITEM005812,ORD003154,P006,1,2999
ITEM005813,ORD003154,P008,1,1799
ITEM005814,ORD003155,P010,1,899
ITEM005815,ORD003155,P004,1,499
ITEM005816,ORD003155,P002,1,3999
ITEM005817,ORD003156,P010,1,899
ITEM005818,ORD003157,P001,1,2499
ITEM005819,ORD003157,P007,1,999
ITEM005820,ORD003158,P008,1,1799
ITEM005821,ORD003159,P002,1,3999
ITEM005822,ORD003160,P003,1,1299
ITEM005823,ORD003161,P002,1,3999
ITEM005824,ORD003162,P002,1,3999
ITEM005825,ORD003162,P006,1,2999
ITEM005826,ORD003163,P004,1,499
ITEM005827,ORD003163,P007,1,999
ITEM005828,ORD003164,P001,1,2499
ITEM005829,ORD003164,P007,1,999
ITEM005830,ORD003165,P006,1,2999
ITEM005831,ORD003165,P001,1,2499
ITEM005832,ORD003166,P004,1,499
ITEM005833,ORD003166,P002,1,3999
ITEM005834,ORD003167,P001,1,2499
ITEM005835,ORD003167,P005,1,699
ITEM005836,ORD003168,P008,1,1799
ITEM005837,ORD003168,P010,1,899
ITEM005838,ORD003168,P005,1,699
ITEM005839,ORD003169,P006,1,2999
ITEM005840,ORD003169,P002,1,3999
ITEM005841,ORD003170,P010,1,899
ITEM005842,ORD003170,P005,1,699
ITEM005843,ORD003171,P006,1,2999
ITEM005844,ORD003171,P003,1,1299
ITEM005845,ORD003172,P006,1,2999
ITEM005846,ORD003173,P007,1,999
ITEM005847,ORD003173,P010,1,899
ITEM005848,ORD003173,P006,1,2999
ITEM005849,ORD003174,P001,1,2499
ITEM005850,ORD003175,P001,1,2499
ITEM005851,ORD003175,P009,1,1499
ITEM005852,ORD003176,P001,1,2499
ITEM005853,ORD003177,P006,1,2999
ITEM005854,ORD003178,P001,1,2499
ITEM005855,ORD003178,P004,1,499
ITEM005856,ORD003179,P003,1,1299
ITEM005857,ORD003179,P009,1,1499
ITEM005858,ORD003180,P004,1,499
ITEM005859,ORD003180,P003,1,1299
ITEM005860,ORD003181,P001,1,2499
ITEM005861,ORD003181,P009,1,1499
ITEM005862,ORD003182,P005,1,699
ITEM005863,ORD003182,P004,1,499
ITEM005864,ORD003183,P001,1,2499
ITEM005865,ORD003183,P008,1,1799
ITEM005866,ORD003184,P008,1,1799
ITEM005867,ORD003185,P008,1,1799
ITEM005868,ORD003185,P010,1,899
ITEM005869,ORD003185,P001,1,2499
ITEM005870,ORD003186,P003,1,1299
ITEM005871,ORD003186,P002,1,3999
ITEM005872,ORD003187,P003,1,1299
ITEM005873,ORD003187,P002,1,3999
ITEM005874,ORD003188,P001,1,2499
ITEM005875,ORD003189,P001,1,2499
ITEM005876,ORD003189,P007,1,999
ITEM005877,ORD003190,P001,1,2499
ITEM005878,ORD003190,P006,1,2999
ITEM005879,ORD003191,P005,1,699
ITEM005880,ORD003191,P002,1,3999
ITEM005881,ORD003192,P008,1,1799
ITEM005882,ORD003192,P009,1,1499
ITEM005883,ORD003193,P001,1,2499
ITEM005884,ORD003194,P002,1,3999
ITEM005885,ORD003194,P005,1,699
ITEM005886,ORD003195,P001,1,2499
ITEM005887,ORD003195,P006,1,2999
ITEM005888,ORD003196,P008,1,1799
ITEM005889,ORD003197,P001,1,2499
ITEM005890,ORD003197,P005,1,699
ITEM005891,ORD003198,P008,1,1799
ITEM005892,ORD003198,P003,1,1299
ITEM005893,ORD003199,P001,1,2499
ITEM005894,ORD003199,P005,1,699
ITEM005895,ORD003200,P001,1,2499
ITEM005896,ORD003200,P006,1,2999
ITEM005897,ORD003200,P002,1,3999
ITEM005898,ORD003201,P004,1,499
ITEM005899,ORD003202,P003,1,1299
ITEM005900,ORD003203,P001,1,2499
ITEM005901,ORD003203,P004,1,499
ITEM005902,ORD003204,P001,1,2499
ITEM005903,ORD003204,P004,1,499
ITEM005904,ORD003205,P005,1,699
ITEM005905,ORD003205,P004,1,499
ITEM005906,ORD003206,P005,1,699
ITEM005907,ORD003206,P002,1,3999
ITEM005908,ORD003207,P007,1,999
ITEM005909,ORD003208,P001,1,2499
ITEM005910,ORD003208,P004,1,499
ITEM005911,ORD003209,P001,1,2499
ITEM005912,ORD003209,P005,1,699
ITEM005913,ORD003210,P005,1,699
ITEM005914,ORD003210,P001,1,2499
ITEM005915,ORD003210,P003,1,1299
ITEM005916,ORD003211,P001,1,2499
ITEM005917,ORD003211,P003,1,1299
ITEM005918,ORD003211,P010,1,899
ITEM005919,ORD003212,P001,1,2499
ITEM005920,ORD003212,P010,1,899
ITEM005921,ORD003212,P004,1,499
ITEM005922,ORD003213,P003,1,1299
ITEM005923,ORD003214,P001,1,2499
ITEM005924,ORD003215,P002,1,3999
ITEM005925,ORD003216,P001,1,2499
ITEM005926,ORD003216,P006,1,2999
ITEM005927,ORD003217,P001,1,2499
ITEM005928,ORD003217,P002,1,3999
ITEM005929,ORD003218,P005,1,699
ITEM005930,ORD003219,P005,1,699
ITEM005931,ORD003219,P006,1,2999
ITEM005932,ORD003220,P007,1,999
ITEM005933,ORD003220,P004,1,499
ITEM005934,ORD003220,P003,1,1299
ITEM005935,ORD003221,P001,1,2499
ITEM005936,ORD003222,P006,1,2999
ITEM005937,ORD003223,P007,1,999
ITEM005938,ORD003224,P001,1,2499
ITEM005939,ORD003224,P004,1,499
ITEM005940,ORD003225,P001,1,2499
ITEM005941,ORD003225,P002,1,3999
ITEM005942,ORD003226,P003,1,1299
ITEM005943,ORD003227,P001,1,2499
ITEM005944,ORD003227,P009,1,1499
ITEM005945,ORD003228,P002,1,3999
ITEM005946,ORD003228,P003,1,1299
ITEM005947,ORD003229,P003,1,1299
ITEM005948,ORD003230,P006,1,2999
ITEM005949,ORD003230,P001,1,2499
ITEM005950,ORD003231,P008,1,1799
ITEM005951,ORD003231,P009,1,1499
ITEM005952,ORD003231,P001,1,2499
ITEM005953,ORD003232,P001,1,2499
ITEM005954,ORD003232,P005,1,699
ITEM005955,ORD003233,P006,1,2999
ITEM005956,ORD003233,P007,1,999
ITEM005957,ORD003233,P001,1,2499
ITEM005958,ORD003234,P002,1,3999
ITEM005959,ORD003235,P004,1,499
ITEM005960,ORD003235,P009,1,1499
ITEM005961,ORD003236,P001,1,2499
ITEM005962,ORD003236,P008,1,1799
ITEM005963,ORD003237,P001,1,2499
ITEM005964,ORD003237,P005,1,699
ITEM005965,ORD003238,P007,1,999
ITEM005966,ORD003238,P010,1,899
ITEM005967,ORD003239,P010,1,899
ITEM005968,ORD003239,P004,1,499
ITEM005969,ORD003239,P009,1,1499
ITEM005970,ORD003240,P008,1,1799
ITEM005971,ORD003240,P007,1,999
ITEM005972,ORD003241,P001,1,2499
ITEM005973,ORD003242,P008,1,1799
ITEM005974,ORD003242,P009,1,1499
ITEM005975,ORD003243,P001,1,2499
ITEM005976,ORD003244,P006,1,2999
ITEM005977,ORD003244,P005,1,699
ITEM005978,ORD003245,P007,1,999
ITEM005979,ORD003245,P002,1,3999
ITEM005980,ORD003246,P006,1,2999
ITEM005981,ORD003246,P005,1,699
ITEM005982,ORD003246,P004,1,499
ITEM005983,ORD003247,P001,1,2499
ITEM005984,ORD003248,P009,1,1499
ITEM005985,ORD003248,P006,1,2999
ITEM005986,ORD003248,P007,1,999
ITEM005987,ORD003249,P004,1,499
ITEM005988,ORD003249,P003,1,1299
ITEM005989,ORD003250,P002,1,3999
ITEM005990,ORD003251,P001,1,2499
ITEM005991,ORD003252,P001,1,2499
ITEM005992,ORD003252,P010,1,899
ITEM005993,ORD003252,P002,1,3999
ITEM005994,ORD003253,P001,1,2499
ITEM005995,ORD003253,P006,1,2999
ITEM005996,ORD003254,P003,1,1299
ITEM005997,ORD003254,P007,1,999
ITEM005998,ORD003255,P001,1,2499
ITEM005999,ORD003255,P008,1,1799
ITEM006000,ORD003256,P003,1,1299
ITEM006001,ORD003256,P006,1,2999
ITEM006002,ORD003257,P001,1,2499
ITEM006003,ORD003257,P004,1,499
ITEM006004,ORD003258,P001,1,2499
ITEM006005,ORD003259,P008,1,1799
ITEM006006,ORD003259,P009,1,1499
ITEM006007,ORD003260,P003,1,1299
ITEM006008,ORD003260,P007,1,999
ITEM006009,ORD003261,P001,1,2499
ITEM006010,ORD003261,P008,1,1799
ITEM006011,ORD003262,P001,1,2499
ITEM006012,ORD003262,P007,1,999
ITEM006013,ORD003262,P004,1,499
ITEM006014,ORD003263,P001,1,2499
ITEM006015,ORD003264,P001,1,2499
ITEM006016,ORD003265,P001,1,2499
ITEM006017,ORD003265,P004,1,499
ITEM006018,ORD003266,P001,1,2499
ITEM006019,ORD003266,P002,1,3999
ITEM006020,ORD003267,P004,1,499
ITEM006021,ORD003268,P001,1,2499
ITEM006022,ORD003268,P007,1,999
ITEM006023,ORD003269,P001,1,2499
ITEM006024,ORD003270,P004,1,499
ITEM006025,ORD003270,P005,1,699
ITEM006026,ORD003271,P001,1,2499
ITEM006027,ORD003272,P005,1,699
ITEM006028,ORD003272,P010,1,899
ITEM006029,ORD003273,P004,1,499
ITEM006030,ORD003273,P007,1,999
ITEM006031,ORD003274,P004,1,499
ITEM006032,ORD003274,P002,1,3999
ITEM006033,ORD003274,P005,1,699
ITEM006034,ORD003275,P003,1,1299
ITEM006035,ORD003275,P004,1,499
ITEM006036,ORD003276,P010,1,899
ITEM006037,ORD003277,P009,1,1499
ITEM006038,ORD003278,P001,1,2499
ITEM006039,ORD003278,P007,1,999
ITEM006040,ORD003279,P001,1,2499
ITEM006041,ORD003279,P002,1,3999
ITEM006042,ORD003280,P001,1,2499
ITEM006043,ORD003281,P001,1,2499
ITEM006044,ORD003282,P002,1,3999
ITEM006045,ORD003283,P004,1,499
ITEM006046,ORD003283,P005,1,699
ITEM006047,ORD003284,P001,1,2499
ITEM006048,ORD003284,P006,1,2999
ITEM006049,ORD003285,P010,1,899
ITEM006050,ORD003285,P008,1,1799
ITEM006051,ORD003285,P005,1,699
ITEM006052,ORD003286,P004,1,499
ITEM006053,ORD003287,P001,1,2499
ITEM006054,ORD003287,P009,1,1499
ITEM006055,ORD003288,P008,1,1799
ITEM006056,ORD003289,P002,1,3999
ITEM006057,ORD003289,P006,1,2999
ITEM006058,ORD003290,P001,1,2499
ITEM006059,ORD003291,P001,1,2499
ITEM006060,ORD003291,P004,1,499
ITEM006061,ORD003292,P007,1,999
ITEM006062,ORD003293,P007,1,999
ITEM006063,ORD003294,P001,1,2499
ITEM006064,ORD003294,P009,1,1499
ITEM006065,ORD003295,P001,1,2499
ITEM006066,ORD003296,P002,1,3999
ITEM006067,ORD003297,P001,1,2499
ITEM006068,ORD003297,P003,1,1299
ITEM006069,ORD003298,P003,1,1299
ITEM006070,ORD003299,P001,1,2499
ITEM006071,ORD003299,P009,1,1499
ITEM006072,ORD003300,P002,1,3999
ITEM006073,ORD003301,P008,1,1799
ITEM006074,ORD003302,P008,1,1799
ITEM006075,ORD003302,P003,1,1299
ITEM006076,ORD003303,P003,1,1299
ITEM006077,ORD003303,P007,1,999
ITEM006078,ORD003304,P007,1,999
ITEM006079,ORD003304,P008,1,1799
ITEM006080,ORD003305,P001,1,2499
ITEM006081,ORD003305,P004,1,499
ITEM006082,ORD003305,P002,1,3999
ITEM006083,ORD003306,P001,1,2499
ITEM006084,ORD003307,P005,1,699
ITEM006085,ORD003308,P009,1,1499
ITEM006086,ORD003309,P001,1,2499
ITEM006087,ORD003309,P006,1,2999
ITEM006088,ORD003310,P005,1,699
ITEM006089,ORD003311,P010,1,899
ITEM006090,ORD003311,P001,1,2499
ITEM006091,ORD003312,P001,1,2499
ITEM006092,ORD003313,P005,1,699
ITEM006093,ORD003314,P004,1,499
ITEM006094,ORD003315,P006,1,2999
ITEM006095,ORD003315,P005,1,699
ITEM006096,ORD003316,P007,1,999
ITEM006097,ORD003316,P006,1,2999
ITEM006098,ORD003316,P005,1,699
ITEM006099,ORD003317,P004,1,499
ITEM006100,ORD003317,P006,1,2999
ITEM006101,ORD003318,P007,1,999
ITEM006102,ORD003318,P005,1,699
ITEM006103,ORD003319,P001,1,2499
ITEM006104,ORD003320,P009,1,1499
ITEM006105,ORD003320,P006,1,2999
ITEM006106,ORD003320,P002,1,3999
ITEM006107,ORD003321,P001,1,2499
ITEM006108,ORD003322,P001,1,2499
ITEM006109,ORD003323,P002,1,3999
ITEM006110,ORD003323,P001,1,2499
ITEM006111,ORD003324,P008,1,1799
ITEM006112,ORD003324,P007,1,999
ITEM006113,ORD003325,P008,1,1799
ITEM006114,ORD003325,P009,1,1499
ITEM006115,ORD003325,P005,1,699
ITEM006116,ORD003326,P009,1,1499
ITEM006117,ORD003327,P006,1,2999
ITEM006118,ORD003328,P009,1,1499
ITEM006119,ORD003329,P001,1,2499
ITEM006120,ORD003330,P005,1,699
ITEM006121,ORD003330,P004,1,499
ITEM006122,ORD003331,P010,1,899
ITEM006123,ORD003331,P003,1,1299
ITEM006124,ORD003332,P001,1,2499
ITEM006125,ORD003333,P004,1,499
ITEM006126,ORD003333,P006,1,2999
ITEM006127,ORD003334,P002,1,3999
ITEM006128,ORD003335,P002,1,3999
ITEM006129,ORD003335,P001,1,2499
ITEM006130,ORD003336,P005,1,699
ITEM006131,ORD003336,P009,1,1499
ITEM006132,ORD003336,P003,1,1299
ITEM006133,ORD003337,P002,1,3999
ITEM006134,ORD003337,P007,1,999
ITEM006135,ORD003337,P003,1,1299
ITEM006136,ORD003338,P001,1,2499
ITEM006137,ORD003339,P001,1,2499
ITEM006138,ORD003339,P007,1,999
ITEM006139,ORD003340,P007,1,999
ITEM006140,ORD003341,P003,1,1299
ITEM006141,ORD003342,P001,1,2499
ITEM006142,ORD003342,P009,1,1499
ITEM006143,ORD003343,P009,1,1499
ITEM006144,ORD003343,P004,1,499
ITEM006145,ORD003344,P006,1,2999
ITEM006146,ORD003344,P008,1,1799
ITEM006147,ORD003345,P005,1,699
ITEM006148,ORD003346,P006,1,2999
ITEM006149,ORD003346,P002,1,3999
ITEM006150,ORD003347,P009,1,1499
ITEM006151,ORD003347,P001,1,2499
ITEM006152,ORD003347,P006,1,2999
ITEM006153,ORD003348,P003,1,1299
ITEM006154,ORD003348,P006,1,2999
ITEM006155,ORD003349,P004,1,499
ITEM006156,ORD003350,P007,1,999
ITEM006157,ORD003351,P001,1,2499
ITEM006158,ORD003351,P004,1,499
ITEM006159,ORD003352,P001,1,2499
ITEM006160,ORD003352,P008,1,1799
ITEM006161,ORD003352,P006,1,2999
ITEM006162,ORD003353,P001,1,2499
ITEM006163,ORD003354,P004,1,499
ITEM006164,ORD003354,P007,1,999
ITEM006165,ORD003355,P007,1,999
ITEM006166,ORD003355,P001,1,2499
ITEM006167,ORD003356,P001,1,2499
ITEM006168,ORD003356,P006,1,2999
ITEM006169,ORD003357,P001,1,2499
ITEM006170,ORD003358,P005,1,699
ITEM006171,ORD003358,P009,1,1499
ITEM006172,ORD003359,P002,1,3999
ITEM006173,ORD003359,P004,1,499
ITEM006174,ORD003360,P008,1,1799
ITEM006175,ORD003360,P003,1,1299
ITEM006176,ORD003360,P007,1,999
ITEM006177,ORD003361,P005,1,699
ITEM006178,ORD003361,P009,1,1499
ITEM006179,ORD003361,P010,1,899
ITEM006180,ORD003362,P001,1,2499
ITEM006181,ORD003363,P001,1,2499
ITEM006182,ORD003363,P006,1,2999
ITEM006183,ORD003364,P001,1,2499
ITEM006184,ORD003364,P002,1,3999
ITEM006185,ORD003364,P009,1,1499
ITEM006186,ORD003365,P001,1,2499
ITEM006187,ORD003366,P001,1,2499
ITEM006188,ORD003366,P005,1,699
ITEM006189,ORD003366,P002,1,3999
ITEM006190,ORD003367,P001,1,2499
ITEM006191,ORD003367,P009,1,1499
ITEM006192,ORD003368,P005,1,699
ITEM006193,ORD003369,P004,1,499
ITEM006194,ORD003369,P008,1,1799
ITEM006195,ORD003370,P004,1,499
ITEM006196,ORD003371,P007,1,999
ITEM006197,ORD003371,P009,1,1499
ITEM006198,ORD003372,P010,1,899
ITEM006199,ORD003372,P005,1,699
ITEM006200,ORD003372,P007,1,999
ITEM006201,ORD003373,P004,1,499
ITEM006202,ORD003374,P001,1,2499
ITEM006203,ORD003374,P010,1,899
ITEM006204,ORD003374,P009,1,1499
ITEM006205,ORD003375,P010,1,899
ITEM006206,ORD003375,P002,1,3999
ITEM006207,ORD003376,P003,1,1299
ITEM006208,ORD003376,P008,1,1799
ITEM006209,ORD003376,P007,1,999
ITEM006210,ORD003377,P001,1,2499
ITEM006211,ORD003378,P006,1,2999
ITEM006212,ORD003378,P001,1,2499
ITEM006213,ORD003379,P001,1,2499
ITEM006214,ORD003379,P004,1,499
ITEM006215,ORD003380,P003,1,1299
ITEM006216,ORD003381,P003,1,1299
ITEM006217,ORD003381,P004,1,499
ITEM006218,ORD003381,P001,1,2499
ITEM006219,ORD003382,P008,1,1799
ITEM006220,ORD003382,P007,1,999
ITEM006221,ORD003382,P001,1,2499
ITEM006222,ORD003383,P005,1,699
ITEM006223,ORD003383,P010,1,899
ITEM006224,ORD003384,P006,1,2999
ITEM006225,ORD003384,P008,1,1799
ITEM006226,ORD003385,P003,1,1299
ITEM006227,ORD003385,P002,1,3999
ITEM006228,ORD003386,P009,1,1499
ITEM006229,ORD003386,P001,1,2499
ITEM006230,ORD003387,P007,1,999
ITEM006231,ORD003387,P009,1,1499
ITEM006232,ORD003388,P010,1,899
ITEM006233,ORD003389,P001,1,2499
ITEM006234,ORD003389,P003,1,1299
ITEM006235,ORD003389,P010,1,899
ITEM006236,ORD003390,P001,1,2499
ITEM006237,ORD003390,P004,1,499
ITEM006238,ORD003391,P004,1,499
ITEM006239,ORD003391,P002,1,3999
ITEM006240,ORD003392,P007,1,999
ITEM006241,ORD003393,P002,1,3999
ITEM006242,ORD003393,P009,1,1499
ITEM006243,ORD003394,P001,1,2499
ITEM006244,ORD003394,P009,1,1499
ITEM006245,ORD003394,P007,1,999
ITEM006246,ORD003395,P001,1,2499
ITEM006247,ORD003395,P006,1,2999
ITEM006248,ORD003396,P004,1,499
ITEM006249,ORD003396,P007,1,999
ITEM006250,ORD003397,P004,1,499
ITEM006251,ORD003398,P001,1,2499
ITEM006252,ORD003398,P009,1,1499
ITEM006253,ORD003399,P009,1,1499
ITEM006254,ORD003399,P006,1,2999
ITEM006255,ORD003400,P008,1,1799
ITEM006256,ORD003401,P006,1,2999
ITEM006257,ORD003401,P003,1,1299
ITEM006258,ORD003402,P001,1,2499
ITEM006259,ORD003402,P006,1,2999
ITEM006260,ORD003403,P006,1,2999
ITEM006261,ORD003404,P003,1,1299
ITEM006262,ORD003404,P002,1,3999
ITEM006263,ORD003405,P001,1,2499
ITEM006264,ORD003405,P010,1,899
ITEM006265,ORD003406,P006,1,2999
ITEM006266,ORD003406,P008,1,1799
ITEM006267,ORD003407,P001,1,2499
ITEM006268,ORD003408,P009,1,1499
ITEM006269,ORD003408,P004,1,499
ITEM006270,ORD003409,P001,1,2499
ITEM006271,ORD003409,P005,1,699
ITEM006272,ORD003410,P006,1,2999
ITEM006273,ORD003410,P005,1,699
ITEM006274,ORD003411,P008,1,1799
ITEM006275,ORD003412,P009,1,1499
ITEM006276,ORD003412,P006,1,2999
ITEM006277,ORD003412,P001,1,2499
ITEM006278,ORD003413,P005,1,699
ITEM006279,ORD003413,P009,1,1499
ITEM006280,ORD003414,P007,1,999
ITEM006281,ORD003414,P006,1,2999
ITEM006282,ORD003414,P009,1,1499
ITEM006283,ORD003415,P001,1,2499
ITEM006284,ORD003416,P001,1,2499
ITEM006285,ORD003416,P003,1,1299
ITEM006286,ORD003417,P009,1,1499
ITEM006287,ORD003418,P001,1,2499
ITEM006288,ORD003418,P002,1,3999
ITEM006289,ORD003419,P006,1,2999
ITEM006290,ORD003419,P002,1,3999
ITEM006291,ORD003419,P007,1,999
ITEM006292,ORD003420,P009,1,1499
ITEM006293,ORD003420,P008,1,1799
ITEM006294,ORD003421,P003,1,1299
ITEM006295,ORD003422,P009,1,1499
ITEM006296,ORD003422,P005,1,699
ITEM006297,ORD003423,P001,1,2499
ITEM006298,ORD003423,P005,1,699
ITEM006299,ORD003423,P004,1,499
ITEM006300,ORD003424,P006,1,2999
ITEM006301,ORD003424,P004,1,499
ITEM006302,ORD003425,P006,1,2999
ITEM006303,ORD003425,P003,1,1299
ITEM006304,ORD003426,P007,1,999
ITEM006305,ORD003426,P003,1,1299
ITEM006306,ORD003427,P001,1,2499
ITEM006307,ORD003428,P009,1,1499
ITEM006308,ORD003429,P002,1,3999
ITEM006309,ORD003430,P008,1,1799
ITEM006310,ORD003430,P010,1,899
ITEM006311,ORD003430,P003,1,1299
ITEM006312,ORD003431,P006,1,2999
ITEM006313,ORD003431,P010,1,899
ITEM006314,ORD003432,P001,1,2499
ITEM006315,ORD003432,P007,1,999
ITEM006316,ORD003432,P008,1,1799
ITEM006317,ORD003433,P001,1,2499
ITEM006318,ORD003433,P010,1,899
ITEM006319,ORD003433,P007,1,999
ITEM006320,ORD003434,P002,1,3999
ITEM006321,ORD003435,P009,1,1499
ITEM006322,ORD003435,P008,1,1799
ITEM006323,ORD003436,P006,1,2999
ITEM006324,ORD003437,P005,1,699
ITEM006325,ORD003438,P003,1,1299
ITEM006326,ORD003438,P009,1,1499
ITEM006327,ORD003439,P005,1,699
ITEM006328,ORD003439,P008,1,1799
ITEM006329,ORD003440,P002,1,3999
ITEM006330,ORD003440,P007,1,999
ITEM006331,ORD003440,P005,1,699
ITEM006332,ORD003441,P001,1,2499
ITEM006333,ORD003442,P008,1,1799
ITEM006334,ORD003443,P003,1,1299
ITEM006335,ORD003444,P001,1,2499
ITEM006336,ORD003445,P001,1,2499
ITEM006337,ORD003446,P001,1,2499
ITEM006338,ORD003447,P001,1,2499
ITEM006339,ORD003447,P010,1,899
ITEM006340,ORD003447,P002,1,3999
ITEM006341,ORD003448,P006,1,2999
ITEM006342,ORD003449,P008,1,1799
ITEM006343,ORD003449,P007,1,999
ITEM006344,ORD003450,P001,1,2499
ITEM006345,ORD003451,P001,1,2499
ITEM006346,ORD003451,P004,1,499
ITEM006347,ORD003452,P003,1,1299
ITEM006348,ORD003452,P002,1,3999
ITEM006349,ORD003452,P007,1,999
ITEM006350,ORD003453,P007,1,999
ITEM006351,ORD003453,P008,1,1799
ITEM006352,ORD003454,P003,1,1299
ITEM006353,ORD003454,P009,1,1499
ITEM006354,ORD003455,P002,1,3999
ITEM006355,ORD003456,P002,1,3999
ITEM006356,ORD003457,P001,1,2499
ITEM006357,ORD003458,P003,1,1299
ITEM006358,ORD003459,P001,1,2499
ITEM006359,ORD003459,P008,1,1799
ITEM006360,ORD003460,P002,1,3999
ITEM006361,ORD003461,P002,1,3999
ITEM006362,ORD003461,P007,1,999
ITEM006363,ORD003462,P001,1,2499
ITEM006364,ORD003463,P001,1,2499
ITEM006365,ORD003463,P010,1,899
ITEM006366,ORD003463,P007,1,999
ITEM006367,ORD003464,P009,1,1499
ITEM006368,ORD003465,P008,1,1799
ITEM006369,ORD003465,P002,1,3999
ITEM006370,ORD003465,P004,1,499
ITEM006371,ORD003466,P009,1,1499
ITEM006372,ORD003466,P005,1,699
ITEM006373,ORD003467,P009,1,1499
ITEM006374,ORD003468,P005,1,699
ITEM006375,ORD003469,P001,1,2499
ITEM006376,ORD003469,P006,1,2999
ITEM006377,ORD003470,P004,1,499
ITEM006378,ORD003471,P007,1,999
ITEM006379,ORD003472,P002,1,3999
ITEM006380,ORD003473,P001,1,2499
ITEM006381,ORD003473,P003,1,1299
ITEM006382,ORD003473,P008,1,1799
ITEM006383,ORD003474,P010,1,899
ITEM006384,ORD003474,P001,1,2499
ITEM006385,ORD003475,P001,1,2499
ITEM006386,ORD003475,P006,1,2999
ITEM006387,ORD003476,P003,1,1299
ITEM006388,ORD003476,P010,1,899
ITEM006389,ORD003477,P005,1,699
ITEM006390,ORD003478,P004,1,499
ITEM006391,ORD003478,P007,1,999
ITEM006392,ORD003479,P009,1,1499
ITEM006393,ORD003479,P010,1,899
ITEM006394,ORD003480,P001,1,2499
ITEM006395,ORD003480,P007,1,999
ITEM006396,ORD003481,P005,1,699
ITEM006397,ORD003481,P003,1,1299
ITEM006398,ORD003482,P003,1,1299
ITEM006399,ORD003482,P006,1,2999
ITEM006400,ORD003482,P004,1,499
ITEM006401,ORD003483,P009,1,1499
ITEM006402,ORD003483,P006,1,2999
ITEM006403,ORD003484,P001,1,2499
ITEM006404,ORD003484,P009,1,1499
ITEM006405,ORD003485,P002,1,3999
ITEM006406,ORD003485,P003,1,1299
ITEM006407,ORD003486,P009,1,1499
ITEM006408,ORD003487,P004,1,499
ITEM006409,ORD003488,P008,1,1799
ITEM006410,ORD003488,P002,1,3999
ITEM006411,ORD003489,P001,1,2499
ITEM006412,ORD003489,P004,1,499
ITEM006413,ORD003490,P002,1,3999
ITEM006414,ORD003490,P010,1,899
ITEM006415,ORD003491,P001,1,2499
ITEM006416,ORD003492,P003,1,1299
ITEM006417,ORD003492,P002,1,3999
ITEM006418,ORD003493,P001,1,2499
ITEM006419,ORD003494,P002,1,3999
ITEM006420,ORD003494,P003,1,1299
ITEM006421,ORD003495,P001,1,2499
ITEM006422,ORD003495,P005,1,699
ITEM006423,ORD003496,P007,1,999
ITEM006424,ORD003496,P010,1,899
ITEM006425,ORD003497,P010,1,899
ITEM006426,ORD003497,P005,1,699
ITEM006427,ORD003498,P002,1,3999
ITEM006428,ORD003498,P003,1,1299
ITEM006429,ORD003498,P010,1,899
ITEM006430,ORD003499,P007,1,999
ITEM006431,ORD003500,P001,1,2499
ITEM006432,ORD003500,P010,1,899
ITEM006433,ORD003500,P002,1,3999
ITEM006434,ORD003501,P009,1,1499
ITEM006435,ORD003501,P007,1,999
ITEM006436,ORD003502,P010,1,899
ITEM006437,ORD003502,P008,1,1799
ITEM006438,ORD003502,P006,1,2999
ITEM006439,ORD003503,P001,1,2499
ITEM006440,ORD003503,P009,1,1499
ITEM006441,ORD003504,P009,1,1499
ITEM006442,ORD003505,P001,1,2499
ITEM006443,ORD003505,P004,1,499
ITEM006444,ORD003506,P003,1,1299
ITEM006445,ORD003506,P008,1,1799
ITEM006446,ORD003506,P009,1,1499
ITEM006447,ORD003507,P001,1,2499
ITEM006448,ORD003507,P005,1,699
ITEM006449,ORD003508,P003,1,1299
ITEM006450,ORD003509,P009,1,1499
ITEM006451,ORD003509,P003,1,1299
ITEM006452,ORD003509,P001,1,2499
ITEM006453,ORD003510,P007,1,999
ITEM006454,ORD003510,P004,1,499
ITEM006455,ORD003511,P001,1,2499
ITEM006456,ORD003511,P002,1,3999
ITEM006457,ORD003511,P010,1,899
ITEM006458,ORD003512,P002,1,3999
ITEM006459,ORD003512,P005,1,699
ITEM006460,ORD003513,P005,1,699
ITEM006461,ORD003513,P001,1,2499
ITEM006462,ORD003513,P009,1,1499
ITEM006463,ORD003514,P005,1,699
ITEM006464,ORD003514,P009,1,1499
ITEM006465,ORD003514,P006,1,2999
ITEM006466,ORD003515,P001,1,2499
ITEM006467,ORD003515,P005,1,699
ITEM006468,ORD003516,P008,1,1799
ITEM006469,ORD003517,P008,1,1799
ITEM006470,ORD003518,P001,1,2499
ITEM006471,ORD003518,P007,1,999
ITEM006472,ORD003519,P008,1,1799
ITEM006473,ORD003520,P010,1,899
ITEM006474,ORD003521,P009,1,1499
ITEM006475,ORD003521,P001,1,2499
ITEM006476,ORD003522,P007,1,999
ITEM006477,ORD003523,P002,1,3999
ITEM006478,ORD003523,P004,1,499
ITEM006479,ORD003524,P001,1,2499
ITEM006480,ORD003524,P006,1,2999
ITEM006481,ORD003525,P004,1,499
ITEM006482,ORD003525,P006,1,2999
ITEM006483,ORD003525,P002,1,3999
ITEM006484,ORD003526,P001,1,2499
ITEM006485,ORD003526,P004,1,499
ITEM006486,ORD003527,P007,1,999
ITEM006487,ORD003527,P001,1,2499
ITEM006488,ORD003528,P001,1,2499
ITEM006489,ORD003529,P001,1,2499
ITEM006490,ORD003529,P007,1,999
ITEM006491,ORD003529,P008,1,1799
ITEM006492,ORD003530,P003,1,1299
ITEM006493,ORD003530,P005,1,699
ITEM006494,ORD003530,P007,1,999
ITEM006495,ORD003531,P001,1,2499
ITEM006496,ORD003531,P005,1,699
ITEM006497,ORD003532,P001,1,2499
ITEM006498,ORD003532,P004,1,499
ITEM006499,ORD003532,P003,1,1299
ITEM006500,ORD003533,P003,1,1299
ITEM006501,ORD003533,P002,1,3999
ITEM006502,ORD003534,P007,1,999
ITEM006503,ORD003534,P004,1,499
ITEM006504,ORD003534,P005,1,699
ITEM006505,ORD003535,P001,1,2499
ITEM006506,ORD003535,P004,1,499
ITEM006507,ORD003536,P001,1,2499
ITEM006508,ORD003537,P003,1,1299
ITEM006509,ORD003537,P007,1,999
ITEM006510,ORD003538,P003,1,1299
ITEM006511,ORD003538,P005,1,699
ITEM006512,ORD003538,P002,1,3999
ITEM006513,ORD003539,P009,1,1499
ITEM006514,ORD003540,P001,1,2499
ITEM006515,ORD003541,P007,1,999
ITEM006516,ORD003542,P001,1,2499
ITEM006517,ORD003543,P002,1,3999
ITEM006518,ORD003544,P006,1,2999
ITEM006519,ORD003544,P003,1,1299
ITEM006520,ORD003544,P009,1,1499
ITEM006521,ORD003545,P001,1,2499
ITEM006522,ORD003545,P005,1,699
ITEM006523,ORD003546,P001,1,2499
ITEM006524,ORD003546,P003,1,1299
ITEM006525,ORD003546,P010,1,899
ITEM006526,ORD003547,P001,1,2499
ITEM006527,ORD003547,P003,1,1299
ITEM006528,ORD003548,P004,1,499
ITEM006529,ORD003548,P007,1,999
ITEM006530,ORD003548,P005,1,699
ITEM006531,ORD003549,P003,1,1299
ITEM006532,ORD003550,P001,1,2499
ITEM006533,ORD003550,P004,1,499
ITEM006534,ORD003551,P001,1,2499
ITEM006535,ORD003552,P005,1,699
ITEM006536,ORD003552,P002,1,3999
ITEM006537,ORD003553,P001,1,2499
ITEM006538,ORD003553,P004,1,499
ITEM006539,ORD003554,P004,1,499
ITEM006540,ORD003555,P009,1,1499
ITEM006541,ORD003556,P006,1,2999
ITEM006542,ORD003557,P003,1,1299
ITEM006543,ORD003557,P009,1,1499
ITEM006544,ORD003558,P006,1,2999
ITEM006545,ORD003558,P001,1,2499
ITEM006546,ORD003559,P008,1,1799
ITEM006547,ORD003559,P002,1,3999
ITEM006548,ORD003560,P003,1,1299
ITEM006549,ORD003560,P002,1,3999
ITEM006550,ORD003561,P004,1,499
ITEM006551,ORD003562,P001,1,2499
ITEM006552,ORD003562,P003,1,1299
ITEM006553,ORD003563,P003,1,1299
ITEM006554,ORD003564,P010,1,899
ITEM006555,ORD003564,P003,1,1299
ITEM006556,ORD003565,P001,1,2499
ITEM006557,ORD003565,P004,1,499
ITEM006558,ORD003566,P003,1,1299
ITEM006559,ORD003566,P002,1,3999
ITEM006560,ORD003567,P006,1,2999
ITEM006561,ORD003567,P010,1,899
ITEM006562,ORD003567,P009,1,1499
ITEM006563,ORD003568,P005,1,699
ITEM006564,ORD003569,P001,1,2499
ITEM006565,ORD003569,P008,1,1799
ITEM006566,ORD003570,P008,1,1799
ITEM006567,ORD003571,P005,1,699
ITEM006568,ORD003571,P001,1,2499
ITEM006569,ORD003571,P009,1,1499
ITEM006570,ORD003572,P001,1,2499
ITEM006571,ORD003572,P002,1,3999
ITEM006572,ORD003573,P001,1,2499
ITEM006573,ORD003573,P010,1,899
ITEM006574,ORD003573,P008,1,1799
ITEM006575,ORD003574,P001,1,2499
ITEM006576,ORD003574,P010,1,899
ITEM006577,ORD003575,P008,1,1799
ITEM006578,ORD003576,P001,1,2499
ITEM006579,ORD003577,P009,1,1499
ITEM006580,ORD003577,P004,1,499
ITEM006581,ORD003578,P008,1,1799
ITEM006582,ORD003578,P007,1,999
ITEM006583,ORD003579,P010,1,899
ITEM006584,ORD003579,P006,1,2999
ITEM006585,ORD003580,P001,1,2499
ITEM006586,ORD003581,P001,1,2499
ITEM006587,ORD003582,P010,1,899
ITEM006588,ORD003583,P001,1,2499
ITEM006589,ORD003583,P002,1,3999
ITEM006590,ORD003584,P005,1,699
ITEM006591,ORD003584,P004,1,499
ITEM006592,ORD003584,P008,1,1799
ITEM006593,ORD003585,P002,1,3999
ITEM006594,ORD003585,P009,1,1499
ITEM006595,ORD003585,P010,1,899
ITEM006596,ORD003586,P006,1,2999
ITEM006597,ORD003586,P010,1,899
ITEM006598,ORD003587,P007,1,999
ITEM006599,ORD003587,P009,1,1499
ITEM006600,ORD003588,P001,1,2499
ITEM006601,ORD003588,P002,1,3999
ITEM006602,ORD003588,P009,1,1499
ITEM006603,ORD003589,P003,1,1299
ITEM006604,ORD003590,P010,1,899
ITEM006605,ORD003590,P006,1,2999
ITEM006606,ORD003591,P002,1,3999
ITEM006607,ORD003591,P010,1,899
ITEM006608,ORD003592,P001,1,2499
ITEM006609,ORD003592,P004,1,499
ITEM006610,ORD003593,P005,1,699
ITEM006611,ORD003594,P001,1,2499
ITEM006612,ORD003594,P010,1,899
ITEM006613,ORD003594,P002,1,3999
ITEM006614,ORD003595,P002,1,3999
ITEM006615,ORD003595,P008,1,1799
ITEM006616,ORD003595,P003,1,1299
ITEM006617,ORD003596,P004,1,499
ITEM006618,ORD003596,P001,1,2499
ITEM006619,ORD003597,P001,1,2499
ITEM006620,ORD003597,P007,1,999
ITEM006621,ORD003598,P001,1,2499
ITEM006622,ORD003598,P002,1,3999
ITEM006623,ORD003599,P010,1,899
ITEM006624,ORD003600,P010,1,899
ITEM006625,ORD003600,P006,1,2999
ITEM006626,ORD003600,P009,1,1499
ITEM006627,ORD003601,P007,1,999
ITEM006628,ORD003601,P006,1,2999
ITEM006629,ORD003602,P003,1,1299
ITEM006630,ORD003602,P009,1,1499
ITEM006631,ORD003602,P002,1,3999
ITEM006632,ORD003603,P004,1,499
ITEM006633,ORD003604,P001,1,2499
ITEM006634,ORD003605,P004,1,499
ITEM006635,ORD003605,P003,1,1299
ITEM006636,ORD003606,P002,1,3999
ITEM006637,ORD003607,P009,1,1499
ITEM006638,ORD003608,P007,1,999
ITEM006639,ORD003608,P001,1,2499
ITEM006640,ORD003609,P007,1,999
ITEM006641,ORD003609,P008,1,1799
ITEM006642,ORD003610,P005,1,699
ITEM006643,ORD003610,P010,1,899
ITEM006644,ORD003610,P006,1,2999
ITEM006645,ORD003611,P001,1,2499
ITEM006646,ORD003612,P006,1,2999
ITEM006647,ORD003612,P005,1,699
ITEM006648,ORD003613,P002,1,3999
ITEM006649,ORD003613,P006,1,2999
ITEM006650,ORD003614,P001,1,2499
ITEM006651,ORD003614,P007,1,999
ITEM006652,ORD003615,P001,1,2499
ITEM006653,ORD003615,P003,1,1299
ITEM006654,ORD003616,P010,1,899
ITEM006655,ORD003616,P008,1,1799
ITEM006656,ORD003617,P001,1,2499
ITEM006657,ORD003617,P006,1,2999
ITEM006658,ORD003618,P001,1,2499
ITEM006659,ORD003618,P010,1,899
ITEM006660,ORD003619,P002,1,3999
ITEM006661,ORD003619,P007,1,999
ITEM006662,ORD003620,P002,1,3999
ITEM006663,ORD003620,P008,1,1799
ITEM006664,ORD003621,P001,1,2499
ITEM006665,ORD003622,P003,1,1299
ITEM006666,ORD003622,P001,1,2499
ITEM006667,ORD003623,P001,1,2499
ITEM006668,ORD003624,P005,1,699
ITEM006669,ORD003624,P007,1,999
ITEM006670,ORD003625,P001,1,2499
ITEM006671,ORD003625,P006,1,2999
ITEM006672,ORD003626,P009,1,1499
ITEM006673,ORD003627,P009,1,1499
ITEM006674,ORD003627,P006,1,2999
ITEM006675,ORD003628,P004,1,499
ITEM006676,ORD003628,P005,1,699
ITEM006677,ORD003628,P003,1,1299
ITEM006678,ORD003629,P007,1,999
ITEM006679,ORD003629,P006,1,2999
ITEM006680,ORD003629,P008,1,1799
ITEM006681,ORD003630,P001,1,2499
ITEM006682,ORD003631,P009,1,1499
ITEM006683,ORD003632,P001,1,2499
ITEM006684,ORD003632,P006,1,2999
ITEM006685,ORD003633,P003,1,1299
ITEM006686,ORD003633,P002,1,3999
ITEM006687,ORD003634,P001,1,2499
ITEM006688,ORD003634,P002,1,3999
ITEM006689,ORD003635,P006,1,2999
ITEM006690,ORD003635,P007,1,999
ITEM006691,ORD003636,P008,1,1799
ITEM006692,ORD003637,P008,1,1799
ITEM006693,ORD003637,P005,1,699
ITEM006694,ORD003638,P003,1,1299
ITEM006695,ORD003639,P001,1,2499
ITEM006696,ORD003640,P004,1,499
ITEM006697,ORD003641,P010,1,899
ITEM006698,ORD003641,P003,1,1299
ITEM006699,ORD003642,P003,1,1299
ITEM006700,ORD003642,P001,1,2499
ITEM006701,ORD003642,P010,1,899
ITEM006702,ORD003643,P003,1,1299
ITEM006703,ORD003644,P004,1,499
ITEM006704,ORD003645,P005,1,699
ITEM006705,ORD003645,P001,1,2499
ITEM006706,ORD003646,P001,1,2499
ITEM006707,ORD003646,P007,1,999
ITEM006708,ORD003646,P006,1,2999
ITEM006709,ORD003647,P008,1,1799
ITEM006710,ORD003647,P003,1,1299
ITEM006711,ORD003648,P010,1,899
ITEM006712,ORD003649,P001,1,2499
ITEM006713,ORD003649,P009,1,1499
ITEM006714,ORD003650,P006,1,2999
ITEM006715,ORD003650,P008,1,1799
ITEM006716,ORD003651,P003,1,1299
ITEM006717,ORD003651,P010,1,899
ITEM006718,ORD003652,P001,1,2499
ITEM006719,ORD003652,P006,1,2999
ITEM006720,ORD003652,P004,1,499
ITEM006721,ORD003653,P002,1,3999
ITEM006722,ORD003653,P001,1,2499
ITEM006723,ORD003653,P009,1,1499
ITEM006724,ORD003654,P001,1,2499
ITEM006725,ORD003654,P005,1,699
ITEM006726,ORD003654,P010,1,899
ITEM006727,ORD003655,P009,1,1499
ITEM006728,ORD003655,P007,1,999
ITEM006729,ORD003655,P005,1,699
ITEM006730,ORD003656,P001,1,2499
ITEM006731,ORD003656,P003,1,1299
ITEM006732,ORD003656,P010,1,899
ITEM006733,ORD003657,P001,1,2499
ITEM006734,ORD003658,P007,1,999
ITEM006735,ORD003659,P006,1,2999
ITEM006736,ORD003659,P003,1,1299
ITEM006737,ORD003660,P007,1,999
ITEM006738,ORD003660,P008,1,1799
ITEM006739,ORD003660,P004,1,499
ITEM006740,ORD003661,P004,1,499
ITEM006741,ORD003661,P007,1,999
ITEM006742,ORD003662,P010,1,899
ITEM006743,ORD003663,P001,1,2499
ITEM006744,ORD003663,P002,1,3999
ITEM006745,ORD003663,P004,1,499
ITEM006746,ORD003664,P009,1,1499
ITEM006747,ORD003664,P006,1,2999
ITEM006748,ORD003665,P002,1,3999
ITEM006749,ORD003665,P007,1,999
ITEM006750,ORD003666,P007,1,999
ITEM006751,ORD003667,P003,1,1299
ITEM006752,ORD003667,P008,1,1799
ITEM006753,ORD003668,P005,1,699
ITEM006754,ORD003668,P007,1,999
ITEM006755,ORD003669,P001,1,2499
ITEM006756,ORD003670,P001,1,2499
ITEM006757,ORD003670,P006,1,2999
ITEM006758,ORD003671,P002,1,3999
ITEM006759,ORD003671,P009,1,1499
ITEM006760,ORD003672,P010,1,899
ITEM006761,ORD003673,P001,1,2499
ITEM006762,ORD003673,P003,1,1299
ITEM006763,ORD003674,P008,1,1799
ITEM006764,ORD003674,P007,1,999
ITEM006765,ORD003675,P001,1,2499
ITEM006766,ORD003675,P007,1,999
ITEM006767,ORD003676,P001,1,2499
ITEM006768,ORD003676,P004,1,499
ITEM006769,ORD003676,P008,1,1799
ITEM006770,ORD003677,P007,1,999
ITEM006771,ORD003678,P002,1,3999
ITEM006772,ORD003679,P001,1,2499
ITEM006773,ORD003680,P001,1,2499
ITEM006774,ORD003681,P005,1,699
ITEM006775,ORD003681,P001,1,2499
ITEM006776,ORD003682,P001,1,2499
ITEM006777,ORD003682,P005,1,699
ITEM006778,ORD003683,P006,1,2999
ITEM006779,ORD003684,P009,1,1499
ITEM006780,ORD003684,P006,1,2999
ITEM006781,ORD003685,P006,1,2999
ITEM006782,ORD003686,P008,1,1799
ITEM006783,ORD003687,P010,1,899
ITEM006784,ORD003688,P001,1,2499
ITEM006785,ORD003688,P006,1,2999
ITEM006786,ORD003688,P003,1,1299
ITEM006787,ORD003689,P006,1,2999
ITEM006788,ORD003690,P001,1,2499
ITEM006789,ORD003691,P001,1,2499
ITEM006790,ORD003691,P005,1,699
ITEM006791,ORD003691,P003,1,1299
ITEM006792,ORD003692,P001,1,2499
ITEM006793,ORD003692,P010,1,899
ITEM006794,ORD003692,P004,1,499
ITEM006795,ORD003693,P001,1,2499
ITEM006796,ORD003693,P009,1,1499
ITEM006797,ORD003694,P001,1,2499
ITEM006798,ORD003694,P003,1,1299
ITEM006799,ORD003695,P001,1,2499
ITEM006800,ORD003695,P004,1,499
ITEM006801,ORD003696,P008,1,1799
ITEM006802,ORD003696,P010,1,899
ITEM006803,ORD003697,P003,1,1299
ITEM006804,ORD003698,P002,1,3999
ITEM006805,ORD003698,P009,1,1499
ITEM006806,ORD003698,P005,1,699
ITEM006807,ORD003699,P004,1,499
ITEM006808,ORD003700,P005,1,699
ITEM006809,ORD003701,P003,1,1299
ITEM006810,ORD003701,P007,1,999
ITEM006811,ORD003702,P005,1,699
ITEM006812,ORD003702,P007,1,999
ITEM006813,ORD003703,P005,1,699
ITEM006814,ORD003704,P007,1,999
ITEM006815,ORD003704,P006,1,2999
ITEM006816,ORD003705,P001,1,2499
ITEM006817,ORD003705,P008,1,1799
ITEM006818,ORD003705,P003,1,1299
ITEM006819,ORD003706,P006,1,2999
ITEM006820,ORD003707,P001,1,2499
ITEM006821,ORD003707,P009,1,1499
ITEM006822,ORD003708,P002,1,3999
ITEM006823,ORD003709,P001,1,2499
ITEM006824,ORD003709,P005,1,699
ITEM006825,ORD003710,P007,1,999
ITEM006826,ORD003711,P002,1,3999
ITEM006827,ORD003712,P008,1,1799
ITEM006828,ORD003712,P001,1,2499
ITEM006829,ORD003713,P005,1,699
ITEM006830,ORD003713,P004,1,499
ITEM006831,ORD003714,P001,1,2499
ITEM006832,ORD003715,P005,1,699
ITEM006833,ORD003715,P007,1,999
ITEM006834,ORD003716,P008,1,1799
ITEM006835,ORD003717,P008,1,1799
ITEM006836,ORD003718,P005,1,699
ITEM006837,ORD003718,P004,1,499
ITEM006838,ORD003718,P008,1,1799
ITEM006839,ORD003719,P004,1,499
ITEM006840,ORD003719,P006,1,2999
ITEM006841,ORD003720,P001,1,2499
ITEM006842,ORD003721,P007,1,999
ITEM006843,ORD003721,P005,1,699
ITEM006844,ORD003722,P001,1,2499
ITEM006845,ORD003723,P007,1,999
ITEM006846,ORD003723,P001,1,2499
ITEM006847,ORD003724,P001,1,2499
ITEM006848,ORD003725,P009,1,1499
ITEM006849,ORD003726,P010,1,899
ITEM006850,ORD003727,P001,1,2499
ITEM006851,ORD003728,P004,1,499
ITEM006852,ORD003729,P001,1,2499
ITEM006853,ORD003730,P009,1,1499
ITEM006854,ORD003731,P005,1,699
ITEM006855,ORD003731,P003,1,1299
ITEM006856,ORD003732,P007,1,999
ITEM006857,ORD003732,P002,1,3999
ITEM006858,ORD003732,P010,1,899
ITEM006859,ORD003733,P007,1,999
ITEM006860,ORD003734,P001,1,2499
ITEM006861,ORD003734,P006,1,2999
ITEM006862,ORD003734,P003,1,1299
ITEM006863,ORD003735,P008,1,1799
ITEM006864,ORD003736,P001,1,2499
ITEM006865,ORD003736,P010,1,899
ITEM006866,ORD003737,P001,1,2499
ITEM006867,ORD003737,P008,1,1799
ITEM006868,ORD003738,P001,1,2499
ITEM006869,ORD003738,P004,1,499
ITEM006870,ORD003739,P001,1,2499
ITEM006871,ORD003740,P001,1,2499
ITEM006872,ORD003740,P008,1,1799
ITEM006873,ORD003741,P009,1,1499
ITEM006874,ORD003741,P010,1,899
ITEM006875,ORD003741,P008,1,1799
ITEM006876,ORD003742,P001,1,2499
ITEM006877,ORD003743,P003,1,1299
ITEM006878,ORD003744,P008,1,1799
ITEM006879,ORD003744,P002,1,3999
ITEM006880,ORD003744,P003,1,1299
ITEM006881,ORD003745,P010,1,899
ITEM006882,ORD003745,P007,1,999
ITEM006883,ORD003746,P003,1,1299
ITEM006884,ORD003747,P008,1,1799
ITEM006885,ORD003747,P004,1,499
ITEM006886,ORD003748,P001,1,2499
ITEM006887,ORD003749,P007,1,999
ITEM006888,ORD003749,P008,1,1799
ITEM006889,ORD003750,P001,1,2499
ITEM006890,ORD003750,P005,1,699
ITEM006891,ORD003751,P001,1,2499
ITEM006892,ORD003752,P009,1,1499
ITEM006893,ORD003753,P003,1,1299
ITEM006894,ORD003754,P001,1,2499
ITEM006895,ORD003754,P008,1,1799
ITEM006896,ORD003755,P001,1,2499
ITEM006897,ORD003755,P004,1,499
ITEM006898,ORD003756,P006,1,2999
ITEM006899,ORD003756,P004,1,499
ITEM006900,ORD003757,P001,1,2499
ITEM006901,ORD003757,P006,1,2999
ITEM006902,ORD003758,P008,1,1799
ITEM006903,ORD003759,P001,1,2499
ITEM006904,ORD003759,P010,1,899
ITEM006905,ORD003760,P001,1,2499
ITEM006906,ORD003760,P003,1,1299
ITEM006907,ORD003761,P001,1,2499
ITEM006908,ORD003762,P009,1,1499
ITEM006909,ORD003762,P008,1,1799
ITEM006910,ORD003763,P007,1,999
ITEM006911,ORD003763,P005,1,699
ITEM006912,ORD003764,P001,1,2499
ITEM006913,ORD003764,P004,1,499
ITEM006914,ORD003765,P001,1,2499
ITEM006915,ORD003765,P004,1,499
ITEM006916,ORD003766,P006,1,2999
ITEM006917,ORD003766,P005,1,699
ITEM006918,ORD003767,P003,1,1299
ITEM006919,ORD003767,P006,1,2999
ITEM006920,ORD003768,P001,1,2499
ITEM006921,ORD003768,P003,1,1299
ITEM006922,ORD003769,P001,1,2499
ITEM006923,ORD003769,P007,1,999
ITEM006924,ORD003770,P008,1,1799
ITEM006925,ORD003771,P005,1,699
ITEM006926,ORD003771,P001,1,2499
ITEM006927,ORD003772,P008,1,1799
ITEM006928,ORD003772,P001,1,2499
ITEM006929,ORD003772,P007,1,999
ITEM006930,ORD003773,P010,1,899
ITEM006931,ORD003773,P008,1,1799
ITEM006932,ORD003774,P010,1,899
ITEM006933,ORD003775,P001,1,2499
ITEM006934,ORD003775,P004,1,499
ITEM006935,ORD003775,P002,1,3999
ITEM006936,ORD003776,P009,1,1499
ITEM006937,ORD003777,P001,1,2499
ITEM006938,ORD003777,P005,1,699
ITEM006939,ORD003778,P001,1,2499
ITEM006940,ORD003778,P009,1,1499
ITEM006941,ORD003779,P001,1,2499
ITEM006942,ORD003779,P005,1,699
ITEM006943,ORD003780,P008,1,1799
ITEM006944,ORD003781,P005,1,699
ITEM006945,ORD003781,P008,1,1799
ITEM006946,ORD003782,P007,1,999
ITEM006947,ORD003782,P010,1,899
ITEM006948,ORD003782,P005,1,699
ITEM006949,ORD003783,P009,1,1499
ITEM006950,ORD003784,P006,1,2999
ITEM006951,ORD003784,P010,1,899
ITEM006952,ORD003785,P001,1,2499
ITEM006953,ORD003785,P002,1,3999
ITEM006954,ORD003786,P004,1,499
ITEM006955,ORD003786,P009,1,1499
ITEM006956,ORD003787,P001,1,2499
ITEM006957,ORD003787,P003,1,1299
ITEM006958,ORD003788,P001,1,2499
ITEM006959,ORD003788,P005,1,699
ITEM006960,ORD003789,P009,1,1499
ITEM006961,ORD003789,P001,1,2499
ITEM006962,ORD003789,P002,1,3999
ITEM006963,ORD003790,P001,1,2499
ITEM006964,ORD003790,P002,1,3999
ITEM006965,ORD003790,P003,1,1299
ITEM006966,ORD003791,P007,1,999
ITEM006967,ORD003791,P008,1,1799
ITEM006968,ORD003791,P004,1,499
ITEM006969,ORD003792,P001,1,2499
ITEM006970,ORD003792,P010,1,899
ITEM006971,ORD003793,P009,1,1499
ITEM006972,ORD003794,P010,1,899
ITEM006973,ORD003794,P002,1,3999
ITEM006974,ORD003794,P005,1,699
ITEM006975,ORD003795,P010,1,899
ITEM006976,ORD003795,P007,1,999
ITEM006977,ORD003796,P001,1,2499
ITEM006978,ORD003796,P007,1,999
ITEM006979,ORD003796,P005,1,699
ITEM006980,ORD003797,P001,1,2499
ITEM006981,ORD003798,P010,1,899
ITEM006982,ORD003798,P008,1,1799
ITEM006983,ORD003799,P006,1,2999
ITEM006984,ORD003800,P001,1,2499
ITEM006985,ORD003801,P001,1,2499
ITEM006986,ORD003801,P010,1,899
ITEM006987,ORD003802,P001,1,2499
ITEM006988,ORD003802,P003,1,1299
ITEM006989,ORD003803,P010,1,899
ITEM006990,ORD003803,P008,1,1799
ITEM006991,ORD003803,P004,1,499
ITEM006992,ORD003804,P001,1,2499
ITEM006993,ORD003805,P005,1,699
ITEM006994,ORD003806,P010,1,899
ITEM006995,ORD003806,P002,1,3999
ITEM006996,ORD003807,P001,1,2499
ITEM006997,ORD003807,P004,1,499
ITEM006998,ORD003807,P006,1,2999
ITEM006999,ORD003808,P001,1,2499
ITEM007000,ORD003808,P004,1,499
ITEM007001,ORD003808,P006,1,2999
ITEM007002,ORD003809,P005,1,699
ITEM007003,ORD003810,P007,1,999
ITEM007004,ORD003811,P001,1,2499
ITEM007005,ORD003812,P007,1,999
ITEM007006,ORD003813,P009,1,1499
ITEM007007,ORD003813,P007,1,999
ITEM007008,ORD003814,P004,1,499
ITEM007009,ORD003814,P002,1,3999
ITEM007010,ORD003815,P001,1,2499
ITEM007011,ORD003816,P001,1,2499
ITEM007012,ORD003816,P008,1,1799
ITEM007013,ORD003816,P010,1,899
ITEM007014,ORD003817,P001,1,2499
ITEM007015,ORD003817,P010,1,899
ITEM007016,ORD003818,P010,1,899
ITEM007017,ORD003818,P008,1,1799
ITEM007018,ORD003818,P009,1,1499
ITEM007019,ORD003819,P001,1,2499
ITEM007020,ORD003820,P008,1,1799
ITEM007021,ORD003821,P006,1,2999
ITEM007022,ORD003821,P005,1,699
ITEM007023,ORD003822,P006,1,2999
ITEM007024,ORD003822,P009,1,1499
ITEM007025,ORD003822,P004,1,499
ITEM007026,ORD003823,P003,1,1299
ITEM007027,ORD003823,P006,1,2999
ITEM007028,ORD003824,P003,1,1299
ITEM007029,ORD003824,P008,1,1799
ITEM007030,ORD003825,P007,1,999
ITEM007031,ORD003825,P010,1,899
ITEM007032,ORD003825,P009,1,1499
ITEM007033,ORD003826,P003,1,1299
ITEM007034,ORD003827,P001,1,2499
ITEM007035,ORD003827,P004,1,499
ITEM007036,ORD003827,P005,1,699
ITEM007037,ORD003828,P005,1,699
ITEM007038,ORD003828,P004,1,499
ITEM007039,ORD003829,P004,1,499
ITEM007040,ORD003829,P009,1,1499
ITEM007041,ORD003830,P001,1,2499
ITEM007042,ORD003831,P003,1,1299
ITEM007043,ORD003831,P001,1,2499
ITEM007044,ORD003832,P001,1,2499
ITEM007045,ORD003832,P002,1,3999
ITEM007046,ORD003833,P001,1,2499
ITEM007047,ORD003834,P007,1,999
ITEM007048,ORD003835,P005,1,699
ITEM007049,ORD003835,P010,1,899
ITEM007050,ORD003836,P006,1,2999
ITEM007051,ORD003837,P001,1,2499
ITEM007052,ORD003837,P004,1,499
ITEM007053,ORD003838,P004,1,499
ITEM007054,ORD003838,P006,1,2999
ITEM007055,ORD003838,P003,1,1299
ITEM007056,ORD003839,P007,1,999
ITEM007057,ORD003840,P009,1,1499
ITEM007058,ORD003841,P001,1,2499
ITEM007059,ORD003842,P007,1,999
ITEM007060,ORD003843,P010,1,899
ITEM007061,ORD003844,P002,1,3999
ITEM007062,ORD003845,P004,1,499
ITEM007063,ORD003845,P010,1,899
ITEM007064,ORD003846,P001,1,2499
ITEM007065,ORD003846,P004,1,499
ITEM007066,ORD003847,P007,1,999
ITEM007067,ORD003847,P010,1,899
ITEM007068,ORD003847,P003,1,1299
ITEM007069,ORD003848,P001,1,2499
ITEM007070,ORD003849,P004,1,499
ITEM007071,ORD003849,P006,1,2999
ITEM007072,ORD003850,P010,1,899
ITEM007073,ORD003851,P001,1,2499
ITEM007074,ORD003851,P006,1,2999
ITEM007075,ORD003852,P010,1,899
ITEM007076,ORD003852,P008,1,1799
ITEM007077,ORD003853,P010,1,899
ITEM007078,ORD003853,P002,1,3999
ITEM007079,ORD003854,P001,1,2499
ITEM007080,ORD003854,P004,1,499
ITEM007081,ORD003854,P009,1,1499
ITEM007082,ORD003855,P001,1,2499
ITEM007083,ORD003855,P007,1,999
ITEM007084,ORD003856,P001,1,2499
ITEM007085,ORD003857,P003,1,1299
ITEM007086,ORD003858,P005,1,699
ITEM007087,ORD003859,P007,1,999
ITEM007088,ORD003860,P006,1,2999
ITEM007089,ORD003860,P005,1,699
ITEM007090,ORD003861,P008,1,1799
ITEM007091,ORD003862,P010,1,899
ITEM007092,ORD003863,P001,1,2499
ITEM007093,ORD003863,P003,1,1299
ITEM007094,ORD003863,P004,1,499
ITEM007095,ORD003864,P003,1,1299
ITEM007096,ORD003865,P001,1,2499
ITEM007097,ORD003865,P008,1,1799
ITEM007098,ORD003866,P006,1,2999
ITEM007099,ORD003867,P004,1,499
ITEM007100,ORD003868,P004,1,499
ITEM007101,ORD003868,P009,1,1499
ITEM007102,ORD003869,P004,1,499
ITEM007103,ORD003870,P008,1,1799
ITEM007104,ORD003870,P001,1,2499
ITEM007105,ORD003871,P009,1,1499
ITEM007106,ORD003871,P003,1,1299
ITEM007107,ORD003872,P001,1,2499
ITEM007108,ORD003872,P005,1,699
ITEM007109,ORD003873,P001,1,2499
ITEM007110,ORD003873,P010,1,899
ITEM007111,ORD003874,P001,1,2499
ITEM007112,ORD003875,P006,1,2999
ITEM007113,ORD003875,P009,1,1499
ITEM007114,ORD003875,P005,1,699
ITEM007115,ORD003876,P009,1,1499
ITEM007116,ORD003876,P008,1,1799
ITEM007117,ORD003877,P003,1,1299
ITEM007118,ORD003877,P008,1,1799
ITEM007119,ORD003878,P001,1,2499
ITEM007120,ORD003878,P007,1,999
ITEM007121,ORD003879,P001,1,2499
ITEM007122,ORD003880,P003,1,1299
ITEM007123,ORD003881,P005,1,699
ITEM007124,ORD003882,P008,1,1799
ITEM007125,ORD003882,P004,1,499
ITEM007126,ORD003883,P007,1,999
ITEM007127,ORD003883,P004,1,499
ITEM007128,ORD003884,P006,1,2999
ITEM007129,ORD003885,P008,1,1799
ITEM007130,ORD003885,P007,1,999
ITEM007131,ORD003886,P003,1,1299
ITEM007132,ORD003886,P007,1,999
ITEM007133,ORD003887,P002,1,3999
ITEM007134,ORD003887,P009,1,1499
ITEM007135,ORD003887,P008,1,1799
ITEM007136,ORD003888,P009,1,1499
ITEM007137,ORD003889,P001,1,2499
ITEM007138,ORD003889,P004,1,499
ITEM007139,ORD003890,P001,1,2499
ITEM007140,ORD003890,P007,1,999
ITEM007141,ORD003891,P001,1,2499
ITEM007142,ORD003891,P005,1,699
ITEM007143,ORD003891,P009,1,1499
ITEM007144,ORD003892,P001,1,2499
ITEM007145,ORD003893,P010,1,899
ITEM007146,ORD003893,P001,1,2499
ITEM007147,ORD003894,P007,1,999
ITEM007148,ORD003895,P001,1,2499
ITEM007149,ORD003896,P010,1,899
ITEM007150,ORD003897,P009,1,1499
ITEM007151,ORD003898,P001,1,2499
ITEM007152,ORD003898,P003,1,1299
ITEM007153,ORD003898,P004,1,499
ITEM007154,ORD003899,P004,1,499
ITEM007155,ORD003900,P003,1,1299
ITEM007156,ORD003901,P001,1,2499
ITEM007157,ORD003901,P007,1,999
ITEM007158,ORD003901,P005,1,699
ITEM007159,ORD003902,P001,1,2499
ITEM007160,ORD003902,P005,1,699
ITEM007161,ORD003903,P008,1,1799
ITEM007162,ORD003904,P001,1,2499
ITEM007163,ORD003904,P006,1,2999
ITEM007164,ORD003905,P001,1,2499
ITEM007165,ORD003906,P010,1,899
ITEM007166,ORD003906,P004,1,499
ITEM007167,ORD003907,P006,1,2999
ITEM007168,ORD003907,P001,1,2499
ITEM007169,ORD003908,P009,1,1499
ITEM007170,ORD003908,P007,1,999
ITEM007171,ORD003908,P003,1,1299
ITEM007172,ORD003909,P002,1,3999
ITEM007173,ORD003909,P006,1,2999
ITEM007174,ORD003910,P008,1,1799
ITEM007175,ORD003910,P005,1,699
ITEM007176,ORD003910,P006,1,2999
ITEM007177,ORD003911,P001,1,2499
ITEM007178,ORD003911,P008,1,1799
ITEM007179,ORD003912,P007,1,999
ITEM007180,ORD003912,P003,1,1299
ITEM007181,ORD003913,P005,1,699
ITEM007182,ORD003913,P002,1,3999
ITEM007183,ORD003913,P010,1,899
ITEM007184,ORD003914,P001,1,2499
ITEM007185,ORD003914,P004,1,499
ITEM007186,ORD003915,P008,1,1799
ITEM007187,ORD003916,P006,1,2999
ITEM007188,ORD003916,P003,1,1299
ITEM007189,ORD003917,P008,1,1799
ITEM007190,ORD003918,P004,1,499
ITEM007191,ORD003919,P006,1,2999
ITEM007192,ORD003920,P007,1,999
ITEM007193,ORD003920,P010,1,899
ITEM007194,ORD003921,P004,1,499
ITEM007195,ORD003921,P001,1,2499
ITEM007196,ORD003922,P001,1,2499
ITEM007197,ORD003923,P003,1,1299
ITEM007198,ORD003924,P004,1,499
ITEM007199,ORD003924,P009,1,1499
ITEM007200,ORD003925,P006,1,2999
ITEM007201,ORD003926,P004,1,499
ITEM007202,ORD003926,P007,1,999
ITEM007203,ORD003927,P010,1,899
ITEM007204,ORD003928,P001,1,2499
ITEM007205,ORD003928,P005,1,699
ITEM007206,ORD003929,P001,1,2499
ITEM007207,ORD003929,P004,1,499
ITEM007208,ORD003930,P001,1,2499
ITEM007209,ORD003930,P009,1,1499
ITEM007210,ORD003930,P007,1,999
ITEM007211,ORD003931,P001,1,2499
ITEM007212,ORD003931,P002,1,3999
ITEM007213,ORD003932,P005,1,699
ITEM007214,ORD003932,P008,1,1799
ITEM007215,ORD003933,P001,1,2499
ITEM007216,ORD003934,P005,1,699
ITEM007217,ORD003934,P007,1,999
ITEM007218,ORD003935,P005,1,699
ITEM007219,ORD003935,P001,1,2499
ITEM007220,ORD003936,P001,1,2499
ITEM007221,ORD003936,P007,1,999
ITEM007222,ORD003937,P006,1,2999
ITEM007223,ORD003938,P001,1,2499
ITEM007224,ORD003938,P005,1,699
ITEM007225,ORD003939,P006,1,2999
ITEM007226,ORD003939,P007,1,999
ITEM007227,ORD003940,P004,1,499
ITEM007228,ORD003940,P005,1,699
ITEM007229,ORD003941,P010,1,899
ITEM007230,ORD003941,P004,1,499
ITEM007231,ORD003942,P001,1,2499
ITEM007232,ORD003942,P004,1,499
ITEM007233,ORD003943,P001,1,2499
ITEM007234,ORD003943,P004,1,499
ITEM007235,ORD003944,P005,1,699
ITEM007236,ORD003944,P008,1,1799
ITEM007237,ORD003944,P007,1,999
ITEM007238,ORD003945,P002,1,3999
ITEM007239,ORD003946,P001,1,2499
ITEM007240,ORD003947,P008,1,1799
ITEM007241,ORD003947,P001,1,2499
ITEM007242,ORD003947,P002,1,3999
ITEM007243,ORD003948,P005,1,699
ITEM007244,ORD003949,P006,1,2999
ITEM007245,ORD003949,P002,1,3999
ITEM007246,ORD003950,P001,1,2499
ITEM007247,ORD003950,P004,1,499
ITEM007248,ORD003951,P001,1,2499
ITEM007249,ORD003952,P008,1,1799
ITEM007250,ORD003953,P005,1,699
ITEM007251,ORD003954,P003,1,1299
ITEM007252,ORD003954,P007,1,999
ITEM007253,ORD003955,P010,1,899
ITEM007254,ORD003955,P008,1,1799
ITEM007255,ORD003956,P002,1,3999
ITEM007256,ORD003957,P001,1,2499
ITEM007257,ORD003958,P005,1,699
ITEM007258,ORD003958,P001,1,2499
ITEM007259,ORD003959,P006,1,2999
ITEM007260,ORD003959,P009,1,1499
ITEM007261,ORD003960,P007,1,999
ITEM007262,ORD003960,P009,1,1499
ITEM007263,ORD003960,P005,1,699
ITEM007264,ORD003961,P001,1,2499
ITEM007265,ORD003961,P010,1,899
ITEM007266,ORD003961,P004,1,499
ITEM007267,ORD003962,P001,1,2499
ITEM007268,ORD003962,P005,1,699
ITEM007269,ORD003962,P004,1,499
ITEM007270,ORD003963,P009,1,1499
ITEM007271,ORD003963,P001,1,2499
ITEM007272,ORD003963,P006,1,2999
ITEM007273,ORD003964,P008,1,1799
ITEM007274,ORD003964,P006,1,2999
ITEM007275,ORD003965,P001,1,2499
ITEM007276,ORD003965,P002,1,3999
ITEM007277,ORD003966,P006,1,2999
ITEM007278,ORD003966,P001,1,2499
ITEM007279,ORD003967,P008,1,1799
ITEM007280,ORD003967,P009,1,1499
ITEM007281,ORD003967,P006,1,2999
ITEM007282,ORD003968,P010,1,899
ITEM007283,ORD003969,P010,1,899
ITEM007284,ORD003969,P004,1,499
ITEM007285,ORD003970,P007,1,999
ITEM007286,ORD003971,P003,1,1299
ITEM007287,ORD003971,P004,1,499
ITEM007288,ORD003972,P001,1,2499
ITEM007289,ORD003973,P001,1,2499
ITEM007290,ORD003973,P005,1,699
ITEM007291,ORD003974,P005,1,699
ITEM007292,ORD003974,P007,1,999
ITEM007293,ORD003975,P007,1,999
ITEM007294,ORD003976,P001,1,2499
ITEM007295,ORD003977,P002,1,3999
ITEM007296,ORD003978,P009,1,1499
ITEM007297,ORD003979,P004,1,499
ITEM007298,ORD003979,P001,1,2499
ITEM007299,ORD003980,P010,1,899
ITEM007300,ORD003980,P004,1,499
ITEM007301,ORD003980,P008,1,1799
ITEM007302,ORD003981,P001,1,2499
ITEM007303,ORD003981,P010,1,899
ITEM007304,ORD003982,P001,1,2499
ITEM007305,ORD003982,P004,1,499
ITEM007306,ORD003983,P009,1,1499
ITEM007307,ORD003983,P001,1,2499
ITEM007308,ORD003983,P008,1,1799
ITEM007309,ORD003984,P001,1,2499
ITEM007310,ORD003985,P005,1,699
ITEM007311,ORD003985,P004,1,499
ITEM007312,ORD003985,P003,1,1299
ITEM007313,ORD003986,P001,1,2499
ITEM007314,ORD003986,P004,1,499
ITEM007315,ORD003987,P004,1,499
ITEM007316,ORD003987,P007,1,999
ITEM007317,ORD003988,P010,1,899
ITEM007318,ORD003988,P006,1,2999
ITEM007319,ORD003989,P002,1,3999
ITEM007320,ORD003990,P001,1,2499
ITEM007321,ORD003990,P003,1,1299
ITEM007322,ORD003991,P010,1,899
ITEM007323,ORD003991,P006,1,2999
ITEM007324,ORD003991,P009,1,1499
ITEM007325,ORD003992,P009,1,1499
ITEM007326,ORD003992,P002,1,3999
ITEM007327,ORD003993,P008,1,1799
ITEM007328,ORD003993,P004,1,499
ITEM007329,ORD003994,P001,1,2499
ITEM007330,ORD003995,P005,1,699
ITEM007331,ORD003996,P009,1,1499
ITEM007332,ORD003996,P008,1,1799
ITEM007333,ORD003997,P004,1,499
ITEM007334,ORD003998,P002,1,3999
ITEM007335,ORD003999,P003,1,1299
ITEM007336,ORD004000,P005,1,699
ITEM007337,ORD004001,P002,1,3999
ITEM007338,ORD004002,P002,1,3999
ITEM007339,ORD004002,P008,1,1799
ITEM007340,ORD004003,P009,1,1499
ITEM007341,ORD004003,P003,1,1299
ITEM007342,ORD004003,P007,1,999
ITEM007343,ORD004004,P009,1,1499
ITEM007344,ORD004004,P002,1,3999
ITEM007345,ORD004005,P003,1,1299
ITEM007346,ORD004005,P010,1,899
ITEM007347,ORD004006,P001,1,2499
ITEM007348,ORD004007,P001,1,2499
ITEM007349,ORD004007,P009,1,1499
ITEM007350,ORD004008,P006,1,2999
ITEM007351,ORD004008,P007,1,999
ITEM007352,ORD004008,P001,1,2499
ITEM007353,ORD004009,P006,1,2999
ITEM007354,ORD004009,P002,1,3999
ITEM007355,ORD004010,P001,1,2499
ITEM007356,ORD004011,P006,1,2999
ITEM007357,ORD004012,P005,1,699
ITEM007358,ORD004012,P002,1,3999
ITEM007359,ORD004013,P002,1,3999
ITEM007360,ORD004014,P001,1,2499
ITEM007361,ORD004015,P007,1,999
ITEM007362,ORD004016,P008,1,1799
ITEM007363,ORD004017,P005,1,699
ITEM007364,ORD004018,P004,1,499
ITEM007365,ORD004018,P005,1,699
ITEM007366,ORD004018,P002,1,3999
ITEM007367,ORD004019,P005,1,699
ITEM007368,ORD004019,P007,1,999
ITEM007369,ORD004019,P004,1,499
ITEM007370,ORD004020,P001,1,2499
ITEM007371,ORD004021,P006,1,2999
ITEM007372,ORD004022,P003,1,1299
ITEM007373,ORD004022,P009,1,1499
ITEM007374,ORD004022,P001,1,2499
ITEM007375,ORD004023,P004,1,499
ITEM007376,ORD004024,P004,1,499
ITEM007377,ORD004024,P009,1,1499
ITEM007378,ORD004025,P001,1,2499
ITEM007379,ORD004026,P001,1,2499
ITEM007380,ORD004026,P005,1,699
ITEM007381,ORD004027,P001,1,2499
ITEM007382,ORD004027,P005,1,699
ITEM007383,ORD004028,P002,1,3999
ITEM007384,ORD004028,P007,1,999
ITEM007385,ORD004029,P001,1,2499
ITEM007386,ORD004029,P009,1,1499
ITEM007387,ORD004030,P007,1,999
ITEM007388,ORD004030,P001,1,2499
ITEM007389,ORD004031,P004,1,499
ITEM007390,ORD004031,P010,1,899
ITEM007391,ORD004032,P004,1,499
ITEM007392,ORD004032,P008,1,1799
ITEM007393,ORD004033,P007,1,999
ITEM007394,ORD004034,P001,1,2499
ITEM007395,ORD004035,P006,1,2999
ITEM007396,ORD004035,P002,1,3999
ITEM007397,ORD004035,P004,1,499
ITEM007398,ORD004036,P005,1,699
ITEM007399,ORD004037,P009,1,1499
ITEM007400,ORD004037,P005,1,699
ITEM007401,ORD004038,P001,1,2499
ITEM007402,ORD004038,P003,1,1299
ITEM007403,ORD004039,P009,1,1499
ITEM007404,ORD004039,P002,1,3999
ITEM007405,ORD004040,P010,1,899
ITEM007406,ORD004041,P004,1,499
ITEM007407,ORD004041,P003,1,1299
ITEM007408,ORD004042,P008,1,1799
ITEM007409,ORD004043,P001,1,2499
ITEM007410,ORD004044,P001,1,2499
ITEM007411,ORD004044,P004,1,499
ITEM007412,ORD004044,P009,1,1499
ITEM007413,ORD004045,P004,1,499
ITEM007414,ORD004045,P008,1,1799
ITEM007415,ORD004046,P001,1,2499
ITEM007416,ORD004047,P004,1,499
ITEM007417,ORD004047,P002,1,3999
ITEM007418,ORD004048,P008,1,1799
ITEM007419,ORD004048,P007,1,999
ITEM007420,ORD004049,P001,1,2499
ITEM007421,ORD004049,P005,1,699
ITEM007422,ORD004050,P008,1,1799
ITEM007423,ORD004050,P006,1,2999
ITEM007424,ORD004051,P009,1,1499
ITEM007425,ORD004052,P010,1,899
ITEM007426,ORD004052,P009,1,1499
ITEM007427,ORD004052,P001,1,2499
ITEM007428,ORD004053,P001,1,2499
ITEM007429,ORD004053,P006,1,2999
ITEM007430,ORD004054,P004,1,499
ITEM007431,ORD004054,P009,1,1499
ITEM007432,ORD004055,P009,1,1499
ITEM007433,ORD004056,P004,1,499
ITEM007434,ORD004057,P009,1,1499
ITEM007435,ORD004057,P010,1,899
ITEM007436,ORD004058,P001,1,2499
ITEM007437,ORD004058,P004,1,499
ITEM007438,ORD004059,P009,1,1499
ITEM007439,ORD004059,P001,1,2499
ITEM007440,ORD004060,P003,1,1299
ITEM007441,ORD004060,P004,1,499
ITEM007442,ORD004061,P001,1,2499
ITEM007443,ORD004062,P001,1,2499
ITEM007444,ORD004062,P003,1,1299
ITEM007445,ORD004063,P001,1,2499
ITEM007446,ORD004064,P006,1,2999
ITEM007447,ORD004064,P007,1,999
ITEM007448,ORD004065,P001,1,2499
ITEM007449,ORD004065,P008,1,1799
ITEM007450,ORD004066,P003,1,1299
ITEM007451,ORD004067,P001,1,2499
ITEM007452,ORD004067,P002,1,3999
ITEM007453,ORD004067,P005,1,699
ITEM007454,ORD004068,P005,1,699
ITEM007455,ORD004068,P008,1,1799
ITEM007456,ORD004069,P010,1,899
ITEM007457,ORD004070,P008,1,1799
ITEM007458,ORD004070,P004,1,499
ITEM007459,ORD004071,P002,1,3999
ITEM007460,ORD004072,P001,1,2499
ITEM007461,ORD004072,P004,1,499
ITEM007462,ORD004073,P001,1,2499
ITEM007463,ORD004073,P007,1,999
ITEM007464,ORD004074,P001,1,2499
ITEM007465,ORD004074,P008,1,1799
ITEM007466,ORD004075,P007,1,999
ITEM007467,ORD004075,P004,1,499
ITEM007468,ORD004076,P001,1,2499
ITEM007469,ORD004077,P010,1,899
ITEM007470,ORD004078,P004,1,499
ITEM007471,ORD004078,P006,1,2999
ITEM007472,ORD004079,P007,1,999
ITEM007473,ORD004080,P010,1,899
ITEM007474,ORD004080,P003,1,1299
ITEM007475,ORD004081,P002,1,3999
ITEM007476,ORD004081,P007,1,999
ITEM007477,ORD004082,P001,1,2499
ITEM007478,ORD004082,P008,1,1799
ITEM007479,ORD004083,P003,1,1299
ITEM007480,ORD004084,P001,1,2499
ITEM007481,ORD004084,P007,1,999
ITEM007482,ORD004084,P008,1,1799
ITEM007483,ORD004085,P004,1,499
ITEM007484,ORD004085,P007,1,999
ITEM007485,ORD004085,P001,1,2499
ITEM007486,ORD004086,P003,1,1299
ITEM007487,ORD004087,P006,1,2999
ITEM007488,ORD004087,P004,1,499
ITEM007489,ORD004087,P003,1,1299
ITEM007490,ORD004088,P007,1,999
ITEM007491,ORD004089,P001,1,2499
ITEM007492,ORD004090,P010,1,899
ITEM007493,ORD004090,P004,1,499
ITEM007494,ORD004091,P001,1,2499
ITEM007495,ORD004091,P005,1,699
ITEM007496,ORD004092,P003,1,1299
ITEM007497,ORD004092,P004,1,499
ITEM007498,ORD004092,P007,1,999
ITEM007499,ORD004093,P010,1,899
ITEM007500,ORD004094,P004,1,499
ITEM007501,ORD004094,P007,1,999
ITEM007502,ORD004094,P008,1,1799
ITEM007503,ORD004095,P003,1,1299
ITEM007504,ORD004095,P004,1,499
ITEM007505,ORD004096,P001,1,2499
ITEM007506,ORD004096,P009,1,1499
ITEM007507,ORD004097,P001,1,2499
ITEM007508,ORD004098,P003,1,1299
ITEM007509,ORD004099,P010,1,899
ITEM007510,ORD004099,P009,1,1499
ITEM007511,ORD004099,P007,1,999
ITEM007512,ORD004100,P001,1,2499
ITEM007513,ORD004101,P003,1,1299
ITEM007514,ORD004102,P007,1,999
ITEM007515,ORD004102,P002,1,3999
ITEM007516,ORD004103,P006,1,2999
ITEM007517,ORD004103,P001,1,2499
ITEM007518,ORD004104,P009,1,1499
ITEM007519,ORD004104,P001,1,2499
ITEM007520,ORD004104,P010,1,899
ITEM007521,ORD004105,P008,1,1799
ITEM007522,ORD004105,P005,1,699
ITEM007523,ORD004105,P009,1,1499
ITEM007524,ORD004106,P004,1,499
ITEM007525,ORD004106,P010,1,899
ITEM007526,ORD004106,P005,1,699
ITEM007527,ORD004107,P008,1,1799
ITEM007528,ORD004108,P006,1,2999
ITEM007529,ORD004109,P002,1,3999
ITEM007530,ORD004109,P010,1,899
ITEM007531,ORD004110,P002,1,3999
ITEM007532,ORD004110,P001,1,2499
ITEM007533,ORD004111,P001,1,2499
ITEM007534,ORD004112,P007,1,999
ITEM007535,ORD004112,P003,1,1299
ITEM007536,ORD004113,P001,1,2499
ITEM007537,ORD004113,P005,1,699
ITEM007538,ORD004114,P003,1,1299
ITEM007539,ORD004114,P002,1,3999
ITEM007540,ORD004115,P001,1,2499
ITEM007541,ORD004115,P005,1,699
ITEM007542,ORD004116,P006,1,2999
ITEM007543,ORD004117,P007,1,999
ITEM007544,ORD004117,P010,1,899
ITEM007545,ORD004117,P004,1,499
ITEM007546,ORD004118,P007,1,999
ITEM007547,ORD004119,P004,1,499
ITEM007548,ORD004119,P002,1,3999
ITEM007549,ORD004120,P009,1,1499
ITEM007550,ORD004120,P006,1,2999
ITEM007551,ORD004120,P010,1,899
ITEM007552,ORD004121,P007,1,999
ITEM007553,ORD004121,P010,1,899
ITEM007554,ORD004121,P009,1,1499
ITEM007555,ORD004122,P005,1,699
ITEM007556,ORD004122,P010,1,899
ITEM007557,ORD004123,P001,1,2499
ITEM007558,ORD004123,P009,1,1499
ITEM007559,ORD004124,P010,1,899
ITEM007560,ORD004125,P006,1,2999
ITEM007561,ORD004126,P010,1,899
ITEM007562,ORD004126,P004,1,499
ITEM007563,ORD004126,P005,1,699
ITEM007564,ORD004127,P008,1,1799
ITEM007565,ORD004128,P001,1,2499
ITEM007566,ORD004128,P004,1,499
ITEM007567,ORD004129,P001,1,2499
ITEM007568,ORD004129,P004,1,499
ITEM007569,ORD004130,P009,1,1499
ITEM007570,ORD004130,P006,1,2999
ITEM007571,ORD004130,P007,1,999
ITEM007572,ORD004131,P010,1,899
ITEM007573,ORD004132,P001,1,2499
ITEM007574,ORD004132,P005,1,699
ITEM007575,ORD004133,P006,1,2999
ITEM007576,ORD004134,P004,1,499
ITEM007577,ORD004135,P001,1,2499
ITEM007578,ORD004135,P003,1,1299
ITEM007579,ORD004136,P004,1,499
ITEM007580,ORD004136,P001,1,2499
ITEM007581,ORD004137,P001,1,2499
ITEM007582,ORD004138,P006,1,2999
ITEM007583,ORD004138,P002,1,3999
ITEM007584,ORD004139,P002,1,3999
ITEM007585,ORD004139,P001,1,2499
ITEM007586,ORD004139,P010,1,899
ITEM007587,ORD004140,P002,1,3999
ITEM007588,ORD004141,P001,1,2499
ITEM007589,ORD004142,P001,1,2499
ITEM007590,ORD004142,P003,1,1299
ITEM007591,ORD004142,P008,1,1799
ITEM007592,ORD004143,P010,1,899
ITEM007593,ORD004143,P003,1,1299
ITEM007594,ORD004143,P006,1,2999
ITEM007595,ORD004144,P001,1,2499
ITEM007596,ORD004145,P001,1,2499
ITEM007597,ORD004145,P009,1,1499
ITEM007598,ORD004146,P002,1,3999
ITEM007599,ORD004147,P003,1,1299
ITEM007600,ORD004148,P004,1,499
ITEM007601,ORD004149,P009,1,1499
ITEM007602,ORD004149,P006,1,2999
ITEM007603,ORD004149,P008,1,1799
ITEM007604,ORD004150,P010,1,899
ITEM007605,ORD004151,P006,1,2999
ITEM007606,ORD004151,P003,1,1299
ITEM007607,ORD004152,P006,1,2999
ITEM007608,ORD004153,P010,1,899
ITEM007609,ORD004153,P001,1,2499
ITEM007610,ORD004154,P009,1,1499
ITEM007611,ORD004154,P010,1,899
ITEM007612,ORD004154,P005,1,699
ITEM007613,ORD004155,P007,1,999
ITEM007614,ORD004155,P001,1,2499
ITEM007615,ORD004155,P006,1,2999
ITEM007616,ORD004156,P010,1,899
ITEM007617,ORD004156,P001,1,2499
ITEM007618,ORD004157,P001,1,2499
ITEM007619,ORD004157,P002,1,3999
ITEM007620,ORD004158,P004,1,499
ITEM007621,ORD004158,P008,1,1799
ITEM007622,ORD004159,P006,1,2999
ITEM007623,ORD004160,P001,1,2499
ITEM007624,ORD004160,P010,1,899
ITEM007625,ORD004160,P002,1,3999
ITEM007626,ORD004161,P001,1,2499
ITEM007627,ORD004161,P009,1,1499
ITEM007628,ORD004161,P005,1,699
ITEM007629,ORD004162,P005,1,699
ITEM007630,ORD004163,P006,1,2999
ITEM007631,ORD004163,P005,1,699
ITEM007632,ORD004164,P002,1,3999
ITEM007633,ORD004165,P001,1,2499
ITEM007634,ORD004165,P004,1,499
ITEM007635,ORD004166,P008,1,1799
ITEM007636,ORD004167,P007,1,999
ITEM007637,ORD004168,P001,1,2499
ITEM007638,ORD004169,P002,1,3999
ITEM007639,ORD004170,P004,1,499
ITEM007640,ORD004170,P005,1,699
ITEM007641,ORD004171,P002,1,3999
ITEM007642,ORD004172,P007,1,999
ITEM007643,ORD004172,P008,1,1799
ITEM007644,ORD004173,P004,1,499
ITEM007645,ORD004174,P007,1,999
ITEM007646,ORD004174,P006,1,2999
ITEM007647,ORD004175,P002,1,3999
ITEM007648,ORD004175,P007,1,999
ITEM007649,ORD004176,P004,1,499
ITEM007650,ORD004176,P003,1,1299
ITEM007651,ORD004177,P001,1,2499
ITEM007652,ORD004177,P007,1,999
ITEM007653,ORD004178,P003,1,1299
ITEM007654,ORD004179,P007,1,999
ITEM007655,ORD004179,P005,1,699
ITEM007656,ORD004179,P008,1,1799
ITEM007657,ORD004180,P001,1,2499
ITEM007658,ORD004180,P003,1,1299
ITEM007659,ORD004180,P002,1,3999
ITEM007660,ORD004181,P001,1,2499
ITEM007661,ORD004181,P007,1,999
ITEM007662,ORD004181,P010,1,899
ITEM007663,ORD004182,P008,1,1799
ITEM007664,ORD004182,P006,1,2999
ITEM007665,ORD004183,P007,1,999
ITEM007666,ORD004184,P009,1,1499
ITEM007667,ORD004184,P002,1,3999
ITEM007668,ORD004185,P002,1,3999
ITEM007669,ORD004185,P008,1,1799
ITEM007670,ORD004186,P005,1,699
ITEM007671,ORD004187,P006,1,2999
ITEM007672,ORD004187,P003,1,1299
ITEM007673,ORD004188,P001,1,2499
ITEM007674,ORD004188,P003,1,1299
ITEM007675,ORD004189,P006,1,2999
ITEM007676,ORD004189,P004,1,499
ITEM007677,ORD004190,P001,1,2499
ITEM007678,ORD004190,P007,1,999
ITEM007679,ORD004190,P010,1,899
ITEM007680,ORD004191,P005,1,699
ITEM007681,ORD004191,P003,1,1299
ITEM007682,ORD004192,P003,1,1299
ITEM007683,ORD004192,P008,1,1799
ITEM007684,ORD004192,P007,1,999
ITEM007685,ORD004193,P005,1,699
ITEM007686,ORD004193,P010,1,899
ITEM007687,ORD004193,P009,1,1499
ITEM007688,ORD004194,P002,1,3999
ITEM007689,ORD004194,P005,1,699
ITEM007690,ORD004194,P001,1,2499
ITEM007691,ORD004195,P001,1,2499
ITEM007692,ORD004195,P007,1,999
ITEM007693,ORD004196,P009,1,1499
ITEM007694,ORD004197,P001,1,2499
ITEM007695,ORD004197,P006,1,2999
ITEM007696,ORD004198,P001,1,2499
ITEM007697,ORD004198,P005,1,699
ITEM007698,ORD004199,P007,1,999
ITEM007699,ORD004199,P008,1,1799
ITEM007700,ORD004200,P001,1,2499
ITEM007701,ORD004200,P003,1,1299
ITEM007702,ORD004200,P004,1,499
ITEM007703,ORD004201,P001,1,2499
ITEM007704,ORD004202,P007,1,999
ITEM007705,ORD004202,P003,1,1299
ITEM007706,ORD004203,P003,1,1299
ITEM007707,ORD004203,P001,1,2499
ITEM007708,ORD004204,P006,1,2999
ITEM007709,ORD004205,P001,1,2499
ITEM007710,ORD004205,P002,1,3999
ITEM007711,ORD004205,P007,1,999
ITEM007712,ORD004206,P010,1,899
ITEM007713,ORD004207,P002,1,3999
ITEM007714,ORD004207,P009,1,1499
ITEM007715,ORD004208,P003,1,1299
ITEM007716,ORD004209,P001,1,2499
ITEM007717,ORD004210,P001,1,2499
ITEM007718,ORD004210,P007,1,999
ITEM007719,ORD004211,P006,1,2999
ITEM007720,ORD004211,P009,1,1499
ITEM007721,ORD004211,P004,1,499
ITEM007722,ORD004212,P007,1,999
ITEM007723,ORD004212,P005,1,699
ITEM007724,ORD004213,P004,1,499
ITEM007725,ORD004213,P003,1,1299
ITEM007726,ORD004214,P002,1,3999
ITEM007727,ORD004215,P001,1,2499
ITEM007728,ORD004215,P007,1,999
ITEM007729,ORD004216,P007,1,999
ITEM007730,ORD004217,P001,1,2499
ITEM007731,ORD004217,P002,1,3999
ITEM007732,ORD004218,P001,1,2499
ITEM007733,ORD004219,P004,1,499
ITEM007734,ORD004220,P007,1,999
ITEM007735,ORD004220,P003,1,1299
ITEM007736,ORD004221,P009,1,1499
ITEM007737,ORD004221,P005,1,699
ITEM007738,ORD004222,P009,1,1499
ITEM007739,ORD004223,P008,1,1799
ITEM007740,ORD004223,P006,1,2999
ITEM007741,ORD004224,P001,1,2499
ITEM007742,ORD004224,P008,1,1799
ITEM007743,ORD004224,P010,1,899
ITEM007744,ORD004225,P001,1,2499
ITEM007745,ORD004226,P004,1,499
ITEM007746,ORD004226,P002,1,3999
ITEM007747,ORD004227,P008,1,1799
ITEM007748,ORD004227,P009,1,1499
ITEM007749,ORD004228,P002,1,3999
ITEM007750,ORD004228,P008,1,1799
ITEM007751,ORD004229,P010,1,899
ITEM007752,ORD004229,P006,1,2999
ITEM007753,ORD004230,P005,1,699
ITEM007754,ORD004231,P001,1,2499
ITEM007755,ORD004231,P004,1,499
ITEM007756,ORD004232,P008,1,1799
ITEM007757,ORD004233,P004,1,499
ITEM007758,ORD004234,P002,1,3999
ITEM007759,ORD004234,P007,1,999
ITEM007760,ORD004234,P003,1,1299
ITEM007761,ORD004235,P001,1,2499
ITEM007762,ORD004236,P007,1,999
ITEM007763,ORD004236,P002,1,3999
ITEM007764,ORD004237,P001,1,2499
ITEM007765,ORD004238,P005,1,699
ITEM007766,ORD004238,P006,1,2999
ITEM007767,ORD004239,P001,1,2499
ITEM007768,ORD004240,P001,1,2499
ITEM007769,ORD004241,P009,1,1499
ITEM007770,ORD004241,P010,1,899
ITEM007771,ORD004242,P001,1,2499
ITEM007772,ORD004242,P006,1,2999
ITEM007773,ORD004242,P010,1,899
ITEM007774,ORD004243,P001,1,2499
ITEM007775,ORD004244,P007,1,999
ITEM007776,ORD004244,P009,1,1499
ITEM007777,ORD004245,P001,1,2499
ITEM007778,ORD004245,P007,1,999
ITEM007779,ORD004245,P008,1,1799
ITEM007780,ORD004246,P002,1,3999
ITEM007781,ORD004247,P001,1,2499
ITEM007782,ORD004247,P006,1,2999
ITEM007783,ORD004247,P004,1,499
ITEM007784,ORD004248,P002,1,3999
ITEM007785,ORD004248,P007,1,999
ITEM007786,ORD004249,P003,1,1299
ITEM007787,ORD004250,P002,1,3999
ITEM007788,ORD004251,P004,1,499
ITEM007789,ORD004251,P010,1,899
ITEM007790,ORD004252,P005,1,699
ITEM007791,ORD004252,P001,1,2499
ITEM007792,ORD004252,P009,1,1499
ITEM007793,ORD004253,P010,1,899
ITEM007794,ORD004253,P005,1,699
ITEM007795,ORD004254,P001,1,2499
ITEM007796,ORD004254,P007,1,999
ITEM007797,ORD004255,P002,1,3999
ITEM007798,ORD004256,P001,1,2499
ITEM007799,ORD004257,P002,1,3999
ITEM007800,ORD004257,P006,1,2999
ITEM007801,ORD004257,P001,1,2499
ITEM007802,ORD004258,P006,1,2999
ITEM007803,ORD004258,P002,1,3999
ITEM007804,ORD004258,P004,1,499
ITEM007805,ORD004259,P001,1,2499
ITEM007806,ORD004260,P010,1,899
ITEM007807,ORD004261,P009,1,1499
ITEM007808,ORD004261,P010,1,899
ITEM007809,ORD004262,P001,1,2499
ITEM007810,ORD004262,P007,1,999
ITEM007811,ORD004263,P001,1,2499
ITEM007812,ORD004263,P004,1,499
ITEM007813,ORD004263,P007,1,999
ITEM007814,ORD004264,P001,1,2499
ITEM007815,ORD004265,P001,1,2499
ITEM007816,ORD004265,P005,1,699
ITEM007817,ORD004266,P006,1,2999
ITEM007818,ORD004266,P003,1,1299
ITEM007819,ORD004267,P009,1,1499
ITEM007820,ORD004267,P002,1,3999
ITEM007821,ORD004267,P004,1,499
ITEM007822,ORD004268,P002,1,3999
ITEM007823,ORD004268,P004,1,499
ITEM007824,ORD004269,P001,1,2499
ITEM007825,ORD004269,P002,1,3999
ITEM007826,ORD004269,P003,1,1299
ITEM007827,ORD004270,P001,1,2499
ITEM007828,ORD004270,P008,1,1799
ITEM007829,ORD004271,P008,1,1799
ITEM007830,ORD004272,P001,1,2499
ITEM007831,ORD004272,P008,1,1799
ITEM007832,ORD004273,P003,1,1299
ITEM007833,ORD004273,P008,1,1799
ITEM007834,ORD004274,P010,1,899
ITEM007835,ORD004275,P010,1,899
ITEM007836,ORD004275,P002,1,3999
ITEM007837,ORD004276,P008,1,1799
ITEM007838,ORD004277,P007,1,999
ITEM007839,ORD004277,P008,1,1799
ITEM007840,ORD004278,P001,1,2499
ITEM007841,ORD004279,P009,1,1499
ITEM007842,ORD004280,P002,1,3999
ITEM007843,ORD004280,P004,1,499
ITEM007844,ORD004280,P005,1,699
ITEM007845,ORD004281,P009,1,1499
ITEM007846,ORD004281,P003,1,1299
ITEM007847,ORD004282,P001,1,2499
ITEM007848,ORD004283,P004,1,499
ITEM007849,ORD004283,P001,1,2499
ITEM007850,ORD004284,P001,1,2499
ITEM007851,ORD004284,P010,1,899
ITEM007852,ORD004285,P007,1,999
ITEM007853,ORD004285,P003,1,1299
ITEM007854,ORD004285,P008,1,1799
ITEM007855,ORD004286,P004,1,499
ITEM007856,ORD004286,P010,1,899
ITEM007857,ORD004287,P004,1,499
ITEM007858,ORD004288,P002,1,3999
ITEM007859,ORD004288,P006,1,2999
ITEM007860,ORD004289,P001,1,2499
ITEM007861,ORD004290,P001,1,2499
ITEM007862,ORD004290,P009,1,1499
ITEM007863,ORD004290,P003,1,1299
ITEM007864,ORD004291,P001,1,2499
ITEM007865,ORD004291,P005,1,699
ITEM007866,ORD004291,P006,1,2999
ITEM007867,ORD004292,P010,1,899
ITEM007868,ORD004292,P005,1,699
ITEM007869,ORD004292,P007,1,999
ITEM007870,ORD004293,P005,1,699
ITEM007871,ORD004293,P008,1,1799
ITEM007872,ORD004294,P002,1,3999
ITEM007873,ORD004294,P008,1,1799
ITEM007874,ORD004295,P001,1,2499
ITEM007875,ORD004295,P002,1,3999
ITEM007876,ORD004296,P010,1,899
ITEM007877,ORD004296,P005,1,699
ITEM007878,ORD004297,P006,1,2999
ITEM007879,ORD004297,P002,1,3999
ITEM007880,ORD004298,P001,1,2499
ITEM007881,ORD004298,P004,1,499
ITEM007882,ORD004299,P010,1,899
ITEM007883,ORD004300,P010,1,899
ITEM007884,ORD004301,P003,1,1299
ITEM007885,ORD004301,P007,1,999
ITEM007886,ORD004302,P005,1,699
ITEM007887,ORD004302,P004,1,499
ITEM007888,ORD004302,P010,1,899
ITEM007889,ORD004303,P009,1,1499
ITEM007890,ORD004304,P006,1,2999
ITEM007891,ORD004305,P010,1,899
ITEM007892,ORD004305,P005,1,699
ITEM007893,ORD004306,P006,1,2999
ITEM007894,ORD004306,P002,1,3999
ITEM007895,ORD004307,P008,1,1799
ITEM007896,ORD004307,P003,1,1299
ITEM007897,ORD004308,P009,1,1499
ITEM007898,ORD004308,P005,1,699
ITEM007899,ORD004309,P006,1,2999
ITEM007900,ORD004309,P005,1,699
ITEM007901,ORD004310,P009,1,1499
ITEM007902,ORD004310,P001,1,2499
ITEM007903,ORD004311,P006,1,2999
ITEM007904,ORD004311,P005,1,699
ITEM007905,ORD004312,P005,1,699
ITEM007906,ORD004313,P001,1,2499
ITEM007907,ORD004314,P008,1,1799
ITEM007908,ORD004315,P001,1,2499
ITEM007909,ORD004316,P006,1,2999
ITEM007910,ORD004316,P003,1,1299
ITEM007911,ORD004316,P004,1,499
ITEM007912,ORD004317,P001,1,2499
ITEM007913,ORD004317,P002,1,3999
ITEM007914,ORD004318,P006,1,2999
ITEM007915,ORD004318,P001,1,2499
ITEM007916,ORD004319,P001,1,2499
ITEM007917,ORD004319,P004,1,499
ITEM007918,ORD004320,P005,1,699
ITEM007919,ORD004320,P008,1,1799
ITEM007920,ORD004321,P001,1,2499
ITEM007921,ORD004321,P007,1,999
ITEM007922,ORD004322,P001,1,2499
ITEM007923,ORD004323,P008,1,1799
ITEM007924,ORD004323,P010,1,899
ITEM007925,ORD004323,P003,1,1299
ITEM007926,ORD004324,P001,1,2499
ITEM007927,ORD004324,P006,1,2999
ITEM007928,ORD004325,P009,1,1499
ITEM007929,ORD004326,P001,1,2499
ITEM007930,ORD004326,P006,1,2999
ITEM007931,ORD004327,P001,1,2499
ITEM007932,ORD004327,P010,1,899
ITEM007933,ORD004327,P008,1,1799
ITEM007934,ORD004328,P005,1,699
ITEM007935,ORD004328,P009,1,1499
ITEM007936,ORD004329,P001,1,2499
ITEM007937,ORD004329,P004,1,499
ITEM007938,ORD004330,P008,1,1799
ITEM007939,ORD004331,P001,1,2499
ITEM007940,ORD004331,P003,1,1299
ITEM007941,ORD004332,P009,1,1499
ITEM007942,ORD004332,P002,1,3999
ITEM007943,ORD004332,P005,1,699
ITEM007944,ORD004333,P001,1,2499
ITEM007945,ORD004333,P009,1,1499
ITEM007946,ORD004334,P007,1,999
ITEM007947,ORD004334,P004,1,499
ITEM007948,ORD004335,P001,1,2499
ITEM007949,ORD004335,P008,1,1799
ITEM007950,ORD004336,P001,1,2499
ITEM007951,ORD004336,P006,1,2999
ITEM007952,ORD004336,P005,1,699
ITEM007953,ORD004337,P005,1,699
ITEM007954,ORD004337,P007,1,999
ITEM007955,ORD004338,P001,1,2499
ITEM007956,ORD004338,P002,1,3999
ITEM007957,ORD004338,P003,1,1299
ITEM007958,ORD004339,P001,1,2499
ITEM007959,ORD004340,P010,1,899
ITEM007960,ORD004340,P006,1,2999
ITEM007961,ORD004341,P005,1,699
ITEM007962,ORD004341,P006,1,2999
ITEM007963,ORD004342,P003,1,1299
ITEM007964,ORD004343,P001,1,2499
ITEM007965,ORD004344,P001,1,2499
ITEM007966,ORD004345,P003,1,1299
ITEM007967,ORD004346,P001,1,2499
ITEM007968,ORD004346,P005,1,699
ITEM007969,ORD004347,P005,1,699
ITEM007970,ORD004348,P005,1,699
ITEM007971,ORD004349,P001,1,2499
ITEM007972,ORD004350,P001,1,2499
ITEM007973,ORD004350,P008,1,1799
ITEM007974,ORD004351,P004,1,499
ITEM007975,ORD004351,P006,1,2999
ITEM007976,ORD004352,P010,1,899
ITEM007977,ORD004352,P006,1,2999
ITEM007978,ORD004353,P001,1,2499
ITEM007979,ORD004353,P004,1,499
ITEM007980,ORD004353,P008,1,1799
ITEM007981,ORD004354,P009,1,1499
ITEM007982,ORD004354,P001,1,2499
ITEM007983,ORD004355,P003,1,1299
ITEM007984,ORD004355,P001,1,2499
ITEM007985,ORD004355,P007,1,999
ITEM007986,ORD004356,P010,1,899
ITEM007987,ORD004356,P001,1,2499
ITEM007988,ORD004357,P007,1,999
ITEM007989,ORD004358,P001,1,2499
ITEM007990,ORD004358,P004,1,499
ITEM007991,ORD004359,P008,1,1799
ITEM007992,ORD004359,P009,1,1499
ITEM007993,ORD004360,P006,1,2999
ITEM007994,ORD004361,P001,1,2499
ITEM007995,ORD004361,P005,1,699
ITEM007996,ORD004361,P008,1,1799
ITEM007997,ORD004362,P001,1,2499
ITEM007998,ORD004363,P005,1,699
ITEM007999,ORD004364,P001,1,2499
ITEM008000,ORD004364,P009,1,1499
ITEM008001,ORD004365,P010,1,899
ITEM008002,ORD004366,P005,1,699
ITEM008003,ORD004366,P002,1,3999
ITEM008004,ORD004367,P004,1,499
ITEM008005,ORD004367,P010,1,899
ITEM008006,ORD004368,P003,1,1299
ITEM008007,ORD004369,P002,1,3999
ITEM008008,ORD004369,P003,1,1299
ITEM008009,ORD004369,P001,1,2499
ITEM008010,ORD004370,P009,1,1499
ITEM008011,ORD004370,P008,1,1799
ITEM008012,ORD004371,P010,1,899
ITEM008013,ORD004371,P002,1,3999
ITEM008014,ORD004371,P007,1,999
ITEM008015,ORD004372,P007,1,999
ITEM008016,ORD004372,P009,1,1499
ITEM008017,ORD004373,P010,1,899
ITEM008018,ORD004373,P004,1,499
ITEM008019,ORD004374,P001,1,2499
ITEM008020,ORD004375,P001,1,2499
ITEM008021,ORD004375,P007,1,999
ITEM008022,ORD004375,P009,1,1499
ITEM008023,ORD004376,P004,1,499
ITEM008024,ORD004376,P006,1,2999
ITEM008025,ORD004377,P002,1,3999
ITEM008026,ORD004377,P004,1,499
ITEM008027,ORD004377,P006,1,2999
ITEM008028,ORD004378,P001,1,2499
ITEM008029,ORD004379,P003,1,1299
ITEM008030,ORD004379,P009,1,1499
ITEM008031,ORD004380,P006,1,2999
ITEM008032,ORD004381,P001,1,2499
ITEM008033,ORD004381,P007,1,999
ITEM008034,ORD004382,P005,1,699
ITEM008035,ORD004383,P002,1,3999
ITEM008036,ORD004384,P007,1,999
ITEM008037,ORD004384,P010,1,899
ITEM008038,ORD004385,P010,1,899
ITEM008039,ORD004385,P007,1,999
ITEM008040,ORD004386,P002,1,3999
ITEM008041,ORD004386,P008,1,1799
ITEM008042,ORD004387,P006,1,2999
ITEM008043,ORD004387,P004,1,499
ITEM008044,ORD004388,P001,1,2499
ITEM008045,ORD004388,P010,1,899
ITEM008046,ORD004389,P001,1,2499
ITEM008047,ORD004390,P008,1,1799
ITEM008048,ORD004390,P007,1,999
ITEM008049,ORD004391,P001,1,2499
ITEM008050,ORD004391,P008,1,1799
ITEM008051,ORD004392,P009,1,1499
ITEM008052,ORD004392,P003,1,1299
ITEM008053,ORD004393,P003,1,1299
ITEM008054,ORD004394,P009,1,1499
ITEM008055,ORD004394,P010,1,899
ITEM008056,ORD004394,P002,1,3999
ITEM008057,ORD004395,P001,1,2499
ITEM008058,ORD004395,P010,1,899
ITEM008059,ORD004395,P009,1,1499
ITEM008060,ORD004396,P001,1,2499
ITEM008061,ORD004397,P001,1,2499
ITEM008062,ORD004397,P008,1,1799
ITEM008063,ORD004398,P008,1,1799
ITEM008064,ORD004399,P001,1,2499
ITEM008065,ORD004399,P009,1,1499
ITEM008066,ORD004400,P004,1,499
ITEM008067,ORD004400,P005,1,699
ITEM008068,ORD004401,P008,1,1799
ITEM008069,ORD004401,P010,1,899
ITEM008070,ORD004402,P001,1,2499
ITEM008071,ORD004402,P003,1,1299
ITEM008072,ORD004403,P009,1,1499
ITEM008073,ORD004403,P002,1,3999
ITEM008074,ORD004404,P007,1,999
ITEM008075,ORD004404,P001,1,2499
ITEM008076,ORD004404,P009,1,1499
ITEM008077,ORD004405,P004,1,499
ITEM008078,ORD004405,P010,1,899
ITEM008079,ORD004406,P001,1,2499
ITEM008080,ORD004406,P006,1,2999
ITEM008081,ORD004407,P002,1,3999
ITEM008082,ORD004408,P001,1,2499
ITEM008083,ORD004408,P004,1,499
ITEM008084,ORD004409,P001,1,2499
ITEM008085,ORD004409,P008,1,1799
ITEM008086,ORD004410,P002,1,3999
ITEM008087,ORD004410,P004,1,499
ITEM008088,ORD004411,P008,1,1799
ITEM008089,ORD004411,P006,1,2999
ITEM008090,ORD004412,P001,1,2499
ITEM008091,ORD004412,P006,1,2999
ITEM008092,ORD004412,P002,1,3999
ITEM008093,ORD004413,P001,1,2499
ITEM008094,ORD004414,P003,1,1299
ITEM008095,ORD004415,P007,1,999
ITEM008096,ORD004415,P006,1,2999
ITEM008097,ORD004416,P009,1,1499
ITEM008098,ORD004416,P001,1,2499
ITEM008099,ORD004417,P009,1,1499
ITEM008100,ORD004417,P001,1,2499
ITEM008101,ORD004417,P010,1,899
ITEM008102,ORD004418,P007,1,999
ITEM008103,ORD004418,P002,1,3999
ITEM008104,ORD004418,P010,1,899
ITEM008105,ORD004419,P006,1,2999
ITEM008106,ORD004419,P010,1,899
ITEM008107,ORD004419,P002,1,3999
ITEM008108,ORD004420,P009,1,1499
ITEM008109,ORD004420,P002,1,3999
ITEM008110,ORD004421,P007,1,999
ITEM008111,ORD004421,P002,1,3999
ITEM008112,ORD004422,P007,1,999
ITEM008113,ORD004422,P008,1,1799
ITEM008114,ORD004422,P009,1,1499
ITEM008115,ORD004423,P001,1,2499
ITEM008116,ORD004423,P003,1,1299
ITEM008117,ORD004423,P009,1,1499
ITEM008118,ORD004424,P001,1,2499
ITEM008119,ORD004424,P002,1,3999
ITEM008120,ORD004424,P006,1,2999
ITEM008121,ORD004425,P002,1,3999
ITEM008122,ORD004425,P009,1,1499
ITEM008123,ORD004426,P005,1,699
ITEM008124,ORD004426,P001,1,2499
ITEM008125,ORD004426,P006,1,2999
ITEM008126,ORD004427,P002,1,3999
ITEM008127,ORD004427,P007,1,999
ITEM008128,ORD004427,P006,1,2999
ITEM008129,ORD004428,P005,1,699
ITEM008130,ORD004429,P010,1,899
ITEM008131,ORD004429,P006,1,2999
ITEM008132,ORD004430,P006,1,2999
ITEM008133,ORD004430,P001,1,2499
ITEM008134,ORD004431,P003,1,1299
ITEM008135,ORD004432,P009,1,1499
ITEM008136,ORD004432,P004,1,499
ITEM008137,ORD004433,P001,1,2499
ITEM008138,ORD004433,P007,1,999
ITEM008139,ORD004433,P003,1,1299
ITEM008140,ORD004434,P006,1,2999
ITEM008141,ORD004435,P010,1,899
ITEM008142,ORD004435,P006,1,2999
ITEM008143,ORD004436,P007,1,999
ITEM008144,ORD004436,P008,1,1799
ITEM008145,ORD004437,P001,1,2499
ITEM008146,ORD004438,P006,1,2999
ITEM008147,ORD004438,P001,1,2499
ITEM008148,ORD004438,P009,1,1499
ITEM008149,ORD004439,P001,1,2499
ITEM008150,ORD004440,P008,1,1799
ITEM008151,ORD004441,P010,1,899
ITEM008152,ORD004442,P001,1,2499
ITEM008153,ORD004442,P008,1,1799
ITEM008154,ORD004443,P009,1,1499
ITEM008155,ORD004443,P003,1,1299
ITEM008156,ORD004444,P008,1,1799
ITEM008157,ORD004445,P003,1,1299
ITEM008158,ORD004445,P005,1,699
ITEM008159,ORD004446,P001,1,2499
ITEM008160,ORD004447,P005,1,699
ITEM008161,ORD004448,P005,1,699
ITEM008162,ORD004449,P009,1,1499
ITEM008163,ORD004450,P001,1,2499
ITEM008164,ORD004451,P005,1,699
ITEM008165,ORD004451,P001,1,2499
ITEM008166,ORD004451,P003,1,1299
ITEM008167,ORD004452,P010,1,899
ITEM008168,ORD004452,P005,1,699
ITEM008169,ORD004452,P009,1,1499
ITEM008170,ORD004453,P001,1,2499
ITEM008171,ORD004454,P003,1,1299
ITEM008172,ORD004454,P001,1,2499
ITEM008173,ORD004455,P001,1,2499
ITEM008174,ORD004455,P008,1,1799
ITEM008175,ORD004456,P005,1,699
ITEM008176,ORD004457,P006,1,2999
ITEM008177,ORD004458,P001,1,2499
ITEM008178,ORD004458,P005,1,699
ITEM008179,ORD004458,P002,1,3999
ITEM008180,ORD004459,P001,1,2499
ITEM008181,ORD004459,P002,1,3999
ITEM008182,ORD004460,P001,1,2499
ITEM008183,ORD004460,P008,1,1799
ITEM008184,ORD004461,P001,1,2499
ITEM008185,ORD004462,P001,1,2499
ITEM008186,ORD004462,P005,1,699
ITEM008187,ORD004463,P003,1,1299
ITEM008188,ORD004463,P007,1,999
ITEM008189,ORD004463,P002,1,3999
ITEM008190,ORD004464,P003,1,1299
ITEM008191,ORD004464,P004,1,499
ITEM008192,ORD004465,P001,1,2499
ITEM008193,ORD004466,P006,1,2999
ITEM008194,ORD004466,P002,1,3999
ITEM008195,ORD004466,P010,1,899
ITEM008196,ORD004467,P002,1,3999
ITEM008197,ORD004467,P003,1,1299
ITEM008198,ORD004468,P004,1,499
ITEM008199,ORD004468,P007,1,999
ITEM008200,ORD004469,P001,1,2499
ITEM008201,ORD004469,P005,1,699
ITEM008202,ORD004470,P001,1,2499
ITEM008203,ORD004470,P008,1,1799
ITEM008204,ORD004471,P003,1,1299
ITEM008205,ORD004471,P008,1,1799
ITEM008206,ORD004472,P001,1,2499
ITEM008207,ORD004472,P010,1,899
ITEM008208,ORD004473,P001,1,2499
ITEM008209,ORD004473,P006,1,2999
ITEM008210,ORD004474,P001,1,2499
ITEM008211,ORD004475,P001,1,2499
ITEM008212,ORD004475,P006,1,2999
ITEM008213,ORD004475,P010,1,899
ITEM008214,ORD004476,P008,1,1799
ITEM008215,ORD004476,P007,1,999
ITEM008216,ORD004477,P005,1,699
ITEM008217,ORD004477,P002,1,3999
ITEM008218,ORD004478,P005,1,699
ITEM008219,ORD004479,P001,1,2499
ITEM008220,ORD004479,P004,1,499
ITEM008221,ORD004479,P005,1,699
ITEM008222,ORD004480,P005,1,699
ITEM008223,ORD004480,P003,1,1299
ITEM008224,ORD004481,P001,1,2499
ITEM008225,ORD004482,P002,1,3999
ITEM008226,ORD004482,P009,1,1499
ITEM008227,ORD004483,P001,1,2499
ITEM008228,ORD004483,P010,1,899
ITEM008229,ORD004483,P002,1,3999
ITEM008230,ORD004484,P001,1,2499
ITEM008231,ORD004485,P002,1,3999
ITEM008232,ORD004486,P006,1,2999
ITEM008233,ORD004487,P004,1,499
ITEM008234,ORD004487,P005,1,699
ITEM008235,ORD004488,P001,1,2499
ITEM008236,ORD004488,P009,1,1499
ITEM008237,ORD004489,P003,1,1299
ITEM008238,ORD004489,P002,1,3999
ITEM008239,ORD004490,P006,1,2999
ITEM008240,ORD004490,P003,1,1299
ITEM008241,ORD004491,P004,1,499
ITEM008242,ORD004491,P001,1,2499
ITEM008243,ORD004492,P003,1,1299
ITEM008244,ORD004492,P001,1,2499
ITEM008245,ORD004492,P004,1,499
ITEM008246,ORD004493,P005,1,699
ITEM008247,ORD004493,P010,1,899
ITEM008248,ORD004494,P002,1,3999
ITEM008249,ORD004494,P009,1,1499
ITEM008250,ORD004495,P009,1,1499
ITEM008251,ORD004495,P003,1,1299
ITEM008252,ORD004496,P002,1,3999
ITEM008253,ORD004496,P004,1,499
ITEM008254,ORD004496,P005,1,699
ITEM008255,ORD004497,P007,1,999
ITEM008256,ORD004497,P004,1,499
ITEM008257,ORD004498,P001,1,2499
ITEM008258,ORD004499,P007,1,999
ITEM008259,ORD004500,P002,1,3999
ITEM008260,ORD004500,P004,1,499
ITEM008261,ORD004500,P005,1,699
ITEM008262,ORD004501,P007,1,999
ITEM008263,ORD004501,P002,1,3999
ITEM008264,ORD004501,P003,1,1299
ITEM008265,ORD004502,P006,1,2999
ITEM008266,ORD004503,P001,1,2499
ITEM008267,ORD004504,P001,1,2499
ITEM008268,ORD004504,P010,1,899
ITEM008269,ORD004505,P001,1,2499
ITEM008270,ORD004505,P006,1,2999
ITEM008271,ORD004506,P004,1,499
ITEM008272,ORD004506,P007,1,999
ITEM008273,ORD004507,P008,1,1799
ITEM008274,ORD004507,P001,1,2499
ITEM008275,ORD004508,P001,1,2499
ITEM008276,ORD004509,P009,1,1499
ITEM008277,ORD004509,P007,1,999
ITEM008278,ORD004510,P001,1,2499
ITEM008279,ORD004511,P009,1,1499
ITEM008280,ORD004511,P008,1,1799
ITEM008281,ORD004512,P002,1,3999
ITEM008282,ORD004512,P004,1,499
ITEM008283,ORD004512,P006,1,2999
ITEM008284,ORD004513,P001,1,2499
ITEM008285,ORD004514,P006,1,2999
ITEM008286,ORD004514,P010,1,899
ITEM008287,ORD004515,P005,1,699
ITEM008288,ORD004515,P008,1,1799
ITEM008289,ORD004516,P001,1,2499
ITEM008290,ORD004516,P009,1,1499
ITEM008291,ORD004517,P004,1,499
ITEM008292,ORD004517,P001,1,2499
ITEM008293,ORD004518,P001,1,2499
ITEM008294,ORD004518,P010,1,899
ITEM008295,ORD004519,P009,1,1499
ITEM008296,ORD004519,P003,1,1299
ITEM008297,ORD004520,P009,1,1499
ITEM008298,ORD004520,P008,1,1799
ITEM008299,ORD004521,P001,1,2499
ITEM008300,ORD004522,P010,1,899
ITEM008301,ORD004523,P001,1,2499
ITEM008302,ORD004523,P007,1,999
ITEM008303,ORD004524,P008,1,1799
ITEM008304,ORD004524,P002,1,3999
ITEM008305,ORD004524,P006,1,2999
ITEM008306,ORD004525,P004,1,499
ITEM008307,ORD004525,P005,1,699
ITEM008308,ORD004526,P001,1,2499
ITEM008309,ORD004526,P005,1,699
ITEM008310,ORD004527,P003,1,1299
ITEM008311,ORD004528,P009,1,1499
ITEM008312,ORD004528,P003,1,1299
ITEM008313,ORD004529,P009,1,1499
ITEM008314,ORD004530,P009,1,1499
ITEM008315,ORD004530,P010,1,899
ITEM008316,ORD004531,P005,1,699
ITEM008317,ORD004531,P006,1,2999
ITEM008318,ORD004532,P008,1,1799
ITEM008319,ORD004533,P001,1,2499
ITEM008320,ORD004534,P002,1,3999
ITEM008321,ORD004534,P003,1,1299
ITEM008322,ORD004535,P008,1,1799
ITEM008323,ORD004535,P006,1,2999
ITEM008324,ORD004536,P001,1,2499
ITEM008325,ORD004536,P006,1,2999
ITEM008326,ORD004536,P010,1,899
ITEM008327,ORD004537,P010,1,899
ITEM008328,ORD004537,P009,1,1499
ITEM008329,ORD004538,P008,1,1799
ITEM008330,ORD004538,P001,1,2499
ITEM008331,ORD004539,P005,1,699
ITEM008332,ORD004540,P008,1,1799
ITEM008333,ORD004541,P010,1,899
ITEM008334,ORD004541,P008,1,1799
ITEM008335,ORD004542,P001,1,2499
ITEM008336,ORD004542,P007,1,999
ITEM008337,ORD004542,P004,1,499
ITEM008338,ORD004543,P001,1,2499
ITEM008339,ORD004543,P004,1,499
ITEM008340,ORD004543,P006,1,2999
ITEM008341,ORD004544,P002,1,3999
ITEM008342,ORD004544,P007,1,999
ITEM008343,ORD004545,P005,1,699
ITEM008344,ORD004545,P007,1,999
ITEM008345,ORD004546,P001,1,2499
ITEM008346,ORD004547,P001,1,2499
ITEM008347,ORD004548,P001,1,2499
ITEM008348,ORD004548,P005,1,699
ITEM008349,ORD004549,P001,1,2499
ITEM008350,ORD004549,P006,1,2999
ITEM008351,ORD004550,P002,1,3999
ITEM008352,ORD004550,P003,1,1299
ITEM008353,ORD004551,P001,1,2499
ITEM008354,ORD004552,P006,1,2999
ITEM008355,ORD004553,P001,1,2499
ITEM008356,ORD004553,P008,1,1799
ITEM008357,ORD004554,P008,1,1799
ITEM008358,ORD004555,P008,1,1799
ITEM008359,ORD004555,P002,1,3999
ITEM008360,ORD004555,P003,1,1299
ITEM008361,ORD004556,P002,1,3999
ITEM008362,ORD004556,P006,1,2999
ITEM008363,ORD004557,P003,1,1299
ITEM008364,ORD004558,P001,1,2499
ITEM008365,ORD004558,P004,1,499
ITEM008366,ORD004558,P006,1,2999
ITEM008367,ORD004559,P002,1,3999
ITEM008368,ORD004559,P003,1,1299
ITEM008369,ORD004560,P010,1,899
ITEM008370,ORD004560,P001,1,2499
ITEM008371,ORD004560,P008,1,1799
ITEM008372,ORD004561,P008,1,1799
ITEM008373,ORD004562,P001,1,2499
ITEM008374,ORD004562,P007,1,999
ITEM008375,ORD004563,P009,1,1499
ITEM008376,ORD004563,P005,1,699
ITEM008377,ORD004564,P001,1,2499
ITEM008378,ORD004564,P004,1,499
ITEM008379,ORD004564,P010,1,899
ITEM008380,ORD004565,P001,1,2499
ITEM008381,ORD004565,P007,1,999
ITEM008382,ORD004566,P002,1,3999
ITEM008383,ORD004567,P003,1,1299
ITEM008384,ORD004567,P009,1,1499
ITEM008385,ORD004568,P004,1,499
ITEM008386,ORD004568,P010,1,899
ITEM008387,ORD004569,P005,1,699
ITEM008388,ORD004569,P007,1,999
ITEM008389,ORD004570,P010,1,899
ITEM008390,ORD004570,P006,1,2999
ITEM008391,ORD004570,P002,1,3999
ITEM008392,ORD004571,P010,1,899
ITEM008393,ORD004572,P008,1,1799
ITEM008394,ORD004572,P005,1,699
ITEM008395,ORD004573,P001,1,2499
ITEM008396,ORD004573,P002,1,3999
ITEM008397,ORD004574,P001,1,2499
ITEM008398,ORD004575,P004,1,499
ITEM008399,ORD004575,P007,1,999
ITEM008400,ORD004575,P002,1,3999
ITEM008401,ORD004576,P009,1,1499
ITEM008402,ORD004577,P005,1,699
ITEM008403,ORD004577,P006,1,2999
ITEM008404,ORD004578,P001,1,2499
ITEM008405,ORD004578,P002,1,3999
ITEM008406,ORD004578,P006,1,2999
ITEM008407,ORD004579,P003,1,1299
ITEM008408,ORD004579,P006,1,2999
ITEM008409,ORD004580,P003,1,1299
ITEM008410,ORD004580,P001,1,2499
ITEM008411,ORD004581,P007,1,999
ITEM008412,ORD004581,P002,1,3999
ITEM008413,ORD004582,P001,1,2499
ITEM008414,ORD004582,P006,1,2999
ITEM008415,ORD004583,P001,1,2499
ITEM008416,ORD004583,P009,1,1499
ITEM008417,ORD004583,P002,1,3999
ITEM008418,ORD004584,P002,1,3999
ITEM008419,ORD004584,P010,1,899
ITEM008420,ORD004584,P001,1,2499
ITEM008421,ORD004585,P001,1,2499
ITEM008422,ORD004585,P004,1,499
ITEM008423,ORD004586,P010,1,899
ITEM008424,ORD004587,P006,1,2999
ITEM008425,ORD004587,P002,1,3999
ITEM008426,ORD004587,P005,1,699
ITEM008427,ORD004588,P008,1,1799
ITEM008428,ORD004589,P009,1,1499
ITEM008429,ORD004590,P001,1,2499
ITEM008430,ORD004590,P007,1,999
ITEM008431,ORD004591,P008,1,1799
ITEM008432,ORD004592,P007,1,999
ITEM008433,ORD004592,P004,1,499
ITEM008434,ORD004593,P001,1,2499
ITEM008435,ORD004594,P004,1,499
ITEM008436,ORD004594,P001,1,2499
ITEM008437,ORD004595,P001,1,2499
ITEM008438,ORD004595,P007,1,999
ITEM008439,ORD004596,P008,1,1799
ITEM008440,ORD004597,P005,1,699
ITEM008441,ORD004598,P001,1,2499
ITEM008442,ORD004598,P007,1,999
ITEM008443,ORD004598,P009,1,1499
ITEM008444,ORD004599,P003,1,1299
ITEM008445,ORD004600,P001,1,2499
ITEM008446,ORD004601,P009,1,1499
ITEM008447,ORD004601,P007,1,999
ITEM008448,ORD004602,P001,1,2499
ITEM008449,ORD004602,P005,1,699
ITEM008450,ORD004603,P007,1,999
ITEM008451,ORD004603,P002,1,3999
ITEM008452,ORD004604,P001,1,2499
ITEM008453,ORD004604,P008,1,1799
ITEM008454,ORD004605,P007,1,999
ITEM008455,ORD004606,P007,1,999
ITEM008456,ORD004606,P001,1,2499
ITEM008457,ORD004607,P001,1,2499
ITEM008458,ORD004607,P003,1,1299
ITEM008459,ORD004608,P001,1,2499
ITEM008460,ORD004608,P008,1,1799
ITEM008461,ORD004609,P008,1,1799
ITEM008462,ORD004610,P001,1,2499
ITEM008463,ORD004611,P006,1,2999
ITEM008464,ORD004611,P010,1,899
ITEM008465,ORD004612,P010,1,899
ITEM008466,ORD004613,P003,1,1299
ITEM008467,ORD004613,P002,1,3999
ITEM008468,ORD004614,P001,1,2499
ITEM008469,ORD004614,P004,1,499
ITEM008470,ORD004614,P008,1,1799
ITEM008471,ORD004615,P001,1,2499
ITEM008472,ORD004615,P005,1,699
ITEM008473,ORD004616,P002,1,3999
ITEM008474,ORD004616,P010,1,899
ITEM008475,ORD004616,P007,1,999
ITEM008476,ORD004617,P004,1,499
ITEM008477,ORD004617,P003,1,1299
ITEM008478,ORD004618,P001,1,2499
ITEM008479,ORD004618,P010,1,899
ITEM008480,ORD004618,P004,1,499
ITEM008481,ORD004619,P003,1,1299
ITEM008482,ORD004619,P001,1,2499
ITEM008483,ORD004620,P007,1,999
ITEM008484,ORD004620,P002,1,3999
ITEM008485,ORD004620,P006,1,2999
ITEM008486,ORD004621,P003,1,1299
ITEM008487,ORD004621,P009,1,1499
ITEM008488,ORD004622,P005,1,699
ITEM008489,ORD004622,P001,1,2499
ITEM008490,ORD004622,P002,1,3999
ITEM008491,ORD004623,P008,1,1799
ITEM008492,ORD004623,P004,1,499
ITEM008493,ORD004624,P007,1,999
ITEM008494,ORD004625,P003,1,1299
ITEM008495,ORD004626,P004,1,499
ITEM008496,ORD004627,P004,1,499
ITEM008497,ORD004627,P003,1,1299
ITEM008498,ORD004627,P010,1,899
ITEM008499,ORD004628,P006,1,2999
ITEM008500,ORD004628,P005,1,699
ITEM008501,ORD004628,P002,1,3999
ITEM008502,ORD004629,P010,1,899
ITEM008503,ORD004629,P001,1,2499
ITEM008504,ORD004630,P004,1,499
ITEM008505,ORD004631,P006,1,2999
ITEM008506,ORD004631,P003,1,1299
ITEM008507,ORD004632,P003,1,1299
ITEM008508,ORD004633,P004,1,499
ITEM008509,ORD004634,P004,1,499
ITEM008510,ORD004635,P004,1,499
ITEM008511,ORD004636,P003,1,1299
ITEM008512,ORD004637,P003,1,1299
ITEM008513,ORD004637,P002,1,3999
ITEM008514,ORD004638,P001,1,2499
ITEM008515,ORD004639,P004,1,499
ITEM008516,ORD004639,P001,1,2499
ITEM008517,ORD004639,P008,1,1799
ITEM008518,ORD004640,P004,1,499
ITEM008519,ORD004640,P010,1,899
ITEM008520,ORD004641,P003,1,1299
ITEM008521,ORD004641,P010,1,899
ITEM008522,ORD004642,P001,1,2499
ITEM008523,ORD004642,P009,1,1499
ITEM008524,ORD004643,P009,1,1499
ITEM008525,ORD004644,P010,1,899
ITEM008526,ORD004644,P009,1,1499
ITEM008527,ORD004645,P005,1,699
ITEM008528,ORD004645,P007,1,999
ITEM008529,ORD004646,P009,1,1499
ITEM008530,ORD004646,P007,1,999
ITEM008531,ORD004647,P003,1,1299
ITEM008532,ORD004647,P008,1,1799
ITEM008533,ORD004648,P003,1,1299
ITEM008534,ORD004649,P010,1,899
ITEM008535,ORD004649,P004,1,499
ITEM008536,ORD004650,P009,1,1499
ITEM008537,ORD004650,P007,1,999
ITEM008538,ORD004650,P002,1,3999
ITEM008539,ORD004651,P006,1,2999
ITEM008540,ORD004652,P003,1,1299
ITEM008541,ORD004652,P004,1,499
ITEM008542,ORD004653,P001,1,2499
ITEM008543,ORD004654,P007,1,999
ITEM008544,ORD004655,P005,1,699
ITEM008545,ORD004655,P001,1,2499
ITEM008546,ORD004655,P010,1,899
ITEM008547,ORD004656,P002,1,3999
ITEM008548,ORD004657,P001,1,2499
ITEM008549,ORD004657,P006,1,2999
ITEM008550,ORD004657,P007,1,999
ITEM008551,ORD004658,P003,1,1299
ITEM008552,ORD004658,P006,1,2999
ITEM008553,ORD004659,P001,1,2499
ITEM008554,ORD004659,P009,1,1499
ITEM008555,ORD004660,P008,1,1799
ITEM008556,ORD004660,P006,1,2999
ITEM008557,ORD004661,P007,1,999
ITEM008558,ORD004661,P001,1,2499
ITEM008559,ORD004661,P010,1,899
ITEM008560,ORD004662,P001,1,2499
ITEM008561,ORD004662,P008,1,1799
ITEM008562,ORD004663,P001,1,2499
ITEM008563,ORD004664,P002,1,3999
ITEM008564,ORD004664,P004,1,499
ITEM008565,ORD004665,P002,1,3999
ITEM008566,ORD004665,P003,1,1299
ITEM008567,ORD004665,P008,1,1799
ITEM008568,ORD004666,P001,1,2499
ITEM008569,ORD004666,P004,1,499
ITEM008570,ORD004666,P005,1,699
ITEM008571,ORD004667,P002,1,3999
ITEM008572,ORD004667,P009,1,1499
ITEM008573,ORD004668,P001,1,2499
ITEM008574,ORD004669,P008,1,1799
ITEM008575,ORD004669,P009,1,1499
ITEM008576,ORD004670,P003,1,1299
ITEM008577,ORD004671,P003,1,1299
ITEM008578,ORD004671,P004,1,499
ITEM008579,ORD004671,P005,1,699
ITEM008580,ORD004672,P008,1,1799
ITEM008581,ORD004672,P005,1,699
ITEM008582,ORD004673,P001,1,2499
ITEM008583,ORD004673,P002,1,3999
ITEM008584,ORD004674,P003,1,1299
ITEM008585,ORD004674,P007,1,999
ITEM008586,ORD004674,P004,1,499
ITEM008587,ORD004675,P002,1,3999
ITEM008588,ORD004675,P009,1,1499
ITEM008589,ORD004676,P008,1,1799
ITEM008590,ORD004676,P006,1,2999
ITEM008591,ORD004677,P003,1,1299
ITEM008592,ORD004677,P005,1,699
ITEM008593,ORD004677,P008,1,1799
ITEM008594,ORD004678,P009,1,1499
ITEM008595,ORD004679,P001,1,2499
ITEM008596,ORD004680,P001,1,2499
ITEM008597,ORD004681,P008,1,1799
ITEM008598,ORD004681,P001,1,2499
ITEM008599,ORD004682,P009,1,1499
ITEM008600,ORD004682,P002,1,3999
ITEM008601,ORD004683,P001,1,2499
ITEM008602,ORD004684,P006,1,2999
ITEM008603,ORD004684,P005,1,699
ITEM008604,ORD004684,P009,1,1499
ITEM008605,ORD004685,P001,1,2499
ITEM008606,ORD004685,P004,1,499
ITEM008607,ORD004685,P010,1,899
ITEM008608,ORD004686,P001,1,2499
ITEM008609,ORD004687,P008,1,1799
ITEM008610,ORD004687,P004,1,499
ITEM008611,ORD004687,P010,1,899
ITEM008612,ORD004688,P007,1,999
ITEM008613,ORD004688,P001,1,2499
ITEM008614,ORD004688,P008,1,1799
ITEM008615,ORD004689,P003,1,1299
ITEM008616,ORD004690,P004,1,499
ITEM008617,ORD004690,P002,1,3999
ITEM008618,ORD004691,P001,1,2499
ITEM008619,ORD004691,P004,1,499
ITEM008620,ORD004692,P007,1,999
ITEM008621,ORD004692,P005,1,699
ITEM008622,ORD004693,P001,1,2499
ITEM008623,ORD004694,P008,1,1799
ITEM008624,ORD004694,P009,1,1499
ITEM008625,ORD004694,P005,1,699
ITEM008626,ORD004695,P001,1,2499
ITEM008627,ORD004696,P004,1,499
ITEM008628,ORD004696,P008,1,1799
ITEM008629,ORD004697,P009,1,1499
ITEM008630,ORD004698,P005,1,699
ITEM008631,ORD004698,P003,1,1299
ITEM008632,ORD004698,P009,1,1499
ITEM008633,ORD004699,P004,1,499
ITEM008634,ORD004699,P006,1,2999
ITEM008635,ORD004700,P001,1,2499
ITEM008636,ORD004701,P009,1,1499
ITEM008637,ORD004701,P001,1,2499
ITEM008638,ORD004702,P001,1,2499
ITEM008639,ORD004703,P008,1,1799
ITEM008640,ORD004703,P001,1,2499
ITEM008641,ORD004704,P003,1,1299
ITEM008642,ORD004704,P004,1,499
ITEM008643,ORD004704,P006,1,2999
ITEM008644,ORD004705,P001,1,2499
ITEM008645,ORD004706,P010,1,899
ITEM008646,ORD004707,P009,1,1499
ITEM008647,ORD004707,P006,1,2999
ITEM008648,ORD004707,P008,1,1799
ITEM008649,ORD004708,P007,1,999
ITEM008650,ORD004708,P002,1,3999
ITEM008651,ORD004709,P001,1,2499
ITEM008652,ORD004710,P001,1,2499
ITEM008653,ORD004711,P003,1,1299
ITEM008654,ORD004711,P009,1,1499
ITEM008655,ORD004712,P001,1,2499
ITEM008656,ORD004713,P002,1,3999
ITEM008657,ORD004714,P001,1,2499
ITEM008658,ORD004714,P010,1,899
ITEM008659,ORD004715,P009,1,1499
ITEM008660,ORD004716,P010,1,899
ITEM008661,ORD004716,P005,1,699
ITEM008662,ORD004716,P002,1,3999
ITEM008663,ORD004717,P001,1,2499
ITEM008664,ORD004717,P002,1,3999
ITEM008665,ORD004718,P001,1,2499
ITEM008666,ORD004718,P004,1,499
ITEM008667,ORD004719,P005,1,699
ITEM008668,ORD004719,P009,1,1499
ITEM008669,ORD004719,P003,1,1299
ITEM008670,ORD004720,P001,1,2499
ITEM008671,ORD004720,P009,1,1499
ITEM008672,ORD004721,P010,1,899
ITEM008673,ORD004722,P003,1,1299
ITEM008674,ORD004723,P010,1,899
ITEM008675,ORD004723,P002,1,3999
ITEM008676,ORD004724,P001,1,2499
ITEM008677,ORD004724,P005,1,699
ITEM008678,ORD004725,P008,1,1799
ITEM008679,ORD004726,P010,1,899
ITEM008680,ORD004726,P001,1,2499
ITEM008681,ORD004727,P009,1,1499
ITEM008682,ORD004727,P002,1,3999
ITEM008683,ORD004727,P003,1,1299
ITEM008684,ORD004728,P005,1,699
ITEM008685,ORD004729,P009,1,1499
ITEM008686,ORD004729,P005,1,699
ITEM008687,ORD004730,P003,1,1299
ITEM008688,ORD004731,P007,1,999
ITEM008689,ORD004732,P003,1,1299
ITEM008690,ORD004732,P008,1,1799
ITEM008691,ORD004732,P002,1,3999
ITEM008692,ORD004733,P010,1,899
ITEM008693,ORD004733,P002,1,3999
ITEM008694,ORD004734,P006,1,2999
ITEM008695,ORD004735,P009,1,1499
ITEM008696,ORD004735,P004,1,499
ITEM008697,ORD004736,P004,1,499
ITEM008698,ORD004737,P001,1,2499
ITEM008699,ORD004738,P006,1,2999
ITEM008700,ORD004738,P009,1,1499
ITEM008701,ORD004739,P007,1,999
ITEM008702,ORD004739,P010,1,899
ITEM008703,ORD004740,P006,1,2999
ITEM008704,ORD004741,P005,1,699
ITEM008705,ORD004741,P010,1,899
ITEM008706,ORD004741,P003,1,1299
ITEM008707,ORD004742,P002,1,3999
ITEM008708,ORD004743,P010,1,899
ITEM008709,ORD004743,P005,1,699
ITEM008710,ORD004744,P006,1,2999
ITEM008711,ORD004744,P009,1,1499
ITEM008712,ORD004745,P007,1,999
ITEM008713,ORD004745,P004,1,499
ITEM008714,ORD004746,P005,1,699
ITEM008715,ORD004746,P009,1,1499
ITEM008716,ORD004746,P007,1,999
ITEM008717,ORD004747,P001,1,2499
ITEM008718,ORD004748,P010,1,899
ITEM008719,ORD004749,P001,1,2499
ITEM008720,ORD004749,P005,1,699
ITEM008721,ORD004750,P007,1,999
ITEM008722,ORD004750,P006,1,2999
ITEM008723,ORD004751,P001,1,2499
ITEM008724,ORD004751,P004,1,499
ITEM008725,ORD004752,P001,1,2499
ITEM008726,ORD004752,P006,1,2999
ITEM008727,ORD004753,P001,1,2499
ITEM008728,ORD004753,P008,1,1799
ITEM008729,ORD004754,P001,1,2499
ITEM008730,ORD004754,P007,1,999
ITEM008731,ORD004755,P001,1,2499
ITEM008732,ORD004755,P002,1,3999
ITEM008733,ORD004756,P007,1,999
ITEM008734,ORD004756,P001,1,2499
ITEM008735,ORD004757,P002,1,3999
ITEM008736,ORD004758,P007,1,999
ITEM008737,ORD004758,P004,1,499
ITEM008738,ORD004758,P003,1,1299
ITEM008739,ORD004759,P010,1,899
ITEM008740,ORD004760,P001,1,2499
ITEM008741,ORD004760,P010,1,899
ITEM008742,ORD004761,P001,1,2499
ITEM008743,ORD004762,P001,1,2499
ITEM008744,ORD004762,P009,1,1499
ITEM008745,ORD004763,P001,1,2499
ITEM008746,ORD004763,P006,1,2999
ITEM008747,ORD004764,P007,1,999
ITEM008748,ORD004764,P006,1,2999
ITEM008749,ORD004765,P005,1,699
ITEM008750,ORD004765,P008,1,1799
ITEM008751,ORD004766,P007,1,999
ITEM008752,ORD004767,P001,1,2499
ITEM008753,ORD004767,P003,1,1299
ITEM008754,ORD004767,P007,1,999
ITEM008755,ORD004768,P003,1,1299
ITEM008756,ORD004769,P007,1,999
ITEM008757,ORD004769,P008,1,1799
ITEM008758,ORD004770,P008,1,1799
ITEM008759,ORD004771,P004,1,499
ITEM008760,ORD004771,P006,1,2999
ITEM008761,ORD004771,P008,1,1799
ITEM008762,ORD004772,P008,1,1799
ITEM008763,ORD004772,P002,1,3999
ITEM008764,ORD004773,P001,1,2499
ITEM008765,ORD004773,P003,1,1299
ITEM008766,ORD004774,P003,1,1299
ITEM008767,ORD004774,P005,1,699
ITEM008768,ORD004774,P002,1,3999
ITEM008769,ORD004775,P002,1,3999
ITEM008770,ORD004775,P009,1,1499
ITEM008771,ORD004776,P001,1,2499
ITEM008772,ORD004777,P001,1,2499
ITEM008773,ORD004778,P006,1,2999
ITEM008774,ORD004779,P009,1,1499
ITEM008775,ORD004780,P005,1,699
ITEM008776,ORD004780,P009,1,1499
ITEM008777,ORD004780,P006,1,2999
ITEM008778,ORD004781,P001,1,2499
ITEM008779,ORD004781,P008,1,1799
ITEM008780,ORD004782,P005,1,699
ITEM008781,ORD004783,P007,1,999
ITEM008782,ORD004783,P002,1,3999
ITEM008783,ORD004784,P004,1,499
ITEM008784,ORD004784,P007,1,999
ITEM008785,ORD004785,P009,1,1499
ITEM008786,ORD004786,P010,1,899
ITEM008787,ORD004786,P008,1,1799
ITEM008788,ORD004787,P009,1,1499
ITEM008789,ORD004787,P002,1,3999
ITEM008790,ORD004788,P001,1,2499
ITEM008791,ORD004788,P005,1,699
ITEM008792,ORD004789,P001,1,2499
ITEM008793,ORD004790,P006,1,2999
ITEM008794,ORD004790,P008,1,1799
ITEM008795,ORD004790,P009,1,1499
ITEM008796,ORD004791,P007,1,999
ITEM008797,ORD004792,P007,1,999
ITEM008798,ORD004793,P001,1,2499
ITEM008799,ORD004794,P010,1,899
ITEM008800,ORD004794,P006,1,2999
ITEM008801,ORD004795,P004,1,499
ITEM008802,ORD004796,P001,1,2499
ITEM008803,ORD004797,P001,1,2499
ITEM008804,ORD004797,P002,1,3999
ITEM008805,ORD004798,P004,1,499
ITEM008806,ORD004798,P009,1,1499
ITEM008807,ORD004799,P003,1,1299
ITEM008808,ORD004799,P009,1,1499
ITEM008809,ORD004800,P006,1,2999
ITEM008810,ORD004801,P001,1,2499
ITEM008811,ORD004802,P005,1,699
ITEM008812,ORD004803,P002,1,3999
ITEM008813,ORD004803,P007,1,999
ITEM008814,ORD004804,P001,1,2499
ITEM008815,ORD004804,P002,1,3999
ITEM008816,ORD004805,P001,1,2499
ITEM008817,ORD004805,P008,1,1799
ITEM008818,ORD004806,P001,1,2499
ITEM008819,ORD004806,P002,1,3999
ITEM008820,ORD004807,P001,1,2499
ITEM008821,ORD004808,P009,1,1499
ITEM008822,ORD004808,P001,1,2499
ITEM008823,ORD004809,P002,1,3999
ITEM008824,ORD004809,P007,1,999
ITEM008825,ORD004809,P009,1,1499
ITEM008826,ORD004810,P001,1,2499
ITEM008827,ORD004811,P004,1,499
ITEM008828,ORD004811,P005,1,699
ITEM008829,ORD004812,P003,1,1299
ITEM008830,ORD004812,P004,1,499
ITEM008831,ORD004813,P001,1,2499
ITEM008832,ORD004813,P008,1,1799
ITEM008833,ORD004814,P009,1,1499
ITEM008834,ORD004814,P003,1,1299
ITEM008835,ORD004815,P006,1,2999
ITEM008836,ORD004815,P003,1,1299
ITEM008837,ORD004815,P004,1,499
ITEM008838,ORD004816,P001,1,2499
ITEM008839,ORD004816,P005,1,699
ITEM008840,ORD004816,P008,1,1799
ITEM008841,ORD004817,P001,1,2499
ITEM008842,ORD004817,P007,1,999
ITEM008843,ORD004818,P010,1,899
ITEM008844,ORD004819,P001,1,2499
ITEM008845,ORD004820,P010,1,899
ITEM008846,ORD004820,P006,1,2999
ITEM008847,ORD004821,P001,1,2499
ITEM008848,ORD004821,P006,1,2999
ITEM008849,ORD004822,P002,1,3999
ITEM008850,ORD004822,P007,1,999
ITEM008851,ORD004823,P009,1,1499
ITEM008852,ORD004824,P003,1,1299
ITEM008853,ORD004824,P009,1,1499
ITEM008854,ORD004825,P001,1,2499
ITEM008855,ORD004825,P010,1,899
ITEM008856,ORD004826,P001,1,2499
ITEM008857,ORD004826,P009,1,1499
ITEM008858,ORD004827,P007,1,999
ITEM008859,ORD004828,P005,1,699
ITEM008860,ORD004829,P002,1,3999
ITEM008861,ORD004830,P003,1,1299
ITEM008862,ORD004830,P007,1,999
ITEM008863,ORD004831,P008,1,1799
ITEM008864,ORD004831,P007,1,999
ITEM008865,ORD004832,P008,1,1799
ITEM008866,ORD004833,P001,1,2499
ITEM008867,ORD004833,P004,1,499
ITEM008868,ORD004833,P003,1,1299
ITEM008869,ORD004834,P010,1,899
ITEM008870,ORD004834,P009,1,1499
ITEM008871,ORD004835,P010,1,899
ITEM008872,ORD004835,P009,1,1499
ITEM008873,ORD004836,P010,1,899
ITEM008874,ORD004836,P001,1,2499
ITEM008875,ORD004836,P003,1,1299
ITEM008876,ORD004837,P003,1,1299
ITEM008877,ORD004838,P003,1,1299
ITEM008878,ORD004839,P009,1,1499
ITEM008879,ORD004839,P002,1,3999
ITEM008880,ORD004840,P010,1,899
ITEM008881,ORD004840,P008,1,1799
ITEM008882,ORD004841,P008,1,1799
ITEM008883,ORD004841,P002,1,3999
ITEM008884,ORD004842,P009,1,1499
ITEM008885,ORD004843,P007,1,999
ITEM008886,ORD004844,P001,1,2499
ITEM008887,ORD004845,P001,1,2499
ITEM008888,ORD004846,P010,1,899
ITEM008889,ORD004846,P005,1,699
ITEM008890,ORD004846,P004,1,499
ITEM008891,ORD004847,P006,1,2999
ITEM008892,ORD004847,P005,1,699
ITEM008893,ORD004848,P010,1,899
ITEM008894,ORD004849,P008,1,1799
ITEM008895,ORD004849,P004,1,499
ITEM008896,ORD004849,P007,1,999
ITEM008897,ORD004850,P010,1,899
ITEM008898,ORD004851,P004,1,499
ITEM008899,ORD004852,P002,1,3999
ITEM008900,ORD004852,P005,1,699
ITEM008901,ORD004853,P001,1,2499
ITEM008902,ORD004854,P003,1,1299
ITEM008903,ORD004855,P005,1,699
ITEM008904,ORD004855,P009,1,1499
ITEM008905,ORD004856,P001,1,2499
ITEM008906,ORD004857,P003,1,1299
ITEM008907,ORD004857,P007,1,999
ITEM008908,ORD004858,P006,1,2999
ITEM008909,ORD004858,P003,1,1299
ITEM008910,ORD004859,P003,1,1299
ITEM008911,ORD004859,P001,1,2499
ITEM008912,ORD004860,P007,1,999
ITEM008913,ORD004860,P001,1,2499
ITEM008914,ORD004861,P001,1,2499
ITEM008915,ORD004861,P006,1,2999
ITEM008916,ORD004862,P003,1,1299
ITEM008917,ORD004862,P008,1,1799
ITEM008918,ORD004862,P005,1,699
ITEM008919,ORD004863,P001,1,2499
ITEM008920,ORD004864,P008,1,1799
ITEM008921,ORD004864,P002,1,3999
ITEM008922,ORD004864,P009,1,1499
ITEM008923,ORD004865,P002,1,3999
ITEM008924,ORD004865,P007,1,999
ITEM008925,ORD004866,P001,1,2499
ITEM008926,ORD004866,P002,1,3999
ITEM008927,ORD004866,P006,1,2999
ITEM008928,ORD004867,P002,1,3999
ITEM008929,ORD004868,P010,1,899
ITEM008930,ORD004868,P001,1,2499
ITEM008931,ORD004869,P001,1,2499
ITEM008932,ORD004870,P005,1,699
ITEM008933,ORD004870,P004,1,499
ITEM008934,ORD004870,P002,1,3999
ITEM008935,ORD004871,P001,1,2499
ITEM008936,ORD004871,P004,1,499
ITEM008937,ORD004872,P001,1,2499
ITEM008938,ORD004872,P008,1,1799
ITEM008939,ORD004873,P001,1,2499
ITEM008940,ORD004873,P003,1,1299
ITEM008941,ORD004874,P002,1,3999
ITEM008942,ORD004875,P001,1,2499
ITEM008943,ORD004875,P007,1,999
ITEM008944,ORD004876,P009,1,1499
ITEM008945,ORD004877,P009,1,1499
ITEM008946,ORD004877,P006,1,2999
ITEM008947,ORD004878,P003,1,1299
ITEM008948,ORD004878,P007,1,999
ITEM008949,ORD004879,P009,1,1499
ITEM008950,ORD004880,P009,1,1499
ITEM008951,ORD004881,P004,1,499
ITEM008952,ORD004882,P006,1,2999
ITEM008953,ORD004882,P002,1,3999
ITEM008954,ORD004883,P001,1,2499
ITEM008955,ORD004883,P005,1,699
ITEM008956,ORD004884,P004,1,499
ITEM008957,ORD004884,P010,1,899
ITEM008958,ORD004885,P001,1,2499
ITEM008959,ORD004885,P010,1,899
ITEM008960,ORD004886,P008,1,1799
ITEM008961,ORD004886,P010,1,899
ITEM008962,ORD004887,P001,1,2499
ITEM008963,ORD004887,P006,1,2999
ITEM008964,ORD004888,P001,1,2499
ITEM008965,ORD004889,P001,1,2499
ITEM008966,ORD004889,P010,1,899
ITEM008967,ORD004890,P008,1,1799
ITEM008968,ORD004890,P002,1,3999
ITEM008969,ORD004891,P005,1,699
ITEM008970,ORD004891,P004,1,499
ITEM008971,ORD004892,P001,1,2499
ITEM008972,ORD004892,P009,1,1499
ITEM008973,ORD004893,P001,1,2499
ITEM008974,ORD004894,P008,1,1799
ITEM008975,ORD004895,P001,1,2499
ITEM008976,ORD004895,P009,1,1499
ITEM008977,ORD004895,P007,1,999
ITEM008978,ORD004896,P010,1,899
ITEM008979,ORD004897,P010,1,899
ITEM008980,ORD004897,P004,1,499
ITEM008981,ORD004898,P005,1,699
ITEM008982,ORD004899,P002,1,3999
ITEM008983,ORD004899,P010,1,899
ITEM008984,ORD004900,P001,1,2499
ITEM008985,ORD004900,P003,1,1299
ITEM008986,ORD004901,P001,1,2499
ITEM008987,ORD004901,P002,1,3999
ITEM008988,ORD004902,P001,1,2499
ITEM008989,ORD004902,P008,1,1799
ITEM008990,ORD004902,P005,1,699
ITEM008991,ORD004903,P002,1,3999
ITEM008992,ORD004903,P005,1,699
ITEM008993,ORD004904,P010,1,899
ITEM008994,ORD004904,P003,1,1299
ITEM008995,ORD004904,P009,1,1499
ITEM008996,ORD004905,P001,1,2499
ITEM008997,ORD004906,P008,1,1799
ITEM008998,ORD004906,P006,1,2999
ITEM008999,ORD004907,P004,1,499
ITEM009000,ORD004908,P009,1,1499
ITEM009001,ORD004908,P002,1,3999
ITEM009002,ORD004909,P001,1,2499
ITEM009003,ORD004909,P010,1,899
ITEM009004,ORD004910,P001,1,2499
ITEM009005,ORD004910,P007,1,999
ITEM009006,ORD004911,P005,1,699
ITEM009007,ORD004911,P002,1,3999
ITEM009008,ORD004911,P001,1,2499
ITEM009009,ORD004912,P001,1,2499
ITEM009010,ORD004913,P003,1,1299
ITEM009011,ORD004913,P001,1,2499
ITEM009012,ORD004914,P007,1,999
ITEM009013,ORD004914,P009,1,1499
ITEM009014,ORD004915,P003,1,1299
ITEM009015,ORD004915,P008,1,1799
ITEM009016,ORD004915,P004,1,499
ITEM009017,ORD004916,P001,1,2499
ITEM009018,ORD004916,P004,1,499
ITEM009019,ORD004917,P001,1,2499
ITEM009020,ORD004917,P002,1,3999
ITEM009021,ORD004918,P001,1,2499
ITEM009022,ORD004919,P001,1,2499
ITEM009023,ORD004919,P007,1,999
ITEM009024,ORD004920,P001,1,2499
ITEM009025,ORD004920,P006,1,2999
ITEM009026,ORD004921,P001,1,2499
ITEM009027,ORD004922,P006,1,2999
ITEM009028,ORD004922,P002,1,3999
ITEM009029,ORD004923,P003,1,1299
ITEM009030,ORD004924,P001,1,2499
ITEM009031,ORD004924,P008,1,1799
ITEM009032,ORD004925,P004,1,499
ITEM009033,ORD004925,P001,1,2499
ITEM009034,ORD004925,P008,1,1799
ITEM009035,ORD004926,P001,1,2499
ITEM009036,ORD004927,P001,1,2499
ITEM009037,ORD004927,P002,1,3999
ITEM009038,ORD004928,P001,1,2499
ITEM009039,ORD004928,P002,1,3999
ITEM009040,ORD004929,P004,1,499
ITEM009041,ORD004929,P010,1,899
ITEM009042,ORD004930,P001,1,2499
ITEM009043,ORD004931,P006,1,2999
ITEM009044,ORD004932,P008,1,1799
ITEM009045,ORD004932,P001,1,2499
ITEM009046,ORD004932,P002,1,3999
ITEM009047,ORD004933,P001,1,2499
ITEM009048,ORD004933,P006,1,2999
ITEM009049,ORD004933,P009,1,1499
ITEM009050,ORD004934,P001,1,2499
ITEM009051,ORD004934,P008,1,1799
ITEM009052,ORD004935,P008,1,1799
ITEM009053,ORD004936,P001,1,2499
ITEM009054,ORD004937,P006,1,2999
ITEM009055,ORD004938,P001,1,2499
ITEM009056,ORD004938,P009,1,1499
ITEM009057,ORD004939,P007,1,999
ITEM009058,ORD004940,P005,1,699
ITEM009059,ORD004940,P008,1,1799
ITEM009060,ORD004941,P002,1,3999
ITEM009061,ORD004941,P005,1,699
ITEM009062,ORD004942,P007,1,999
ITEM009063,ORD004942,P003,1,1299
ITEM009064,ORD004943,P002,1,3999
ITEM009065,ORD004943,P004,1,499
ITEM009066,ORD004944,P003,1,1299
ITEM009067,ORD004944,P010,1,899
ITEM009068,ORD004945,P004,1,499
ITEM009069,ORD004945,P009,1,1499
ITEM009070,ORD004945,P010,1,899
ITEM009071,ORD004946,P002,1,3999
ITEM009072,ORD004947,P008,1,1799
ITEM009073,ORD004948,P003,1,1299
ITEM009074,ORD004948,P004,1,499
ITEM009075,ORD004949,P001,1,2499
ITEM009076,ORD004950,P010,1,899
ITEM009077,ORD004950,P007,1,999
ITEM009078,ORD004951,P006,1,2999
ITEM009079,ORD004951,P003,1,1299
ITEM009080,ORD004951,P009,1,1499
ITEM009081,ORD004952,P008,1,1799
ITEM009082,ORD004952,P001,1,2499
ITEM009083,ORD004953,P001,1,2499
ITEM009084,ORD004953,P004,1,499
ITEM009085,ORD004953,P002,1,3999
ITEM009086,ORD004954,P008,1,1799
ITEM009087,ORD004955,P001,1,2499
ITEM009088,ORD004956,P007,1,999
ITEM009089,ORD004956,P008,1,1799
ITEM009090,ORD004957,P003,1,1299
ITEM009091,ORD004958,P005,1,699
ITEM009092,ORD004958,P002,1,3999
ITEM009093,ORD004959,P006,1,2999
ITEM009094,ORD004959,P001,1,2499
ITEM009095,ORD004960,P001,1,2499
ITEM009096,ORD004960,P009,1,1499
ITEM009097,ORD004961,P001,1,2499
ITEM009098,ORD004962,P008,1,1799
ITEM009099,ORD004962,P007,1,999
ITEM009100,ORD004962,P006,1,2999
ITEM009101,ORD004963,P001,1,2499
ITEM009102,ORD004963,P010,1,899
ITEM009103,ORD004964,P001,1,2499
ITEM009104,ORD004964,P004,1,499
ITEM009105,ORD004965,P010,1,899
ITEM009106,ORD004965,P003,1,1299
ITEM009107,ORD004965,P004,1,499
ITEM009108,ORD004966,P009,1,1499
ITEM009109,ORD004967,P008,1,1799
ITEM009110,ORD004968,P002,1,3999
ITEM009111,ORD004968,P007,1,999
ITEM009112,ORD004969,P008,1,1799
ITEM009113,ORD004969,P001,1,2499
ITEM009114,ORD004970,P001,1,2499
ITEM009115,ORD004970,P006,1,2999
ITEM009116,ORD004970,P005,1,699
ITEM009117,ORD004971,P003,1,1299
ITEM009118,ORD004971,P005,1,699
ITEM009119,ORD004972,P001,1,2499
ITEM009120,ORD004973,P010,1,899
ITEM009121,ORD004973,P002,1,3999
ITEM009122,ORD004974,P007,1,999
ITEM009123,ORD004974,P004,1,499
ITEM009124,ORD004975,P002,1,3999
ITEM009125,ORD004975,P007,1,999
ITEM009126,ORD004975,P004,1,499
ITEM009127,ORD004976,P007,1,999
ITEM009128,ORD004976,P005,1,699
ITEM009129,ORD004977,P001,1,2499
ITEM009130,ORD004977,P010,1,899
ITEM009131,ORD004978,P007,1,999
ITEM009132,ORD004979,P007,1,999
ITEM009133,ORD004980,P007,1,999
ITEM009134,ORD004981,P008,1,1799
ITEM009135,ORD004982,P001,1,2499
ITEM009136,ORD004982,P009,1,1499
ITEM009137,ORD004983,P007,1,999
ITEM009138,ORD004983,P009,1,1499
ITEM009139,ORD004984,P002,1,3999
ITEM009140,ORD004984,P001,1,2499
ITEM009141,ORD004985,P005,1,699
ITEM009142,ORD004985,P007,1,999
ITEM009143,ORD004986,P010,1,899
ITEM009144,ORD004986,P008,1,1799
ITEM009145,ORD004987,P003,1,1299
ITEM009146,ORD004988,P010,1,899
ITEM009147,ORD004988,P009,1,1499
ITEM009148,ORD004989,P008,1,1799
ITEM009149,ORD004989,P003,1,1299
ITEM009150,ORD004990,P001,1,2499
ITEM009151,ORD004991,P004,1,499
ITEM009152,ORD004991,P007,1,999
ITEM009153,ORD004991,P010,1,899
ITEM009154,ORD004992,P001,1,2499
ITEM009155,ORD004992,P005,1,699
ITEM009156,ORD004993,P010,1,899
ITEM009157,ORD004993,P006,1,2999
ITEM009158,ORD004994,P007,1,999
ITEM009159,ORD004995,P001,1,2499
ITEM009160,ORD004995,P008,1,1799
ITEM009161,ORD004996,P005,1,699
ITEM009162,ORD004996,P003,1,1299
ITEM009163,ORD004996,P009,1,1499
ITEM009164,ORD004997,P001,1,2499
ITEM009165,ORD004998,P006,1,2999
ITEM009166,ORD004998,P005,1,699
ITEM009167,ORD004999,P007,1,999
ITEM009168,ORD004999,P001,1,2499
ITEM009169,ORD005000,P008,1,1799
ITEM009170,ORD005000,P004,1,499
ITEM009171,ORD005001,P010,1,899
ITEM009172,ORD005001,P001,1,2499
ITEM009173,ORD005002,P005,1,699
ITEM009174,ORD005002,P003,1,1299
ITEM009175,ORD005003,P002,1,3999
ITEM009176,ORD005003,P009,1,1499
ITEM009177,ORD005004,P001,1,2499
ITEM009178,ORD005004,P004,1,499
ITEM009179,ORD005005,P001,1,2499
ITEM009180,ORD005006,P008,1,1799
ITEM009181,ORD005007,P001,1,2499
ITEM009182,ORD005007,P004,1,499
ITEM009183,ORD005008,P006,1,2999
ITEM009184,ORD005008,P001,1,2499
ITEM009185,ORD005009,P001,1,2499
ITEM009186,ORD005010,P004,1,499
ITEM009187,ORD005010,P008,1,1799
ITEM009188,ORD005010,P002,1,3999
ITEM009189,ORD005011,P002,1,3999
ITEM009190,ORD005011,P006,1,2999
ITEM009191,ORD005012,P009,1,1499
ITEM009192,ORD005013,P002,1,3999
ITEM009193,ORD005013,P009,1,1499
ITEM009194,ORD005014,P003,1,1299
ITEM009195,ORD005014,P005,1,699
ITEM009196,ORD005015,P004,1,499
ITEM009197,ORD005015,P007,1,999
ITEM009198,ORD005016,P001,1,2499
ITEM009199,ORD005017,P003,1,1299
ITEM009200,ORD005017,P004,1,499
ITEM009201,ORD005018,P004,1,499
ITEM009202,ORD005019,P008,1,1799
ITEM009203,ORD005019,P006,1,2999
ITEM009204,ORD005019,P004,1,499
ITEM009205,ORD005020,P001,1,2499
ITEM009206,ORD005020,P002,1,3999
ITEM009207,ORD005020,P009,1,1499
ITEM009208,ORD005021,P005,1,699
ITEM009209,ORD005022,P008,1,1799
ITEM009210,ORD005022,P003,1,1299
ITEM009211,ORD005023,P008,1,1799
ITEM009212,ORD005023,P010,1,899
ITEM009213,ORD005023,P001,1,2499
ITEM009214,ORD005024,P002,1,3999
ITEM009215,ORD005024,P006,1,2999
ITEM009216,ORD005025,P010,1,899
ITEM009217,ORD005025,P008,1,1799
ITEM009218,ORD005026,P001,1,2499
ITEM009219,ORD005027,P008,1,1799
ITEM009220,ORD005027,P004,1,499
ITEM009221,ORD005028,P002,1,3999
ITEM009222,ORD005028,P006,1,2999
ITEM009223,ORD005029,P007,1,999
ITEM009224,ORD005029,P010,1,899
ITEM009225,ORD005030,P001,1,2499
ITEM009226,ORD005030,P002,1,3999
ITEM009227,ORD005031,P004,1,499
ITEM009228,ORD005031,P007,1,999
ITEM009229,ORD005032,P001,1,2499
ITEM009230,ORD005032,P002,1,3999
ITEM009231,ORD005033,P004,1,499
ITEM009232,ORD005033,P003,1,1299
ITEM009233,ORD005034,P004,1,499
ITEM009234,ORD005034,P003,1,1299
ITEM009235,ORD005035,P009,1,1499
ITEM009236,ORD005035,P007,1,999
ITEM009237,ORD005036,P001,1,2499
ITEM009238,ORD005036,P005,1,699
ITEM009239,ORD005036,P009,1,1499
ITEM009240,ORD005037,P009,1,1499
ITEM009241,ORD005038,P001,1,2499
ITEM009242,ORD005039,P001,1,2499
ITEM009243,ORD005039,P004,1,499
ITEM009244,ORD005040,P010,1,899
ITEM009245,ORD005040,P009,1,1499
ITEM009246,ORD005040,P007,1,999
ITEM009247,ORD005041,P001,1,2499
ITEM009248,ORD005042,P001,1,2499
ITEM009249,ORD005042,P007,1,999
ITEM009250,ORD005042,P002,1,3999
ITEM009251,ORD005043,P002,1,3999
ITEM009252,ORD005043,P007,1,999
ITEM009253,ORD005044,P004,1,499
ITEM009254,ORD005044,P007,1,999
ITEM009255,ORD005045,P001,1,2499
ITEM009256,ORD005046,P001,1,2499
ITEM009257,ORD005046,P009,1,1499
ITEM009258,ORD005046,P005,1,699
ITEM009259,ORD005047,P008,1,1799
ITEM009260,ORD005048,P001,1,2499
ITEM009261,ORD005048,P010,1,899
ITEM009262,ORD005049,P001,1,2499
ITEM009263,ORD005049,P005,1,699
ITEM009264,ORD005050,P001,1,2499
ITEM009265,ORD005050,P004,1,499
ITEM009266,ORD005051,P010,1,899
ITEM009267,ORD005051,P004,1,499
ITEM009268,ORD005051,P009,1,1499
ITEM009269,ORD005052,P001,1,2499
ITEM009270,ORD005053,P010,1,899
ITEM009271,ORD005053,P009,1,1499
ITEM009272,ORD005054,P001,1,2499
ITEM009273,ORD005054,P008,1,1799
ITEM009274,ORD005054,P007,1,999
ITEM009275,ORD005055,P001,1,2499
ITEM009276,ORD005055,P004,1,499
ITEM009277,ORD005056,P001,1,2499
ITEM009278,ORD005057,P003,1,1299
ITEM009279,ORD005057,P006,1,2999
ITEM009280,ORD005058,P001,1,2499
ITEM009281,ORD005058,P006,1,2999
ITEM009282,ORD005059,P004,1,499
ITEM009283,ORD005060,P007,1,999
ITEM009284,ORD005061,P007,1,999
ITEM009285,ORD005062,P001,1,2499
ITEM009286,ORD005062,P006,1,2999
ITEM009287,ORD005063,P002,1,3999
ITEM009288,ORD005063,P001,1,2499
ITEM009289,ORD005064,P003,1,1299
ITEM009290,ORD005064,P006,1,2999
ITEM009291,ORD005065,P001,1,2499
ITEM009292,ORD005065,P006,1,2999
ITEM009293,ORD005065,P007,1,999
ITEM009294,ORD005066,P001,1,2499
ITEM009295,ORD005066,P004,1,499
ITEM009296,ORD005067,P001,1,2499
ITEM009297,ORD005067,P004,1,499
ITEM009298,ORD005067,P005,1,699
ITEM009299,ORD005068,P008,1,1799
ITEM009300,ORD005068,P007,1,999
ITEM009301,ORD005069,P001,1,2499
ITEM009302,ORD005069,P005,1,699
ITEM009303,ORD005070,P010,1,899
ITEM009304,ORD005070,P009,1,1499
ITEM009305,ORD005070,P004,1,499
ITEM009306,ORD005071,P005,1,699
ITEM009307,ORD005071,P007,1,999
ITEM009308,ORD005071,P001,1,2499
ITEM009309,ORD005072,P002,1,3999
ITEM009310,ORD005072,P007,1,999
ITEM009311,ORD005073,P007,1,999
ITEM009312,ORD005073,P009,1,1499
ITEM009313,ORD005074,P003,1,1299
ITEM009314,ORD005074,P006,1,2999
ITEM009315,ORD005074,P001,1,2499
ITEM009316,ORD005075,P007,1,999
ITEM009317,ORD005075,P005,1,699
ITEM009318,ORD005075,P009,1,1499
ITEM009319,ORD005076,P005,1,699
ITEM009320,ORD005076,P008,1,1799
ITEM009321,ORD005076,P009,1,1499
ITEM009322,ORD005077,P009,1,1499
ITEM009323,ORD005078,P002,1,3999
ITEM009324,ORD005079,P001,1,2499
ITEM009325,ORD005079,P007,1,999
ITEM009326,ORD005079,P006,1,2999
ITEM009327,ORD005080,P006,1,2999
ITEM009328,ORD005080,P003,1,1299
ITEM009329,ORD005081,P001,1,2499
ITEM009330,ORD005082,P001,1,2499
ITEM009331,ORD005082,P008,1,1799
ITEM009332,ORD005082,P002,1,3999
ITEM009333,ORD005083,P001,1,2499
ITEM009334,ORD005083,P010,1,899
ITEM009335,ORD005084,P008,1,1799
ITEM009336,ORD005085,P001,1,2499
ITEM009337,ORD005085,P005,1,699
ITEM009338,ORD005085,P009,1,1499
ITEM009339,ORD005086,P007,1,999
ITEM009340,ORD005087,P003,1,1299
ITEM009341,ORD005087,P006,1,2999
ITEM009342,ORD005088,P001,1,2499
ITEM009343,ORD005089,P001,1,2499
ITEM009344,ORD005089,P008,1,1799
ITEM009345,ORD005090,P001,1,2499
ITEM009346,ORD005090,P010,1,899
ITEM009347,ORD005091,P002,1,3999
ITEM009348,ORD005092,P004,1,499
ITEM009349,ORD005092,P001,1,2499
ITEM009350,ORD005093,P003,1,1299
ITEM009351,ORD005093,P001,1,2499
ITEM009352,ORD005093,P008,1,1799
ITEM009353,ORD005094,P009,1,1499
ITEM009354,ORD005095,P007,1,999
ITEM009355,ORD005096,P001,1,2499
ITEM009356,ORD005097,P001,1,2499
ITEM009357,ORD005097,P005,1,699
ITEM009358,ORD005097,P004,1,499
ITEM009359,ORD005098,P010,1,899
ITEM009360,ORD005099,P007,1,999
ITEM009361,ORD005099,P003,1,1299
ITEM009362,ORD005100,P002,1,3999
ITEM009363,ORD005100,P005,1,699
ITEM009364,ORD005100,P006,1,2999
ITEM009365,ORD005101,P007,1,999
ITEM009366,ORD005102,P001,1,2499
ITEM009367,ORD005102,P007,1,999
ITEM009368,ORD005103,P004,1,499
ITEM009369,ORD005103,P006,1,2999
ITEM009370,ORD005104,P001,1,2499
ITEM009371,ORD005104,P005,1,699
ITEM009372,ORD005105,P001,1,2499
ITEM009373,ORD005105,P007,1,999
ITEM009374,ORD005106,P006,1,2999
ITEM009375,ORD005106,P002,1,3999
ITEM009376,ORD005107,P008,1,1799
ITEM009377,ORD005107,P010,1,899
ITEM009378,ORD005108,P001,1,2499
ITEM009379,ORD005108,P009,1,1499
ITEM009380,ORD005109,P001,1,2499
ITEM009381,ORD005109,P004,1,499
ITEM009382,ORD005109,P010,1,899
ITEM009383,ORD005110,P008,1,1799
ITEM009384,ORD005111,P010,1,899
ITEM009385,ORD005111,P006,1,2999
ITEM009386,ORD005112,P001,1,2499
ITEM009387,ORD005112,P010,1,899
ITEM009388,ORD005113,P005,1,699
ITEM009389,ORD005113,P009,1,1499
ITEM009390,ORD005114,P005,1,699
ITEM009391,ORD005114,P007,1,999
ITEM009392,ORD005115,P006,1,2999
ITEM009393,ORD005116,P007,1,999
ITEM009394,ORD005117,P005,1,699
ITEM009395,ORD005117,P010,1,899
ITEM009396,ORD005118,P010,1,899
ITEM009397,ORD005118,P009,1,1499
ITEM009398,ORD005119,P001,1,2499
ITEM009399,ORD005120,P001,1,2499
ITEM009400,ORD005121,P001,1,2499
ITEM009401,ORD005122,P002,1,3999
ITEM009402,ORD005122,P004,1,499
ITEM009403,ORD005123,P002,1,3999
ITEM009404,ORD005124,P009,1,1499
ITEM009405,ORD005125,P009,1,1499
ITEM009406,ORD005125,P003,1,1299
ITEM009407,ORD005126,P001,1,2499
ITEM009408,ORD005127,P010,1,899
ITEM009409,ORD005127,P008,1,1799
ITEM009410,ORD005127,P001,1,2499
ITEM009411,ORD005128,P001,1,2499
ITEM009412,ORD005128,P004,1,499
ITEM009413,ORD005128,P006,1,2999
ITEM009414,ORD005129,P001,1,2499
ITEM009415,ORD005130,P005,1,699
ITEM009416,ORD005131,P005,1,699
ITEM009417,ORD005131,P008,1,1799
ITEM009418,ORD005132,P001,1,2499
ITEM009419,ORD005132,P004,1,499
ITEM009420,ORD005133,P007,1,999
ITEM009421,ORD005133,P010,1,899
ITEM009422,ORD005133,P009,1,1499
ITEM009423,ORD005134,P001,1,2499
ITEM009424,ORD005135,P008,1,1799
ITEM009425,ORD005136,P001,1,2499
ITEM009426,ORD005136,P008,1,1799
ITEM009427,ORD005137,P007,1,999
ITEM009428,ORD005137,P006,1,2999
ITEM009429,ORD005137,P001,1,2499
ITEM009430,ORD005138,P001,1,2499
ITEM009431,ORD005139,P002,1,3999
ITEM009432,ORD005139,P003,1,1299
ITEM009433,ORD005140,P006,1,2999
ITEM009434,ORD005140,P004,1,499
ITEM009435,ORD005140,P002,1,3999
ITEM009436,ORD005141,P009,1,1499
ITEM009437,ORD005142,P001,1,2499
ITEM009438,ORD005143,P005,1,699
ITEM009439,ORD005143,P003,1,1299
ITEM009440,ORD005144,P007,1,999
ITEM009441,ORD005144,P002,1,3999
ITEM009442,ORD005145,P001,1,2499
ITEM009443,ORD005146,P004,1,499
ITEM009444,ORD005146,P009,1,1499
ITEM009445,ORD005146,P007,1,999
ITEM009446,ORD005147,P010,1,899
ITEM009447,ORD005147,P006,1,2999
ITEM009448,ORD005148,P001,1,2499
ITEM009449,ORD005148,P006,1,2999
ITEM009450,ORD005149,P004,1,499
ITEM009451,ORD005149,P008,1,1799
ITEM009452,ORD005150,P001,1,2499
ITEM009453,ORD005150,P004,1,499
ITEM009454,ORD005151,P001,1,2499
ITEM009455,ORD005152,P005,1,699
ITEM009456,ORD005152,P007,1,999
ITEM009457,ORD005153,P001,1,2499
ITEM009458,ORD005153,P008,1,1799
ITEM009459,ORD005153,P002,1,3999
ITEM009460,ORD005154,P006,1,2999
ITEM009461,ORD005154,P010,1,899
ITEM009462,ORD005155,P009,1,1499
ITEM009463,ORD005155,P005,1,699
ITEM009464,ORD005156,P002,1,3999
ITEM009465,ORD005156,P007,1,999
ITEM009466,ORD005157,P001,1,2499
ITEM009467,ORD005158,P006,1,2999
ITEM009468,ORD005158,P001,1,2499
ITEM009469,ORD005158,P002,1,3999
ITEM009470,ORD005159,P009,1,1499
ITEM009471,ORD005160,P005,1,699
ITEM009472,ORD005160,P006,1,2999
ITEM009473,ORD005161,P007,1,999
ITEM009474,ORD005161,P009,1,1499
ITEM009475,ORD005161,P008,1,1799
ITEM009476,ORD005162,P009,1,1499
ITEM009477,ORD005162,P002,1,3999
ITEM009478,ORD005163,P001,1,2499
ITEM009479,ORD005164,P001,1,2499
ITEM009480,ORD005164,P004,1,499
ITEM009481,ORD005164,P006,1,2999
ITEM009482,ORD005165,P003,1,1299
ITEM009483,ORD005165,P005,1,699
ITEM009484,ORD005166,P005,1,699
ITEM009485,ORD005167,P002,1,3999
ITEM009486,ORD005168,P006,1,2999
ITEM009487,ORD005169,P010,1,899
ITEM009488,ORD005169,P002,1,3999
ITEM009489,ORD005170,P002,1,3999
ITEM009490,ORD005170,P008,1,1799
ITEM009491,ORD005170,P005,1,699
ITEM009492,ORD005171,P001,1,2499
ITEM009493,ORD005171,P002,1,3999
ITEM009494,ORD005172,P001,1,2499
ITEM009495,ORD005172,P003,1,1299
ITEM009496,ORD005173,P004,1,499
ITEM009497,ORD005173,P008,1,1799
ITEM009498,ORD005173,P009,1,1499
ITEM009499,ORD005174,P007,1,999
ITEM009500,ORD005174,P010,1,899
ITEM009501,ORD005175,P008,1,1799
ITEM009502,ORD005175,P003,1,1299
ITEM009503,ORD005176,P001,1,2499
ITEM009504,ORD005176,P009,1,1499
ITEM009505,ORD005176,P005,1,699
ITEM009506,ORD005177,P006,1,2999
ITEM009507,ORD005177,P008,1,1799
ITEM009508,ORD005178,P002,1,3999
ITEM009509,ORD005179,P006,1,2999
ITEM009510,ORD005179,P007,1,999
ITEM009511,ORD005180,P005,1,699
ITEM009512,ORD005181,P006,1,2999
ITEM009513,ORD005181,P002,1,3999
ITEM009514,ORD005182,P003,1,1299
ITEM009515,ORD005182,P001,1,2499
ITEM009516,ORD005182,P005,1,699
ITEM009517,ORD005183,P008,1,1799
ITEM009518,ORD005183,P001,1,2499
ITEM009519,ORD005184,P002,1,3999
ITEM009520,ORD005184,P008,1,1799
ITEM009521,ORD005184,P010,1,899
ITEM009522,ORD005185,P001,1,2499
ITEM009523,ORD005185,P005,1,699
ITEM009524,ORD005185,P002,1,3999
ITEM009525,ORD005186,P001,1,2499
ITEM009526,ORD005187,P004,1,499
ITEM009527,ORD005187,P002,1,3999
ITEM009528,ORD005188,P004,1,499
ITEM009529,ORD005189,P010,1,899
ITEM009530,ORD005189,P002,1,3999
ITEM009531,ORD005190,P001,1,2499
ITEM009532,ORD005191,P007,1,999
ITEM009533,ORD005191,P008,1,1799
ITEM009534,ORD005191,P002,1,3999
ITEM009535,ORD005192,P001,1,2499
ITEM009536,ORD005192,P009,1,1499
ITEM009537,ORD005193,P001,1,2499
ITEM009538,ORD005194,P002,1,3999
ITEM009539,ORD005194,P008,1,1799
ITEM009540,ORD005194,P001,1,2499
ITEM009541,ORD005195,P001,1,2499
ITEM009542,ORD005196,P001,1,2499
ITEM009543,ORD005196,P007,1,999
ITEM009544,ORD005196,P002,1,3999
ITEM009545,ORD005197,P002,1,3999
ITEM009546,ORD005198,P008,1,1799
ITEM009547,ORD005199,P001,1,2499
ITEM009548,ORD005199,P008,1,1799
ITEM009549,ORD005200,P003,1,1299
ITEM009550,ORD005200,P009,1,1499
ITEM009551,ORD005201,P001,1,2499
ITEM009552,ORD005201,P010,1,899
ITEM009553,ORD005202,P003,1,1299
ITEM009554,ORD005203,P007,1,999
ITEM009555,ORD005204,P008,1,1799
ITEM009556,ORD005204,P006,1,2999
ITEM009557,ORD005205,P004,1,499
ITEM009558,ORD005205,P007,1,999
ITEM009559,ORD005205,P008,1,1799
ITEM009560,ORD005206,P007,1,999
ITEM009561,ORD005206,P008,1,1799
ITEM009562,ORD005207,P001,1,2499
ITEM009563,ORD005207,P003,1,1299
ITEM009564,ORD005208,P002,1,3999
ITEM009565,ORD005208,P007,1,999
ITEM009566,ORD005209,P005,1,699
ITEM009567,ORD005209,P007,1,999
ITEM009568,ORD005210,P002,1,3999
ITEM009569,ORD005210,P001,1,2499
ITEM009570,ORD005211,P001,1,2499
ITEM009571,ORD005211,P008,1,1799
ITEM009572,ORD005212,P007,1,999
ITEM009573,ORD005213,P007,1,999
ITEM009574,ORD005213,P002,1,3999
ITEM009575,ORD005214,P001,1,2499
ITEM009576,ORD005215,P001,1,2499
ITEM009577,ORD005216,P005,1,699
ITEM009578,ORD005217,P001,1,2499
ITEM009579,ORD005217,P005,1,699
ITEM009580,ORD005218,P009,1,1499
ITEM009581,ORD005219,P006,1,2999
ITEM009582,ORD005219,P008,1,1799
ITEM009583,ORD005219,P001,1,2499
ITEM009584,ORD005220,P006,1,2999
ITEM009585,ORD005220,P005,1,699
ITEM009586,ORD005221,P009,1,1499
ITEM009587,ORD005221,P008,1,1799
ITEM009588,ORD005221,P006,1,2999
ITEM009589,ORD005222,P005,1,699
ITEM009590,ORD005223,P001,1,2499
ITEM009591,ORD005223,P005,1,699
ITEM009592,ORD005224,P005,1,699
ITEM009593,ORD005224,P002,1,3999
ITEM009594,ORD005224,P007,1,999
ITEM009595,ORD005225,P001,1,2499
ITEM009596,ORD005226,P002,1,3999
ITEM009597,ORD005226,P007,1,999
ITEM009598,ORD005227,P001,1,2499
ITEM009599,ORD005227,P007,1,999
ITEM009600,ORD005228,P002,1,3999
ITEM009601,ORD005228,P009,1,1499
ITEM009602,ORD005229,P007,1,999
ITEM009603,ORD005230,P002,1,3999
ITEM009604,ORD005230,P004,1,499
ITEM009605,ORD005230,P007,1,999
ITEM009606,ORD005231,P003,1,1299
ITEM009607,ORD005231,P009,1,1499
ITEM009608,ORD005232,P001,1,2499
ITEM009609,ORD005232,P002,1,3999
ITEM009610,ORD005232,P007,1,999
ITEM009611,ORD005233,P001,1,2499
ITEM009612,ORD005233,P007,1,999
ITEM009613,ORD005234,P002,1,3999
ITEM009614,ORD005234,P003,1,1299
ITEM009615,ORD005235,P003,1,1299
ITEM009616,ORD005235,P002,1,3999
ITEM009617,ORD005236,P003,1,1299
ITEM009618,ORD005236,P005,1,699
ITEM009619,ORD005237,P001,1,2499
ITEM009620,ORD005237,P009,1,1499
ITEM009621,ORD005238,P010,1,899
ITEM009622,ORD005239,P002,1,3999
ITEM009623,ORD005240,P007,1,999
ITEM009624,ORD005241,P001,1,2499
ITEM009625,ORD005241,P008,1,1799
ITEM009626,ORD005241,P002,1,3999
ITEM009627,ORD005242,P003,1,1299
ITEM009628,ORD005242,P009,1,1499
ITEM009629,ORD005243,P001,1,2499
ITEM009630,ORD005243,P005,1,699
ITEM009631,ORD005243,P006,1,2999
ITEM009632,ORD005244,P009,1,1499
ITEM009633,ORD005244,P005,1,699
ITEM009634,ORD005244,P007,1,999
ITEM009635,ORD005245,P002,1,3999
ITEM009636,ORD005246,P009,1,1499
ITEM009637,ORD005246,P004,1,499
ITEM009638,ORD005247,P005,1,699
ITEM009639,ORD005247,P006,1,2999
ITEM009640,ORD005247,P010,1,899
ITEM009641,ORD005248,P001,1,2499
ITEM009642,ORD005249,P004,1,499
ITEM009643,ORD005250,P010,1,899
ITEM009644,ORD005250,P003,1,1299
ITEM009645,ORD005250,P004,1,499
ITEM009646,ORD005251,P002,1,3999
ITEM009647,ORD005252,P003,1,1299
ITEM009648,ORD005253,P007,1,999
ITEM009649,ORD005254,P002,1,3999
ITEM009650,ORD005254,P006,1,2999
ITEM009651,ORD005255,P001,1,2499
ITEM009652,ORD005255,P007,1,999
ITEM009653,ORD005256,P009,1,1499
ITEM009654,ORD005256,P010,1,899
ITEM009655,ORD005256,P001,1,2499
ITEM009656,ORD005257,P010,1,899
ITEM009657,ORD005257,P001,1,2499
ITEM009658,ORD005258,P007,1,999
ITEM009659,ORD005259,P001,1,2499
ITEM009660,ORD005260,P001,1,2499
ITEM009661,ORD005260,P007,1,999
ITEM009662,ORD005261,P009,1,1499
ITEM009663,ORD005261,P001,1,2499
ITEM009664,ORD005262,P001,1,2499
ITEM009665,ORD005262,P002,1,3999
ITEM009666,ORD005263,P008,1,1799
ITEM009667,ORD005264,P002,1,3999
ITEM009668,ORD005264,P008,1,1799
ITEM009669,ORD005265,P002,1,3999
ITEM009670,ORD005265,P001,1,2499
ITEM009671,ORD005266,P006,1,2999
ITEM009672,ORD005266,P004,1,499
ITEM009673,ORD005266,P005,1,699
ITEM009674,ORD005267,P001,1,2499
ITEM009675,ORD005267,P004,1,499
ITEM009676,ORD005268,P003,1,1299
ITEM009677,ORD005268,P007,1,999
ITEM009678,ORD005268,P004,1,499
ITEM009679,ORD005269,P001,1,2499
ITEM009680,ORD005269,P003,1,1299
ITEM009681,ORD005270,P001,1,2499
ITEM009682,ORD005270,P005,1,699
ITEM009683,ORD005271,P001,1,2499
ITEM009684,ORD005271,P007,1,999
ITEM009685,ORD005272,P003,1,1299
ITEM009686,ORD005272,P007,1,999
ITEM009687,ORD005273,P003,1,1299
ITEM009688,ORD005273,P002,1,3999
ITEM009689,ORD005274,P007,1,999
ITEM009690,ORD005274,P004,1,499
ITEM009691,ORD005275,P006,1,2999
ITEM009692,ORD005276,P007,1,999
ITEM009693,ORD005277,P006,1,2999
ITEM009694,ORD005277,P002,1,3999
ITEM009695,ORD005278,P009,1,1499
ITEM009696,ORD005278,P007,1,999
ITEM009697,ORD005279,P001,1,2499
ITEM009698,ORD005279,P006,1,2999
ITEM009699,ORD005280,P008,1,1799
ITEM009700,ORD005281,P001,1,2499
ITEM009701,ORD005281,P006,1,2999
ITEM009702,ORD005282,P001,1,2499
ITEM009703,ORD005282,P002,1,3999
ITEM009704,ORD005283,P005,1,699
ITEM009705,ORD005284,P001,1,2499
ITEM009706,ORD005284,P005,1,699
ITEM009707,ORD005285,P001,1,2499
ITEM009708,ORD005286,P001,1,2499
ITEM009709,ORD005286,P009,1,1499
ITEM009710,ORD005287,P001,1,2499
ITEM009711,ORD005287,P005,1,699
ITEM009712,ORD005288,P001,1,2499
ITEM009713,ORD005289,P001,1,2499
ITEM009714,ORD005289,P010,1,899
ITEM009715,ORD005290,P006,1,2999
ITEM009716,ORD005290,P002,1,3999
ITEM009717,ORD005290,P005,1,699
ITEM009718,ORD005291,P001,1,2499
ITEM009719,ORD005291,P004,1,499
ITEM009720,ORD005291,P002,1,3999
ITEM009721,ORD005292,P010,1,899
ITEM009722,ORD005293,P006,1,2999
ITEM009723,ORD005294,P001,1,2499
ITEM009724,ORD005294,P005,1,699
ITEM009725,ORD005294,P010,1,899
ITEM009726,ORD005295,P008,1,1799
ITEM009727,ORD005295,P005,1,699
ITEM009728,ORD005296,P001,1,2499
ITEM009729,ORD005296,P004,1,499
ITEM009730,ORD005297,P007,1,999
ITEM009731,ORD005298,P001,1,2499
ITEM009732,ORD005298,P006,1,2999
ITEM009733,ORD005298,P009,1,1499
ITEM009734,ORD005299,P001,1,2499
ITEM009735,ORD005299,P005,1,699
ITEM009736,ORD005299,P010,1,899
ITEM009737,ORD005300,P002,1,3999
ITEM009738,ORD005301,P002,1,3999
ITEM009739,ORD005302,P008,1,1799
ITEM009740,ORD005302,P003,1,1299
ITEM009741,ORD005303,P001,1,2499
ITEM009742,ORD005304,P001,1,2499
ITEM009743,ORD005305,P010,1,899
ITEM009744,ORD005305,P009,1,1499
ITEM009745,ORD005306,P005,1,699
ITEM009746,ORD005307,P006,1,2999
ITEM009747,ORD005307,P002,1,3999
ITEM009748,ORD005308,P004,1,499
ITEM009749,ORD005309,P005,1,699
ITEM009750,ORD005309,P006,1,2999
ITEM009751,ORD005309,P010,1,899
ITEM009752,ORD005310,P001,1,2499
ITEM009753,ORD005310,P004,1,499
ITEM009754,ORD005311,P010,1,899
ITEM009755,ORD005311,P001,1,2499
ITEM009756,ORD005312,P001,1,2499
ITEM009757,ORD005313,P006,1,2999
ITEM009758,ORD005314,P009,1,1499
ITEM009759,ORD005314,P001,1,2499
ITEM009760,ORD005315,P001,1,2499
ITEM009761,ORD005315,P005,1,699
ITEM009762,ORD005315,P006,1,2999
ITEM009763,ORD005316,P008,1,1799
ITEM009764,ORD005317,P001,1,2499
ITEM009765,ORD005317,P007,1,999
ITEM009766,ORD005318,P004,1,499
ITEM009767,ORD005318,P010,1,899
ITEM009768,ORD005319,P001,1,2499
ITEM009769,ORD005320,P003,1,1299
ITEM009770,ORD005321,P010,1,899
ITEM009771,ORD005321,P008,1,1799
ITEM009772,ORD005322,P001,1,2499
ITEM009773,ORD005322,P004,1,499
ITEM009774,ORD005323,P008,1,1799
ITEM009775,ORD005323,P005,1,699
ITEM009776,ORD005324,P001,1,2499
ITEM009777,ORD005324,P010,1,899
ITEM009778,ORD005324,P009,1,1499
ITEM009779,ORD005325,P005,1,699
ITEM009780,ORD005325,P009,1,1499
ITEM009781,ORD005326,P006,1,2999
ITEM009782,ORD005326,P004,1,499
ITEM009783,ORD005326,P002,1,3999
ITEM009784,ORD005327,P001,1,2499
ITEM009785,ORD005328,P007,1,999
ITEM009786,ORD005329,P004,1,499
ITEM009787,ORD005330,P007,1,999
ITEM009788,ORD005331,P006,1,2999
ITEM009789,ORD005331,P007,1,999
ITEM009790,ORD005332,P009,1,1499
ITEM009791,ORD005332,P010,1,899
ITEM009792,ORD005333,P002,1,3999
ITEM009793,ORD005333,P006,1,2999
ITEM009794,ORD005334,P002,1,3999
ITEM009795,ORD005334,P009,1,1499
ITEM009796,ORD005334,P001,1,2499
ITEM009797,ORD005335,P010,1,899
ITEM009798,ORD005336,P001,1,2499
ITEM009799,ORD005336,P005,1,699
ITEM009800,ORD005337,P002,1,3999
ITEM009801,ORD005338,P005,1,699
ITEM009802,ORD005338,P002,1,3999
ITEM009803,ORD005339,P010,1,899
ITEM009804,ORD005339,P009,1,1499
ITEM009805,ORD005340,P001,1,2499
ITEM009806,ORD005340,P004,1,499
ITEM009807,ORD005340,P002,1,3999
ITEM009808,ORD005341,P003,1,1299
ITEM009809,ORD005342,P002,1,3999
ITEM009810,ORD005342,P008,1,1799
ITEM009811,ORD005343,P001,1,2499
ITEM009812,ORD005343,P008,1,1799
ITEM009813,ORD005344,P004,1,499
ITEM009814,ORD005345,P001,1,2499
ITEM009815,ORD005346,P001,1,2499
ITEM009816,ORD005346,P004,1,499
ITEM009817,ORD005346,P003,1,1299
ITEM009818,ORD005347,P001,1,2499
ITEM009819,ORD005347,P009,1,1499
ITEM009820,ORD005348,P003,1,1299
ITEM009821,ORD005348,P010,1,899
ITEM009822,ORD005349,P008,1,1799
ITEM009823,ORD005349,P009,1,1499
ITEM009824,ORD005349,P002,1,3999
ITEM009825,ORD005350,P007,1,999
ITEM009826,ORD005351,P006,1,2999
ITEM009827,ORD005351,P004,1,499
ITEM009828,ORD005351,P002,1,3999
ITEM009829,ORD005352,P004,1,499
ITEM009830,ORD005353,P002,1,3999
ITEM009831,ORD005353,P008,1,1799
ITEM009832,ORD005354,P001,1,2499
ITEM009833,ORD005355,P001,1,2499
ITEM009834,ORD005355,P009,1,1499
ITEM009835,ORD005356,P008,1,1799
ITEM009836,ORD005356,P006,1,2999
ITEM009837,ORD005356,P007,1,999
ITEM009838,ORD005357,P001,1,2499
ITEM009839,ORD005358,P001,1,2499
ITEM009840,ORD005358,P003,1,1299
ITEM009841,ORD005359,P001,1,2499
ITEM009842,ORD005360,P003,1,1299
ITEM009843,ORD005361,P005,1,699
ITEM009844,ORD005361,P002,1,3999
ITEM009845,ORD005362,P001,1,2499
ITEM009846,ORD005362,P003,1,1299
ITEM009847,ORD005363,P004,1,499
ITEM009848,ORD005364,P010,1,899
ITEM009849,ORD005364,P004,1,499
ITEM009850,ORD005365,P001,1,2499
ITEM009851,ORD005366,P001,1,2499
ITEM009852,ORD005366,P006,1,2999
ITEM009853,ORD005367,P009,1,1499
ITEM009854,ORD005367,P002,1,3999
ITEM009855,ORD005368,P001,1,2499
ITEM009856,ORD005368,P002,1,3999
ITEM009857,ORD005369,P010,1,899
ITEM009858,ORD005369,P001,1,2499
ITEM009859,ORD005370,P001,1,2499
ITEM009860,ORD005370,P008,1,1799
ITEM009861,ORD005371,P001,1,2499
ITEM009862,ORD005372,P005,1,699
ITEM009863,ORD005372,P004,1,499
ITEM009864,ORD005373,P001,1,2499
ITEM009865,ORD005373,P008,1,1799
ITEM009866,ORD005374,P009,1,1499
ITEM009867,ORD005374,P007,1,999
ITEM009868,ORD005375,P001,1,2499
ITEM009869,ORD005375,P004,1,499
ITEM009870,ORD005376,P001,1,2499
ITEM009871,ORD005376,P010,1,899
ITEM009872,ORD005377,P001,1,2499
ITEM009873,ORD005377,P003,1,1299
ITEM009874,ORD005378,P001,1,2499
ITEM009875,ORD005378,P003,1,1299
ITEM009876,ORD005379,P001,1,2499
ITEM009877,ORD005379,P008,1,1799
ITEM009878,ORD005380,P003,1,1299
ITEM009879,ORD005380,P009,1,1499
ITEM009880,ORD005380,P010,1,899
ITEM009881,ORD005381,P001,1,2499
ITEM009882,ORD005381,P004,1,499
ITEM009883,ORD005382,P009,1,1499
ITEM009884,ORD005382,P006,1,2999
ITEM009885,ORD005383,P002,1,3999
ITEM009886,ORD005383,P001,1,2499
ITEM009887,ORD005383,P009,1,1499
ITEM009888,ORD005384,P007,1,999
ITEM009889,ORD005384,P008,1,1799
ITEM009890,ORD005385,P005,1,699
ITEM009891,ORD005386,P006,1,2999
ITEM009892,ORD005386,P008,1,1799
ITEM009893,ORD005387,P006,1,2999
ITEM009894,ORD005387,P004,1,499
ITEM009895,ORD005388,P004,1,499
ITEM009896,ORD005388,P003,1,1299
ITEM009897,ORD005389,P003,1,1299
ITEM009898,ORD005389,P005,1,699
ITEM009899,ORD005389,P002,1,3999
ITEM009900,ORD005390,P003,1,1299
ITEM009901,ORD005390,P008,1,1799
ITEM009902,ORD005390,P001,1,2499
ITEM009903,ORD005391,P001,1,2499
ITEM009904,ORD005391,P003,1,1299
ITEM009905,ORD005392,P001,1,2499
ITEM009906,ORD005392,P010,1,899
ITEM009907,ORD005393,P003,1,1299
ITEM009908,ORD005394,P006,1,2999
ITEM009909,ORD005394,P008,1,1799
ITEM009910,ORD005395,P003,1,1299
ITEM009911,ORD005396,P006,1,2999
ITEM009912,ORD005397,P004,1,499
ITEM009913,ORD005397,P010,1,899
ITEM009914,ORD005398,P008,1,1799
ITEM009915,ORD005398,P006,1,2999
ITEM009916,ORD005398,P004,1,499
ITEM009917,ORD005399,P001,1,2499
ITEM009918,ORD005399,P003,1,1299
ITEM009919,ORD005400,P007,1,999
ITEM009920,ORD005401,P009,1,1499
ITEM009921,ORD005401,P004,1,499
ITEM009922,ORD005401,P006,1,2999
ITEM009923,ORD005402,P002,1,3999
ITEM009924,ORD005403,P001,1,2499
ITEM009925,ORD005403,P009,1,1499
ITEM009926,ORD005403,P008,1,1799
ITEM009927,ORD005404,P008,1,1799
ITEM009928,ORD005405,P006,1,2999
ITEM009929,ORD005406,P001,1,2499
ITEM009930,ORD005406,P006,1,2999
ITEM009931,ORD005406,P010,1,899
ITEM009932,ORD005407,P001,1,2499
ITEM009933,ORD005407,P008,1,1799
ITEM009934,ORD005408,P001,1,2499
ITEM009935,ORD005408,P003,1,1299
ITEM009936,ORD005408,P010,1,899
ITEM009937,ORD005409,P001,1,2499
ITEM009938,ORD005409,P010,1,899
ITEM009939,ORD005410,P005,1,699
ITEM009940,ORD005411,P001,1,2499
ITEM009941,ORD005411,P008,1,1799
ITEM009942,ORD005412,P009,1,1499
ITEM009943,ORD005412,P001,1,2499
ITEM009944,ORD005413,P008,1,1799
ITEM009945,ORD005413,P004,1,499
ITEM009946,ORD005414,P009,1,1499
ITEM009947,ORD005415,P001,1,2499
ITEM009948,ORD005416,P002,1,3999
ITEM009949,ORD005416,P008,1,1799
ITEM009950,ORD005416,P010,1,899
ITEM009951,ORD005417,P008,1,1799
ITEM009952,ORD005418,P002,1,3999
ITEM009953,ORD005419,P001,1,2499
ITEM009954,ORD005419,P009,1,1499
ITEM009955,ORD005420,P001,1,2499
ITEM009956,ORD005420,P004,1,499
ITEM009957,ORD005421,P008,1,1799
ITEM009958,ORD005422,P003,1,1299
ITEM009959,ORD005422,P002,1,3999
ITEM009960,ORD005423,P004,1,499
ITEM009961,ORD005423,P007,1,999
ITEM009962,ORD005423,P009,1,1499
ITEM009963,ORD005424,P005,1,699
ITEM009964,ORD005425,P003,1,1299
ITEM009965,ORD005425,P004,1,499
ITEM009966,ORD005426,P005,1,699
ITEM009967,ORD005426,P007,1,999
ITEM009968,ORD005427,P001,1,2499
ITEM009969,ORD005427,P003,1,1299
ITEM009970,ORD005428,P004,1,499
ITEM009971,ORD005428,P007,1,999
ITEM009972,ORD005429,P003,1,1299
ITEM009973,ORD005429,P002,1,3999
ITEM009974,ORD005430,P003,1,1299
ITEM009975,ORD005430,P004,1,499
ITEM009976,ORD005430,P007,1,999
ITEM009977,ORD005431,P001,1,2499
ITEM009978,ORD005431,P004,1,499
ITEM009979,ORD005432,P001,1,2499
ITEM009980,ORD005432,P006,1,2999
ITEM009981,ORD005433,P006,1,2999
ITEM009982,ORD005433,P003,1,1299
ITEM009983,ORD005434,P006,1,2999
ITEM009984,ORD005434,P010,1,899
ITEM009985,ORD005435,P006,1,2999
ITEM009986,ORD005435,P010,1,899
ITEM009987,ORD005435,P008,1,1799
ITEM009988,ORD005436,P008,1,1799
ITEM009989,ORD005436,P010,1,899
ITEM009990,ORD005437,P006,1,2999
ITEM009991,ORD005438,P001,1,2499
ITEM009992,ORD005439,P003,1,1299
ITEM009993,ORD005440,P005,1,699
ITEM009994,ORD005441,P003,1,1299
ITEM009995,ORD005441,P005,1,699
ITEM009996,ORD005441,P006,1,2999
ITEM009997,ORD005442,P001,1,2499
ITEM009998,ORD005442,P010,1,899
ITEM009999,ORD005443,P009,1,1499
ITEM010000,ORD005443,P008,1,1799
ITEM010001,ORD005444,P001,1,2499
ITEM010002,ORD005444,P005,1,699
ITEM010003,ORD005444,P007,1,999
ITEM010004,ORD005445,P003,1,1299
ITEM010005,ORD005446,P006,1,2999
ITEM010006,ORD005446,P002,1,3999
ITEM010007,ORD005446,P008,1,1799
ITEM010008,ORD005447,P008,1,1799
ITEM010009,ORD005447,P010,1,899
ITEM010010,ORD005448,P001,1,2499
ITEM010011,ORD005449,P002,1,3999
ITEM010012,ORD005449,P006,1,2999
ITEM010013,ORD005450,P001,1,2499
ITEM010014,ORD005451,P009,1,1499
ITEM010015,ORD005452,P001,1,2499
ITEM010016,ORD005452,P010,1,899
ITEM010017,ORD005452,P007,1,999
ITEM010018,ORD005453,P001,1,2499
ITEM010019,ORD005453,P002,1,3999
ITEM010020,ORD005453,P010,1,899
ITEM010021,ORD005454,P006,1,2999
ITEM010022,ORD005454,P005,1,699
ITEM010023,ORD005455,P010,1,899
ITEM010024,ORD005456,P009,1,1499
ITEM010025,ORD005456,P005,1,699
ITEM010026,ORD005456,P003,1,1299
ITEM010027,ORD005457,P001,1,2499
ITEM010028,ORD005457,P008,1,1799
ITEM010029,ORD005458,P001,1,2499
ITEM010030,ORD005459,P007,1,999
ITEM010031,ORD005459,P003,1,1299
ITEM010032,ORD005459,P006,1,2999
ITEM010033,ORD005460,P005,1,699
ITEM010034,ORD005461,P006,1,2999
ITEM010035,ORD005462,P005,1,699
ITEM010036,ORD005463,P005,1,699
ITEM010037,ORD005464,P003,1,1299
ITEM010038,ORD005465,P001,1,2499
ITEM010039,ORD005465,P004,1,499
ITEM010040,ORD005466,P008,1,1799
ITEM010041,ORD005467,P001,1,2499
ITEM010042,ORD005467,P002,1,3999
ITEM010043,ORD005468,P010,1,899
ITEM010044,ORD005468,P008,1,1799
ITEM010045,ORD005469,P001,1,2499
ITEM010046,ORD005470,P003,1,1299
ITEM010047,ORD005471,P008,1,1799
ITEM010048,ORD005472,P005,1,699
ITEM010049,ORD005472,P004,1,499
ITEM010050,ORD005473,P004,1,499
ITEM010051,ORD005473,P001,1,2499
ITEM010052,ORD005473,P009,1,1499
ITEM010053,ORD005474,P002,1,3999
ITEM010054,ORD005474,P005,1,699
ITEM010055,ORD005475,P004,1,499
ITEM010056,ORD005475,P001,1,2499
ITEM010057,ORD005476,P001,1,2499
ITEM010058,ORD005476,P003,1,1299
ITEM010059,ORD005476,P007,1,999
ITEM010060,ORD005477,P008,1,1799
ITEM010061,ORD005477,P001,1,2499
ITEM010062,ORD005478,P007,1,999
ITEM010063,ORD005478,P005,1,699
ITEM010064,ORD005478,P001,1,2499
ITEM010065,ORD005479,P010,1,899
ITEM010066,ORD005479,P003,1,1299
ITEM010067,ORD005479,P004,1,499
ITEM010068,ORD005480,P001,1,2499
ITEM010069,ORD005480,P005,1,699
ITEM010070,ORD005481,P001,1,2499
ITEM010071,ORD005482,P005,1,699
ITEM010072,ORD005482,P001,1,2499
ITEM010073,ORD005483,P008,1,1799
ITEM010074,ORD005484,P007,1,999
ITEM010075,ORD005485,P004,1,499
ITEM010076,ORD005486,P001,1,2499
ITEM010077,ORD005487,P004,1,499
ITEM010078,ORD005487,P005,1,699
ITEM010079,ORD005487,P009,1,1499
ITEM010080,ORD005488,P001,1,2499
ITEM010081,ORD005489,P003,1,1299
ITEM010082,ORD005489,P004,1,499
ITEM010083,ORD005490,P001,1,2499
ITEM010084,ORD005491,P010,1,899
ITEM010085,ORD005491,P001,1,2499
ITEM010086,ORD005492,P007,1,999
ITEM010087,ORD005492,P006,1,2999
ITEM010088,ORD005493,P008,1,1799
ITEM010089,ORD005494,P006,1,2999
ITEM010090,ORD005494,P001,1,2499
ITEM010091,ORD005495,P001,1,2499
ITEM010092,ORD005495,P005,1,699
ITEM010093,ORD005496,P008,1,1799
ITEM010094,ORD005496,P007,1,999
ITEM010095,ORD005497,P004,1,499
ITEM010096,ORD005497,P005,1,699
ITEM010097,ORD005498,P001,1,2499
ITEM010098,ORD005498,P007,1,999
ITEM010099,ORD005499,P003,1,1299
ITEM010100,ORD005500,P008,1,1799
ITEM010101,ORD005500,P005,1,699
ITEM010102,ORD005501,P001,1,2499
ITEM010103,ORD005501,P010,1,899
ITEM010104,ORD005502,P002,1,3999
ITEM010105,ORD005503,P010,1,899
ITEM010106,ORD005504,P009,1,1499
ITEM010107,ORD005505,P004,1,499
ITEM010108,ORD005505,P006,1,2999
ITEM010109,ORD005505,P001,1,2499
ITEM010110,ORD005506,P007,1,999
ITEM010111,ORD005507,P001,1,2499
ITEM010112,ORD005508,P005,1,699
ITEM010113,ORD005509,P001,1,2499
ITEM010114,ORD005510,P001,1,2499
ITEM010115,ORD005510,P003,1,1299
ITEM010116,ORD005510,P004,1,499
ITEM010117,ORD005511,P001,1,2499
ITEM010118,ORD005511,P005,1,699
ITEM010119,ORD005511,P008,1,1799
ITEM010120,ORD005512,P001,1,2499
ITEM010121,ORD005512,P003,1,1299
ITEM010122,ORD005513,P007,1,999
ITEM010123,ORD005513,P009,1,1499
ITEM010124,ORD005514,P004,1,499
ITEM010125,ORD005515,P001,1,2499
ITEM010126,ORD005515,P005,1,699
ITEM010127,ORD005516,P001,1,2499
ITEM010128,ORD005516,P004,1,499
ITEM010129,ORD005516,P006,1,2999
ITEM010130,ORD005517,P001,1,2499
ITEM010131,ORD005518,P009,1,1499
ITEM010132,ORD005519,P001,1,2499
ITEM010133,ORD005519,P004,1,499
ITEM010134,ORD005520,P001,1,2499
ITEM010135,ORD005520,P006,1,2999
ITEM010136,ORD005521,P005,1,699
ITEM010137,ORD005521,P006,1,2999
ITEM010138,ORD005521,P009,1,1499
ITEM010139,ORD005522,P001,1,2499
ITEM010140,ORD005522,P008,1,1799
ITEM010141,ORD005523,P007,1,999
ITEM010142,ORD005524,P001,1,2499
ITEM010143,ORD005525,P003,1,1299
ITEM010144,ORD005525,P009,1,1499
ITEM010145,ORD005526,P001,1,2499
ITEM010146,ORD005527,P005,1,699
ITEM010147,ORD005528,P006,1,2999
ITEM010148,ORD005528,P010,1,899
ITEM010149,ORD005529,P001,1,2499
ITEM010150,ORD005529,P006,1,2999
ITEM010151,ORD005530,P006,1,2999
ITEM010152,ORD005530,P003,1,1299
ITEM010153,ORD005530,P005,1,699
ITEM010154,ORD005531,P004,1,499
ITEM010155,ORD005532,P006,1,2999
ITEM010156,ORD005532,P009,1,1499
ITEM010157,ORD005533,P010,1,899
ITEM010158,ORD005533,P007,1,999
ITEM010159,ORD005533,P009,1,1499
ITEM010160,ORD005534,P001,1,2499
ITEM010161,ORD005535,P005,1,699
ITEM010162,ORD005535,P001,1,2499
ITEM010163,ORD005536,P005,1,699
ITEM010164,ORD005537,P001,1,2499
ITEM010165,ORD005538,P008,1,1799
ITEM010166,ORD005538,P009,1,1499
ITEM010167,ORD005539,P008,1,1799
ITEM010168,ORD005540,P008,1,1799
ITEM010169,ORD005541,P001,1,2499
ITEM010170,ORD005541,P008,1,1799
ITEM010171,ORD005541,P010,1,899
ITEM010172,ORD005542,P001,1,2499
ITEM010173,ORD005542,P006,1,2999
ITEM010174,ORD005543,P003,1,1299
ITEM010175,ORD005544,P007,1,999
ITEM010176,ORD005544,P006,1,2999
ITEM010177,ORD005544,P005,1,699
ITEM010178,ORD005545,P004,1,499
ITEM010179,ORD005546,P001,1,2499
ITEM010180,ORD005546,P003,1,1299
ITEM010181,ORD005547,P001,1,2499
ITEM010182,ORD005547,P002,1,3999
ITEM010183,ORD005547,P010,1,899
ITEM010184,ORD005548,P010,1,899
ITEM010185,ORD005548,P006,1,2999
ITEM010186,ORD005548,P007,1,999
ITEM010187,ORD005549,P001,1,2499
ITEM010188,ORD005549,P007,1,999
ITEM010189,ORD005550,P007,1,999
ITEM010190,ORD005550,P004,1,499
ITEM010191,ORD005550,P001,1,2499
ITEM010192,ORD005551,P009,1,1499
ITEM010193,ORD005551,P010,1,899
ITEM010194,ORD005552,P003,1,1299
ITEM010195,ORD005553,P007,1,999
ITEM010196,ORD005554,P004,1,499
ITEM010197,ORD005554,P002,1,3999
ITEM010198,ORD005555,P001,1,2499
ITEM010199,ORD005555,P005,1,699
ITEM010200,ORD005555,P010,1,899
ITEM010201,ORD005556,P003,1,1299
ITEM010202,ORD005557,P001,1,2499
ITEM010203,ORD005557,P008,1,1799
ITEM010204,ORD005557,P002,1,3999
ITEM010205,ORD005558,P001,1,2499
ITEM010206,ORD005559,P004,1,499
ITEM010207,ORD005559,P001,1,2499
ITEM010208,ORD005559,P002,1,3999
ITEM010209,ORD005560,P004,1,499
ITEM010210,ORD005560,P003,1,1299
ITEM010211,ORD005560,P007,1,999
ITEM010212,ORD005561,P009,1,1499
ITEM010213,ORD005561,P004,1,499
ITEM010214,ORD005561,P007,1,999
ITEM010215,ORD005562,P001,1,2499
ITEM010216,ORD005562,P008,1,1799
ITEM010217,ORD005562,P010,1,899
ITEM010218,ORD005563,P001,1,2499
ITEM010219,ORD005563,P006,1,2999
ITEM010220,ORD005564,P008,1,1799
ITEM010221,ORD005565,P007,1,999
ITEM010222,ORD005565,P009,1,1499
ITEM010223,ORD005565,P008,1,1799
ITEM010224,ORD005566,P004,1,499
ITEM010225,ORD005566,P007,1,999
ITEM010226,ORD005567,P001,1,2499
ITEM010227,ORD005567,P003,1,1299
ITEM010228,ORD005568,P007,1,999
ITEM010229,ORD005568,P009,1,1499
ITEM010230,ORD005569,P006,1,2999
ITEM010231,ORD005570,P007,1,999
ITEM010232,ORD005570,P009,1,1499
ITEM010233,ORD005571,P007,1,999
ITEM010234,ORD005571,P006,1,2999
ITEM010235,ORD005572,P009,1,1499
ITEM010236,ORD005573,P007,1,999
ITEM010237,ORD005574,P001,1,2499
ITEM010238,ORD005574,P006,1,2999
ITEM010239,ORD005575,P006,1,2999
ITEM010240,ORD005576,P001,1,2499
ITEM010241,ORD005576,P002,1,3999
ITEM010242,ORD005577,P010,1,899
ITEM010243,ORD005578,P003,1,1299
ITEM010244,ORD005579,P003,1,1299
ITEM010245,ORD005579,P006,1,2999
ITEM010246,ORD005579,P010,1,899
ITEM010247,ORD005580,P002,1,3999
ITEM010248,ORD005580,P009,1,1499
ITEM010249,ORD005581,P007,1,999
ITEM010250,ORD005582,P010,1,899
ITEM010251,ORD005582,P009,1,1499
ITEM010252,ORD005582,P008,1,1799
ITEM010253,ORD005583,P007,1,999
ITEM010254,ORD005584,P001,1,2499
ITEM010255,ORD005585,P001,1,2499
ITEM010256,ORD005585,P003,1,1299
ITEM010257,ORD005586,P001,1,2499
ITEM010258,ORD005586,P009,1,1499
ITEM010259,ORD005587,P008,1,1799
ITEM010260,ORD005587,P003,1,1299
ITEM010261,ORD005588,P010,1,899
ITEM010262,ORD005588,P009,1,1499
ITEM010263,ORD005588,P006,1,2999
ITEM010264,ORD005589,P001,1,2499
ITEM010265,ORD005589,P004,1,499
ITEM010266,ORD005590,P009,1,1499
ITEM010267,ORD005590,P002,1,3999
ITEM010268,ORD005591,P008,1,1799
ITEM010269,ORD005591,P003,1,1299
ITEM010270,ORD005592,P005,1,699
ITEM010271,ORD005592,P007,1,999
ITEM010272,ORD005593,P005,1,699
ITEM010273,ORD005593,P006,1,2999
ITEM010274,ORD005593,P008,1,1799
ITEM010275,ORD005594,P005,1,699
ITEM010276,ORD005594,P002,1,3999
ITEM010277,ORD005595,P001,1,2499
ITEM010278,ORD005595,P009,1,1499
ITEM010279,ORD005596,P002,1,3999
ITEM010280,ORD005596,P007,1,999
ITEM010281,ORD005597,P001,1,2499
ITEM010282,ORD005598,P001,1,2499
ITEM010283,ORD005598,P009,1,1499
ITEM010284,ORD005598,P006,1,2999
ITEM010285,ORD005599,P007,1,999
ITEM010286,ORD005599,P001,1,2499
ITEM010287,ORD005600,P003,1,1299
ITEM010288,ORD005600,P005,1,699
ITEM010289,ORD005601,P005,1,699
ITEM010290,ORD005601,P008,1,1799
ITEM010291,ORD005602,P010,1,899
ITEM010292,ORD005602,P008,1,1799
ITEM010293,ORD005603,P008,1,1799
ITEM010294,ORD005603,P010,1,899
ITEM010295,ORD005603,P004,1,499
ITEM010296,ORD005604,P001,1,2499
ITEM010297,ORD005604,P009,1,1499
ITEM010298,ORD005605,P001,1,2499
ITEM010299,ORD005605,P007,1,999
ITEM010300,ORD005605,P010,1,899
ITEM010301,ORD005606,P009,1,1499
ITEM010302,ORD005607,P006,1,2999
ITEM010303,ORD005607,P002,1,3999
ITEM010304,ORD005608,P008,1,1799
ITEM010305,ORD005608,P007,1,999
ITEM010306,ORD005609,P003,1,1299
ITEM010307,ORD005609,P005,1,699
ITEM010308,ORD005609,P010,1,899
ITEM010309,ORD005610,P001,1,2499
ITEM010310,ORD005610,P006,1,2999
ITEM010311,ORD005611,P006,1,2999
ITEM010312,ORD005612,P004,1,499
ITEM010313,ORD005612,P010,1,899
ITEM010314,ORD005613,P001,1,2499
ITEM010315,ORD005613,P010,1,899
ITEM010316,ORD005613,P008,1,1799
ITEM010317,ORD005614,P001,1,2499
ITEM010318,ORD005614,P010,1,899
ITEM010319,ORD005615,P008,1,1799
ITEM010320,ORD005615,P002,1,3999
ITEM010321,ORD005615,P005,1,699
ITEM010322,ORD005616,P001,1,2499
ITEM010323,ORD005617,P001,1,2499
ITEM010324,ORD005617,P007,1,999
ITEM010325,ORD005617,P008,1,1799
ITEM010326,ORD005618,P001,1,2499
ITEM010327,ORD005618,P006,1,2999
ITEM010328,ORD005618,P004,1,499
ITEM010329,ORD005619,P005,1,699
ITEM010330,ORD005619,P010,1,899
ITEM010331,ORD005620,P001,1,2499
ITEM010332,ORD005620,P002,1,3999
ITEM010333,ORD005621,P001,1,2499
ITEM010334,ORD005621,P009,1,1499
ITEM010335,ORD005621,P008,1,1799
ITEM010336,ORD005622,P001,1,2499
ITEM010337,ORD005622,P007,1,999
ITEM010338,ORD005622,P004,1,499
ITEM010339,ORD005623,P003,1,1299
ITEM010340,ORD005623,P002,1,3999
ITEM010341,ORD005623,P009,1,1499
ITEM010342,ORD005624,P001,1,2499
ITEM010343,ORD005624,P008,1,1799
ITEM010344,ORD005625,P005,1,699
ITEM010345,ORD005625,P009,1,1499
ITEM010346,ORD005625,P002,1,3999
ITEM010347,ORD005626,P001,1,2499
ITEM010348,ORD005627,P005,1,699
ITEM010349,ORD005627,P003,1,1299
ITEM010350,ORD005627,P008,1,1799
ITEM010351,ORD005628,P003,1,1299
ITEM010352,ORD005628,P006,1,2999
ITEM010353,ORD005628,P002,1,3999
ITEM010354,ORD005629,P001,1,2499
ITEM010355,ORD005630,P001,1,2499
ITEM010356,ORD005630,P010,1,899
ITEM010357,ORD005630,P005,1,699
ITEM010358,ORD005631,P001,1,2499
ITEM010359,ORD005631,P004,1,499
ITEM010360,ORD005632,P010,1,899
ITEM010361,ORD005633,P008,1,1799
ITEM010362,ORD005634,P002,1,3999
ITEM010363,ORD005634,P005,1,699
ITEM010364,ORD005635,P006,1,2999
ITEM010365,ORD005635,P010,1,899
ITEM010366,ORD005636,P009,1,1499
ITEM010367,ORD005636,P005,1,699
ITEM010368,ORD005637,P009,1,1499
ITEM010369,ORD005638,P002,1,3999
ITEM010370,ORD005638,P007,1,999
ITEM010371,ORD005638,P008,1,1799
ITEM010372,ORD005639,P004,1,499
ITEM010373,ORD005640,P003,1,1299
ITEM010374,ORD005641,P010,1,899
ITEM010375,ORD005641,P008,1,1799
ITEM010376,ORD005642,P010,1,899
ITEM010377,ORD005642,P006,1,2999
ITEM010378,ORD005643,P001,1,2499
ITEM010379,ORD005644,P004,1,499
ITEM010380,ORD005645,P007,1,999
ITEM010381,ORD005646,P003,1,1299
ITEM010382,ORD005646,P007,1,999
ITEM010383,ORD005646,P008,1,1799
ITEM010384,ORD005647,P010,1,899
ITEM010385,ORD005648,P001,1,2499
ITEM010386,ORD005649,P001,1,2499
ITEM010387,ORD005649,P003,1,1299
ITEM010388,ORD005650,P003,1,1299
ITEM010389,ORD005651,P010,1,899
ITEM010390,ORD005651,P004,1,499
ITEM010391,ORD005652,P001,1,2499
ITEM010392,ORD005653,P004,1,499
ITEM010393,ORD005654,P001,1,2499
ITEM010394,ORD005654,P006,1,2999
ITEM010395,ORD005655,P001,1,2499
ITEM010396,ORD005655,P003,1,1299
ITEM010397,ORD005656,P003,1,1299
ITEM010398,ORD005657,P008,1,1799
ITEM010399,ORD005658,P003,1,1299
ITEM010400,ORD005658,P005,1,699
ITEM010401,ORD005659,P007,1,999
ITEM010402,ORD005659,P005,1,699
ITEM010403,ORD005659,P001,1,2499
ITEM010404,ORD005660,P007,1,999
ITEM010405,ORD005660,P010,1,899
ITEM010406,ORD005660,P006,1,2999
ITEM010407,ORD005661,P005,1,699
ITEM010408,ORD005662,P006,1,2999
ITEM010409,ORD005662,P003,1,1299
ITEM010410,ORD005663,P001,1,2499
ITEM010411,ORD005663,P009,1,1499
ITEM010412,ORD005664,P001,1,2499
ITEM010413,ORD005664,P009,1,1499
ITEM010414,ORD005665,P008,1,1799
ITEM010415,ORD005665,P001,1,2499
ITEM010416,ORD005666,P002,1,3999
ITEM010417,ORD005666,P009,1,1499
ITEM010418,ORD005667,P002,1,3999
ITEM010419,ORD005667,P010,1,899
ITEM010420,ORD005668,P009,1,1499
ITEM010421,ORD005668,P003,1,1299
ITEM010422,ORD005669,P002,1,3999
ITEM010423,ORD005670,P007,1,999
ITEM010424,ORD005670,P008,1,1799
ITEM010425,ORD005671,P009,1,1499
ITEM010426,ORD005671,P002,1,3999
ITEM010427,ORD005671,P005,1,699
ITEM010428,ORD005672,P001,1,2499
ITEM010429,ORD005673,P007,1,999
ITEM010430,ORD005674,P001,1,2499
ITEM010431,ORD005674,P002,1,3999
ITEM010432,ORD005675,P010,1,899
ITEM010433,ORD005676,P001,1,2499
ITEM010434,ORD005676,P003,1,1299
ITEM010435,ORD005676,P008,1,1799
ITEM010436,ORD005677,P001,1,2499
ITEM010437,ORD005677,P007,1,999
ITEM010438,ORD005678,P007,1,999
ITEM010439,ORD005678,P004,1,499
ITEM010440,ORD005679,P001,1,2499
ITEM010441,ORD005679,P003,1,1299
ITEM010442,ORD005680,P010,1,899
ITEM010443,ORD005680,P006,1,2999
ITEM010444,ORD005681,P004,1,499
ITEM010445,ORD005681,P001,1,2499
ITEM010446,ORD005682,P006,1,2999
ITEM010447,ORD005683,P001,1,2499
ITEM010448,ORD005684,P004,1,499
ITEM010449,ORD005684,P001,1,2499
ITEM010450,ORD005685,P007,1,999
ITEM010451,ORD005685,P004,1,499
ITEM010452,ORD005685,P005,1,699
ITEM010453,ORD005686,P009,1,1499
ITEM010454,ORD005687,P010,1,899
ITEM010455,ORD005688,P010,1,899
ITEM010456,ORD005689,P010,1,899
ITEM010457,ORD005689,P007,1,999
ITEM010458,ORD005690,P002,1,3999
ITEM010459,ORD005690,P004,1,499
ITEM010460,ORD005691,P007,1,999
ITEM010461,ORD005691,P001,1,2499
ITEM010462,ORD005691,P002,1,3999
ITEM010463,ORD005692,P002,1,3999
ITEM010464,ORD005693,P007,1,999
ITEM010465,ORD005693,P005,1,699
ITEM010466,ORD005694,P008,1,1799
ITEM010467,ORD005695,P010,1,899
ITEM010468,ORD005695,P009,1,1499
ITEM010469,ORD005696,P003,1,1299
ITEM010470,ORD005697,P010,1,899
ITEM010471,ORD005697,P009,1,1499
ITEM010472,ORD005698,P001,1,2499
ITEM010473,ORD005699,P006,1,2999
ITEM010474,ORD005700,P001,1,2499
ITEM010475,ORD005700,P009,1,1499
ITEM010476,ORD005701,P007,1,999
ITEM010477,ORD005701,P008,1,1799
ITEM010478,ORD005702,P009,1,1499
ITEM010479,ORD005702,P004,1,499
ITEM010480,ORD005702,P001,1,2499
ITEM010481,ORD005703,P008,1,1799
ITEM010482,ORD005703,P003,1,1299
ITEM010483,ORD005704,P008,1,1799
ITEM010484,ORD005704,P009,1,1499
ITEM010485,ORD005705,P001,1,2499
ITEM010486,ORD005705,P010,1,899
ITEM010487,ORD005706,P005,1,699
ITEM010488,ORD005706,P003,1,1299
ITEM010489,ORD005707,P001,1,2499
ITEM010490,ORD005707,P004,1,499
ITEM010491,ORD005708,P001,1,2499
ITEM010492,ORD005709,P002,1,3999
ITEM010493,ORD005709,P009,1,1499
ITEM010494,ORD005710,P010,1,899
ITEM010495,ORD005710,P003,1,1299
ITEM010496,ORD005711,P001,1,2499
ITEM010497,ORD005711,P004,1,499
ITEM010498,ORD005712,P005,1,699
ITEM010499,ORD005713,P004,1,499
ITEM010500,ORD005713,P001,1,2499
ITEM010501,ORD005714,P001,1,2499
ITEM010502,ORD005714,P010,1,899
ITEM010503,ORD005715,P001,1,2499
ITEM010504,ORD005715,P004,1,499
ITEM010505,ORD005716,P009,1,1499
ITEM010506,ORD005717,P006,1,2999
ITEM010507,ORD005718,P001,1,2499
ITEM010508,ORD005718,P008,1,1799
ITEM010509,ORD005718,P005,1,699
ITEM010510,ORD005719,P001,1,2499
ITEM010511,ORD005720,P001,1,2499
ITEM010512,ORD005720,P006,1,2999
ITEM010513,ORD005721,P001,1,2499
ITEM010514,ORD005721,P002,1,3999
ITEM010515,ORD005722,P009,1,1499
ITEM010516,ORD005722,P006,1,2999
ITEM010517,ORD005722,P008,1,1799
ITEM010518,ORD005723,P001,1,2499
ITEM010519,ORD005724,P001,1,2499
ITEM010520,ORD005725,P001,1,2499
ITEM010521,ORD005725,P003,1,1299
ITEM010522,ORD005726,P001,1,2499
ITEM010523,ORD005727,P003,1,1299
ITEM010524,ORD005727,P004,1,499
ITEM010525,ORD005727,P005,1,699
ITEM010526,ORD005728,P010,1,899
ITEM010527,ORD005728,P007,1,999
ITEM010528,ORD005729,P002,1,3999
ITEM010529,ORD005730,P005,1,699
ITEM010530,ORD005730,P003,1,1299
ITEM010531,ORD005731,P001,1,2499
ITEM010532,ORD005731,P004,1,499
ITEM010533,ORD005732,P003,1,1299
ITEM010534,ORD005732,P006,1,2999
ITEM010535,ORD005733,P001,1,2499
ITEM010536,ORD005734,P001,1,2499
ITEM010537,ORD005734,P006,1,2999
ITEM010538,ORD005735,P001,1,2499
ITEM010539,ORD005735,P004,1,499
ITEM010540,ORD005736,P001,1,2499
ITEM010541,ORD005737,P008,1,1799
ITEM010542,ORD005738,P003,1,1299
ITEM010543,ORD005738,P007,1,999
ITEM010544,ORD005739,P007,1,999
ITEM010545,ORD005740,P008,1,1799
ITEM010546,ORD005740,P009,1,1499
ITEM010547,ORD005740,P002,1,3999
ITEM010548,ORD005741,P001,1,2499
ITEM010549,ORD005741,P007,1,999
ITEM010550,ORD005741,P005,1,699
ITEM010551,ORD005742,P004,1,499
ITEM010552,ORD005742,P009,1,1499
ITEM010553,ORD005742,P008,1,1799
ITEM010554,ORD005743,P004,1,499
ITEM010555,ORD005743,P008,1,1799
ITEM010556,ORD005744,P009,1,1499
ITEM010557,ORD005744,P006,1,2999
ITEM010558,ORD005745,P003,1,1299
ITEM010559,ORD005746,P007,1,999
ITEM010560,ORD005746,P009,1,1499
ITEM010561,ORD005746,P006,1,2999
ITEM010562,ORD005747,P009,1,1499
ITEM010563,ORD005747,P001,1,2499
ITEM010564,ORD005748,P001,1,2499
ITEM010565,ORD005748,P009,1,1499
ITEM010566,ORD005748,P005,1,699
ITEM010567,ORD005749,P001,1,2499
ITEM010568,ORD005750,P006,1,2999
ITEM010569,ORD005750,P007,1,999
ITEM010570,ORD005751,P003,1,1299
ITEM010571,ORD005751,P006,1,2999
ITEM010572,ORD005752,P003,1,1299
ITEM010573,ORD005753,P008,1,1799
ITEM010574,ORD005753,P009,1,1499
ITEM010575,ORD005754,P010,1,899
ITEM010576,ORD005754,P005,1,699
ITEM010577,ORD005755,P001,1,2499
ITEM010578,ORD005755,P004,1,499
ITEM010579,ORD005755,P009,1,1499
ITEM010580,ORD005756,P001,1,2499
ITEM010581,ORD005756,P005,1,699
ITEM010582,ORD005757,P001,1,2499
ITEM010583,ORD005758,P009,1,1499
ITEM010584,ORD005759,P007,1,999
ITEM010585,ORD005759,P010,1,899
ITEM010586,ORD005759,P009,1,1499
ITEM010587,ORD005760,P010,1,899
ITEM010588,ORD005760,P007,1,999
ITEM010589,ORD005760,P006,1,2999
ITEM010590,ORD005761,P003,1,1299
ITEM010591,ORD005761,P007,1,999
ITEM010592,ORD005762,P002,1,3999
ITEM010593,ORD005762,P003,1,1299
ITEM010594,ORD005762,P010,1,899
ITEM010595,ORD005763,P003,1,1299
ITEM010596,ORD005764,P006,1,2999
ITEM010597,ORD005764,P005,1,699
ITEM010598,ORD005764,P009,1,1499
ITEM010599,ORD005765,P009,1,1499
ITEM010600,ORD005765,P006,1,2999
ITEM010601,ORD005765,P008,1,1799
ITEM010602,ORD005766,P005,1,699
ITEM010603,ORD005766,P009,1,1499
ITEM010604,ORD005767,P001,1,2499
ITEM010605,ORD005767,P008,1,1799
ITEM010606,ORD005768,P004,1,499
ITEM010607,ORD005769,P010,1,899
ITEM010608,ORD005770,P001,1,2499
ITEM010609,ORD005770,P003,1,1299
ITEM010610,ORD005770,P009,1,1499
ITEM010611,ORD005771,P010,1,899
ITEM010612,ORD005771,P003,1,1299
ITEM010613,ORD005771,P005,1,699
ITEM010614,ORD005772,P002,1,3999
ITEM010615,ORD005772,P003,1,1299
ITEM010616,ORD005773,P001,1,2499
ITEM010617,ORD005773,P009,1,1499
ITEM010618,ORD005774,P002,1,3999
ITEM010619,ORD005774,P004,1,499
ITEM010620,ORD005775,P001,1,2499
ITEM010621,ORD005775,P010,1,899
ITEM010622,ORD005775,P003,1,1299
ITEM010623,ORD005776,P001,1,2499
ITEM010624,ORD005776,P010,1,899
ITEM010625,ORD005777,P004,1,499
ITEM010626,ORD005777,P003,1,1299
ITEM010627,ORD005778,P002,1,3999
ITEM010628,ORD005778,P010,1,899
ITEM010629,ORD005779,P002,1,3999
ITEM010630,ORD005779,P001,1,2499
ITEM010631,ORD005780,P001,1,2499
ITEM010632,ORD005780,P008,1,1799
ITEM010633,ORD005780,P003,1,1299
ITEM010634,ORD005781,P001,1,2499
ITEM010635,ORD005781,P010,1,899
ITEM010636,ORD005782,P008,1,1799
ITEM010637,ORD005783,P001,1,2499
ITEM010638,ORD005783,P010,1,899
ITEM010639,ORD005784,P001,1,2499
ITEM010640,ORD005784,P010,1,899
ITEM010641,ORD005785,P003,1,1299
ITEM010642,ORD005785,P007,1,999
ITEM010643,ORD005785,P002,1,3999
ITEM010644,ORD005786,P005,1,699
ITEM010645,ORD005786,P007,1,999
ITEM010646,ORD005786,P006,1,2999
ITEM010647,ORD005787,P001,1,2499
ITEM010648,ORD005787,P007,1,999
ITEM010649,ORD005788,P008,1,1799
ITEM010650,ORD005788,P010,1,899
ITEM010651,ORD005789,P004,1,499
ITEM010652,ORD005789,P007,1,999
ITEM010653,ORD005790,P001,1,2499
ITEM010654,ORD005791,P007,1,999
ITEM010655,ORD005791,P005,1,699
ITEM010656,ORD005792,P010,1,899
ITEM010657,ORD005793,P001,1,2499
ITEM010658,ORD005793,P004,1,499
ITEM010659,ORD005794,P001,1,2499
ITEM010660,ORD005795,P005,1,699
ITEM010661,ORD005796,P007,1,999
ITEM010662,ORD005796,P002,1,3999
ITEM010663,ORD005797,P001,1,2499
ITEM010664,ORD005797,P004,1,499
ITEM010665,ORD005798,P001,1,2499
ITEM010666,ORD005798,P009,1,1499
ITEM010667,ORD005798,P006,1,2999
ITEM010668,ORD005799,P004,1,499
ITEM010669,ORD005799,P009,1,1499
ITEM010670,ORD005800,P006,1,2999
ITEM010671,ORD005801,P001,1,2499
ITEM010672,ORD005801,P002,1,3999
ITEM010673,ORD005802,P009,1,1499
ITEM010674,ORD005802,P002,1,3999
ITEM010675,ORD005803,P001,1,2499
ITEM010676,ORD005803,P006,1,2999
ITEM010677,ORD005804,P001,1,2499
ITEM010678,ORD005804,P009,1,1499
ITEM010679,ORD005805,P004,1,499
ITEM010680,ORD005805,P003,1,1299
ITEM010681,ORD005806,P005,1,699
ITEM010682,ORD005806,P009,1,1499
ITEM010683,ORD005806,P003,1,1299
ITEM010684,ORD005807,P010,1,899
ITEM010685,ORD005807,P008,1,1799
ITEM010686,ORD005807,P004,1,499
ITEM010687,ORD005808,P001,1,2499
ITEM010688,ORD005809,P004,1,499
ITEM010689,ORD005809,P003,1,1299
ITEM010690,ORD005810,P006,1,2999
ITEM010691,ORD005810,P008,1,1799
ITEM010692,ORD005811,P001,1,2499
ITEM010693,ORD005812,P006,1,2999
ITEM010694,ORD005812,P008,1,1799
ITEM010695,ORD005813,P002,1,3999
ITEM010696,ORD005814,P004,1,499
ITEM010697,ORD005814,P008,1,1799
ITEM010698,ORD005815,P010,1,899
ITEM010699,ORD005815,P007,1,999
ITEM010700,ORD005816,P007,1,999
ITEM010701,ORD005816,P001,1,2499
ITEM010702,ORD005817,P001,1,2499
ITEM010703,ORD005818,P001,1,2499
ITEM010704,ORD005819,P001,1,2499
ITEM010705,ORD005819,P009,1,1499
ITEM010706,ORD005820,P009,1,1499
ITEM010707,ORD005820,P003,1,1299
ITEM010708,ORD005821,P008,1,1799
ITEM010709,ORD005821,P005,1,699
ITEM010710,ORD005822,P004,1,499
ITEM010711,ORD005823,P007,1,999
ITEM010712,ORD005823,P006,1,2999
ITEM010713,ORD005823,P004,1,499
ITEM010714,ORD005824,P004,1,499
ITEM010715,ORD005824,P007,1,999
ITEM010716,ORD005825,P005,1,699
ITEM010717,ORD005825,P001,1,2499
ITEM010718,ORD005826,P002,1,3999
ITEM010719,ORD005826,P009,1,1499
ITEM010720,ORD005826,P005,1,699
ITEM010721,ORD005827,P008,1,1799
ITEM010722,ORD005827,P005,1,699
ITEM010723,ORD005828,P003,1,1299
ITEM010724,ORD005829,P009,1,1499
ITEM010725,ORD005830,P006,1,2999
ITEM010726,ORD005831,P010,1,899
ITEM010727,ORD005832,P008,1,1799
ITEM010728,ORD005833,P001,1,2499
ITEM010729,ORD005834,P003,1,1299
ITEM010730,ORD005834,P010,1,899
ITEM010731,ORD005835,P001,1,2499
ITEM010732,ORD005835,P008,1,1799
ITEM010733,ORD005836,P003,1,1299
ITEM010734,ORD005836,P007,1,999
ITEM010735,ORD005837,P006,1,2999
ITEM010736,ORD005838,P003,1,1299
ITEM010737,ORD005839,P009,1,1499
ITEM010738,ORD005839,P010,1,899
ITEM010739,ORD005840,P002,1,3999
ITEM010740,ORD005840,P003,1,1299
ITEM010741,ORD005841,P002,1,3999
ITEM010742,ORD005841,P005,1,699
ITEM010743,ORD005842,P005,1,699
ITEM010744,ORD005842,P001,1,2499
ITEM010745,ORD005843,P009,1,1499
ITEM010746,ORD005844,P001,1,2499
ITEM010747,ORD005845,P006,1,2999
ITEM010748,ORD005845,P001,1,2499
ITEM010749,ORD005846,P001,1,2499
ITEM010750,ORD005847,P008,1,1799
ITEM010751,ORD005847,P006,1,2999
ITEM010752,ORD005847,P001,1,2499
ITEM010753,ORD005848,P008,1,1799
ITEM010754,ORD005849,P003,1,1299
ITEM010755,ORD005849,P002,1,3999
ITEM010756,ORD005849,P005,1,699
ITEM010757,ORD005850,P001,1,2499
ITEM010758,ORD005850,P004,1,499
ITEM010759,ORD005851,P006,1,2999
ITEM010760,ORD005852,P008,1,1799
ITEM010761,ORD005852,P009,1,1499
ITEM010762,ORD005852,P006,1,2999
ITEM010763,ORD005853,P001,1,2499
ITEM010764,ORD005853,P003,1,1299
ITEM010765,ORD005854,P006,1,2999
ITEM010766,ORD005854,P002,1,3999
ITEM010767,ORD005855,P010,1,899
ITEM010768,ORD005856,P001,1,2499
ITEM010769,ORD005856,P007,1,999
ITEM010770,ORD005857,P008,1,1799
ITEM010771,ORD005858,P001,1,2499
ITEM010772,ORD005858,P009,1,1499
ITEM010773,ORD005859,P001,1,2499
ITEM010774,ORD005860,P006,1,2999
ITEM010775,ORD005861,P005,1,699
ITEM010776,ORD005862,P001,1,2499
ITEM010777,ORD005863,P001,1,2499
ITEM010778,ORD005863,P002,1,3999
ITEM010779,ORD005863,P007,1,999
ITEM010780,ORD005864,P007,1,999
ITEM010781,ORD005865,P010,1,899
ITEM010782,ORD005865,P009,1,1499
ITEM010783,ORD005865,P007,1,999
ITEM010784,ORD005866,P004,1,499
ITEM010785,ORD005867,P003,1,1299
ITEM010786,ORD005868,P005,1,699
ITEM010787,ORD005868,P003,1,1299
ITEM010788,ORD005868,P002,1,3999
ITEM010789,ORD005869,P006,1,2999
ITEM010790,ORD005870,P001,1,2499
ITEM010791,ORD005870,P004,1,499
ITEM010792,ORD005870,P003,1,1299
ITEM010793,ORD005871,P001,1,2499
ITEM010794,ORD005872,P001,1,2499
ITEM010795,ORD005872,P010,1,899
ITEM010796,ORD005872,P007,1,999
ITEM010797,ORD005873,P005,1,699
ITEM010798,ORD005873,P010,1,899
ITEM010799,ORD005874,P001,1,2499
ITEM010800,ORD005875,P001,1,2499
ITEM010801,ORD005876,P001,1,2499
ITEM010802,ORD005876,P006,1,2999
ITEM010803,ORD005876,P005,1,699
ITEM010804,ORD005877,P007,1,999
ITEM010805,ORD005877,P005,1,699
ITEM010806,ORD005877,P008,1,1799
ITEM010807,ORD005878,P009,1,1499
ITEM010808,ORD005878,P007,1,999
ITEM010809,ORD005879,P001,1,2499
ITEM010810,ORD005880,P001,1,2499
ITEM010811,ORD005881,P001,1,2499
ITEM010812,ORD005881,P004,1,499
ITEM010813,ORD005882,P006,1,2999
ITEM010814,ORD005883,P005,1,699
ITEM010815,ORD005883,P006,1,2999
ITEM010816,ORD005884,P009,1,1499
ITEM010817,ORD005884,P002,1,3999
ITEM010818,ORD005885,P006,1,2999
ITEM010819,ORD005885,P002,1,3999
ITEM010820,ORD005886,P005,1,699
ITEM010821,ORD005887,P004,1,499
ITEM010822,ORD005887,P001,1,2499
ITEM010823,ORD005888,P004,1,499
ITEM010824,ORD005889,P002,1,3999
ITEM010825,ORD005889,P010,1,899
ITEM010826,ORD005890,P001,1,2499
ITEM010827,ORD005891,P006,1,2999
ITEM010828,ORD005892,P001,1,2499
ITEM010829,ORD005893,P008,1,1799
ITEM010830,ORD005894,P001,1,2499
ITEM010831,ORD005894,P007,1,999
ITEM010832,ORD005895,P006,1,2999
ITEM010833,ORD005895,P003,1,1299
ITEM010834,ORD005896,P009,1,1499
ITEM010835,ORD005897,P008,1,1799
ITEM010836,ORD005897,P005,1,699
ITEM010837,ORD005898,P006,1,2999
ITEM010838,ORD005898,P008,1,1799
ITEM010839,ORD005899,P010,1,899
ITEM010840,ORD005899,P004,1,499
ITEM010841,ORD005900,P003,1,1299
ITEM010842,ORD005900,P001,1,2499
ITEM010843,ORD005900,P002,1,3999
ITEM010844,ORD005901,P001,1,2499
ITEM010845,ORD005901,P009,1,1499
ITEM010846,ORD005902,P010,1,899
ITEM010847,ORD005902,P007,1,999
ITEM010848,ORD005903,P002,1,3999
ITEM010849,ORD005903,P008,1,1799
ITEM010850,ORD005904,P006,1,2999
ITEM010851,ORD005904,P005,1,699
ITEM010852,ORD005905,P003,1,1299
ITEM010853,ORD005905,P009,1,1499
ITEM010854,ORD005906,P009,1,1499
ITEM010855,ORD005907,P005,1,699
ITEM010856,ORD005907,P008,1,1799
ITEM010857,ORD005908,P001,1,2499
ITEM010858,ORD005908,P005,1,699
ITEM010859,ORD005908,P010,1,899
ITEM010860,ORD005909,P006,1,2999
ITEM010861,ORD005910,P007,1,999
ITEM010862,ORD005910,P006,1,2999
ITEM010863,ORD005911,P009,1,1499
ITEM010864,ORD005912,P008,1,1799
ITEM010865,ORD005913,P001,1,2499
ITEM010866,ORD005913,P004,1,499
ITEM010867,ORD005913,P006,1,2999
ITEM010868,ORD005914,P003,1,1299
ITEM010869,ORD005915,P006,1,2999
ITEM010870,ORD005915,P005,1,699
ITEM010871,ORD005916,P005,1,699
ITEM010872,ORD005917,P002,1,3999
ITEM010873,ORD005917,P004,1,499
ITEM010874,ORD005918,P001,1,2499
ITEM010875,ORD005919,P005,1,699
ITEM010876,ORD005919,P006,1,2999
ITEM010877,ORD005920,P005,1,699
ITEM010878,ORD005920,P002,1,3999
ITEM010879,ORD005920,P008,1,1799
ITEM010880,ORD005921,P003,1,1299
ITEM010881,ORD005921,P008,1,1799
ITEM010882,ORD005922,P007,1,999
ITEM010883,ORD005922,P006,1,2999
ITEM010884,ORD005923,P006,1,2999
ITEM010885,ORD005923,P009,1,1499
ITEM010886,ORD005924,P010,1,899
ITEM010887,ORD005925,P001,1,2499
ITEM010888,ORD005925,P004,1,499
ITEM010889,ORD005926,P001,1,2499
ITEM010890,ORD005926,P008,1,1799
ITEM010891,ORD005927,P008,1,1799
ITEM010892,ORD005927,P001,1,2499
ITEM010893,ORD005928,P001,1,2499
ITEM010894,ORD005928,P002,1,3999
ITEM010895,ORD005929,P002,1,3999
ITEM010896,ORD005930,P007,1,999
ITEM010897,ORD005930,P005,1,699
ITEM010898,ORD005931,P001,1,2499
ITEM010899,ORD005931,P009,1,1499
ITEM010900,ORD005931,P005,1,699
ITEM010901,ORD005932,P005,1,699
ITEM010902,ORD005932,P010,1,899
ITEM010903,ORD005932,P009,1,1499
ITEM010904,ORD005933,P001,1,2499
ITEM010905,ORD005933,P005,1,699
ITEM010906,ORD005934,P007,1,999
ITEM010907,ORD005934,P008,1,1799
ITEM010908,ORD005935,P002,1,3999
ITEM010909,ORD005935,P008,1,1799
ITEM010910,ORD005935,P004,1,499
ITEM010911,ORD005936,P009,1,1499
ITEM010912,ORD005936,P001,1,2499
ITEM010913,ORD005937,P006,1,2999
ITEM010914,ORD005937,P010,1,899
ITEM010915,ORD005938,P009,1,1499
ITEM010916,ORD005939,P004,1,499
ITEM010917,ORD005939,P010,1,899
ITEM010918,ORD005940,P002,1,3999
ITEM010919,ORD005941,P006,1,2999
ITEM010920,ORD005941,P007,1,999
ITEM010921,ORD005942,P001,1,2499
ITEM010922,ORD005942,P009,1,1499
ITEM010923,ORD005943,P008,1,1799
ITEM010924,ORD005944,P008,1,1799
ITEM010925,ORD005944,P004,1,499
ITEM010926,ORD005945,P001,1,2499
ITEM010927,ORD005945,P010,1,899
ITEM010928,ORD005946,P008,1,1799
ITEM010929,ORD005946,P009,1,1499
ITEM010930,ORD005947,P004,1,499
ITEM010931,ORD005947,P009,1,1499
ITEM010932,ORD005947,P005,1,699
ITEM010933,ORD005948,P009,1,1499
ITEM010934,ORD005948,P007,1,999
ITEM010935,ORD005949,P001,1,2499
ITEM010936,ORD005949,P009,1,1499
ITEM010937,ORD005950,P001,1,2499
ITEM010938,ORD005950,P005,1,699
ITEM010939,ORD005951,P001,1,2499
ITEM010940,ORD005952,P010,1,899
ITEM010941,ORD005953,P008,1,1799
ITEM010942,ORD005953,P009,1,1499
ITEM010943,ORD005953,P006,1,2999
ITEM010944,ORD005954,P008,1,1799
ITEM010945,ORD005954,P003,1,1299
ITEM010946,ORD005955,P008,1,1799
ITEM010947,ORD005955,P002,1,3999
ITEM010948,ORD005956,P005,1,699
ITEM010949,ORD005957,P001,1,2499
ITEM010950,ORD005957,P006,1,2999
ITEM010951,ORD005958,P007,1,999
ITEM010952,ORD005958,P003,1,1299
ITEM010953,ORD005958,P001,1,2499
ITEM010954,ORD005959,P001,1,2499
ITEM010955,ORD005959,P010,1,899
ITEM010956,ORD005960,P003,1,1299
ITEM010957,ORD005961,P001,1,2499
ITEM010958,ORD005962,P001,1,2499
ITEM010959,ORD005963,P001,1,2499
ITEM010960,ORD005963,P006,1,2999
ITEM010961,ORD005964,P001,1,2499
ITEM010962,ORD005964,P004,1,499
ITEM010963,ORD005964,P010,1,899
ITEM010964,ORD005965,P004,1,499
ITEM010965,ORD005965,P005,1,699
ITEM010966,ORD005966,P005,1,699
ITEM010967,ORD005966,P006,1,2999
ITEM010968,ORD005967,P001,1,2499
ITEM010969,ORD005968,P001,1,2499
ITEM010970,ORD005968,P004,1,499
ITEM010971,ORD005969,P008,1,1799
ITEM010972,ORD005969,P005,1,699
ITEM010973,ORD005970,P005,1,699
ITEM010974,ORD005970,P003,1,1299
ITEM010975,ORD005971,P007,1,999
ITEM010976,ORD005971,P006,1,2999
ITEM010977,ORD005972,P001,1,2499
ITEM010978,ORD005972,P004,1,499
ITEM010979,ORD005972,P008,1,1799
ITEM010980,ORD005973,P001,1,2499
ITEM010981,ORD005973,P006,1,2999
ITEM010982,ORD005973,P010,1,899
ITEM010983,ORD005974,P003,1,1299
ITEM010984,ORD005975,P001,1,2499
ITEM010985,ORD005975,P004,1,499
ITEM010986,ORD005976,P007,1,999
ITEM010987,ORD005976,P006,1,2999
ITEM010988,ORD005977,P001,1,2499
ITEM010989,ORD005978,P004,1,499
ITEM010990,ORD005979,P004,1,499
ITEM010991,ORD005979,P009,1,1499
ITEM010992,ORD005980,P006,1,2999
ITEM010993,ORD005981,P004,1,499
ITEM010994,ORD005982,P010,1,899
ITEM010995,ORD005982,P002,1,3999
ITEM010996,ORD005982,P009,1,1499
ITEM010997,ORD005983,P001,1,2499
ITEM010998,ORD005983,P010,1,899
ITEM010999,ORD005983,P004,1,499
ITEM011000,ORD005984,P005,1,699
ITEM011001,ORD005984,P004,1,499
ITEM011002,ORD005985,P004,1,499
ITEM011003,ORD005985,P003,1,1299
ITEM011004,ORD005986,P001,1,2499
ITEM011005,ORD005986,P006,1,2999
ITEM011006,ORD005987,P001,1,2499
ITEM011007,ORD005987,P004,1,499
ITEM011008,ORD005988,P002,1,3999
ITEM011009,ORD005988,P010,1,899
ITEM011010,ORD005988,P006,1,2999
ITEM011011,ORD005989,P001,1,2499
ITEM011012,ORD005989,P005,1,699
ITEM011013,ORD005990,P009,1,1499
ITEM011014,ORD005991,P004,1,499
ITEM011015,ORD005991,P001,1,2499
ITEM011016,ORD005992,P004,1,499
ITEM011017,ORD005993,P001,1,2499
ITEM011018,ORD005994,P001,1,2499
ITEM011019,ORD005994,P008,1,1799
ITEM011020,ORD005995,P009,1,1499
ITEM011021,ORD005996,P005,1,699
ITEM011022,ORD005997,P002,1,3999
ITEM011023,ORD005997,P007,1,999
ITEM011024,ORD005998,P008,1,1799
ITEM011025,ORD005998,P007,1,999
ITEM011026,ORD005998,P003,1,1299
ITEM011027,ORD005999,P001,1,2499
ITEM011028,ORD006000,P001,1,2499
ITEM011029,ORD006000,P008,1,1799
ITEM011030,ORD006000,P005,1,699
ITEM011031,ORD006001,P010,1,899
ITEM011032,ORD006001,P004,1,499
ITEM011033,ORD006002,P006,1,2999
ITEM011034,ORD006002,P003,1,1299
ITEM011035,ORD006003,P001,1,2499
ITEM011036,ORD006003,P009,1,1499
ITEM011037,ORD006004,P004,1,499
ITEM011038,ORD006004,P010,1,899
ITEM011039,ORD006005,P001,1,2499
ITEM011040,ORD006005,P010,1,899
ITEM011041,ORD006006,P005,1,699
ITEM011042,ORD006006,P004,1,499
ITEM011043,ORD006007,P001,1,2499
ITEM011044,ORD006007,P006,1,2999
ITEM011045,ORD006007,P002,1,3999
ITEM011046,ORD006008,P007,1,999
ITEM011047,ORD006008,P001,1,2499
ITEM011048,ORD006008,P005,1,699
ITEM011049,ORD006009,P002,1,3999
ITEM011050,ORD006010,P001,1,2499
ITEM011051,ORD006010,P010,1,899
ITEM011052,ORD006011,P001,1,2499
ITEM011053,ORD006011,P002,1,3999
ITEM011054,ORD006012,P002,1,3999
ITEM011055,ORD006012,P006,1,2999
ITEM011056,ORD006013,P002,1,3999
ITEM011057,ORD006013,P001,1,2499
ITEM011058,ORD006013,P010,1,899
ITEM011059,ORD006014,P004,1,499
ITEM011060,ORD006015,P005,1,699
ITEM011061,ORD006015,P004,1,499
ITEM011062,ORD006015,P003,1,1299
ITEM011063,ORD006016,P004,1,499
ITEM011064,ORD006016,P008,1,1799
ITEM011065,ORD006017,P010,1,899
ITEM011066,ORD006017,P004,1,499
ITEM011067,ORD006017,P002,1,3999
ITEM011068,ORD006018,P004,1,499
ITEM011069,ORD006019,P007,1,999
ITEM011070,ORD006019,P009,1,1499
ITEM011071,ORD006020,P005,1,699
ITEM011072,ORD006021,P007,1,999
ITEM011073,ORD006021,P008,1,1799
ITEM011074,ORD006022,P006,1,2999
ITEM011075,ORD006023,P001,1,2499
ITEM011076,ORD006023,P006,1,2999
ITEM011077,ORD006024,P001,1,2499
ITEM011078,ORD006025,P001,1,2499
ITEM011079,ORD006026,P005,1,699
ITEM011080,ORD006027,P004,1,499
ITEM011081,ORD006028,P005,1,699
ITEM011082,ORD006029,P006,1,2999
ITEM011083,ORD006030,P004,1,499
ITEM011084,ORD006031,P001,1,2499
ITEM011085,ORD006031,P003,1,1299
ITEM011086,ORD006031,P005,1,699
ITEM011087,ORD006032,P005,1,699
ITEM011088,ORD006032,P003,1,1299
ITEM011089,ORD006032,P009,1,1499
ITEM011090,ORD006033,P005,1,699
ITEM011091,ORD006033,P001,1,2499
ITEM011092,ORD006034,P009,1,1499
ITEM011093,ORD006034,P008,1,1799
ITEM011094,ORD006035,P010,1,899
ITEM011095,ORD006035,P005,1,699
ITEM011096,ORD006036,P001,1,2499
ITEM011097,ORD006036,P009,1,1499
ITEM011098,ORD006036,P003,1,1299
ITEM011099,ORD006037,P004,1,499
ITEM011100,ORD006037,P009,1,1499
ITEM011101,ORD006038,P004,1,499
ITEM011102,ORD006038,P002,1,3999
ITEM011103,ORD006039,P010,1,899
ITEM011104,ORD006039,P009,1,1499
ITEM011105,ORD006040,P001,1,2499
ITEM011106,ORD006040,P004,1,499
ITEM011107,ORD006041,P005,1,699
ITEM011108,ORD006041,P008,1,1799
ITEM011109,ORD006042,P001,1,2499
ITEM011110,ORD006042,P004,1,499
ITEM011111,ORD006043,P001,1,2499
ITEM011112,ORD006043,P009,1,1499
ITEM011113,ORD006043,P007,1,999
ITEM011114,ORD006044,P003,1,1299
ITEM011115,ORD006044,P001,1,2499
ITEM011116,ORD006044,P002,1,3999
ITEM011117,ORD006045,P001,1,2499
ITEM011118,ORD006046,P001,1,2499
ITEM011119,ORD006046,P003,1,1299
ITEM011120,ORD006047,P002,1,3999
ITEM011121,ORD006048,P010,1,899
ITEM011122,ORD006048,P001,1,2499
ITEM011123,ORD006048,P007,1,999
ITEM011124,ORD006049,P008,1,1799
ITEM011125,ORD006049,P006,1,2999
ITEM011126,ORD006050,P010,1,899
ITEM011127,ORD006050,P009,1,1499
ITEM011128,ORD006051,P004,1,499
ITEM011129,ORD006051,P010,1,899
ITEM011130,ORD006051,P001,1,2499
ITEM011131,ORD006052,P009,1,1499
ITEM011132,ORD006053,P002,1,3999
ITEM011133,ORD006053,P010,1,899
ITEM011134,ORD006054,P001,1,2499
ITEM011135,ORD006054,P008,1,1799
ITEM011136,ORD006054,P007,1,999
ITEM011137,ORD006055,P001,1,2499
ITEM011138,ORD006055,P004,1,499
ITEM011139,ORD006056,P001,1,2499
ITEM011140,ORD006057,P009,1,1499
ITEM011141,ORD006057,P002,1,3999
ITEM011142,ORD006057,P010,1,899
ITEM011143,ORD006058,P001,1,2499
ITEM011144,ORD006059,P010,1,899
ITEM011145,ORD006059,P006,1,2999
ITEM011146,ORD006060,P006,1,2999
ITEM011147,ORD006060,P001,1,2499
ITEM011148,ORD006061,P001,1,2499
ITEM011149,ORD006062,P008,1,1799
ITEM011150,ORD006063,P002,1,3999
ITEM011151,ORD006063,P004,1,499
ITEM011152,ORD006063,P001,1,2499
ITEM011153,ORD006064,P006,1,2999
ITEM011154,ORD006064,P005,1,699
ITEM011155,ORD006065,P001,1,2499
ITEM011156,ORD006065,P006,1,2999
ITEM011157,ORD006066,P003,1,1299
ITEM011158,ORD006067,P001,1,2499
ITEM011159,ORD006067,P003,1,1299
ITEM011160,ORD006068,P005,1,699
ITEM011161,ORD006069,P001,1,2499
ITEM011162,ORD006069,P010,1,899
ITEM011163,ORD006070,P001,1,2499
ITEM011164,ORD006070,P008,1,1799
ITEM011165,ORD006071,P004,1,499
ITEM011166,ORD006071,P006,1,2999
ITEM011167,ORD006071,P009,1,1499
ITEM011168,ORD006072,P001,1,2499
ITEM011169,ORD006073,P001,1,2499
ITEM011170,ORD006073,P010,1,899
ITEM011171,ORD006074,P009,1,1499
ITEM011172,ORD006075,P002,1,3999
ITEM011173,ORD006075,P006,1,2999
ITEM011174,ORD006076,P007,1,999
ITEM011175,ORD006076,P010,1,899
ITEM011176,ORD006076,P005,1,699
ITEM011177,ORD006077,P010,1,899
ITEM011178,ORD006077,P007,1,999
ITEM011179,ORD006077,P001,1,2499
ITEM011180,ORD006078,P001,1,2499
ITEM011181,ORD006079,P001,1,2499
ITEM011182,ORD006080,P009,1,1499
ITEM011183,ORD006081,P001,1,2499
ITEM011184,ORD006081,P010,1,899
ITEM011185,ORD006082,P001,1,2499
ITEM011186,ORD006083,P007,1,999
ITEM011187,ORD006083,P001,1,2499
ITEM011188,ORD006084,P002,1,3999
ITEM011189,ORD006084,P003,1,1299
ITEM011190,ORD006085,P001,1,2499
ITEM011191,ORD006085,P002,1,3999
ITEM011192,ORD006086,P004,1,499
ITEM011193,ORD006086,P008,1,1799
ITEM011194,ORD006087,P001,1,2499
ITEM011195,ORD006088,P007,1,999
ITEM011196,ORD006088,P005,1,699
ITEM011197,ORD006089,P004,1,499
ITEM011198,ORD006090,P006,1,2999
ITEM011199,ORD006091,P001,1,2499
ITEM011200,ORD006092,P002,1,3999
ITEM011201,ORD006092,P003,1,1299
ITEM011202,ORD006092,P006,1,2999
ITEM011203,ORD006093,P001,1,2499
ITEM011204,ORD006093,P005,1,699
ITEM011205,ORD006093,P008,1,1799
ITEM011206,ORD006094,P001,1,2499
ITEM011207,ORD006095,P001,1,2499
ITEM011208,ORD006096,P001,1,2499
ITEM011209,ORD006097,P006,1,2999
ITEM011210,ORD006097,P001,1,2499
ITEM011211,ORD006098,P002,1,3999
ITEM011212,ORD006099,P001,1,2499
ITEM011213,ORD006099,P009,1,1499
ITEM011214,ORD006100,P001,1,2499
ITEM011215,ORD006100,P004,1,499
ITEM011216,ORD006101,P009,1,1499
ITEM011217,ORD006101,P006,1,2999
ITEM011218,ORD006101,P004,1,499
ITEM011219,ORD006102,P005,1,699
ITEM011220,ORD006102,P001,1,2499
ITEM011221,ORD006102,P006,1,2999
ITEM011222,ORD006103,P004,1,499
ITEM011223,ORD006104,P005,1,699
ITEM011224,ORD006105,P001,1,2499
ITEM011225,ORD006105,P002,1,3999
ITEM011226,ORD006105,P003,1,1299
ITEM011227,ORD006106,P006,1,2999
ITEM011228,ORD006106,P007,1,999
ITEM011229,ORD006107,P006,1,2999
ITEM011230,ORD006108,P001,1,2499
ITEM011231,ORD006108,P004,1,499
ITEM011232,ORD006109,P008,1,1799
ITEM011233,ORD006110,P002,1,3999
ITEM011234,ORD006110,P005,1,699
ITEM011235,ORD006111,P005,1,699
ITEM011236,ORD006111,P001,1,2499
ITEM011237,ORD006112,P002,1,3999
ITEM011238,ORD006112,P001,1,2499
ITEM011239,ORD006113,P001,1,2499
ITEM011240,ORD006113,P005,1,699
ITEM011241,ORD006113,P003,1,1299
ITEM011242,ORD006114,P001,1,2499
ITEM011243,ORD006114,P009,1,1499
ITEM011244,ORD006115,P002,1,3999
ITEM011245,ORD006115,P008,1,1799
ITEM011246,ORD006116,P001,1,2499
ITEM011247,ORD006116,P009,1,1499
ITEM011248,ORD006117,P001,1,2499
ITEM011249,ORD006117,P009,1,1499
ITEM011250,ORD006118,P001,1,2499
ITEM011251,ORD006118,P004,1,499
ITEM011252,ORD006118,P002,1,3999
ITEM011253,ORD006119,P010,1,899
ITEM011254,ORD006119,P008,1,1799
ITEM011255,ORD006120,P003,1,1299
ITEM011256,ORD006120,P008,1,1799
ITEM011257,ORD006121,P008,1,1799
ITEM011258,ORD006121,P005,1,699
ITEM011259,ORD006121,P004,1,499
ITEM011260,ORD006122,P002,1,3999
ITEM011261,ORD006122,P003,1,1299
ITEM011262,ORD006123,P009,1,1499
ITEM011263,ORD006123,P003,1,1299
ITEM011264,ORD006123,P002,1,3999
ITEM011265,ORD006124,P008,1,1799
ITEM011266,ORD006124,P010,1,899
ITEM011267,ORD006125,P002,1,3999
ITEM011268,ORD006125,P009,1,1499
ITEM011269,ORD006125,P007,1,999
ITEM011270,ORD006126,P001,1,2499
ITEM011271,ORD006126,P008,1,1799
ITEM011272,ORD006126,P009,1,1499
ITEM011273,ORD006127,P001,1,2499
ITEM011274,ORD006127,P004,1,499
ITEM011275,ORD006128,P001,1,2499
ITEM011276,ORD006128,P003,1,1299
ITEM011277,ORD006128,P009,1,1499
ITEM011278,ORD006129,P001,1,2499
ITEM011279,ORD006129,P005,1,699
ITEM011280,ORD006130,P004,1,499
ITEM011281,ORD006130,P006,1,2999
ITEM011282,ORD006131,P001,1,2499
ITEM011283,ORD006131,P008,1,1799
ITEM011284,ORD006131,P002,1,3999
ITEM011285,ORD006132,P001,1,2499
ITEM011286,ORD006133,P007,1,999
ITEM011287,ORD006133,P003,1,1299
ITEM011288,ORD006134,P008,1,1799
ITEM011289,ORD006134,P002,1,3999
ITEM011290,ORD006135,P001,1,2499
ITEM011291,ORD006135,P002,1,3999
ITEM011292,ORD006135,P006,1,2999
ITEM011293,ORD006136,P001,1,2499
ITEM011294,ORD006137,P001,1,2499
ITEM011295,ORD006138,P007,1,999
ITEM011296,ORD006139,P001,1,2499
ITEM011297,ORD006139,P008,1,1799
ITEM011298,ORD006139,P004,1,499
ITEM011299,ORD006140,P001,1,2499
ITEM011300,ORD006140,P002,1,3999
ITEM011301,ORD006141,P001,1,2499
ITEM011302,ORD006142,P008,1,1799
ITEM011303,ORD006142,P006,1,2999
ITEM011304,ORD006143,P007,1,999
ITEM011305,ORD006144,P008,1,1799
ITEM011306,ORD006144,P006,1,2999
ITEM011307,ORD006144,P009,1,1499
ITEM011308,ORD006145,P003,1,1299
ITEM011309,ORD006146,P008,1,1799
ITEM011310,ORD006146,P003,1,1299
ITEM011311,ORD006146,P001,1,2499
ITEM011312,ORD006147,P006,1,2999
ITEM011313,ORD006147,P003,1,1299
ITEM011314,ORD006148,P001,1,2499
ITEM011315,ORD006149,P001,1,2499
ITEM011316,ORD006150,P008,1,1799
ITEM011317,ORD006151,P002,1,3999
ITEM011318,ORD006151,P006,1,2999
ITEM011319,ORD006151,P001,1,2499
ITEM011320,ORD006152,P006,1,2999
ITEM011321,ORD006153,P007,1,999
ITEM011322,ORD006153,P009,1,1499
ITEM011323,ORD006154,P003,1,1299
ITEM011324,ORD006155,P007,1,999
ITEM011325,ORD006155,P004,1,499
ITEM011326,ORD006156,P002,1,3999
ITEM011327,ORD006156,P005,1,699
ITEM011328,ORD006157,P003,1,1299
ITEM011329,ORD006157,P006,1,2999
ITEM011330,ORD006158,P001,1,2499
ITEM011331,ORD006159,P001,1,2499
ITEM011332,ORD006160,P001,1,2499
ITEM011333,ORD006160,P002,1,3999
ITEM011334,ORD006160,P010,1,899
ITEM011335,ORD006161,P001,1,2499
ITEM011336,ORD006162,P001,1,2499
ITEM011337,ORD006162,P008,1,1799
ITEM011338,ORD006163,P004,1,499
ITEM011339,ORD006163,P006,1,2999
ITEM011340,ORD006164,P005,1,699
ITEM011341,ORD006164,P007,1,999
ITEM011342,ORD006164,P010,1,899
ITEM011343,ORD006165,P001,1,2499
ITEM011344,ORD006165,P009,1,1499
ITEM011345,ORD006166,P001,1,2499
ITEM011346,ORD006167,P001,1,2499
ITEM011347,ORD006168,P009,1,1499
ITEM011348,ORD006169,P001,1,2499
ITEM011349,ORD006170,P001,1,2499
ITEM011350,ORD006170,P007,1,999
ITEM011351,ORD006171,P002,1,3999
ITEM011352,ORD006171,P005,1,699
ITEM011353,ORD006172,P004,1,499
ITEM011354,ORD006172,P007,1,999
ITEM011355,ORD006173,P009,1,1499
ITEM011356,ORD006174,P001,1,2499
ITEM011357,ORD006174,P010,1,899
ITEM011358,ORD006175,P001,1,2499
ITEM011359,ORD006176,P005,1,699
ITEM011360,ORD006177,P001,1,2499
ITEM011361,ORD006177,P005,1,699
ITEM011362,ORD006178,P001,1,2499
ITEM011363,ORD006178,P010,1,899
ITEM011364,ORD006178,P008,1,1799
ITEM011365,ORD006179,P001,1,2499
ITEM011366,ORD006180,P009,1,1499
ITEM011367,ORD006180,P010,1,899
ITEM011368,ORD006181,P008,1,1799
ITEM011369,ORD006181,P010,1,899
ITEM011370,ORD006182,P008,1,1799
ITEM011371,ORD006182,P007,1,999
ITEM011372,ORD006183,P001,1,2499
ITEM011373,ORD006184,P001,1,2499
ITEM011374,ORD006184,P010,1,899
ITEM011375,ORD006185,P005,1,699
ITEM011376,ORD006186,P001,1,2499
ITEM011377,ORD006187,P007,1,999
ITEM011378,ORD006188,P007,1,999
ITEM011379,ORD006189,P006,1,2999
ITEM011380,ORD006189,P004,1,499
ITEM011381,ORD006190,P001,1,2499
ITEM011382,ORD006190,P002,1,3999
ITEM011383,ORD006190,P010,1,899
ITEM011384,ORD006191,P001,1,2499
ITEM011385,ORD006192,P007,1,999
ITEM011386,ORD006192,P004,1,499
ITEM011387,ORD006192,P002,1,3999
ITEM011388,ORD006193,P003,1,1299
ITEM011389,ORD006193,P010,1,899
ITEM011390,ORD006194,P001,1,2499
ITEM011391,ORD006194,P006,1,2999
ITEM011392,ORD006195,P009,1,1499
ITEM011393,ORD006196,P004,1,499
ITEM011394,ORD006197,P001,1,2499
ITEM011395,ORD006197,P009,1,1499
ITEM011396,ORD006198,P002,1,3999
ITEM011397,ORD006199,P006,1,2999
ITEM011398,ORD006200,P001,1,2499
ITEM011399,ORD006200,P007,1,999
ITEM011400,ORD006200,P009,1,1499
ITEM011401,ORD006201,P003,1,1299
ITEM011402,ORD006201,P008,1,1799
ITEM011403,ORD006202,P003,1,1299
ITEM011404,ORD006202,P001,1,2499
ITEM011405,ORD006202,P005,1,699
ITEM011406,ORD006203,P002,1,3999
ITEM011407,ORD006203,P009,1,1499
ITEM011408,ORD006203,P003,1,1299
ITEM011409,ORD006204,P001,1,2499
ITEM011410,ORD006204,P006,1,2999
ITEM011411,ORD006205,P001,1,2499
ITEM011412,ORD006205,P005,1,699
ITEM011413,ORD006206,P001,1,2499
ITEM011414,ORD006207,P001,1,2499
ITEM011415,ORD006207,P010,1,899
ITEM011416,ORD006207,P005,1,699
ITEM011417,ORD006208,P004,1,499
ITEM011418,ORD006209,P008,1,1799
ITEM011419,ORD006210,P004,1,499
ITEM011420,ORD006210,P007,1,999
ITEM011421,ORD006211,P010,1,899
ITEM011422,ORD006211,P007,1,999
ITEM011423,ORD006212,P009,1,1499
ITEM011424,ORD006213,P001,1,2499
ITEM011425,ORD006214,P007,1,999
ITEM011426,ORD006215,P001,1,2499
ITEM011427,ORD006216,P001,1,2499
ITEM011428,ORD006216,P008,1,1799
ITEM011429,ORD006217,P006,1,2999
ITEM011430,ORD006218,P006,1,2999
ITEM011431,ORD006218,P003,1,1299
ITEM011432,ORD006219,P001,1,2499
ITEM011433,ORD006220,P001,1,2499
ITEM011434,ORD006221,P002,1,3999
ITEM011435,ORD006221,P006,1,2999
ITEM011436,ORD006221,P009,1,1499
ITEM011437,ORD006222,P002,1,3999
ITEM011438,ORD006223,P001,1,2499
ITEM011439,ORD006223,P007,1,999
ITEM011440,ORD006224,P001,1,2499
ITEM011441,ORD006225,P009,1,1499
ITEM011442,ORD006225,P001,1,2499
ITEM011443,ORD006226,P001,1,2499
ITEM011444,ORD006226,P005,1,699
ITEM011445,ORD006226,P006,1,2999
ITEM011446,ORD006227,P010,1,899
ITEM011447,ORD006227,P009,1,1499
ITEM011448,ORD006227,P008,1,1799
ITEM011449,ORD006228,P001,1,2499
ITEM011450,ORD006228,P002,1,3999
ITEM011451,ORD006228,P007,1,999
ITEM011452,ORD006229,P001,1,2499
ITEM011453,ORD006229,P004,1,499
ITEM011454,ORD006229,P006,1,2999
ITEM011455,ORD006230,P007,1,999
ITEM011456,ORD006230,P009,1,1499
ITEM011457,ORD006230,P006,1,2999
ITEM011458,ORD006231,P010,1,899
ITEM011459,ORD006231,P002,1,3999
ITEM011460,ORD006231,P007,1,999
ITEM011461,ORD006232,P001,1,2499
ITEM011462,ORD006233,P001,1,2499
ITEM011463,ORD006233,P002,1,3999
ITEM011464,ORD006234,P003,1,1299
ITEM011465,ORD006235,P001,1,2499
ITEM011466,ORD006235,P010,1,899
ITEM011467,ORD006235,P004,1,499
ITEM011468,ORD006236,P004,1,499
ITEM011469,ORD006236,P009,1,1499
ITEM011470,ORD006237,P001,1,2499
ITEM011471,ORD006237,P007,1,999
ITEM011472,ORD006238,P001,1,2499
ITEM011473,ORD006239,P005,1,699
ITEM011474,ORD006240,P001,1,2499
ITEM011475,ORD006241,P009,1,1499
ITEM011476,ORD006241,P003,1,1299
ITEM011477,ORD006242,P007,1,999
ITEM011478,ORD006242,P003,1,1299
ITEM011479,ORD006243,P001,1,2499
ITEM011480,ORD006244,P002,1,3999
ITEM011481,ORD006245,P004,1,499
ITEM011482,ORD006246,P010,1,899
ITEM011483,ORD006246,P005,1,699
ITEM011484,ORD006246,P001,1,2499
ITEM011485,ORD006247,P001,1,2499
ITEM011486,ORD006247,P009,1,1499
ITEM011487,ORD006248,P007,1,999
ITEM011488,ORD006248,P008,1,1799
ITEM011489,ORD006249,P002,1,3999
ITEM011490,ORD006249,P010,1,899
ITEM011491,ORD006250,P001,1,2499
ITEM011492,ORD006250,P009,1,1499
ITEM011493,ORD006250,P010,1,899
ITEM011494,ORD006251,P005,1,699
ITEM011495,ORD006252,P002,1,3999
ITEM011496,ORD006252,P007,1,999
ITEM011497,ORD006253,P001,1,2499
ITEM011498,ORD006253,P003,1,1299
ITEM011499,ORD006254,P002,1,3999
ITEM011500,ORD006254,P007,1,999
ITEM011501,ORD006255,P010,1,899
ITEM011502,ORD006255,P004,1,499
ITEM011503,ORD006256,P004,1,499
ITEM011504,ORD006257,P005,1,699
ITEM011505,ORD006257,P004,1,499
ITEM011506,ORD006258,P005,1,699
ITEM011507,ORD006259,P008,1,1799
ITEM011508,ORD006259,P006,1,2999
ITEM011509,ORD006259,P007,1,999
ITEM011510,ORD006260,P006,1,2999
ITEM011511,ORD006260,P003,1,1299
ITEM011512,ORD006261,P004,1,499
ITEM011513,ORD006261,P010,1,899
ITEM011514,ORD006262,P001,1,2499
ITEM011515,ORD006263,P001,1,2499
ITEM011516,ORD006264,P010,1,899
ITEM011517,ORD006264,P005,1,699
ITEM011518,ORD006265,P006,1,2999
ITEM011519,ORD006265,P007,1,999
ITEM011520,ORD006266,P001,1,2499
ITEM011521,ORD006266,P007,1,999
ITEM011522,ORD006266,P004,1,499
ITEM011523,ORD006267,P008,1,1799
ITEM011524,ORD006268,P005,1,699
ITEM011525,ORD006269,P007,1,999
ITEM011526,ORD006269,P001,1,2499
ITEM011527,ORD006270,P005,1,699
ITEM011528,ORD006270,P007,1,999
ITEM011529,ORD006271,P001,1,2499
ITEM011530,ORD006272,P001,1,2499
ITEM011531,ORD006272,P007,1,999
ITEM011532,ORD006273,P009,1,1499
ITEM011533,ORD006273,P008,1,1799
ITEM011534,ORD006274,P001,1,2499
ITEM011535,ORD006274,P007,1,999
ITEM011536,ORD006275,P005,1,699
ITEM011537,ORD006276,P003,1,1299
ITEM011538,ORD006277,P001,1,2499
ITEM011539,ORD006277,P003,1,1299
ITEM011540,ORD006278,P006,1,2999
ITEM011541,ORD006278,P004,1,499
ITEM011542,ORD006279,P004,1,499
ITEM011543,ORD006279,P008,1,1799
ITEM011544,ORD006280,P005,1,699
ITEM011545,ORD006281,P010,1,899
ITEM011546,ORD006281,P005,1,699
ITEM011547,ORD006281,P009,1,1499
ITEM011548,ORD006282,P010,1,899
ITEM011549,ORD006282,P004,1,499
ITEM011550,ORD006283,P007,1,999
ITEM011551,ORD006283,P002,1,3999
ITEM011552,ORD006284,P001,1,2499
ITEM011553,ORD006284,P004,1,499
ITEM011554,ORD006285,P002,1,3999
ITEM011555,ORD006285,P004,1,499
ITEM011556,ORD006286,P001,1,2499
ITEM011557,ORD006286,P002,1,3999
ITEM011558,ORD006287,P008,1,1799
ITEM011559,ORD006288,P010,1,899
ITEM011560,ORD006288,P006,1,2999
ITEM011561,ORD006288,P005,1,699
ITEM011562,ORD006289,P001,1,2499
ITEM011563,ORD006289,P005,1,699
ITEM011564,ORD006290,P006,1,2999
ITEM011565,ORD006290,P005,1,699
ITEM011566,ORD006291,P010,1,899
ITEM011567,ORD006292,P007,1,999
ITEM011568,ORD006293,P008,1,1799
ITEM011569,ORD006294,P004,1,499
ITEM011570,ORD006294,P010,1,899
ITEM011571,ORD006295,P003,1,1299
ITEM011572,ORD006295,P004,1,499
ITEM011573,ORD006295,P009,1,1499
ITEM011574,ORD006296,P010,1,899
ITEM011575,ORD006296,P008,1,1799
ITEM011576,ORD006297,P009,1,1499
ITEM011577,ORD006297,P003,1,1299
ITEM011578,ORD006298,P001,1,2499
ITEM011579,ORD006298,P004,1,499
ITEM011580,ORD006298,P010,1,899
ITEM011581,ORD006299,P007,1,999
ITEM011582,ORD006299,P009,1,1499
ITEM011583,ORD006300,P007,1,999
ITEM011584,ORD006300,P001,1,2499
ITEM011585,ORD006301,P001,1,2499
ITEM011586,ORD006301,P007,1,999
ITEM011587,ORD006301,P003,1,1299
ITEM011588,ORD006302,P004,1,499
ITEM011589,ORD006302,P006,1,2999
ITEM011590,ORD006302,P008,1,1799
ITEM011591,ORD006303,P009,1,1499
ITEM011592,ORD006303,P010,1,899
ITEM011593,ORD006303,P002,1,3999
ITEM011594,ORD006304,P004,1,499
ITEM011595,ORD006304,P007,1,999
ITEM011596,ORD006304,P009,1,1499
ITEM011597,ORD006305,P002,1,3999
ITEM011598,ORD006305,P003,1,1299
ITEM011599,ORD006306,P002,1,3999
ITEM011600,ORD006307,P001,1,2499
ITEM011601,ORD006307,P004,1,499
ITEM011602,ORD006308,P001,1,2499
ITEM011603,ORD006308,P007,1,999
ITEM011604,ORD006309,P008,1,1799
ITEM011605,ORD006309,P009,1,1499
ITEM011606,ORD006310,P001,1,2499
ITEM011607,ORD006310,P005,1,699
ITEM011608,ORD006310,P006,1,2999
ITEM011609,ORD006311,P001,1,2499
ITEM011610,ORD006311,P002,1,3999
ITEM011611,ORD006312,P004,1,499
ITEM011612,ORD006312,P009,1,1499
ITEM011613,ORD006313,P001,1,2499
ITEM011614,ORD006313,P010,1,899
ITEM011615,ORD006314,P001,1,2499
ITEM011616,ORD006314,P010,1,899
ITEM011617,ORD006315,P001,1,2499
ITEM011618,ORD006315,P004,1,499
ITEM011619,ORD006316,P008,1,1799
ITEM011620,ORD006317,P006,1,2999
ITEM011621,ORD006317,P010,1,899
ITEM011622,ORD006318,P004,1,499
ITEM011623,ORD006318,P003,1,1299
ITEM011624,ORD006319,P001,1,2499
ITEM011625,ORD006320,P001,1,2499
ITEM011626,ORD006320,P005,1,699
ITEM011627,ORD006321,P006,1,2999
ITEM011628,ORD006322,P003,1,1299
ITEM011629,ORD006322,P002,1,3999
ITEM011630,ORD006323,P001,1,2499
ITEM011631,ORD006323,P003,1,1299
ITEM011632,ORD006323,P009,1,1499
ITEM011633,ORD006324,P002,1,3999
ITEM011634,ORD006325,P001,1,2499
ITEM011635,ORD006325,P008,1,1799
ITEM011636,ORD006325,P005,1,699
ITEM011637,ORD006326,P003,1,1299
ITEM011638,ORD006326,P007,1,999
ITEM011639,ORD006326,P001,1,2499
ITEM011640,ORD006327,P007,1,999
ITEM011641,ORD006327,P005,1,699
ITEM011642,ORD006327,P003,1,1299
ITEM011643,ORD006328,P001,1,2499
ITEM011644,ORD006328,P010,1,899
ITEM011645,ORD006328,P003,1,1299
ITEM011646,ORD006329,P009,1,1499
ITEM011647,ORD006329,P002,1,3999
ITEM011648,ORD006330,P001,1,2499
ITEM011649,ORD006331,P005,1,699
ITEM011650,ORD006331,P010,1,899
ITEM011651,ORD006332,P006,1,2999
ITEM011652,ORD006332,P001,1,2499
ITEM011653,ORD006333,P005,1,699
ITEM011654,ORD006334,P001,1,2499
ITEM011655,ORD006334,P006,1,2999
ITEM011656,ORD006334,P002,1,3999
ITEM011657,ORD006335,P006,1,2999
ITEM011658,ORD006335,P001,1,2499
ITEM011659,ORD006335,P005,1,699
ITEM011660,ORD006336,P001,1,2499
ITEM011661,ORD006337,P003,1,1299
ITEM011662,ORD006337,P001,1,2499
ITEM011663,ORD006338,P001,1,2499
ITEM011664,ORD006338,P007,1,999
ITEM011665,ORD006338,P009,1,1499
ITEM011666,ORD006339,P001,1,2499
ITEM011667,ORD006339,P010,1,899
ITEM011668,ORD006340,P008,1,1799
ITEM011669,ORD006340,P004,1,499
ITEM011670,ORD006341,P006,1,2999
ITEM011671,ORD006342,P006,1,2999
ITEM011672,ORD006342,P010,1,899
ITEM011673,ORD006343,P009,1,1499
ITEM011674,ORD006344,P001,1,2499
ITEM011675,ORD006344,P010,1,899
ITEM011676,ORD006345,P001,1,2499
ITEM011677,ORD006345,P009,1,1499
ITEM011678,ORD006345,P002,1,3999
ITEM011679,ORD006346,P001,1,2499
ITEM011680,ORD006347,P004,1,499
ITEM011681,ORD006347,P002,1,3999
ITEM011682,ORD006348,P004,1,499
ITEM011683,ORD006348,P002,1,3999
ITEM011684,ORD006349,P007,1,999
ITEM011685,ORD006349,P009,1,1499
ITEM011686,ORD006350,P002,1,3999
ITEM011687,ORD006350,P006,1,2999
ITEM011688,ORD006351,P001,1,2499
ITEM011689,ORD006351,P004,1,499
ITEM011690,ORD006352,P001,1,2499
ITEM011691,ORD006352,P004,1,499
ITEM011692,ORD006353,P004,1,499
ITEM011693,ORD006353,P006,1,2999
ITEM011694,ORD006353,P010,1,899
ITEM011695,ORD006354,P002,1,3999
ITEM011696,ORD006354,P007,1,999
ITEM011697,ORD006355,P010,1,899
ITEM011698,ORD006355,P004,1,499
ITEM011699,ORD006356,P009,1,1499
ITEM011700,ORD006356,P001,1,2499
ITEM011701,ORD006356,P010,1,899
ITEM011702,ORD006357,P002,1,3999
ITEM011703,ORD006357,P009,1,1499
ITEM011704,ORD006358,P001,1,2499
ITEM011705,ORD006359,P001,1,2499
ITEM011706,ORD006359,P007,1,999
ITEM011707,ORD006360,P006,1,2999
ITEM011708,ORD006361,P005,1,699
ITEM011709,ORD006362,P001,1,2499
ITEM011710,ORD006363,P005,1,699
ITEM011711,ORD006363,P007,1,999
ITEM011712,ORD006363,P010,1,899
ITEM011713,ORD006364,P001,1,2499
ITEM011714,ORD006364,P005,1,699
ITEM011715,ORD006365,P002,1,3999
ITEM011716,ORD006365,P005,1,699
ITEM011717,ORD006366,P001,1,2499
ITEM011718,ORD006367,P010,1,899
ITEM011719,ORD006368,P001,1,2499
ITEM011720,ORD006368,P010,1,899
ITEM011721,ORD006369,P009,1,1499
ITEM011722,ORD006370,P001,1,2499
ITEM011723,ORD006370,P009,1,1499
ITEM011724,ORD006370,P004,1,499
ITEM011725,ORD006371,P001,1,2499
ITEM011726,ORD006371,P009,1,1499
ITEM011727,ORD006372,P001,1,2499
ITEM011728,ORD006372,P007,1,999
ITEM011729,ORD006373,P001,1,2499
ITEM011730,ORD006374,P001,1,2499
ITEM011731,ORD006374,P006,1,2999
ITEM011732,ORD006375,P007,1,999
ITEM011733,ORD006375,P008,1,1799
ITEM011734,ORD006376,P006,1,2999
ITEM011735,ORD006376,P008,1,1799
ITEM011736,ORD006377,P010,1,899
ITEM011737,ORD006377,P009,1,1499
ITEM011738,ORD006378,P005,1,699
ITEM011739,ORD006379,P004,1,499
ITEM011740,ORD006380,P009,1,1499
ITEM011741,ORD006381,P001,1,2499
ITEM011742,ORD006381,P005,1,699
ITEM011743,ORD006382,P005,1,699
ITEM011744,ORD006382,P003,1,1299
ITEM011745,ORD006382,P009,1,1499
ITEM011746,ORD006383,P009,1,1499
ITEM011747,ORD006383,P004,1,499
ITEM011748,ORD006383,P010,1,899
ITEM011749,ORD006384,P003,1,1299
ITEM011750,ORD006385,P003,1,1299
ITEM011751,ORD006386,P001,1,2499
ITEM011752,ORD006386,P009,1,1499
ITEM011753,ORD006387,P001,1,2499
ITEM011754,ORD006387,P004,1,499
ITEM011755,ORD006388,P006,1,2999
ITEM011756,ORD006388,P001,1,2499
ITEM011757,ORD006389,P003,1,1299
ITEM011758,ORD006389,P007,1,999
ITEM011759,ORD006389,P004,1,499
ITEM011760,ORD006390,P010,1,899
ITEM011761,ORD006390,P001,1,2499
ITEM011762,ORD006391,P010,1,899
ITEM011763,ORD006391,P007,1,999
ITEM011764,ORD006392,P001,1,2499
ITEM011765,ORD006393,P008,1,1799
ITEM011766,ORD006393,P007,1,999
ITEM011767,ORD006394,P001,1,2499
ITEM011768,ORD006394,P005,1,699
ITEM011769,ORD006395,P001,1,2499
ITEM011770,ORD006396,P005,1,699
ITEM011771,ORD006397,P008,1,1799
ITEM011772,ORD006397,P002,1,3999
ITEM011773,ORD006397,P010,1,899
ITEM011774,ORD006398,P001,1,2499
ITEM011775,ORD006399,P001,1,2499
ITEM011776,ORD006399,P009,1,1499
ITEM011777,ORD006399,P002,1,3999
ITEM011778,ORD006400,P009,1,1499
ITEM011779,ORD006400,P003,1,1299
ITEM011780,ORD006401,P007,1,999
ITEM011781,ORD006401,P004,1,499
ITEM011782,ORD006401,P009,1,1499
ITEM011783,ORD006402,P001,1,2499
ITEM011784,ORD006402,P003,1,1299
ITEM011785,ORD006403,P006,1,2999
ITEM011786,ORD006404,P004,1,499
ITEM011787,ORD006404,P005,1,699
ITEM011788,ORD006405,P009,1,1499
ITEM011789,ORD006405,P005,1,699
ITEM011790,ORD006405,P007,1,999
ITEM011791,ORD006406,P001,1,2499
ITEM011792,ORD006406,P002,1,3999
ITEM011793,ORD006407,P010,1,899
ITEM011794,ORD006407,P001,1,2499
ITEM011795,ORD006408,P009,1,1499
ITEM011796,ORD006408,P007,1,999
ITEM011797,ORD006408,P004,1,499
ITEM011798,ORD006409,P001,1,2499
ITEM011799,ORD006409,P010,1,899
ITEM011800,ORD006410,P005,1,699
ITEM011801,ORD006411,P001,1,2499
ITEM011802,ORD006412,P008,1,1799
ITEM011803,ORD006412,P001,1,2499
ITEM011804,ORD006413,P001,1,2499
ITEM011805,ORD006413,P002,1,3999
ITEM011806,ORD006413,P008,1,1799
ITEM011807,ORD006414,P004,1,499
ITEM011808,ORD006414,P002,1,3999
ITEM011809,ORD006415,P005,1,699
ITEM011810,ORD006416,P008,1,1799
ITEM011811,ORD006416,P005,1,699
ITEM011812,ORD006417,P004,1,499
ITEM011813,ORD006417,P006,1,2999
ITEM011814,ORD006418,P005,1,699
ITEM011815,ORD006419,P007,1,999
ITEM011816,ORD006420,P009,1,1499
ITEM011817,ORD006420,P008,1,1799
ITEM011818,ORD006420,P001,1,2499
ITEM011819,ORD006421,P009,1,1499
ITEM011820,ORD006422,P004,1,499
ITEM011821,ORD006422,P005,1,699
ITEM011822,ORD006423,P001,1,2499
ITEM011823,ORD006424,P003,1,1299
ITEM011824,ORD006424,P010,1,899
ITEM011825,ORD006425,P008,1,1799
ITEM011826,ORD006426,P001,1,2499
ITEM011827,ORD006427,P002,1,3999
ITEM011828,ORD006428,P005,1,699
ITEM011829,ORD006429,P007,1,999
ITEM011830,ORD006429,P010,1,899
ITEM011831,ORD006429,P009,1,1499
ITEM011832,ORD006430,P003,1,1299
ITEM011833,ORD006430,P001,1,2499
ITEM011834,ORD006431,P001,1,2499
ITEM011835,ORD006431,P009,1,1499
ITEM011836,ORD006432,P010,1,899
ITEM011837,ORD006433,P006,1,2999
ITEM011838,ORD006434,P001,1,2499
ITEM011839,ORD006435,P009,1,1499
ITEM011840,ORD006435,P007,1,999
ITEM011841,ORD006436,P010,1,899
ITEM011842,ORD006437,P003,1,1299
ITEM011843,ORD006437,P010,1,899
ITEM011844,ORD006438,P006,1,2999
ITEM011845,ORD006438,P004,1,499
ITEM011846,ORD006439,P004,1,499
ITEM011847,ORD006439,P007,1,999
ITEM011848,ORD006440,P001,1,2499
ITEM011849,ORD006440,P004,1,499
ITEM011850,ORD006440,P009,1,1499
ITEM011851,ORD006441,P001,1,2499
ITEM011852,ORD006441,P010,1,899
ITEM011853,ORD006442,P001,1,2499
ITEM011854,ORD006442,P003,1,1299
ITEM011855,ORD006443,P001,1,2499
ITEM011856,ORD006443,P010,1,899
ITEM011857,ORD006444,P001,1,2499
ITEM011858,ORD006444,P008,1,1799
ITEM011859,ORD006444,P007,1,999
ITEM011860,ORD006445,P001,1,2499
ITEM011861,ORD006446,P008,1,1799
ITEM011862,ORD006446,P009,1,1499
ITEM011863,ORD006447,P006,1,2999
ITEM011864,ORD006447,P001,1,2499
ITEM011865,ORD006447,P003,1,1299
ITEM011866,ORD006448,P003,1,1299
ITEM011867,ORD006449,P001,1,2499
ITEM011868,ORD006449,P004,1,499
ITEM011869,ORD006450,P001,1,2499
ITEM011870,ORD006450,P003,1,1299
ITEM011871,ORD006451,P008,1,1799
ITEM011872,ORD006451,P002,1,3999
ITEM011873,ORD006452,P007,1,999
ITEM011874,ORD006452,P005,1,699
ITEM011875,ORD006453,P010,1,899
ITEM011876,ORD006453,P006,1,2999
ITEM011877,ORD006454,P002,1,3999
ITEM011878,ORD006454,P005,1,699
ITEM011879,ORD006455,P009,1,1499
ITEM011880,ORD006456,P006,1,2999
ITEM011881,ORD006456,P005,1,699
ITEM011882,ORD006456,P007,1,999
ITEM011883,ORD006457,P007,1,999
ITEM011884,ORD006458,P001,1,2499
ITEM011885,ORD006459,P002,1,3999
ITEM011886,ORD006460,P001,1,2499
ITEM011887,ORD006460,P007,1,999
ITEM011888,ORD006461,P001,1,2499
ITEM011889,ORD006461,P004,1,499
ITEM011890,ORD006462,P001,1,2499
ITEM011891,ORD006463,P006,1,2999
ITEM011892,ORD006464,P001,1,2499
ITEM011893,ORD006464,P009,1,1499
ITEM011894,ORD006465,P010,1,899
ITEM011895,ORD006466,P010,1,899
ITEM011896,ORD006466,P002,1,3999
ITEM011897,ORD006466,P006,1,2999
ITEM011898,ORD006467,P009,1,1499
ITEM011899,ORD006467,P002,1,3999
ITEM011900,ORD006468,P007,1,999
ITEM011901,ORD006469,P002,1,3999
ITEM011902,ORD006469,P004,1,499
ITEM011903,ORD006469,P010,1,899
ITEM011904,ORD006470,P001,1,2499
ITEM011905,ORD006470,P006,1,2999
ITEM011906,ORD006471,P001,1,2499
ITEM011907,ORD006472,P003,1,1299
ITEM011908,ORD006472,P009,1,1499
ITEM011909,ORD006473,P005,1,699
ITEM011910,ORD006473,P007,1,999
ITEM011911,ORD006474,P010,1,899
ITEM011912,ORD006474,P003,1,1299
ITEM011913,ORD006474,P007,1,999
ITEM011914,ORD006475,P009,1,1499
ITEM011915,ORD006475,P010,1,899
ITEM011916,ORD006475,P006,1,2999
ITEM011917,ORD006476,P003,1,1299
ITEM011918,ORD006476,P006,1,2999
ITEM011919,ORD006476,P001,1,2499
ITEM011920,ORD006477,P002,1,3999
ITEM011921,ORD006477,P004,1,499
ITEM011922,ORD006478,P001,1,2499
ITEM011923,ORD006478,P008,1,1799
ITEM011924,ORD006479,P010,1,899
ITEM011925,ORD006480,P004,1,499
ITEM011926,ORD006481,P005,1,699
ITEM011927,ORD006482,P002,1,3999
ITEM011928,ORD006482,P005,1,699
ITEM011929,ORD006483,P008,1,1799
ITEM011930,ORD006483,P006,1,2999
ITEM011931,ORD006484,P002,1,3999
ITEM011932,ORD006484,P006,1,2999
ITEM011933,ORD006485,P001,1,2499
ITEM011934,ORD006486,P002,1,3999
ITEM011935,ORD006487,P004,1,499
ITEM011936,ORD006487,P008,1,1799
ITEM011937,ORD006488,P003,1,1299
ITEM011938,ORD006488,P008,1,1799
ITEM011939,ORD006489,P001,1,2499
ITEM011940,ORD006489,P004,1,499
ITEM011941,ORD006490,P005,1,699
ITEM011942,ORD006490,P006,1,2999
ITEM011943,ORD006491,P010,1,899
ITEM011944,ORD006491,P002,1,3999
ITEM011945,ORD006492,P001,1,2499
ITEM011946,ORD006493,P007,1,999
ITEM011947,ORD006493,P005,1,699
ITEM011948,ORD006494,P001,1,2499
ITEM011949,ORD006494,P004,1,499
ITEM011950,ORD006495,P003,1,1299
ITEM011951,ORD006496,P007,1,999
ITEM011952,ORD006496,P009,1,1499
ITEM011953,ORD006496,P004,1,499
ITEM011954,ORD006497,P001,1,2499
ITEM011955,ORD006497,P007,1,999
ITEM011956,ORD006497,P005,1,699
ITEM011957,ORD006498,P010,1,899
ITEM011958,ORD006499,P002,1,3999
ITEM011959,ORD006499,P009,1,1499
ITEM011960,ORD006499,P005,1,699
ITEM011961,ORD006500,P001,1,2499
ITEM011962,ORD006501,P001,1,2499
ITEM011963,ORD006501,P010,1,899
ITEM011964,ORD006502,P002,1,3999
ITEM011965,ORD006503,P002,1,3999
ITEM011966,ORD006504,P007,1,999
ITEM011967,ORD006505,P001,1,2499
ITEM011968,ORD006505,P003,1,1299
ITEM011969,ORD006505,P002,1,3999
ITEM011970,ORD006506,P001,1,2499
ITEM011971,ORD006506,P006,1,2999
ITEM011972,ORD006507,P001,1,2499
ITEM011973,ORD006507,P009,1,1499
ITEM011974,ORD006508,P001,1,2499
ITEM011975,ORD006508,P006,1,2999
ITEM011976,ORD006509,P001,1,2499
ITEM011977,ORD006510,P007,1,999
ITEM011978,ORD006511,P001,1,2499
ITEM011979,ORD006511,P005,1,699
ITEM011980,ORD006512,P003,1,1299
ITEM011981,ORD006512,P001,1,2499
ITEM011982,ORD006513,P005,1,699
ITEM011983,ORD006513,P002,1,3999
ITEM011984,ORD006514,P006,1,2999
ITEM011985,ORD006514,P002,1,3999
ITEM011986,ORD006514,P007,1,999
ITEM011987,ORD006515,P003,1,1299
ITEM011988,ORD006515,P002,1,3999
ITEM011989,ORD006516,P010,1,899
ITEM011990,ORD006517,P001,1,2499
ITEM011991,ORD006517,P009,1,1499
ITEM011992,ORD006518,P001,1,2499
ITEM011993,ORD006518,P004,1,499
ITEM011994,ORD006519,P003,1,1299
ITEM011995,ORD006520,P009,1,1499
ITEM011996,ORD006520,P010,1,899
ITEM011997,ORD006521,P006,1,2999
ITEM011998,ORD006522,P003,1,1299
ITEM011999,ORD006523,P007,1,999
ITEM012000,ORD006523,P006,1,2999
ITEM012001,ORD006524,P004,1,499
ITEM012002,ORD006524,P005,1,699
ITEM012003,ORD006524,P001,1,2499
ITEM012004,ORD006525,P005,1,699
ITEM012005,ORD006525,P003,1,1299
ITEM012006,ORD006526,P009,1,1499
ITEM012007,ORD006527,P005,1,699
ITEM012008,ORD006527,P008,1,1799
ITEM012009,ORD006528,P001,1,2499
ITEM012010,ORD006528,P005,1,699
ITEM012011,ORD006529,P001,1,2499
ITEM012012,ORD006529,P010,1,899
ITEM012013,ORD006530,P001,1,2499
ITEM012014,ORD006531,P010,1,899
ITEM012015,ORD006532,P001,1,2499
ITEM012016,ORD006532,P004,1,499
ITEM012017,ORD006533,P001,1,2499
ITEM012018,ORD006533,P004,1,499
ITEM012019,ORD006534,P006,1,2999
ITEM012020,ORD006534,P002,1,3999
ITEM012021,ORD006535,P007,1,999
ITEM012022,ORD006536,P001,1,2499
ITEM012023,ORD006536,P004,1,499
ITEM012024,ORD006536,P003,1,1299
ITEM012025,ORD006537,P008,1,1799
ITEM012026,ORD006537,P004,1,499
ITEM012027,ORD006538,P008,1,1799
ITEM012028,ORD006538,P005,1,699
ITEM012029,ORD006539,P007,1,999
ITEM012030,ORD006539,P001,1,2499
ITEM012031,ORD006540,P001,1,2499
ITEM012032,ORD006541,P002,1,3999
ITEM012033,ORD006542,P006,1,2999
ITEM012034,ORD006542,P005,1,699
ITEM012035,ORD006543,P008,1,1799
ITEM012036,ORD006543,P010,1,899
ITEM012037,ORD006544,P004,1,499
ITEM012038,ORD006544,P006,1,2999
ITEM012039,ORD006545,P006,1,2999
ITEM012040,ORD006545,P005,1,699
ITEM012041,ORD006546,P004,1,499
ITEM012042,ORD006547,P010,1,899
ITEM012043,ORD006547,P005,1,699
ITEM012044,ORD006548,P005,1,699
ITEM012045,ORD006549,P004,1,499
ITEM012046,ORD006550,P001,1,2499
ITEM012047,ORD006550,P006,1,2999
ITEM012048,ORD006550,P010,1,899
ITEM012049,ORD006551,P002,1,3999
ITEM012050,ORD006551,P003,1,1299
ITEM012051,ORD006552,P001,1,2499
ITEM012052,ORD006552,P002,1,3999
ITEM012053,ORD006552,P008,1,1799
ITEM012054,ORD006553,P003,1,1299
ITEM012055,ORD006554,P003,1,1299
ITEM012056,ORD006554,P001,1,2499
ITEM012057,ORD006555,P010,1,899
ITEM012058,ORD006555,P001,1,2499
ITEM012059,ORD006556,P004,1,499
ITEM012060,ORD006556,P007,1,999
ITEM012061,ORD006557,P001,1,2499
ITEM012062,ORD006558,P001,1,2499
ITEM012063,ORD006559,P002,1,3999
ITEM012064,ORD006559,P007,1,999
ITEM012065,ORD006560,P004,1,499
ITEM012066,ORD006560,P009,1,1499
ITEM012067,ORD006560,P002,1,3999
ITEM012068,ORD006561,P007,1,999
ITEM012069,ORD006561,P004,1,499
ITEM012070,ORD006562,P001,1,2499
ITEM012071,ORD006562,P004,1,499
ITEM012072,ORD006563,P001,1,2499
ITEM012073,ORD006564,P001,1,2499
ITEM012074,ORD006564,P005,1,699
ITEM012075,ORD006565,P001,1,2499
ITEM012076,ORD006565,P003,1,1299
ITEM012077,ORD006566,P009,1,1499
ITEM012078,ORD006567,P007,1,999
ITEM012079,ORD006567,P001,1,2499
ITEM012080,ORD006567,P004,1,499
ITEM012081,ORD006568,P004,1,499
ITEM012082,ORD006568,P003,1,1299
ITEM012083,ORD006568,P008,1,1799
ITEM012084,ORD006569,P003,1,1299
ITEM012085,ORD006569,P009,1,1499
ITEM012086,ORD006570,P003,1,1299
ITEM012087,ORD006570,P008,1,1799
ITEM012088,ORD006571,P008,1,1799
ITEM012089,ORD006571,P001,1,2499
ITEM012090,ORD006572,P006,1,2999
ITEM012091,ORD006573,P004,1,499
ITEM012092,ORD006574,P010,1,899
ITEM012093,ORD006574,P002,1,3999
ITEM012094,ORD006575,P001,1,2499
ITEM012095,ORD006575,P009,1,1499
ITEM012096,ORD006575,P010,1,899
ITEM012097,ORD006576,P002,1,3999
ITEM012098,ORD006576,P004,1,499
ITEM012099,ORD006576,P005,1,699
ITEM012100,ORD006577,P004,1,499
ITEM012101,ORD006578,P001,1,2499
ITEM012102,ORD006578,P006,1,2999
ITEM012103,ORD006579,P002,1,3999
ITEM012104,ORD006579,P007,1,999
ITEM012105,ORD006579,P009,1,1499
ITEM012106,ORD006580,P007,1,999
ITEM012107,ORD006581,P005,1,699
ITEM012108,ORD006581,P004,1,499
ITEM012109,ORD006582,P007,1,999
ITEM012110,ORD006582,P001,1,2499
ITEM012111,ORD006582,P003,1,1299
ITEM012112,ORD006583,P009,1,1499
ITEM012113,ORD006583,P004,1,499
ITEM012114,ORD006584,P001,1,2499
ITEM012115,ORD006584,P007,1,999
ITEM012116,ORD006585,P001,1,2499
ITEM012117,ORD006586,P001,1,2499
ITEM012118,ORD006586,P010,1,899
ITEM012119,ORD006587,P001,1,2499
ITEM012120,ORD006588,P001,1,2499
ITEM012121,ORD006588,P005,1,699
ITEM012122,ORD006589,P001,1,2499
ITEM012123,ORD006589,P004,1,499
ITEM012124,ORD006590,P004,1,499
ITEM012125,ORD006590,P009,1,1499
ITEM012126,ORD006591,P001,1,2499
ITEM012127,ORD006592,P007,1,999
ITEM012128,ORD006593,P003,1,1299
ITEM012129,ORD006593,P004,1,499
ITEM012130,ORD006594,P003,1,1299
ITEM012131,ORD006594,P001,1,2499
ITEM012132,ORD006594,P006,1,2999
ITEM012133,ORD006595,P001,1,2499
ITEM012134,ORD006595,P002,1,3999
ITEM012135,ORD006596,P003,1,1299
ITEM012136,ORD006596,P009,1,1499
ITEM012137,ORD006596,P006,1,2999
ITEM012138,ORD006597,P001,1,2499
ITEM012139,ORD006597,P009,1,1499
ITEM012140,ORD006598,P003,1,1299
ITEM012141,ORD006598,P009,1,1499
ITEM012142,ORD006598,P010,1,899
ITEM012143,ORD006599,P008,1,1799
ITEM012144,ORD006599,P003,1,1299
ITEM012145,ORD006599,P002,1,3999
ITEM012146,ORD006600,P007,1,999
ITEM012147,ORD006600,P006,1,2999
ITEM012148,ORD006600,P009,1,1499
ITEM012149,ORD006601,P001,1,2499
ITEM012150,ORD006602,P006,1,2999
ITEM012151,ORD006602,P005,1,699
ITEM012152,ORD006603,P005,1,699
ITEM012153,ORD006603,P010,1,899
ITEM012154,ORD006603,P004,1,499
ITEM012155,ORD006604,P001,1,2499
ITEM012156,ORD006605,P009,1,1499
ITEM012157,ORD006606,P001,1,2499
ITEM012158,ORD006606,P002,1,3999
ITEM012159,ORD006607,P001,1,2499
ITEM012160,ORD006607,P007,1,999
ITEM012161,ORD006608,P001,1,2499
ITEM012162,ORD006608,P008,1,1799
ITEM012163,ORD006608,P007,1,999
ITEM012164,ORD006609,P001,1,2499
ITEM012165,ORD006610,P001,1,2499
ITEM012166,ORD006610,P006,1,2999
ITEM012167,ORD006611,P006,1,2999
ITEM012168,ORD006611,P009,1,1499
ITEM012169,ORD006611,P008,1,1799
ITEM012170,ORD006612,P005,1,699
ITEM012171,ORD006613,P006,1,2999
ITEM012172,ORD006613,P001,1,2499
ITEM012173,ORD006613,P010,1,899
ITEM012174,ORD006614,P008,1,1799
ITEM012175,ORD006615,P010,1,899
ITEM012176,ORD006615,P006,1,2999
ITEM012177,ORD006616,P006,1,2999
ITEM012178,ORD006616,P001,1,2499
ITEM012179,ORD006617,P001,1,2499
ITEM012180,ORD006617,P003,1,1299
ITEM012181,ORD006617,P007,1,999
ITEM012182,ORD006618,P009,1,1499
ITEM012183,ORD006619,P010,1,899
ITEM012184,ORD006619,P005,1,699
ITEM012185,ORD006620,P001,1,2499
ITEM012186,ORD006621,P001,1,2499
ITEM012187,ORD006622,P009,1,1499
ITEM012188,ORD006622,P010,1,899
ITEM012189,ORD006623,P009,1,1499
ITEM012190,ORD006624,P003,1,1299
ITEM012191,ORD006625,P007,1,999
ITEM012192,ORD006626,P001,1,2499
ITEM012193,ORD006626,P005,1,699
ITEM012194,ORD006627,P002,1,3999
ITEM012195,ORD006628,P006,1,2999
ITEM012196,ORD006629,P002,1,3999
ITEM012197,ORD006629,P009,1,1499
ITEM012198,ORD006630,P005,1,699
ITEM012199,ORD006630,P004,1,499
ITEM012200,ORD006630,P010,1,899
ITEM012201,ORD006631,P001,1,2499
ITEM012202,ORD006631,P005,1,699
ITEM012203,ORD006631,P010,1,899
ITEM012204,ORD006632,P006,1,2999
ITEM012205,ORD006632,P001,1,2499
ITEM012206,ORD006633,P001,1,2499
ITEM012207,ORD006634,P001,1,2499
ITEM012208,ORD006634,P003,1,1299
ITEM012209,ORD006635,P001,1,2499
ITEM012210,ORD006635,P007,1,999
ITEM012211,ORD006635,P008,1,1799
ITEM012212,ORD006636,P008,1,1799
ITEM012213,ORD006636,P009,1,1499
ITEM012214,ORD006636,P010,1,899
ITEM012215,ORD006637,P004,1,499
ITEM012216,ORD006637,P006,1,2999
ITEM012217,ORD006637,P009,1,1499
ITEM012218,ORD006638,P008,1,1799
ITEM012219,ORD006639,P009,1,1499
ITEM012220,ORD006640,P001,1,2499
ITEM012221,ORD006640,P002,1,3999
ITEM012222,ORD006641,P007,1,999
ITEM012223,ORD006641,P001,1,2499
ITEM012224,ORD006642,P001,1,2499
ITEM012225,ORD006642,P010,1,899
ITEM012226,ORD006643,P003,1,1299
ITEM012227,ORD006643,P009,1,1499
ITEM012228,ORD006643,P006,1,2999
ITEM012229,ORD006644,P009,1,1499
ITEM012230,ORD006644,P005,1,699
ITEM012231,ORD006645,P001,1,2499
ITEM012232,ORD006645,P006,1,2999
ITEM012233,ORD006646,P008,1,1799
ITEM012234,ORD006646,P001,1,2499
ITEM012235,ORD006647,P007,1,999
ITEM012236,ORD006647,P002,1,3999
ITEM012237,ORD006648,P003,1,1299
ITEM012238,ORD006648,P010,1,899
ITEM012239,ORD006648,P007,1,999
ITEM012240,ORD006649,P001,1,2499
ITEM012241,ORD006650,P001,1,2499
ITEM012242,ORD006650,P002,1,3999
ITEM012243,ORD006651,P001,1,2499
ITEM012244,ORD006652,P001,1,2499
ITEM012245,ORD006653,P001,1,2499
ITEM012246,ORD006654,P005,1,699
ITEM012247,ORD006654,P001,1,2499
ITEM012248,ORD006654,P003,1,1299
ITEM012249,ORD006655,P005,1,699
ITEM012250,ORD006656,P001,1,2499
ITEM012251,ORD006657,P001,1,2499
ITEM012252,ORD006657,P002,1,3999
ITEM012253,ORD006658,P001,1,2499
ITEM012254,ORD006658,P009,1,1499
ITEM012255,ORD006659,P006,1,2999
ITEM012256,ORD006659,P008,1,1799
ITEM012257,ORD006660,P007,1,999
ITEM012258,ORD006661,P007,1,999
ITEM012259,ORD006661,P008,1,1799
ITEM012260,ORD006662,P009,1,1499
ITEM012261,ORD006663,P002,1,3999
ITEM012262,ORD006663,P006,1,2999
ITEM012263,ORD006664,P007,1,999
ITEM012264,ORD006664,P010,1,899
ITEM012265,ORD006665,P001,1,2499
ITEM012266,ORD006666,P001,1,2499
ITEM012267,ORD006666,P006,1,2999
ITEM012268,ORD006666,P003,1,1299
ITEM012269,ORD006667,P007,1,999
ITEM012270,ORD006667,P004,1,499
ITEM012271,ORD006668,P001,1,2499
ITEM012272,ORD006668,P006,1,2999
ITEM012273,ORD006669,P001,1,2499
ITEM012274,ORD006670,P001,1,2499
ITEM012275,ORD006670,P009,1,1499
ITEM012276,ORD006671,P005,1,699
ITEM012277,ORD006671,P009,1,1499
ITEM012278,ORD006672,P010,1,899
ITEM012279,ORD006673,P001,1,2499
ITEM012280,ORD006673,P005,1,699
ITEM012281,ORD006674,P009,1,1499
ITEM012282,ORD006674,P003,1,1299
ITEM012283,ORD006674,P010,1,899
ITEM012284,ORD006675,P007,1,999
ITEM012285,ORD006676,P007,1,999
ITEM012286,ORD006677,P001,1,2499
ITEM012287,ORD006677,P002,1,3999
ITEM012288,ORD006678,P001,1,2499
ITEM012289,ORD006678,P002,1,3999
ITEM012290,ORD006679,P001,1,2499
ITEM012291,ORD006679,P010,1,899
ITEM012292,ORD006679,P006,1,2999
ITEM012293,ORD006680,P009,1,1499
ITEM012294,ORD006680,P004,1,499
ITEM012295,ORD006681,P001,1,2499
ITEM012296,ORD006681,P005,1,699
ITEM012297,ORD006682,P006,1,2999
ITEM012298,ORD006683,P004,1,499
ITEM012299,ORD006684,P001,1,2499
ITEM012300,ORD006685,P008,1,1799
ITEM012301,ORD006685,P010,1,899
ITEM012302,ORD006686,P002,1,3999
ITEM012303,ORD006686,P009,1,1499
ITEM012304,ORD006687,P002,1,3999
ITEM012305,ORD006688,P003,1,1299
ITEM012306,ORD006688,P002,1,3999
ITEM012307,ORD006688,P009,1,1499
ITEM012308,ORD006689,P001,1,2499
ITEM012309,ORD006689,P006,1,2999
ITEM012310,ORD006689,P010,1,899
ITEM012311,ORD006690,P003,1,1299
ITEM012312,ORD006691,P002,1,3999
ITEM012313,ORD006691,P008,1,1799
ITEM012314,ORD006692,P001,1,2499
ITEM012315,ORD006692,P006,1,2999
ITEM012316,ORD006692,P002,1,3999
ITEM012317,ORD006693,P004,1,499
ITEM012318,ORD006694,P004,1,499
ITEM012319,ORD006694,P005,1,699
ITEM012320,ORD006695,P001,1,2499
ITEM012321,ORD006695,P007,1,999
ITEM012322,ORD006696,P001,1,2499
ITEM012323,ORD006697,P001,1,2499
ITEM012324,ORD006698,P004,1,499
ITEM012325,ORD006698,P007,1,999
ITEM012326,ORD006699,P001,1,2499
ITEM012327,ORD006699,P004,1,499
ITEM012328,ORD006700,P001,1,2499
ITEM012329,ORD006700,P005,1,699
ITEM012330,ORD006701,P001,1,2499
ITEM012331,ORD006701,P003,1,1299
ITEM012332,ORD006702,P010,1,899
ITEM012333,ORD006702,P003,1,1299
ITEM012334,ORD006703,P003,1,1299
ITEM012335,ORD006703,P002,1,3999
ITEM012336,ORD006704,P003,1,1299
ITEM012337,ORD006704,P010,1,899
ITEM012338,ORD006705,P008,1,1799
ITEM012339,ORD006706,P007,1,999
ITEM012340,ORD006706,P002,1,3999
ITEM012341,ORD006707,P004,1,499
ITEM012342,ORD006707,P007,1,999
ITEM012343,ORD006708,P009,1,1499
ITEM012344,ORD006708,P008,1,1799
ITEM012345,ORD006708,P007,1,999
ITEM012346,ORD006709,P006,1,2999
ITEM012347,ORD006709,P008,1,1799
ITEM012348,ORD006710,P010,1,899
ITEM012349,ORD006711,P004,1,499
ITEM012350,ORD006711,P009,1,1499
ITEM012351,ORD006712,P001,1,2499
ITEM012352,ORD006712,P006,1,2999
ITEM012353,ORD006712,P003,1,1299
ITEM012354,ORD006713,P005,1,699
ITEM012355,ORD006713,P004,1,499
ITEM012356,ORD006714,P002,1,3999
ITEM012357,ORD006715,P001,1,2499
ITEM012358,ORD006715,P004,1,499
ITEM012359,ORD006716,P001,1,2499
ITEM012360,ORD006716,P004,1,499
ITEM012361,ORD006717,P001,1,2499
ITEM012362,ORD006718,P003,1,1299
ITEM012363,ORD006718,P002,1,3999
ITEM012364,ORD006719,P005,1,699
ITEM012365,ORD006719,P008,1,1799
ITEM012366,ORD006720,P005,1,699
ITEM012367,ORD006720,P004,1,499
ITEM012368,ORD006721,P006,1,2999
ITEM012369,ORD006721,P010,1,899
ITEM012370,ORD006722,P010,1,899
ITEM012371,ORD006722,P006,1,2999
ITEM012372,ORD006723,P010,1,899
ITEM012373,ORD006723,P002,1,3999
ITEM012374,ORD006724,P002,1,3999
ITEM012375,ORD006725,P002,1,3999
ITEM012376,ORD006725,P010,1,899
ITEM012377,ORD006726,P005,1,699
ITEM012378,ORD006726,P006,1,2999
ITEM012379,ORD006727,P001,1,2499
ITEM012380,ORD006727,P007,1,999
ITEM012381,ORD006727,P003,1,1299
ITEM012382,ORD006728,P001,1,2499
ITEM012383,ORD006728,P004,1,499
ITEM012384,ORD006729,P001,1,2499
ITEM012385,ORD006729,P008,1,1799
ITEM012386,ORD006729,P005,1,699
ITEM012387,ORD006730,P003,1,1299
ITEM012388,ORD006730,P006,1,2999
ITEM012389,ORD006730,P005,1,699
ITEM012390,ORD006731,P001,1,2499
ITEM012391,ORD006731,P005,1,699
ITEM012392,ORD006732,P001,1,2499
ITEM012393,ORD006732,P004,1,499
ITEM012394,ORD006733,P009,1,1499
ITEM012395,ORD006733,P006,1,2999
ITEM012396,ORD006733,P008,1,1799
ITEM012397,ORD006734,P009,1,1499
ITEM012398,ORD006734,P002,1,3999
ITEM012399,ORD006735,P006,1,2999
ITEM012400,ORD006735,P005,1,699
ITEM012401,ORD006735,P001,1,2499
ITEM012402,ORD006736,P001,1,2499
ITEM012403,ORD006736,P003,1,1299
ITEM012404,ORD006737,P001,1,2499
ITEM012405,ORD006737,P004,1,499
ITEM012406,ORD006738,P005,1,699
ITEM012407,ORD006738,P006,1,2999
ITEM012408,ORD006739,P006,1,2999
ITEM012409,ORD006739,P003,1,1299
ITEM012410,ORD006739,P005,1,699
ITEM012411,ORD006740,P003,1,1299
ITEM012412,ORD006741,P003,1,1299
ITEM012413,ORD006741,P004,1,499
ITEM012414,ORD006741,P008,1,1799
ITEM012415,ORD006742,P007,1,999
ITEM012416,ORD006742,P009,1,1499
ITEM012417,ORD006743,P001,1,2499
ITEM012418,ORD006743,P004,1,499
ITEM012419,ORD006744,P006,1,2999
ITEM012420,ORD006744,P004,1,499
ITEM012421,ORD006744,P010,1,899
ITEM012422,ORD006745,P001,1,2499
ITEM012423,ORD006745,P007,1,999
ITEM012424,ORD006745,P006,1,2999
ITEM012425,ORD006746,P001,1,2499
ITEM012426,ORD006747,P001,1,2499
ITEM012427,ORD006747,P005,1,699
ITEM012428,ORD006748,P001,1,2499
ITEM012429,ORD006748,P004,1,499
ITEM012430,ORD006749,P005,1,699
ITEM012431,ORD006749,P007,1,999
ITEM012432,ORD006750,P009,1,1499
ITEM012433,ORD006750,P005,1,699
ITEM012434,ORD006750,P006,1,2999
ITEM012435,ORD006751,P003,1,1299
ITEM012436,ORD006752,P005,1,699
ITEM012437,ORD006752,P001,1,2499
ITEM012438,ORD006753,P007,1,999
ITEM012439,ORD006754,P001,1,2499
ITEM012440,ORD006754,P004,1,499
ITEM012441,ORD006754,P002,1,3999
ITEM012442,ORD006755,P007,1,999
ITEM012443,ORD006755,P001,1,2499
ITEM012444,ORD006756,P001,1,2499
ITEM012445,ORD006756,P004,1,499
ITEM012446,ORD006757,P006,1,2999
ITEM012447,ORD006758,P003,1,1299
ITEM012448,ORD006758,P001,1,2499
ITEM012449,ORD006759,P010,1,899
ITEM012450,ORD006759,P007,1,999
ITEM012451,ORD006760,P001,1,2499
ITEM012452,ORD006761,P010,1,899
ITEM012453,ORD006761,P003,1,1299
ITEM012454,ORD006762,P006,1,2999
ITEM012455,ORD006762,P002,1,3999
ITEM012456,ORD006762,P009,1,1499
ITEM012457,ORD006763,P010,1,899
ITEM012458,ORD006763,P008,1,1799
ITEM012459,ORD006764,P002,1,3999
ITEM012460,ORD006765,P007,1,999
ITEM012461,ORD006765,P004,1,499
ITEM012462,ORD006766,P009,1,1499
ITEM012463,ORD006766,P003,1,1299
ITEM012464,ORD006766,P008,1,1799
ITEM012465,ORD006767,P006,1,2999
ITEM012466,ORD006767,P005,1,699
ITEM012467,ORD006768,P004,1,499
ITEM012468,ORD006768,P008,1,1799
ITEM012469,ORD006769,P001,1,2499
ITEM012470,ORD006769,P005,1,699
ITEM012471,ORD006770,P001,1,2499
ITEM012472,ORD006771,P001,1,2499
ITEM012473,ORD006772,P005,1,699
ITEM012474,ORD006773,P003,1,1299
ITEM012475,ORD006773,P004,1,499
ITEM012476,ORD006774,P008,1,1799
ITEM012477,ORD006774,P001,1,2499
ITEM012478,ORD006774,P005,1,699
ITEM012479,ORD006775,P002,1,3999
ITEM012480,ORD006775,P004,1,499
ITEM012481,ORD006776,P006,1,2999
ITEM012482,ORD006777,P001,1,2499
ITEM012483,ORD006778,P001,1,2499
ITEM012484,ORD006778,P008,1,1799
ITEM012485,ORD006778,P010,1,899
ITEM012486,ORD006779,P003,1,1299
ITEM012487,ORD006780,P001,1,2499
ITEM012488,ORD006781,P001,1,2499
ITEM012489,ORD006782,P002,1,3999
ITEM012490,ORD006782,P008,1,1799
ITEM012491,ORD006782,P001,1,2499
ITEM012492,ORD006783,P010,1,899
ITEM012493,ORD006784,P001,1,2499
ITEM012494,ORD006784,P008,1,1799
ITEM012495,ORD006784,P003,1,1299
ITEM012496,ORD006785,P001,1,2499
ITEM012497,ORD006785,P010,1,899
ITEM012498,ORD006786,P004,1,499
ITEM012499,ORD006786,P003,1,1299
ITEM012500,ORD006786,P002,1,3999
ITEM012501,ORD006787,P002,1,3999
ITEM012502,ORD006787,P008,1,1799
ITEM012503,ORD006788,P004,1,499
ITEM012504,ORD006789,P001,1,2499
ITEM012505,ORD006790,P010,1,899
ITEM012506,ORD006790,P006,1,2999
ITEM012507,ORD006791,P006,1,2999
ITEM012508,ORD006791,P008,1,1799
ITEM012509,ORD006792,P006,1,2999
ITEM012510,ORD006793,P004,1,499
ITEM012511,ORD006794,P002,1,3999
ITEM012512,ORD006794,P003,1,1299
ITEM012513,ORD006794,P009,1,1499
ITEM012514,ORD006795,P006,1,2999
ITEM012515,ORD006795,P003,1,1299
ITEM012516,ORD006796,P001,1,2499
ITEM012517,ORD006796,P004,1,499
ITEM012518,ORD006797,P008,1,1799
ITEM012519,ORD006797,P009,1,1499
ITEM012520,ORD006797,P003,1,1299
ITEM012521,ORD006798,P001,1,2499
ITEM012522,ORD006799,P005,1,699
ITEM012523,ORD006799,P004,1,499
ITEM012524,ORD006800,P002,1,3999
ITEM012525,ORD006800,P004,1,499
ITEM012526,ORD006801,P001,1,2499
ITEM012527,ORD006801,P006,1,2999
ITEM012528,ORD006802,P004,1,499
ITEM012529,ORD006803,P009,1,1499
ITEM012530,ORD006803,P006,1,2999
ITEM012531,ORD006804,P001,1,2499
ITEM012532,ORD006805,P009,1,1499
ITEM012533,ORD006805,P001,1,2499
ITEM012534,ORD006806,P002,1,3999
ITEM012535,ORD006807,P001,1,2499
ITEM012536,ORD006807,P004,1,499
ITEM012537,ORD006808,P001,1,2499
ITEM012538,ORD006809,P001,1,2499
ITEM012539,ORD006809,P009,1,1499
ITEM012540,ORD006810,P010,1,899
ITEM012541,ORD006811,P001,1,2499
ITEM012542,ORD006811,P010,1,899
ITEM012543,ORD006811,P009,1,1499
ITEM012544,ORD006812,P001,1,2499
ITEM012545,ORD006812,P002,1,3999
ITEM012546,ORD006812,P005,1,699
ITEM012547,ORD006813,P003,1,1299
ITEM012548,ORD006814,P005,1,699
ITEM012549,ORD006814,P010,1,899
ITEM012550,ORD006815,P001,1,2499
ITEM012551,ORD006815,P004,1,499
ITEM012552,ORD006816,P008,1,1799
ITEM012553,ORD006817,P001,1,2499
ITEM012554,ORD006818,P003,1,1299
ITEM012555,ORD006818,P004,1,499
ITEM012556,ORD006819,P009,1,1499
ITEM012557,ORD006819,P010,1,899
ITEM012558,ORD006820,P005,1,699
ITEM012559,ORD006820,P002,1,3999
ITEM012560,ORD006821,P006,1,2999
ITEM012561,ORD006821,P009,1,1499
ITEM012562,ORD006822,P010,1,899
ITEM012563,ORD006823,P001,1,2499
ITEM012564,ORD006823,P010,1,899
ITEM012565,ORD006824,P002,1,3999
ITEM012566,ORD006824,P001,1,2499
ITEM012567,ORD006825,P003,1,1299
ITEM012568,ORD006826,P006,1,2999
ITEM012569,ORD006827,P006,1,2999
ITEM012570,ORD006827,P008,1,1799
ITEM012571,ORD006827,P001,1,2499
ITEM012572,ORD006828,P008,1,1799
ITEM012573,ORD006828,P007,1,999
ITEM012574,ORD006829,P001,1,2499
ITEM012575,ORD006829,P003,1,1299
ITEM012576,ORD006829,P009,1,1499
ITEM012577,ORD006830,P001,1,2499
ITEM012578,ORD006830,P002,1,3999
ITEM012579,ORD006831,P007,1,999
ITEM012580,ORD006831,P003,1,1299
ITEM012581,ORD006832,P003,1,1299
ITEM012582,ORD006832,P007,1,999
ITEM012583,ORD006833,P001,1,2499
ITEM012584,ORD006833,P005,1,699
ITEM012585,ORD006834,P010,1,899
ITEM012586,ORD006834,P008,1,1799
ITEM012587,ORD006835,P010,1,899
ITEM012588,ORD006836,P005,1,699
ITEM012589,ORD006836,P008,1,1799
ITEM012590,ORD006836,P009,1,1499
ITEM012591,ORD006837,P003,1,1299
ITEM012592,ORD006838,P001,1,2499
ITEM012593,ORD006838,P005,1,699
ITEM012594,ORD006838,P004,1,499
ITEM012595,ORD006839,P001,1,2499
ITEM012596,ORD006839,P004,1,499
ITEM012597,ORD006840,P009,1,1499
ITEM012598,ORD006841,P001,1,2499
ITEM012599,ORD006842,P008,1,1799
ITEM012600,ORD006843,P001,1,2499
ITEM012601,ORD006843,P004,1,499
ITEM012602,ORD006843,P005,1,699
ITEM012603,ORD006844,P001,1,2499
ITEM012604,ORD006844,P007,1,999
ITEM012605,ORD006845,P002,1,3999
ITEM012606,ORD006845,P008,1,1799
ITEM012607,ORD006845,P007,1,999
ITEM012608,ORD006846,P001,1,2499
ITEM012609,ORD006846,P009,1,1499
ITEM012610,ORD006847,P003,1,1299
ITEM012611,ORD006848,P002,1,3999
ITEM012612,ORD006849,P008,1,1799
ITEM012613,ORD006850,P007,1,999
ITEM012614,ORD006851,P009,1,1499
ITEM012615,ORD006851,P004,1,499
ITEM012616,ORD006852,P010,1,899
ITEM012617,ORD006852,P001,1,2499
ITEM012618,ORD006852,P005,1,699
ITEM012619,ORD006853,P001,1,2499
ITEM012620,ORD006854,P006,1,2999
ITEM012621,ORD006855,P004,1,499
ITEM012622,ORD006855,P001,1,2499
ITEM012623,ORD006856,P001,1,2499
ITEM012624,ORD006856,P009,1,1499
ITEM012625,ORD006856,P006,1,2999
ITEM012626,ORD006857,P006,1,2999
ITEM012627,ORD006857,P003,1,1299
ITEM012628,ORD006858,P007,1,999
ITEM012629,ORD006858,P004,1,499
ITEM012630,ORD006858,P009,1,1499
ITEM012631,ORD006859,P001,1,2499
ITEM012632,ORD006859,P007,1,999
ITEM012633,ORD006860,P006,1,2999
ITEM012634,ORD006860,P003,1,1299
ITEM012635,ORD006861,P008,1,1799
ITEM012636,ORD006862,P001,1,2499
ITEM012637,ORD006863,P001,1,2499
ITEM012638,ORD006863,P007,1,999
ITEM012639,ORD006863,P004,1,499
ITEM012640,ORD006864,P003,1,1299
ITEM012641,ORD006864,P002,1,3999
ITEM012642,ORD006865,P001,1,2499
ITEM012643,ORD006865,P002,1,3999
ITEM012644,ORD006866,P001,1,2499
ITEM012645,ORD006866,P010,1,899
ITEM012646,ORD006866,P004,1,499
ITEM012647,ORD006867,P007,1,999
ITEM012648,ORD006868,P008,1,1799
ITEM012649,ORD006868,P003,1,1299
ITEM012650,ORD006869,P006,1,2999
ITEM012651,ORD006869,P003,1,1299
ITEM012652,ORD006870,P010,1,899
ITEM012653,ORD006870,P006,1,2999
ITEM012654,ORD006871,P010,1,899
ITEM012655,ORD006872,P006,1,2999
ITEM012656,ORD006872,P009,1,1499
ITEM012657,ORD006873,P010,1,899
ITEM012658,ORD006873,P006,1,2999
ITEM012659,ORD006873,P001,1,2499
ITEM012660,ORD006874,P005,1,699
ITEM012661,ORD006874,P010,1,899
ITEM012662,ORD006875,P005,1,699
ITEM012663,ORD006876,P008,1,1799
ITEM012664,ORD006876,P003,1,1299
ITEM012665,ORD006877,P002,1,3999
ITEM012666,ORD006878,P007,1,999
ITEM012667,ORD006878,P010,1,899
ITEM012668,ORD006879,P010,1,899
ITEM012669,ORD006879,P008,1,1799
ITEM012670,ORD006879,P004,1,499
ITEM012671,ORD006880,P010,1,899
ITEM012672,ORD006880,P001,1,2499
ITEM012673,ORD006881,P007,1,999
ITEM012674,ORD006881,P005,1,699
ITEM012675,ORD006882,P002,1,3999
ITEM012676,ORD006882,P001,1,2499
ITEM012677,ORD006883,P001,1,2499
ITEM012678,ORD006883,P008,1,1799
ITEM012679,ORD006883,P009,1,1499
ITEM012680,ORD006884,P009,1,1499
ITEM012681,ORD006884,P003,1,1299
ITEM012682,ORD006885,P003,1,1299
ITEM012683,ORD006885,P005,1,699
ITEM012684,ORD006886,P009,1,1499
ITEM012685,ORD006886,P001,1,2499
ITEM012686,ORD006887,P004,1,499
ITEM012687,ORD006888,P008,1,1799
ITEM012688,ORD006888,P005,1,699
ITEM012689,ORD006889,P001,1,2499
ITEM012690,ORD006889,P004,1,499
ITEM012691,ORD006889,P005,1,699
ITEM012692,ORD006890,P008,1,1799
ITEM012693,ORD006890,P005,1,699
ITEM012694,ORD006891,P001,1,2499
ITEM012695,ORD006891,P010,1,899
ITEM012696,ORD006892,P010,1,899
ITEM012697,ORD006892,P004,1,499
ITEM012698,ORD006893,P010,1,899
ITEM012699,ORD006893,P002,1,3999
ITEM012700,ORD006893,P008,1,1799
ITEM012701,ORD006894,P002,1,3999
ITEM012702,ORD006894,P009,1,1499
ITEM012703,ORD006895,P001,1,2499
ITEM012704,ORD006895,P010,1,899
ITEM012705,ORD006896,P005,1,699
ITEM012706,ORD006896,P004,1,499
ITEM012707,ORD006897,P005,1,699
ITEM012708,ORD006898,P004,1,499
ITEM012709,ORD006898,P007,1,999
ITEM012710,ORD006899,P005,1,699
ITEM012711,ORD006899,P008,1,1799
ITEM012712,ORD006900,P001,1,2499
ITEM012713,ORD006900,P010,1,899
ITEM012714,ORD006901,P001,1,2499
ITEM012715,ORD006902,P003,1,1299
ITEM012716,ORD006902,P005,1,699
ITEM012717,ORD006903,P001,1,2499
ITEM012718,ORD006903,P002,1,3999
ITEM012719,ORD006904,P001,1,2499
ITEM012720,ORD006905,P001,1,2499
ITEM012721,ORD006905,P002,1,3999
ITEM012722,ORD006906,P006,1,2999
ITEM012723,ORD006906,P005,1,699
ITEM012724,ORD006907,P001,1,2499
ITEM012725,ORD006907,P008,1,1799
ITEM012726,ORD006908,P001,1,2499
ITEM012727,ORD006909,P001,1,2499
ITEM012728,ORD006909,P003,1,1299
ITEM012729,ORD006909,P005,1,699
ITEM012730,ORD006910,P003,1,1299
ITEM012731,ORD006910,P009,1,1499
ITEM012732,ORD006911,P008,1,1799
ITEM012733,ORD006912,P002,1,3999
ITEM012734,ORD006912,P006,1,2999
ITEM012735,ORD006913,P001,1,2499
ITEM012736,ORD006913,P008,1,1799
ITEM012737,ORD006914,P002,1,3999
ITEM012738,ORD006914,P003,1,1299
ITEM012739,ORD006915,P003,1,1299
ITEM012740,ORD006915,P001,1,2499
ITEM012741,ORD006916,P005,1,699
ITEM012742,ORD006916,P007,1,999
ITEM012743,ORD006916,P009,1,1499
ITEM012744,ORD006917,P008,1,1799
ITEM012745,ORD006918,P007,1,999
ITEM012746,ORD006918,P006,1,2999
ITEM012747,ORD006919,P002,1,3999
ITEM012748,ORD006919,P003,1,1299
ITEM012749,ORD006920,P001,1,2499
ITEM012750,ORD006920,P009,1,1499
ITEM012751,ORD006920,P010,1,899
ITEM012752,ORD006921,P001,1,2499
ITEM012753,ORD006921,P009,1,1499
ITEM012754,ORD006922,P001,1,2499
ITEM012755,ORD006923,P004,1,499
ITEM012756,ORD006923,P009,1,1499
ITEM012757,ORD006924,P004,1,499
ITEM012758,ORD006925,P001,1,2499
ITEM012759,ORD006926,P001,1,2499
ITEM012760,ORD006926,P008,1,1799
ITEM012761,ORD006927,P001,1,2499
ITEM012762,ORD006928,P009,1,1499
ITEM012763,ORD006928,P005,1,699
ITEM012764,ORD006929,P008,1,1799
ITEM012765,ORD006929,P004,1,499
ITEM012766,ORD006930,P010,1,899
ITEM012767,ORD006931,P001,1,2499
ITEM012768,ORD006931,P009,1,1499
ITEM012769,ORD006932,P008,1,1799
ITEM012770,ORD006933,P001,1,2499
ITEM012771,ORD006933,P007,1,999
ITEM012772,ORD006933,P009,1,1499
ITEM012773,ORD006934,P010,1,899
ITEM012774,ORD006934,P004,1,499
ITEM012775,ORD006935,P008,1,1799
ITEM012776,ORD006936,P001,1,2499
ITEM012777,ORD006937,P008,1,1799
ITEM012778,ORD006938,P009,1,1499
ITEM012779,ORD006938,P006,1,2999
ITEM012780,ORD006938,P004,1,499
ITEM012781,ORD006939,P001,1,2499
ITEM012782,ORD006939,P002,1,3999
ITEM012783,ORD006940,P007,1,999
ITEM012784,ORD006940,P003,1,1299
ITEM012785,ORD006940,P008,1,1799
ITEM012786,ORD006941,P003,1,1299
ITEM012787,ORD006941,P009,1,1499
ITEM012788,ORD006942,P003,1,1299
ITEM012789,ORD006942,P006,1,2999
ITEM012790,ORD006943,P001,1,2499
ITEM012791,ORD006944,P007,1,999
ITEM012792,ORD006944,P002,1,3999
ITEM012793,ORD006945,P010,1,899
ITEM012794,ORD006945,P006,1,2999
ITEM012795,ORD006946,P009,1,1499
ITEM012796,ORD006946,P006,1,2999
ITEM012797,ORD006947,P001,1,2499
ITEM012798,ORD006948,P010,1,899
ITEM012799,ORD006948,P005,1,699
ITEM012800,ORD006949,P001,1,2499
ITEM012801,ORD006950,P004,1,499
ITEM012802,ORD006950,P006,1,2999
ITEM012803,ORD006951,P001,1,2499
ITEM012804,ORD006952,P010,1,899
ITEM012805,ORD006952,P005,1,699
ITEM012806,ORD006953,P008,1,1799
ITEM012807,ORD006954,P002,1,3999
ITEM012808,ORD006955,P007,1,999
ITEM012809,ORD006955,P004,1,499
ITEM012810,ORD006956,P009,1,1499
ITEM012811,ORD006956,P001,1,2499
ITEM012812,ORD006956,P002,1,3999
ITEM012813,ORD006957,P001,1,2499
ITEM012814,ORD006958,P004,1,499
ITEM012815,ORD006959,P004,1,499
ITEM012816,ORD006960,P004,1,499
ITEM012817,ORD006960,P007,1,999
ITEM012818,ORD006961,P001,1,2499
ITEM012819,ORD006962,P005,1,699
ITEM012820,ORD006963,P010,1,899
ITEM012821,ORD006963,P009,1,1499
ITEM012822,ORD006963,P003,1,1299
ITEM012823,ORD006964,P001,1,2499
ITEM012824,ORD006964,P009,1,1499
ITEM012825,ORD006964,P005,1,699
ITEM012826,ORD006965,P001,1,2499
ITEM012827,ORD006965,P004,1,499
ITEM012828,ORD006966,P009,1,1499
ITEM012829,ORD006967,P008,1,1799
ITEM012830,ORD006968,P002,1,3999
ITEM012831,ORD006968,P004,1,499
ITEM012832,ORD006969,P006,1,2999
ITEM012833,ORD006969,P004,1,499
ITEM012834,ORD006969,P007,1,999
ITEM012835,ORD006970,P003,1,1299
ITEM012836,ORD006971,P002,1,3999
ITEM012837,ORD006971,P010,1,899
ITEM012838,ORD006972,P002,1,3999
ITEM012839,ORD006972,P003,1,1299
ITEM012840,ORD006972,P006,1,2999
ITEM012841,ORD006973,P001,1,2499
ITEM012842,ORD006974,P002,1,3999
ITEM012843,ORD006974,P003,1,1299
ITEM012844,ORD006975,P001,1,2499
ITEM012845,ORD006975,P008,1,1799
ITEM012846,ORD006975,P002,1,3999
ITEM012847,ORD006976,P001,1,2499
ITEM012848,ORD006976,P003,1,1299
ITEM012849,ORD006976,P008,1,1799
ITEM012850,ORD006977,P008,1,1799
ITEM012851,ORD006978,P007,1,999
ITEM012852,ORD006978,P010,1,899
ITEM012853,ORD006979,P001,1,2499
ITEM012854,ORD006979,P006,1,2999
ITEM012855,ORD006980,P001,1,2499
ITEM012856,ORD006980,P004,1,499
ITEM012857,ORD006981,P002,1,3999
ITEM012858,ORD006982,P010,1,899
ITEM012859,ORD006982,P005,1,699
ITEM012860,ORD006982,P003,1,1299
ITEM012861,ORD006983,P005,1,699
ITEM012862,ORD006984,P006,1,2999
ITEM012863,ORD006984,P004,1,499
ITEM012864,ORD006985,P006,1,2999
ITEM012865,ORD006985,P008,1,1799
ITEM012866,ORD006986,P010,1,899
ITEM012867,ORD006987,P003,1,1299
ITEM012868,ORD006988,P010,1,899
ITEM012869,ORD006988,P009,1,1499
ITEM012870,ORD006989,P008,1,1799
ITEM012871,ORD006990,P002,1,3999
ITEM012872,ORD006990,P006,1,2999
ITEM012873,ORD006990,P003,1,1299
ITEM012874,ORD006991,P003,1,1299
ITEM012875,ORD006991,P007,1,999
ITEM012876,ORD006991,P008,1,1799
ITEM012877,ORD006992,P005,1,699
ITEM012878,ORD006993,P001,1,2499
ITEM012879,ORD006994,P001,1,2499
ITEM012880,ORD006994,P010,1,899
ITEM012881,ORD006994,P002,1,3999
ITEM012882,ORD006995,P003,1,1299
ITEM012883,ORD006995,P010,1,899
ITEM012884,ORD006995,P005,1,699
ITEM012885,ORD006996,P007,1,999
ITEM012886,ORD006996,P004,1,499
ITEM012887,ORD006996,P001,1,2499
ITEM012888,ORD006997,P007,1,999
ITEM012889,ORD006998,P010,1,899
ITEM012890,ORD006999,P002,1,3999
ITEM012891,ORD006999,P008,1,1799
ITEM012892,ORD007000,P004,1,499
ITEM012893,ORD007001,P006,1,2999
ITEM012894,ORD007001,P003,1,1299
ITEM012895,ORD007002,P009,1,1499
ITEM012896,ORD007003,P007,1,999
ITEM012897,ORD007003,P004,1,499
ITEM012898,ORD007004,P009,1,1499
ITEM012899,ORD007005,P001,1,2499
ITEM012900,ORD007005,P006,1,2999
ITEM012901,ORD007006,P003,1,1299
ITEM012902,ORD007006,P004,1,499
ITEM012903,ORD007007,P008,1,1799
ITEM012904,ORD007008,P004,1,499
ITEM012905,ORD007008,P008,1,1799
ITEM012906,ORD007009,P001,1,2499
ITEM012907,ORD007009,P003,1,1299
ITEM012908,ORD007010,P001,1,2499
ITEM012909,ORD007011,P003,1,1299
ITEM012910,ORD007012,P005,1,699
ITEM012911,ORD007013,P009,1,1499
ITEM012912,ORD007013,P008,1,1799
ITEM012913,ORD007014,P001,1,2499
ITEM012914,ORD007014,P008,1,1799
ITEM012915,ORD007014,P003,1,1299
ITEM012916,ORD007015,P001,1,2499
ITEM012917,ORD007015,P010,1,899
ITEM012918,ORD007015,P003,1,1299
ITEM012919,ORD007016,P003,1,1299
ITEM012920,ORD007017,P001,1,2499
ITEM012921,ORD007018,P001,1,2499
ITEM012922,ORD007018,P009,1,1499
ITEM012923,ORD007019,P004,1,499
ITEM012924,ORD007019,P009,1,1499
ITEM012925,ORD007020,P001,1,2499
ITEM012926,ORD007020,P005,1,699
ITEM012927,ORD007020,P004,1,499
ITEM012928,ORD007021,P001,1,2499
ITEM012929,ORD007021,P006,1,2999
ITEM012930,ORD007022,P001,1,2499
ITEM012931,ORD007022,P004,1,499
ITEM012932,ORD007023,P008,1,1799
ITEM012933,ORD007024,P001,1,2499
ITEM012934,ORD007025,P010,1,899
ITEM012935,ORD007026,P001,1,2499
ITEM012936,ORD007027,P006,1,2999
ITEM012937,ORD007028,P003,1,1299
ITEM012938,ORD007028,P007,1,999
ITEM012939,ORD007029,P001,1,2499
ITEM012940,ORD007029,P007,1,999
ITEM012941,ORD007030,P002,1,3999
ITEM012942,ORD007031,P007,1,999
ITEM012943,ORD007032,P004,1,499
ITEM012944,ORD007032,P009,1,1499
ITEM012945,ORD007033,P008,1,1799
ITEM012946,ORD007034,P010,1,899
ITEM012947,ORD007035,P007,1,999
ITEM012948,ORD007036,P007,1,999
ITEM012949,ORD007037,P006,1,2999
ITEM012950,ORD007037,P003,1,1299
ITEM012951,ORD007038,P001,1,2499
ITEM012952,ORD007038,P008,1,1799
ITEM012953,ORD007039,P001,1,2499
ITEM012954,ORD007039,P010,1,899
ITEM012955,ORD007040,P004,1,499
ITEM012956,ORD007040,P006,1,2999
ITEM012957,ORD007041,P009,1,1499
ITEM012958,ORD007041,P004,1,499
ITEM012959,ORD007041,P003,1,1299
ITEM012960,ORD007042,P001,1,2499
ITEM012961,ORD007042,P003,1,1299
ITEM012962,ORD007043,P001,1,2499
ITEM012963,ORD007043,P010,1,899
ITEM012964,ORD007043,P002,1,3999
ITEM012965,ORD007044,P002,1,3999
ITEM012966,ORD007045,P008,1,1799
ITEM012967,ORD007045,P003,1,1299
ITEM012968,ORD007046,P004,1,499
ITEM012969,ORD007046,P005,1,699
ITEM012970,ORD007047,P006,1,2999
ITEM012971,ORD007047,P005,1,699
ITEM012972,ORD007047,P001,1,2499
ITEM012973,ORD007048,P001,1,2499
ITEM012974,ORD007049,P005,1,699
ITEM012975,ORD007049,P004,1,499
ITEM012976,ORD007050,P001,1,2499
ITEM012977,ORD007050,P006,1,2999
ITEM012978,ORD007050,P010,1,899
ITEM012979,ORD007051,P001,1,2499
ITEM012980,ORD007051,P003,1,1299
ITEM012981,ORD007052,P001,1,2499
ITEM012982,ORD007052,P009,1,1499
ITEM012983,ORD007053,P001,1,2499
ITEM012984,ORD007053,P004,1,499
ITEM012985,ORD007054,P001,1,2499
ITEM012986,ORD007054,P003,1,1299
ITEM012987,ORD007054,P002,1,3999
ITEM012988,ORD007055,P003,1,1299
ITEM012989,ORD007055,P010,1,899
ITEM012990,ORD007055,P006,1,2999
ITEM012991,ORD007056,P001,1,2499
ITEM012992,ORD007056,P006,1,2999
ITEM012993,ORD007057,P006,1,2999
ITEM012994,ORD007057,P010,1,899
ITEM012995,ORD007057,P001,1,2499
ITEM012996,ORD007058,P001,1,2499
ITEM012997,ORD007058,P006,1,2999
ITEM012998,ORD007059,P007,1,999
ITEM012999,ORD007059,P004,1,499
ITEM013000,ORD007060,P010,1,899
ITEM013001,ORD007060,P001,1,2499
ITEM013002,ORD007061,P003,1,1299
ITEM013003,ORD007062,P001,1,2499
ITEM013004,ORD007062,P005,1,699
ITEM013005,ORD007063,P001,1,2499
ITEM013006,ORD007063,P004,1,499
ITEM013007,ORD007064,P003,1,1299
ITEM013008,ORD007064,P007,1,999
ITEM013009,ORD007064,P009,1,1499
ITEM013010,ORD007065,P008,1,1799
ITEM013011,ORD007065,P004,1,499
ITEM013012,ORD007066,P008,1,1799
ITEM013013,ORD007066,P005,1,699
ITEM013014,ORD007067,P006,1,2999
ITEM013015,ORD007067,P009,1,1499
ITEM013016,ORD007067,P008,1,1799
ITEM013017,ORD007068,P005,1,699
ITEM013018,ORD007068,P008,1,1799
ITEM013019,ORD007069,P008,1,1799
ITEM013020,ORD007070,P006,1,2999
ITEM013021,ORD007070,P002,1,3999
ITEM013022,ORD007071,P010,1,899
ITEM013023,ORD007072,P007,1,999
ITEM013024,ORD007072,P009,1,1499
ITEM013025,ORD007072,P001,1,2499
ITEM013026,ORD007073,P006,1,2999
ITEM013027,ORD007074,P006,1,2999
ITEM013028,ORD007074,P004,1,499
ITEM013029,ORD007074,P009,1,1499
ITEM013030,ORD007075,P007,1,999
ITEM013031,ORD007076,P001,1,2499
ITEM013032,ORD007076,P004,1,499
ITEM013033,ORD007077,P007,1,999
ITEM013034,ORD007077,P005,1,699
ITEM013035,ORD007077,P004,1,499
ITEM013036,ORD007078,P008,1,1799
ITEM013037,ORD007078,P007,1,999
ITEM013038,ORD007078,P009,1,1499
ITEM013039,ORD007079,P006,1,2999
ITEM013040,ORD007079,P007,1,999
ITEM013041,ORD007079,P003,1,1299
ITEM013042,ORD007080,P001,1,2499
ITEM013043,ORD007080,P002,1,3999
ITEM013044,ORD007080,P007,1,999
ITEM013045,ORD007081,P009,1,1499
ITEM013046,ORD007082,P008,1,1799
ITEM013047,ORD007082,P003,1,1299
ITEM013048,ORD007083,P010,1,899
ITEM013049,ORD007084,P006,1,2999
ITEM013050,ORD007085,P001,1,2499
ITEM013051,ORD007086,P008,1,1799
ITEM013052,ORD007087,P001,1,2499
ITEM013053,ORD007087,P007,1,999
ITEM013054,ORD007088,P007,1,999
ITEM013055,ORD007088,P010,1,899
ITEM013056,ORD007088,P003,1,1299
ITEM013057,ORD007089,P006,1,2999
ITEM013058,ORD007089,P005,1,699
ITEM013059,ORD007090,P002,1,3999
ITEM013060,ORD007090,P006,1,2999
ITEM013061,ORD007090,P008,1,1799
ITEM013062,ORD007091,P001,1,2499
ITEM013063,ORD007091,P008,1,1799
ITEM013064,ORD007091,P005,1,699
ITEM013065,ORD007092,P009,1,1499
ITEM013066,ORD007093,P001,1,2499
ITEM013067,ORD007093,P003,1,1299
ITEM013068,ORD007094,P002,1,3999
ITEM013069,ORD007094,P009,1,1499
ITEM013070,ORD007094,P006,1,2999
ITEM013071,ORD007095,P004,1,499
ITEM013072,ORD007096,P001,1,2499
ITEM013073,ORD007096,P003,1,1299
ITEM013074,ORD007096,P007,1,999
ITEM013075,ORD007097,P003,1,1299
ITEM013076,ORD007098,P008,1,1799
ITEM013077,ORD007098,P001,1,2499
ITEM013078,ORD007098,P010,1,899
ITEM013079,ORD007099,P001,1,2499
ITEM013080,ORD007099,P003,1,1299
ITEM013081,ORD007099,P002,1,3999
ITEM013082,ORD007100,P001,1,2499
ITEM013083,ORD007100,P003,1,1299
ITEM013084,ORD007101,P005,1,699
ITEM013085,ORD007101,P004,1,499
ITEM013086,ORD007102,P001,1,2499
ITEM013087,ORD007102,P007,1,999
ITEM013088,ORD007102,P005,1,699
ITEM013089,ORD007103,P001,1,2499
ITEM013090,ORD007103,P002,1,3999
ITEM013091,ORD007104,P001,1,2499
ITEM013092,ORD007104,P005,1,699
ITEM013093,ORD007105,P002,1,3999
ITEM013094,ORD007106,P008,1,1799
ITEM013095,ORD007106,P007,1,999
ITEM013096,ORD007107,P010,1,899
ITEM013097,ORD007108,P005,1,699
ITEM013098,ORD007108,P004,1,499
ITEM013099,ORD007109,P005,1,699
ITEM013100,ORD007110,P004,1,499
ITEM013101,ORD007111,P003,1,1299
ITEM013102,ORD007111,P009,1,1499
ITEM013103,ORD007112,P001,1,2499
ITEM013104,ORD007112,P005,1,699
ITEM013105,ORD007113,P006,1,2999
ITEM013106,ORD007113,P010,1,899
ITEM013107,ORD007114,P006,1,2999
ITEM013108,ORD007114,P009,1,1499
ITEM013109,ORD007115,P001,1,2499
ITEM013110,ORD007115,P009,1,1499
ITEM013111,ORD007115,P006,1,2999
ITEM013112,ORD007116,P001,1,2499
ITEM013113,ORD007116,P004,1,499
ITEM013114,ORD007117,P009,1,1499
ITEM013115,ORD007117,P003,1,1299
ITEM013116,ORD007118,P001,1,2499
ITEM013117,ORD007118,P009,1,1499
ITEM013118,ORD007118,P005,1,699
ITEM013119,ORD007119,P002,1,3999
ITEM013120,ORD007119,P010,1,899
ITEM013121,ORD007120,P002,1,3999
ITEM013122,ORD007120,P003,1,1299
ITEM013123,ORD007120,P001,1,2499
ITEM013124,ORD007121,P010,1,899
ITEM013125,ORD007121,P001,1,2499
ITEM013126,ORD007121,P004,1,499
ITEM013127,ORD007122,P001,1,2499
ITEM013128,ORD007122,P010,1,899
ITEM013129,ORD007123,P007,1,999
ITEM013130,ORD007124,P008,1,1799
ITEM013131,ORD007124,P006,1,2999
ITEM013132,ORD007125,P001,1,2499
ITEM013133,ORD007126,P001,1,2499
ITEM013134,ORD007127,P006,1,2999
ITEM013135,ORD007128,P001,1,2499
ITEM013136,ORD007128,P009,1,1499
ITEM013137,ORD007129,P002,1,3999
ITEM013138,ORD007130,P001,1,2499
ITEM013139,ORD007131,P001,1,2499
ITEM013140,ORD007131,P009,1,1499
ITEM013141,ORD007132,P001,1,2499
ITEM013142,ORD007133,P006,1,2999
ITEM013143,ORD007133,P009,1,1499
ITEM013144,ORD007133,P008,1,1799
ITEM013145,ORD007134,P001,1,2499
ITEM013146,ORD007134,P003,1,1299
ITEM013147,ORD007134,P002,1,3999
ITEM013148,ORD007135,P004,1,499
ITEM013149,ORD007135,P008,1,1799
ITEM013150,ORD007135,P003,1,1299
ITEM013151,ORD007136,P001,1,2499
ITEM013152,ORD007137,P001,1,2499
ITEM013153,ORD007138,P001,1,2499
ITEM013154,ORD007139,P001,1,2499
ITEM013155,ORD007139,P010,1,899
ITEM013156,ORD007140,P003,1,1299
ITEM013157,ORD007140,P004,1,499
ITEM013158,ORD007141,P007,1,999
ITEM013159,ORD007142,P007,1,999
ITEM013160,ORD007143,P008,1,1799
ITEM013161,ORD007144,P003,1,1299
ITEM013162,ORD007145,P007,1,999
ITEM013163,ORD007146,P009,1,1499
ITEM013164,ORD007146,P005,1,699
ITEM013165,ORD007146,P010,1,899
ITEM013166,ORD007147,P001,1,2499
ITEM013167,ORD007147,P010,1,899
ITEM013168,ORD007148,P006,1,2999
ITEM013169,ORD007149,P010,1,899
ITEM013170,ORD007149,P005,1,699
ITEM013171,ORD007150,P008,1,1799
ITEM013172,ORD007151,P006,1,2999
ITEM013173,ORD007152,P001,1,2499
ITEM013174,ORD007152,P004,1,499
ITEM013175,ORD007152,P005,1,699
ITEM013176,ORD007153,P004,1,499
ITEM013177,ORD007153,P002,1,3999
ITEM013178,ORD007154,P009,1,1499
ITEM013179,ORD007154,P007,1,999
ITEM013180,ORD007155,P008,1,1799
ITEM013181,ORD007156,P007,1,999
ITEM013182,ORD007157,P001,1,2499
ITEM013183,ORD007157,P006,1,2999
ITEM013184,ORD007158,P003,1,1299
ITEM013185,ORD007158,P004,1,499
ITEM013186,ORD007159,P002,1,3999
ITEM013187,ORD007159,P004,1,499
ITEM013188,ORD007160,P005,1,699
ITEM013189,ORD007160,P006,1,2999
ITEM013190,ORD007161,P010,1,899
ITEM013191,ORD007161,P002,1,3999
ITEM013192,ORD007162,P002,1,3999
ITEM013193,ORD007163,P002,1,3999
ITEM013194,ORD007164,P010,1,899
ITEM013195,ORD007165,P001,1,2499
ITEM013196,ORD007166,P004,1,499
ITEM013197,ORD007166,P002,1,3999
ITEM013198,ORD007166,P007,1,999
ITEM013199,ORD007167,P002,1,3999
ITEM013200,ORD007168,P001,1,2499
ITEM013201,ORD007168,P006,1,2999
ITEM013202,ORD007168,P003,1,1299
ITEM013203,ORD007169,P004,1,499
ITEM013204,ORD007169,P009,1,1499
ITEM013205,ORD007170,P002,1,3999
ITEM013206,ORD007170,P009,1,1499
ITEM013207,ORD007170,P010,1,899
ITEM013208,ORD007171,P009,1,1499
ITEM013209,ORD007171,P010,1,899
ITEM013210,ORD007171,P003,1,1299
ITEM013211,ORD007172,P003,1,1299
ITEM013212,ORD007172,P008,1,1799
ITEM013213,ORD007173,P008,1,1799
ITEM013214,ORD007173,P006,1,2999
ITEM013215,ORD007174,P001,1,2499
ITEM013216,ORD007174,P009,1,1499
ITEM013217,ORD007175,P005,1,699
ITEM013218,ORD007175,P007,1,999
ITEM013219,ORD007176,P010,1,899
ITEM013220,ORD007176,P009,1,1499
ITEM013221,ORD007176,P006,1,2999
ITEM013222,ORD007177,P005,1,699
ITEM013223,ORD007177,P002,1,3999
ITEM013224,ORD007178,P001,1,2499
ITEM013225,ORD007178,P003,1,1299
ITEM013226,ORD007179,P001,1,2499
ITEM013227,ORD007179,P006,1,2999
ITEM013228,ORD007180,P005,1,699
ITEM013229,ORD007180,P010,1,899
ITEM013230,ORD007180,P001,1,2499
ITEM013231,ORD007181,P001,1,2499
ITEM013232,ORD007181,P005,1,699
ITEM013233,ORD007182,P005,1,699
ITEM013234,ORD007182,P008,1,1799
ITEM013235,ORD007183,P001,1,2499
ITEM013236,ORD007184,P003,1,1299
ITEM013237,ORD007184,P006,1,2999
ITEM013238,ORD007185,P001,1,2499
ITEM013239,ORD007185,P007,1,999
ITEM013240,ORD007186,P003,1,1299
ITEM013241,ORD007186,P002,1,3999
ITEM013242,ORD007187,P001,1,2499
ITEM013243,ORD007188,P010,1,899
ITEM013244,ORD007188,P006,1,2999
ITEM013245,ORD007188,P008,1,1799
ITEM013246,ORD007189,P005,1,699
ITEM013247,ORD007189,P009,1,1499
ITEM013248,ORD007190,P008,1,1799
ITEM013249,ORD007191,P001,1,2499
ITEM013250,ORD007192,P008,1,1799
ITEM013251,ORD007193,P001,1,2499
ITEM013252,ORD007193,P007,1,999
ITEM013253,ORD007194,P002,1,3999
ITEM013254,ORD007194,P003,1,1299
ITEM013255,ORD007195,P007,1,999
ITEM013256,ORD007195,P001,1,2499
ITEM013257,ORD007195,P009,1,1499
ITEM013258,ORD007196,P009,1,1499
ITEM013259,ORD007196,P004,1,499
ITEM013260,ORD007197,P001,1,2499
ITEM013261,ORD007197,P006,1,2999
ITEM013262,ORD007198,P001,1,2499
ITEM013263,ORD007198,P007,1,999
ITEM013264,ORD007199,P007,1,999
ITEM013265,ORD007199,P006,1,2999
ITEM013266,ORD007200,P007,1,999
ITEM013267,ORD007200,P008,1,1799
ITEM013268,ORD007200,P002,1,3999
ITEM013269,ORD007201,P006,1,2999
ITEM013270,ORD007201,P003,1,1299
ITEM013271,ORD007202,P009,1,1499
ITEM013272,ORD007203,P001,1,2499
ITEM013273,ORD007204,P002,1,3999
ITEM013274,ORD007205,P003,1,1299
ITEM013275,ORD007206,P010,1,899
ITEM013276,ORD007206,P001,1,2499
ITEM013277,ORD007207,P008,1,1799
ITEM013278,ORD007207,P010,1,899
ITEM013279,ORD007208,P003,1,1299
ITEM013280,ORD007208,P001,1,2499
ITEM013281,ORD007209,P004,1,499
ITEM013282,ORD007209,P010,1,899
ITEM013283,ORD007209,P003,1,1299
ITEM013284,ORD007210,P008,1,1799
ITEM013285,ORD007211,P008,1,1799
ITEM013286,ORD007211,P004,1,499
ITEM013287,ORD007211,P001,1,2499
ITEM013288,ORD007212,P002,1,3999
ITEM013289,ORD007212,P008,1,1799
ITEM013290,ORD007212,P010,1,899
ITEM013291,ORD007213,P001,1,2499
ITEM013292,ORD007213,P004,1,499
ITEM013293,ORD007214,P001,1,2499
ITEM013294,ORD007214,P010,1,899
ITEM013295,ORD007215,P001,1,2499
ITEM013296,ORD007216,P002,1,3999
ITEM013297,ORD007217,P008,1,1799
ITEM013298,ORD007217,P005,1,699
ITEM013299,ORD007218,P006,1,2999
ITEM013300,ORD007218,P004,1,499
ITEM013301,ORD007218,P009,1,1499
ITEM013302,ORD007219,P008,1,1799
ITEM013303,ORD007219,P010,1,899
ITEM013304,ORD007219,P005,1,699
ITEM013305,ORD007220,P009,1,1499
ITEM013306,ORD007221,P001,1,2499
ITEM013307,ORD007221,P010,1,899
ITEM013308,ORD007222,P001,1,2499
ITEM013309,ORD007222,P002,1,3999
ITEM013310,ORD007222,P008,1,1799
ITEM013311,ORD007223,P001,1,2499
ITEM013312,ORD007224,P002,1,3999
ITEM013313,ORD007224,P010,1,899
ITEM013314,ORD007224,P005,1,699
ITEM013315,ORD007225,P009,1,1499
ITEM013316,ORD007225,P007,1,999
ITEM013317,ORD007225,P005,1,699
ITEM013318,ORD007226,P007,1,999
ITEM013319,ORD007226,P009,1,1499
ITEM013320,ORD007227,P004,1,499
ITEM013321,ORD007228,P006,1,2999
ITEM013322,ORD007229,P001,1,2499
ITEM013323,ORD007229,P002,1,3999
ITEM013324,ORD007229,P003,1,1299
ITEM013325,ORD007230,P010,1,899
ITEM013326,ORD007230,P005,1,699
ITEM013327,ORD007231,P010,1,899
ITEM013328,ORD007232,P009,1,1499
ITEM013329,ORD007233,P006,1,2999
ITEM013330,ORD007233,P009,1,1499
ITEM013331,ORD007234,P004,1,499
ITEM013332,ORD007235,P001,1,2499
ITEM013333,ORD007236,P004,1,499
ITEM013334,ORD007236,P010,1,899
ITEM013335,ORD007237,P005,1,699
ITEM013336,ORD007238,P004,1,499
ITEM013337,ORD007238,P008,1,1799
ITEM013338,ORD007239,P004,1,499
ITEM013339,ORD007239,P002,1,3999
ITEM013340,ORD007240,P002,1,3999
ITEM013341,ORD007241,P006,1,2999
ITEM013342,ORD007242,P008,1,1799
ITEM013343,ORD007243,P005,1,699
ITEM013344,ORD007243,P008,1,1799
ITEM013345,ORD007243,P004,1,499
ITEM013346,ORD007244,P003,1,1299
ITEM013347,ORD007245,P001,1,2499
ITEM013348,ORD007245,P008,1,1799
ITEM013349,ORD007245,P004,1,499
ITEM013350,ORD007246,P001,1,2499
ITEM013351,ORD007247,P004,1,499
ITEM013352,ORD007248,P008,1,1799
ITEM013353,ORD007248,P005,1,699
ITEM013354,ORD007249,P010,1,899
ITEM013355,ORD007249,P007,1,999
ITEM013356,ORD007249,P003,1,1299
ITEM013357,ORD007250,P001,1,2499
ITEM013358,ORD007251,P001,1,2499
ITEM013359,ORD007251,P007,1,999
ITEM013360,ORD007252,P007,1,999
ITEM013361,ORD007252,P010,1,899
ITEM013362,ORD007253,P005,1,699
ITEM013363,ORD007253,P006,1,2999
ITEM013364,ORD007253,P009,1,1499
ITEM013365,ORD007254,P002,1,3999
ITEM013366,ORD007254,P007,1,999
ITEM013367,ORD007255,P001,1,2499
ITEM013368,ORD007255,P003,1,1299
ITEM013369,ORD007255,P010,1,899
ITEM013370,ORD007256,P001,1,2499
ITEM013371,ORD007256,P005,1,699
ITEM013372,ORD007257,P006,1,2999
ITEM013373,ORD007257,P004,1,499
ITEM013374,ORD007258,P009,1,1499
ITEM013375,ORD007258,P006,1,2999
ITEM013376,ORD007259,P001,1,2499
ITEM013377,ORD007259,P002,1,3999
ITEM013378,ORD007260,P009,1,1499
ITEM013379,ORD007260,P004,1,499
ITEM013380,ORD007261,P006,1,2999
ITEM013381,ORD007261,P009,1,1499
ITEM013382,ORD007262,P001,1,2499
ITEM013383,ORD007262,P006,1,2999
ITEM013384,ORD007262,P005,1,699
ITEM013385,ORD007263,P008,1,1799
ITEM013386,ORD007264,P001,1,2499
ITEM013387,ORD007264,P009,1,1499
ITEM013388,ORD007264,P008,1,1799
ITEM013389,ORD007265,P002,1,3999
ITEM013390,ORD007265,P010,1,899
ITEM013391,ORD007266,P001,1,2499
ITEM013392,ORD007267,P003,1,1299
ITEM013393,ORD007267,P002,1,3999
ITEM013394,ORD007268,P001,1,2499
ITEM013395,ORD007269,P004,1,499
ITEM013396,ORD007270,P006,1,2999
ITEM013397,ORD007270,P003,1,1299
ITEM013398,ORD007270,P001,1,2499
ITEM013399,ORD007271,P001,1,2499
ITEM013400,ORD007272,P008,1,1799
ITEM013401,ORD007272,P007,1,999
ITEM013402,ORD007273,P001,1,2499
ITEM013403,ORD007273,P010,1,899
ITEM013404,ORD007273,P009,1,1499
ITEM013405,ORD007274,P001,1,2499
ITEM013406,ORD007274,P009,1,1499
ITEM013407,ORD007275,P006,1,2999
ITEM013408,ORD007276,P004,1,499
ITEM013409,ORD007276,P008,1,1799
ITEM013410,ORD007277,P001,1,2499
ITEM013411,ORD007277,P006,1,2999
ITEM013412,ORD007278,P003,1,1299
ITEM013413,ORD007278,P008,1,1799
ITEM013414,ORD007279,P008,1,1799
ITEM013415,ORD007279,P005,1,699
ITEM013416,ORD007280,P002,1,3999
ITEM013417,ORD007280,P003,1,1299
ITEM013418,ORD007281,P002,1,3999
ITEM013419,ORD007281,P004,1,499
ITEM013420,ORD007281,P003,1,1299
ITEM013421,ORD007282,P003,1,1299
ITEM013422,ORD007282,P001,1,2499
ITEM013423,ORD007283,P003,1,1299
ITEM013424,ORD007283,P002,1,3999
ITEM013425,ORD007284,P003,1,1299
ITEM013426,ORD007284,P002,1,3999
ITEM013427,ORD007285,P004,1,499
ITEM013428,ORD007285,P006,1,2999
ITEM013429,ORD007285,P009,1,1499
ITEM013430,ORD007286,P001,1,2499
ITEM013431,ORD007286,P004,1,499
ITEM013432,ORD007286,P005,1,699
ITEM013433,ORD007287,P002,1,3999
ITEM013434,ORD007288,P001,1,2499
ITEM013435,ORD007288,P006,1,2999
ITEM013436,ORD007289,P004,1,499
ITEM013437,ORD007290,P001,1,2499
ITEM013438,ORD007291,P010,1,899
ITEM013439,ORD007291,P004,1,499
ITEM013440,ORD007291,P002,1,3999
ITEM013441,ORD007292,P008,1,1799
ITEM013442,ORD007292,P007,1,999
ITEM013443,ORD007293,P008,1,1799
ITEM013444,ORD007294,P007,1,999
ITEM013445,ORD007294,P005,1,699
ITEM013446,ORD007295,P007,1,999
ITEM013447,ORD007295,P004,1,499
ITEM013448,ORD007296,P010,1,899
ITEM013449,ORD007296,P009,1,1499
ITEM013450,ORD007297,P005,1,699
ITEM013451,ORD007298,P001,1,2499
ITEM013452,ORD007298,P004,1,499
ITEM013453,ORD007299,P004,1,499
ITEM013454,ORD007299,P005,1,699
ITEM013455,ORD007300,P001,1,2499
ITEM013456,ORD007300,P006,1,2999
ITEM013457,ORD007301,P001,1,2499
ITEM013458,ORD007301,P007,1,999
ITEM013459,ORD007302,P001,1,2499
ITEM013460,ORD007302,P006,1,2999
ITEM013461,ORD007303,P004,1,499
ITEM013462,ORD007303,P009,1,1499
ITEM013463,ORD007304,P001,1,2499
ITEM013464,ORD007304,P009,1,1499
ITEM013465,ORD007305,P006,1,2999
ITEM013466,ORD007305,P003,1,1299
ITEM013467,ORD007306,P009,1,1499
ITEM013468,ORD007307,P001,1,2499
ITEM013469,ORD007307,P002,1,3999
ITEM013470,ORD007308,P003,1,1299
ITEM013471,ORD007309,P002,1,3999
ITEM013472,ORD007309,P001,1,2499
ITEM013473,ORD007310,P003,1,1299
ITEM013474,ORD007310,P005,1,699
ITEM013475,ORD007310,P002,1,3999
ITEM013476,ORD007311,P001,1,2499
ITEM013477,ORD007311,P006,1,2999
ITEM013478,ORD007311,P004,1,499
ITEM013479,ORD007312,P002,1,3999
ITEM013480,ORD007312,P003,1,1299
ITEM013481,ORD007313,P007,1,999
ITEM013482,ORD007314,P001,1,2499
ITEM013483,ORD007314,P009,1,1499
ITEM013484,ORD007314,P003,1,1299
ITEM013485,ORD007315,P001,1,2499
ITEM013486,ORD007315,P004,1,499
ITEM013487,ORD007316,P001,1,2499
ITEM013488,ORD007316,P004,1,499
ITEM013489,ORD007316,P010,1,899
ITEM013490,ORD007317,P003,1,1299
ITEM013491,ORD007317,P008,1,1799
ITEM013492,ORD007318,P008,1,1799
ITEM013493,ORD007319,P007,1,999
ITEM013494,ORD007319,P006,1,2999
ITEM013495,ORD007319,P010,1,899
ITEM013496,ORD007320,P006,1,2999
ITEM013497,ORD007320,P005,1,699
ITEM013498,ORD007321,P010,1,899
ITEM013499,ORD007321,P005,1,699
ITEM013500,ORD007322,P003,1,1299
ITEM013501,ORD007323,P001,1,2499
ITEM013502,ORD007324,P002,1,3999
ITEM013503,ORD007324,P001,1,2499
ITEM013504,ORD007325,P001,1,2499
ITEM013505,ORD007326,P010,1,899
ITEM013506,ORD007326,P008,1,1799
ITEM013507,ORD007327,P001,1,2499
ITEM013508,ORD007327,P005,1,699
ITEM013509,ORD007328,P001,1,2499
ITEM013510,ORD007328,P004,1,499
ITEM013511,ORD007328,P007,1,999
ITEM013512,ORD007329,P006,1,2999
ITEM013513,ORD007329,P002,1,3999
ITEM013514,ORD007330,P004,1,499
ITEM013515,ORD007330,P003,1,1299
ITEM013516,ORD007331,P007,1,999
ITEM013517,ORD007331,P004,1,499
ITEM013518,ORD007332,P003,1,1299
ITEM013519,ORD007332,P006,1,2999
ITEM013520,ORD007332,P005,1,699
ITEM013521,ORD007333,P009,1,1499
ITEM013522,ORD007334,P010,1,899
ITEM013523,ORD007334,P008,1,1799
ITEM013524,ORD007335,P005,1,699
ITEM013525,ORD007335,P009,1,1499
ITEM013526,ORD007336,P002,1,3999
ITEM013527,ORD007336,P010,1,899
ITEM013528,ORD007337,P007,1,999
ITEM013529,ORD007338,P010,1,899
ITEM013530,ORD007338,P004,1,499
ITEM013531,ORD007339,P005,1,699
ITEM013532,ORD007340,P001,1,2499
ITEM013533,ORD007341,P001,1,2499
ITEM013534,ORD007341,P010,1,899
ITEM013535,ORD007341,P004,1,499
ITEM013536,ORD007342,P003,1,1299
ITEM013537,ORD007342,P010,1,899
ITEM013538,ORD007343,P010,1,899
ITEM013539,ORD007343,P009,1,1499
ITEM013540,ORD007344,P001,1,2499
ITEM013541,ORD007345,P001,1,2499
ITEM013542,ORD007346,P001,1,2499
ITEM013543,ORD007347,P008,1,1799
ITEM013544,ORD007347,P001,1,2499
ITEM013545,ORD007348,P007,1,999
ITEM013546,ORD007349,P001,1,2499
ITEM013547,ORD007349,P008,1,1799
ITEM013548,ORD007350,P002,1,3999
ITEM013549,ORD007350,P007,1,999
ITEM013550,ORD007351,P010,1,899
ITEM013551,ORD007352,P010,1,899
ITEM013552,ORD007352,P009,1,1499
ITEM013553,ORD007353,P001,1,2499
ITEM013554,ORD007353,P008,1,1799
ITEM013555,ORD007354,P001,1,2499
ITEM013556,ORD007354,P008,1,1799
ITEM013557,ORD007355,P009,1,1499
ITEM013558,ORD007356,P001,1,2499
ITEM013559,ORD007356,P002,1,3999
ITEM013560,ORD007356,P004,1,499
ITEM013561,ORD007357,P007,1,999
ITEM013562,ORD007358,P001,1,2499
ITEM013563,ORD007358,P005,1,699
ITEM013564,ORD007359,P003,1,1299
ITEM013565,ORD007360,P001,1,2499
ITEM013566,ORD007360,P005,1,699
ITEM013567,ORD007360,P006,1,2999
ITEM013568,ORD007361,P010,1,899
ITEM013569,ORD007362,P001,1,2499
ITEM013570,ORD007362,P009,1,1499
ITEM013571,ORD007362,P010,1,899
ITEM013572,ORD007363,P001,1,2499
ITEM013573,ORD007363,P004,1,499
ITEM013574,ORD007364,P003,1,1299
ITEM013575,ORD007364,P006,1,2999
ITEM013576,ORD007364,P010,1,899
ITEM013577,ORD007365,P009,1,1499
ITEM013578,ORD007365,P003,1,1299
ITEM013579,ORD007365,P002,1,3999
ITEM013580,ORD007366,P002,1,3999
ITEM013581,ORD007366,P006,1,2999
ITEM013582,ORD007367,P001,1,2499
ITEM013583,ORD007367,P008,1,1799
ITEM013584,ORD007367,P002,1,3999
ITEM013585,ORD007368,P009,1,1499
ITEM013586,ORD007369,P001,1,2499
ITEM013587,ORD007369,P002,1,3999
ITEM013588,ORD007370,P001,1,2499
ITEM013589,ORD007371,P006,1,2999
ITEM013590,ORD007372,P005,1,699
ITEM013591,ORD007372,P001,1,2499
ITEM013592,ORD007373,P001,1,2499
ITEM013593,ORD007374,P003,1,1299
ITEM013594,ORD007375,P005,1,699
ITEM013595,ORD007375,P001,1,2499
ITEM013596,ORD007376,P001,1,2499
ITEM013597,ORD007376,P010,1,899
ITEM013598,ORD007376,P007,1,999
ITEM013599,ORD007377,P006,1,2999
ITEM013600,ORD007377,P003,1,1299
ITEM013601,ORD007378,P001,1,2499
ITEM013602,ORD007378,P010,1,899
ITEM013603,ORD007378,P004,1,499
ITEM013604,ORD007379,P003,1,1299
ITEM013605,ORD007379,P002,1,3999
ITEM013606,ORD007379,P005,1,699
ITEM013607,ORD007380,P002,1,3999
ITEM013608,ORD007380,P007,1,999
ITEM013609,ORD007380,P004,1,499
ITEM013610,ORD007381,P007,1,999
ITEM013611,ORD007381,P006,1,2999
ITEM013612,ORD007382,P001,1,2499
ITEM013613,ORD007382,P008,1,1799
ITEM013614,ORD007382,P002,1,3999
ITEM013615,ORD007383,P003,1,1299
ITEM013616,ORD007384,P001,1,2499
ITEM013617,ORD007384,P004,1,499
ITEM013618,ORD007385,P006,1,2999
ITEM013619,ORD007385,P003,1,1299
ITEM013620,ORD007386,P001,1,2499
ITEM013621,ORD007386,P004,1,499
ITEM013622,ORD007387,P002,1,3999
ITEM013623,ORD007388,P001,1,2499
ITEM013624,ORD007388,P004,1,499
ITEM013625,ORD007389,P001,1,2499
ITEM013626,ORD007389,P009,1,1499
ITEM013627,ORD007390,P008,1,1799
ITEM013628,ORD007390,P006,1,2999
ITEM013629,ORD007391,P001,1,2499
ITEM013630,ORD007392,P006,1,2999
ITEM013631,ORD007393,P009,1,1499
ITEM013632,ORD007393,P003,1,1299
ITEM013633,ORD007394,P003,1,1299
ITEM013634,ORD007394,P009,1,1499
ITEM013635,ORD007395,P006,1,2999
ITEM013636,ORD007396,P002,1,3999
ITEM013637,ORD007396,P006,1,2999
ITEM013638,ORD007397,P001,1,2499
ITEM013639,ORD007397,P004,1,499
ITEM013640,ORD007398,P008,1,1799
ITEM013641,ORD007399,P010,1,899
ITEM013642,ORD007399,P002,1,3999
ITEM013643,ORD007400,P001,1,2499
ITEM013644,ORD007400,P004,1,499
ITEM013645,ORD007400,P008,1,1799
ITEM013646,ORD007401,P002,1,3999
ITEM013647,ORD007402,P005,1,699
ITEM013648,ORD007402,P006,1,2999
ITEM013649,ORD007402,P001,1,2499
ITEM013650,ORD007403,P004,1,499
ITEM013651,ORD007403,P010,1,899
ITEM013652,ORD007404,P001,1,2499
ITEM013653,ORD007404,P002,1,3999
ITEM013654,ORD007405,P002,1,3999
ITEM013655,ORD007406,P004,1,499
ITEM013656,ORD007407,P001,1,2499
ITEM013657,ORD007407,P006,1,2999
ITEM013658,ORD007408,P001,1,2499
ITEM013659,ORD007409,P001,1,2499
ITEM013660,ORD007409,P006,1,2999
ITEM013661,ORD007410,P001,1,2499
ITEM013662,ORD007410,P002,1,3999
ITEM013663,ORD007411,P009,1,1499
ITEM013664,ORD007411,P010,1,899
ITEM013665,ORD007412,P007,1,999
ITEM013666,ORD007412,P004,1,499
ITEM013667,ORD007412,P006,1,2999
ITEM013668,ORD007413,P003,1,1299
ITEM013669,ORD007413,P004,1,499
ITEM013670,ORD007413,P001,1,2499
ITEM013671,ORD007414,P010,1,899
ITEM013672,ORD007414,P004,1,499
ITEM013673,ORD007415,P006,1,2999
ITEM013674,ORD007415,P002,1,3999
ITEM013675,ORD007416,P003,1,1299
ITEM013676,ORD007416,P004,1,499
ITEM013677,ORD007416,P002,1,3999
ITEM013678,ORD007417,P001,1,2499
ITEM013679,ORD007417,P003,1,1299
ITEM013680,ORD007418,P006,1,2999
ITEM013681,ORD007418,P008,1,1799
ITEM013682,ORD007419,P005,1,699
ITEM013683,ORD007419,P004,1,499
ITEM013684,ORD007420,P001,1,2499
ITEM013685,ORD007421,P008,1,1799
ITEM013686,ORD007421,P009,1,1499
ITEM013687,ORD007421,P002,1,3999
ITEM013688,ORD007422,P002,1,3999
ITEM013689,ORD007423,P001,1,2499
ITEM013690,ORD007423,P008,1,1799
ITEM013691,ORD007424,P008,1,1799
ITEM013692,ORD007424,P009,1,1499
ITEM013693,ORD007425,P001,1,2499
ITEM013694,ORD007426,P001,1,2499
ITEM013695,ORD007426,P004,1,499
ITEM013696,ORD007426,P002,1,3999
ITEM013697,ORD007427,P001,1,2499
ITEM013698,ORD007427,P004,1,499
ITEM013699,ORD007427,P005,1,699
ITEM013700,ORD007428,P004,1,499
ITEM013701,ORD007428,P008,1,1799
ITEM013702,ORD007429,P002,1,3999
ITEM013703,ORD007429,P008,1,1799
ITEM013704,ORD007429,P001,1,2499
ITEM013705,ORD007430,P009,1,1499
ITEM013706,ORD007431,P001,1,2499
ITEM013707,ORD007432,P001,1,2499
ITEM013708,ORD007433,P001,1,2499
ITEM013709,ORD007434,P006,1,2999
ITEM013710,ORD007435,P001,1,2499
ITEM013711,ORD007435,P010,1,899
ITEM013712,ORD007436,P007,1,999
ITEM013713,ORD007436,P005,1,699
ITEM013714,ORD007437,P001,1,2499
ITEM013715,ORD007437,P006,1,2999
ITEM013716,ORD007438,P002,1,3999
ITEM013717,ORD007438,P004,1,499
ITEM013718,ORD007439,P001,1,2499
ITEM013719,ORD007440,P003,1,1299
ITEM013720,ORD007440,P008,1,1799
ITEM013721,ORD007441,P008,1,1799
ITEM013722,ORD007441,P004,1,499
ITEM013723,ORD007442,P001,1,2499
ITEM013724,ORD007442,P009,1,1499
ITEM013725,ORD007443,P004,1,499
ITEM013726,ORD007444,P005,1,699
ITEM013727,ORD007444,P004,1,499
ITEM013728,ORD007445,P001,1,2499
ITEM013729,ORD007445,P004,1,499
ITEM013730,ORD007445,P006,1,2999
ITEM013731,ORD007446,P001,1,2499
ITEM013732,ORD007446,P004,1,499
ITEM013733,ORD007446,P005,1,699
ITEM013734,ORD007447,P007,1,999
ITEM013735,ORD007448,P001,1,2499
ITEM013736,ORD007448,P009,1,1499
ITEM013737,ORD007449,P001,1,2499
ITEM013738,ORD007449,P006,1,2999
ITEM013739,ORD007450,P001,1,2499
ITEM013740,ORD007450,P003,1,1299
ITEM013741,ORD007450,P010,1,899
ITEM013742,ORD007451,P001,1,2499
ITEM013743,ORD007451,P008,1,1799
ITEM013744,ORD007452,P003,1,1299
ITEM013745,ORD007453,P001,1,2499
ITEM013746,ORD007453,P002,1,3999
ITEM013747,ORD007454,P008,1,1799
ITEM013748,ORD007455,P001,1,2499
ITEM013749,ORD007455,P002,1,3999
ITEM013750,ORD007456,P002,1,3999
ITEM013751,ORD007457,P001,1,2499
ITEM013752,ORD007457,P003,1,1299
ITEM013753,ORD007457,P005,1,699
ITEM013754,ORD007458,P010,1,899
ITEM013755,ORD007459,P001,1,2499
ITEM013756,ORD007459,P005,1,699
ITEM013757,ORD007460,P008,1,1799
ITEM013758,ORD007460,P005,1,699
ITEM013759,ORD007461,P001,1,2499
ITEM013760,ORD007461,P008,1,1799
ITEM013761,ORD007462,P009,1,1499
ITEM013762,ORD007462,P001,1,2499
ITEM013763,ORD007463,P009,1,1499
ITEM013764,ORD007463,P003,1,1299
ITEM013765,ORD007464,P002,1,3999
ITEM013766,ORD007464,P007,1,999
ITEM013767,ORD007464,P008,1,1799
ITEM013768,ORD007465,P002,1,3999
ITEM013769,ORD007466,P005,1,699
ITEM013770,ORD007466,P008,1,1799
ITEM013771,ORD007466,P010,1,899
ITEM013772,ORD007467,P001,1,2499
ITEM013773,ORD007468,P001,1,2499
ITEM013774,ORD007469,P001,1,2499
ITEM013775,ORD007470,P008,1,1799
ITEM013776,ORD007470,P007,1,999
ITEM013777,ORD007471,P001,1,2499
ITEM013778,ORD007471,P009,1,1499
ITEM013779,ORD007472,P008,1,1799
ITEM013780,ORD007473,P005,1,699
ITEM013781,ORD007473,P003,1,1299
ITEM013782,ORD007474,P002,1,3999
ITEM013783,ORD007474,P008,1,1799
ITEM013784,ORD007475,P001,1,2499
ITEM013785,ORD007476,P009,1,1499
ITEM013786,ORD007476,P010,1,899
ITEM013787,ORD007476,P004,1,499
ITEM013788,ORD007477,P007,1,999
ITEM013789,ORD007478,P001,1,2499
ITEM013790,ORD007478,P008,1,1799
ITEM013791,ORD007479,P001,1,2499
ITEM013792,ORD007479,P004,1,499
ITEM013793,ORD007479,P007,1,999
ITEM013794,ORD007480,P010,1,899
ITEM013795,ORD007480,P003,1,1299
ITEM013796,ORD007481,P006,1,2999
ITEM013797,ORD007482,P001,1,2499
ITEM013798,ORD007482,P003,1,1299
ITEM013799,ORD007483,P002,1,3999
ITEM013800,ORD007484,P008,1,1799
ITEM013801,ORD007484,P006,1,2999
ITEM013802,ORD007485,P003,1,1299
ITEM013803,ORD007485,P004,1,499
ITEM013804,ORD007485,P007,1,999
ITEM013805,ORD007486,P004,1,499
ITEM013806,ORD007487,P004,1,499
ITEM013807,ORD007487,P003,1,1299
ITEM013808,ORD007487,P001,1,2499
ITEM013809,ORD007488,P006,1,2999
ITEM013810,ORD007488,P005,1,699
ITEM013811,ORD007489,P009,1,1499
ITEM013812,ORD007489,P002,1,3999
ITEM013813,ORD007489,P005,1,699
ITEM013814,ORD007490,P001,1,2499
ITEM013815,ORD007490,P007,1,999
ITEM013816,ORD007491,P001,1,2499
ITEM013817,ORD007491,P005,1,699
ITEM013818,ORD007492,P001,1,2499
ITEM013819,ORD007493,P005,1,699
ITEM013820,ORD007494,P001,1,2499
ITEM013821,ORD007494,P007,1,999
ITEM013822,ORD007494,P004,1,499
ITEM013823,ORD007495,P001,1,2499
ITEM013824,ORD007495,P007,1,999
ITEM013825,ORD007495,P003,1,1299
ITEM013826,ORD007496,P009,1,1499
ITEM013827,ORD007496,P004,1,499
ITEM013828,ORD007497,P006,1,2999
ITEM013829,ORD007498,P008,1,1799
ITEM013830,ORD007498,P007,1,999
ITEM013831,ORD007499,P005,1,699
ITEM013832,ORD007499,P006,1,2999
ITEM013833,ORD007500,P008,1,1799
ITEM013834,ORD007500,P003,1,1299
ITEM013835,ORD007501,P009,1,1499
ITEM013836,ORD007501,P002,1,3999
ITEM013837,ORD007501,P001,1,2499
ITEM013838,ORD007502,P004,1,499
ITEM013839,ORD007502,P001,1,2499
ITEM013840,ORD007503,P004,1,499
ITEM013841,ORD007503,P009,1,1499
ITEM013842,ORD007504,P007,1,999
ITEM013843,ORD007504,P002,1,3999
ITEM013844,ORD007505,P009,1,1499
ITEM013845,ORD007505,P008,1,1799
ITEM013846,ORD007505,P004,1,499
ITEM013847,ORD007506,P007,1,999
ITEM013848,ORD007506,P001,1,2499
ITEM013849,ORD007506,P003,1,1299
ITEM013850,ORD007507,P003,1,1299
ITEM013851,ORD007507,P010,1,899
ITEM013852,ORD007507,P007,1,999
ITEM013853,ORD007508,P008,1,1799
ITEM013854,ORD007508,P009,1,1499
ITEM013855,ORD007508,P001,1,2499
ITEM013856,ORD007509,P001,1,2499
ITEM013857,ORD007509,P008,1,1799
ITEM013858,ORD007509,P009,1,1499
ITEM013859,ORD007510,P008,1,1799
ITEM013860,ORD007510,P002,1,3999
ITEM013861,ORD007511,P001,1,2499
ITEM013862,ORD007512,P004,1,499
ITEM013863,ORD007512,P003,1,1299
ITEM013864,ORD007513,P003,1,1299
ITEM013865,ORD007513,P009,1,1499
ITEM013866,ORD007514,P003,1,1299
ITEM013867,ORD007515,P008,1,1799
ITEM013868,ORD007515,P009,1,1499
ITEM013869,ORD007516,P005,1,699
ITEM013870,ORD007517,P008,1,1799
ITEM013871,ORD007518,P007,1,999
ITEM013872,ORD007518,P010,1,899
ITEM013873,ORD007519,P002,1,3999
ITEM013874,ORD007519,P005,1,699
ITEM013875,ORD007520,P001,1,2499
ITEM013876,ORD007520,P002,1,3999
ITEM013877,ORD007521,P004,1,499
ITEM013878,ORD007522,P006,1,2999
ITEM013879,ORD007522,P005,1,699
ITEM013880,ORD007523,P006,1,2999
ITEM013881,ORD007523,P003,1,1299
ITEM013882,ORD007524,P006,1,2999
ITEM013883,ORD007525,P001,1,2499
ITEM013884,ORD007525,P005,1,699
ITEM013885,ORD007526,P001,1,2499
ITEM013886,ORD007527,P006,1,2999
ITEM013887,ORD007527,P005,1,699
ITEM013888,ORD007528,P001,1,2499
ITEM013889,ORD007528,P004,1,499
ITEM013890,ORD007528,P007,1,999
ITEM013891,ORD007529,P001,1,2499
ITEM013892,ORD007530,P009,1,1499
ITEM013893,ORD007531,P008,1,1799
ITEM013894,ORD007532,P003,1,1299
ITEM013895,ORD007532,P001,1,2499
ITEM013896,ORD007533,P001,1,2499
ITEM013897,ORD007533,P005,1,699
ITEM013898,ORD007533,P002,1,3999
ITEM013899,ORD007534,P009,1,1499
ITEM013900,ORD007535,P003,1,1299
ITEM013901,ORD007535,P002,1,3999
ITEM013902,ORD007536,P006,1,2999
ITEM013903,ORD007536,P009,1,1499
ITEM013904,ORD007537,P001,1,2499
ITEM013905,ORD007538,P001,1,2499
ITEM013906,ORD007538,P003,1,1299
ITEM013907,ORD007539,P004,1,499
ITEM013908,ORD007539,P009,1,1499
ITEM013909,ORD007540,P006,1,2999
ITEM013910,ORD007540,P008,1,1799
ITEM013911,ORD007540,P010,1,899
ITEM013912,ORD007541,P001,1,2499
ITEM013913,ORD007541,P005,1,699
ITEM013914,ORD007542,P005,1,699
ITEM013915,ORD007543,P010,1,899
ITEM013916,ORD007543,P007,1,999
ITEM013917,ORD007544,P002,1,3999
ITEM013918,ORD007545,P002,1,3999
ITEM013919,ORD007546,P007,1,999
ITEM013920,ORD007546,P001,1,2499
ITEM013921,ORD007546,P008,1,1799
ITEM013922,ORD007547,P001,1,2499
ITEM013923,ORD007547,P006,1,2999
ITEM013924,ORD007548,P003,1,1299
ITEM013925,ORD007549,P009,1,1499
ITEM013926,ORD007549,P006,1,2999
ITEM013927,ORD007549,P008,1,1799
ITEM013928,ORD007550,P001,1,2499
ITEM013929,ORD007550,P004,1,499
ITEM013930,ORD007551,P007,1,999
ITEM013931,ORD007551,P008,1,1799
ITEM013932,ORD007551,P010,1,899
ITEM013933,ORD007552,P003,1,1299
ITEM013934,ORD007552,P004,1,499
ITEM013935,ORD007552,P010,1,899
ITEM013936,ORD007553,P001,1,2499
ITEM013937,ORD007553,P008,1,1799
ITEM013938,ORD007554,P001,1,2499
ITEM013939,ORD007554,P007,1,999
ITEM013940,ORD007555,P005,1,699
ITEM013941,ORD007556,P007,1,999
ITEM013942,ORD007556,P004,1,499
ITEM013943,ORD007556,P001,1,2499
ITEM013944,ORD007557,P006,1,2999
ITEM013945,ORD007557,P008,1,1799
ITEM013946,ORD007557,P001,1,2499
ITEM013947,ORD007558,P004,1,499
ITEM013948,ORD007559,P006,1,2999
ITEM013949,ORD007560,P010,1,899
ITEM013950,ORD007560,P009,1,1499
ITEM013951,ORD007560,P007,1,999
ITEM013952,ORD007561,P005,1,699
ITEM013953,ORD007562,P003,1,1299
ITEM013954,ORD007562,P006,1,2999
ITEM013955,ORD007562,P009,1,1499
ITEM013956,ORD007563,P008,1,1799
ITEM013957,ORD007563,P003,1,1299
ITEM013958,ORD007563,P009,1,1499
ITEM013959,ORD007564,P001,1,2499
ITEM013960,ORD007564,P004,1,499
ITEM013961,ORD007565,P001,1,2499
ITEM013962,ORD007565,P006,1,2999
ITEM013963,ORD007566,P001,1,2499
ITEM013964,ORD007566,P007,1,999
ITEM013965,ORD007567,P009,1,1499
ITEM013966,ORD007567,P007,1,999
ITEM013967,ORD007568,P010,1,899
ITEM013968,ORD007569,P001,1,2499
ITEM013969,ORD007570,P009,1,1499
ITEM013970,ORD007570,P008,1,1799
ITEM013971,ORD007571,P005,1,699
ITEM013972,ORD007572,P001,1,2499
ITEM013973,ORD007572,P008,1,1799
ITEM013974,ORD007573,P003,1,1299
ITEM013975,ORD007573,P006,1,2999
ITEM013976,ORD007574,P001,1,2499
ITEM013977,ORD007574,P010,1,899
ITEM013978,ORD007575,P007,1,999
ITEM013979,ORD007576,P006,1,2999
ITEM013980,ORD007577,P005,1,699
ITEM013981,ORD007578,P001,1,2499
ITEM013982,ORD007579,P008,1,1799
ITEM013983,ORD007580,P001,1,2499
ITEM013984,ORD007580,P002,1,3999
ITEM013985,ORD007580,P004,1,499
ITEM013986,ORD007581,P001,1,2499
ITEM013987,ORD007581,P004,1,499
ITEM013988,ORD007582,P001,1,2499
ITEM013989,ORD007583,P002,1,3999
ITEM013990,ORD007583,P009,1,1499
ITEM013991,ORD007583,P006,1,2999
ITEM013992,ORD007584,P005,1,699
ITEM013993,ORD007584,P004,1,499
ITEM013994,ORD007585,P004,1,499
ITEM013995,ORD007585,P007,1,999
ITEM013996,ORD007586,P007,1,999
ITEM013997,ORD007586,P005,1,699
ITEM013998,ORD007587,P004,1,499
ITEM013999,ORD007588,P007,1,999
ITEM014000,ORD007589,P007,1,999
ITEM014001,ORD007590,P001,1,2499
ITEM014002,ORD007591,P008,1,1799
ITEM014003,ORD007591,P007,1,999
ITEM014004,ORD007592,P010,1,899
ITEM014005,ORD007593,P008,1,1799
ITEM014006,ORD007593,P005,1,699
ITEM014007,ORD007594,P001,1,2499
ITEM014008,ORD007594,P008,1,1799
ITEM014009,ORD007595,P010,1,899
ITEM014010,ORD007595,P009,1,1499
ITEM014011,ORD007596,P009,1,1499
ITEM014012,ORD007596,P002,1,3999
ITEM014013,ORD007597,P009,1,1499
ITEM014014,ORD007598,P001,1,2499
ITEM014015,ORD007598,P007,1,999
ITEM014016,ORD007599,P009,1,1499
ITEM014017,ORD007599,P004,1,499
ITEM014018,ORD007600,P001,1,2499
ITEM014019,ORD007600,P004,1,499
ITEM014020,ORD007601,P009,1,1499
ITEM014021,ORD007601,P002,1,3999
ITEM014022,ORD007602,P001,1,2499
ITEM014023,ORD007602,P004,1,499
ITEM014024,ORD007603,P009,1,1499
ITEM014025,ORD007604,P009,1,1499
ITEM014026,ORD007605,P007,1,999
ITEM014027,ORD007605,P004,1,499
ITEM014028,ORD007606,P001,1,2499
ITEM014029,ORD007606,P004,1,499
ITEM014030,ORD007607,P001,1,2499
ITEM014031,ORD007607,P003,1,1299
ITEM014032,ORD007608,P006,1,2999
ITEM014033,ORD007608,P001,1,2499
ITEM014034,ORD007609,P001,1,2499
ITEM014035,ORD007609,P010,1,899
ITEM014036,ORD007610,P004,1,499
ITEM014037,ORD007610,P001,1,2499
ITEM014038,ORD007611,P010,1,899
ITEM014039,ORD007612,P008,1,1799
ITEM014040,ORD007612,P009,1,1499
ITEM014041,ORD007613,P005,1,699
ITEM014042,ORD007614,P010,1,899
ITEM014043,ORD007614,P003,1,1299
ITEM014044,ORD007615,P006,1,2999
ITEM014045,ORD007616,P001,1,2499
ITEM014046,ORD007617,P007,1,999
ITEM014047,ORD007617,P006,1,2999
ITEM014048,ORD007618,P001,1,2499
ITEM014049,ORD007618,P010,1,899
ITEM014050,ORD007618,P005,1,699
ITEM014051,ORD007619,P009,1,1499
ITEM014052,ORD007620,P001,1,2499
ITEM014053,ORD007621,P005,1,699
ITEM014054,ORD007621,P009,1,1499
ITEM014055,ORD007622,P008,1,1799
ITEM014056,ORD007622,P001,1,2499
ITEM014057,ORD007622,P007,1,999
ITEM014058,ORD007623,P004,1,499
ITEM014059,ORD007624,P002,1,3999
ITEM014060,ORD007625,P001,1,2499
ITEM014061,ORD007625,P009,1,1499
ITEM014062,ORD007626,P006,1,2999
ITEM014063,ORD007626,P008,1,1799
ITEM014064,ORD007626,P009,1,1499
ITEM014065,ORD007627,P008,1,1799
ITEM014066,ORD007628,P006,1,2999
ITEM014067,ORD007628,P007,1,999
ITEM014068,ORD007629,P005,1,699
ITEM014069,ORD007629,P008,1,1799
ITEM014070,ORD007630,P010,1,899
ITEM014071,ORD007630,P006,1,2999
ITEM014072,ORD007631,P006,1,2999
ITEM014073,ORD007632,P001,1,2499
ITEM014074,ORD007632,P008,1,1799
ITEM014075,ORD007633,P010,1,899
ITEM014076,ORD007634,P001,1,2499
ITEM014077,ORD007635,P005,1,699
ITEM014078,ORD007635,P006,1,2999
ITEM014079,ORD007636,P005,1,699
ITEM014080,ORD007637,P001,1,2499
ITEM014081,ORD007637,P002,1,3999
ITEM014082,ORD007637,P006,1,2999
ITEM014083,ORD007638,P002,1,3999
ITEM014084,ORD007638,P008,1,1799
ITEM014085,ORD007639,P009,1,1499
ITEM014086,ORD007639,P005,1,699
ITEM014087,ORD007640,P001,1,2499
ITEM014088,ORD007641,P005,1,699
ITEM014089,ORD007642,P009,1,1499
ITEM014090,ORD007642,P002,1,3999
ITEM014091,ORD007643,P001,1,2499
ITEM014092,ORD007644,P007,1,999
ITEM014093,ORD007645,P002,1,3999
ITEM014094,ORD007646,P001,1,2499
ITEM014095,ORD007646,P002,1,3999
ITEM014096,ORD007647,P005,1,699
ITEM014097,ORD007648,P001,1,2499
ITEM014098,ORD007648,P009,1,1499
ITEM014099,ORD007649,P007,1,999
ITEM014100,ORD007649,P002,1,3999
ITEM014101,ORD007650,P006,1,2999
ITEM014102,ORD007651,P001,1,2499
ITEM014103,ORD007651,P006,1,2999
ITEM014104,ORD007652,P008,1,1799
ITEM014105,ORD007652,P002,1,3999
ITEM014106,ORD007653,P007,1,999
ITEM014107,ORD007654,P003,1,1299
ITEM014108,ORD007654,P007,1,999
ITEM014109,ORD007655,P006,1,2999
ITEM014110,ORD007655,P008,1,1799
ITEM014111,ORD007655,P009,1,1499
ITEM014112,ORD007656,P001,1,2499
ITEM014113,ORD007656,P005,1,699
ITEM014114,ORD007657,P007,1,999
ITEM014115,ORD007657,P010,1,899
ITEM014116,ORD007657,P005,1,699
ITEM014117,ORD007658,P005,1,699
ITEM014118,ORD007659,P003,1,1299
ITEM014119,ORD007660,P001,1,2499
ITEM014120,ORD007661,P008,1,1799
ITEM014121,ORD007662,P010,1,899
ITEM014122,ORD007663,P001,1,2499
ITEM014123,ORD007664,P008,1,1799
ITEM014124,ORD007665,P001,1,2499
ITEM014125,ORD007666,P007,1,999
ITEM014126,ORD007666,P003,1,1299
ITEM014127,ORD007667,P001,1,2499
ITEM014128,ORD007667,P008,1,1799
ITEM014129,ORD007668,P001,1,2499
ITEM014130,ORD007668,P009,1,1499
ITEM014131,ORD007669,P001,1,2499
ITEM014132,ORD007669,P010,1,899
ITEM014133,ORD007670,P001,1,2499
ITEM014134,ORD007670,P004,1,499
ITEM014135,ORD007671,P010,1,899
ITEM014136,ORD007672,P005,1,699
ITEM014137,ORD007673,P010,1,899
ITEM014138,ORD007673,P003,1,1299
ITEM014139,ORD007674,P001,1,2499
ITEM014140,ORD007674,P007,1,999
ITEM014141,ORD007675,P004,1,499
ITEM014142,ORD007675,P003,1,1299
ITEM014143,ORD007675,P009,1,1499
ITEM014144,ORD007676,P007,1,999
ITEM014145,ORD007676,P004,1,499
ITEM014146,ORD007676,P002,1,3999
ITEM014147,ORD007677,P008,1,1799
ITEM014148,ORD007677,P007,1,999
ITEM014149,ORD007678,P007,1,999
ITEM014150,ORD007679,P010,1,899
ITEM014151,ORD007679,P006,1,2999
ITEM014152,ORD007680,P007,1,999
ITEM014153,ORD007681,P008,1,1799
ITEM014154,ORD007681,P002,1,3999
ITEM014155,ORD007681,P007,1,999
ITEM014156,ORD007682,P009,1,1499
ITEM014157,ORD007683,P008,1,1799
ITEM014158,ORD007683,P007,1,999
ITEM014159,ORD007683,P009,1,1499
ITEM014160,ORD007684,P009,1,1499
ITEM014161,ORD007685,P001,1,2499
ITEM014162,ORD007686,P004,1,499
ITEM014163,ORD007687,P001,1,2499
ITEM014164,ORD007688,P005,1,699
ITEM014165,ORD007689,P002,1,3999
ITEM014166,ORD007689,P006,1,2999
ITEM014167,ORD007690,P001,1,2499
ITEM014168,ORD007690,P006,1,2999
ITEM014169,ORD007691,P001,1,2499
ITEM014170,ORD007691,P007,1,999
ITEM014171,ORD007692,P001,1,2499
ITEM014172,ORD007692,P010,1,899
ITEM014173,ORD007693,P006,1,2999
ITEM014174,ORD007693,P002,1,3999
ITEM014175,ORD007694,P009,1,1499
ITEM014176,ORD007694,P001,1,2499
ITEM014177,ORD007695,P010,1,899
ITEM014178,ORD007695,P005,1,699
ITEM014179,ORD007695,P006,1,2999
ITEM014180,ORD007696,P009,1,1499
ITEM014181,ORD007696,P002,1,3999
ITEM014182,ORD007697,P006,1,2999
ITEM014183,ORD007697,P007,1,999
ITEM014184,ORD007698,P001,1,2499
ITEM014185,ORD007698,P007,1,999
ITEM014186,ORD007698,P003,1,1299
ITEM014187,ORD007699,P001,1,2499
ITEM014188,ORD007700,P006,1,2999
ITEM014189,ORD007701,P001,1,2499
ITEM014190,ORD007701,P002,1,3999
ITEM014191,ORD007702,P001,1,2499
ITEM014192,ORD007703,P002,1,3999
ITEM014193,ORD007703,P001,1,2499
ITEM014194,ORD007704,P005,1,699
ITEM014195,ORD007704,P006,1,2999
ITEM014196,ORD007705,P001,1,2499
ITEM014197,ORD007705,P002,1,3999
ITEM014198,ORD007705,P007,1,999
ITEM014199,ORD007706,P003,1,1299
ITEM014200,ORD007706,P007,1,999
ITEM014201,ORD007707,P010,1,899
ITEM014202,ORD007707,P008,1,1799
ITEM014203,ORD007708,P006,1,2999
ITEM014204,ORD007709,P001,1,2499
ITEM014205,ORD007709,P004,1,499
ITEM014206,ORD007709,P008,1,1799
ITEM014207,ORD007710,P009,1,1499
ITEM014208,ORD007711,P006,1,2999
ITEM014209,ORD007711,P007,1,999
ITEM014210,ORD007711,P001,1,2499
ITEM014211,ORD007712,P001,1,2499
ITEM014212,ORD007712,P005,1,699
ITEM014213,ORD007712,P008,1,1799
ITEM014214,ORD007713,P002,1,3999
ITEM014215,ORD007713,P010,1,899
ITEM014216,ORD007713,P009,1,1499
ITEM014217,ORD007714,P007,1,999
ITEM014218,ORD007715,P001,1,2499
ITEM014219,ORD007715,P003,1,1299
ITEM014220,ORD007716,P006,1,2999
ITEM014221,ORD007717,P003,1,1299
ITEM014222,ORD007717,P008,1,1799
ITEM014223,ORD007717,P007,1,999
ITEM014224,ORD007718,P002,1,3999
ITEM014225,ORD007719,P001,1,2499
ITEM014226,ORD007719,P008,1,1799
ITEM014227,ORD007719,P004,1,499
ITEM014228,ORD007720,P009,1,1499
ITEM014229,ORD007720,P001,1,2499
ITEM014230,ORD007721,P009,1,1499
ITEM014231,ORD007721,P002,1,3999
ITEM014232,ORD007721,P007,1,999
ITEM014233,ORD007722,P007,1,999
ITEM014234,ORD007722,P010,1,899
ITEM014235,ORD007723,P010,1,899
ITEM014236,ORD007724,P005,1,699
ITEM014237,ORD007724,P002,1,3999
ITEM014238,ORD007724,P006,1,2999
ITEM014239,ORD007725,P010,1,899
ITEM014240,ORD007725,P007,1,999
ITEM014241,ORD007725,P004,1,499
ITEM014242,ORD007726,P003,1,1299
ITEM014243,ORD007727,P003,1,1299
ITEM014244,ORD007728,P008,1,1799
ITEM014245,ORD007729,P004,1,499
ITEM014246,ORD007729,P001,1,2499
ITEM014247,ORD007730,P001,1,2499
ITEM014248,ORD007730,P004,1,499
ITEM014249,ORD007730,P009,1,1499
ITEM014250,ORD007731,P001,1,2499
ITEM014251,ORD007731,P010,1,899
ITEM014252,ORD007732,P006,1,2999
ITEM014253,ORD007732,P008,1,1799
ITEM014254,ORD007733,P001,1,2499
ITEM014255,ORD007733,P003,1,1299
ITEM014256,ORD007734,P001,1,2499
ITEM014257,ORD007735,P001,1,2499
ITEM014258,ORD007736,P003,1,1299
ITEM014259,ORD007736,P005,1,699
ITEM014260,ORD007736,P008,1,1799
ITEM014261,ORD007737,P006,1,2999
ITEM014262,ORD007737,P001,1,2499
ITEM014263,ORD007738,P005,1,699
ITEM014264,ORD007739,P001,1,2499
ITEM014265,ORD007740,P004,1,499
ITEM014266,ORD007741,P003,1,1299
ITEM014267,ORD007741,P007,1,999
ITEM014268,ORD007742,P009,1,1499
ITEM014269,ORD007742,P006,1,2999
ITEM014270,ORD007743,P010,1,899
ITEM014271,ORD007743,P008,1,1799
ITEM014272,ORD007744,P001,1,2499
ITEM014273,ORD007744,P005,1,699
ITEM014274,ORD007745,P001,1,2499
ITEM014275,ORD007745,P005,1,699
ITEM014276,ORD007745,P009,1,1499
ITEM014277,ORD007746,P009,1,1499
ITEM014278,ORD007746,P008,1,1799
ITEM014279,ORD007746,P005,1,699
ITEM014280,ORD007747,P001,1,2499
ITEM014281,ORD007747,P003,1,1299
ITEM014282,ORD007747,P007,1,999
ITEM014283,ORD007748,P010,1,899
ITEM014284,ORD007748,P007,1,999
ITEM014285,ORD007749,P001,1,2499
ITEM014286,ORD007749,P003,1,1299
ITEM014287,ORD007750,P001,1,2499
ITEM014288,ORD007750,P009,1,1499
ITEM014289,ORD007751,P003,1,1299
ITEM014290,ORD007751,P009,1,1499
ITEM014291,ORD007751,P004,1,499
ITEM014292,ORD007752,P008,1,1799
ITEM014293,ORD007752,P002,1,3999
ITEM014294,ORD007753,P002,1,3999
ITEM014295,ORD007753,P008,1,1799
ITEM014296,ORD007754,P007,1,999
ITEM014297,ORD007755,P003,1,1299
ITEM014298,ORD007756,P005,1,699
ITEM014299,ORD007757,P009,1,1499
ITEM014300,ORD007758,P001,1,2499
ITEM014301,ORD007759,P006,1,2999
ITEM014302,ORD007760,P005,1,699
ITEM014303,ORD007761,P001,1,2499
ITEM014304,ORD007761,P010,1,899
ITEM014305,ORD007761,P007,1,999
ITEM014306,ORD007762,P009,1,1499
ITEM014307,ORD007762,P002,1,3999
ITEM014308,ORD007763,P003,1,1299
ITEM014309,ORD007763,P010,1,899
ITEM014310,ORD007764,P001,1,2499
ITEM014311,ORD007765,P001,1,2499
ITEM014312,ORD007765,P004,1,499
ITEM014313,ORD007766,P008,1,1799
ITEM014314,ORD007767,P001,1,2499
ITEM014315,ORD007767,P005,1,699
ITEM014316,ORD007768,P003,1,1299
ITEM014317,ORD007768,P009,1,1499
ITEM014318,ORD007768,P008,1,1799
ITEM014319,ORD007769,P001,1,2499
ITEM014320,ORD007770,P010,1,899
ITEM014321,ORD007770,P009,1,1499
ITEM014322,ORD007771,P008,1,1799
ITEM014323,ORD007771,P004,1,499
ITEM014324,ORD007771,P006,1,2999
ITEM014325,ORD007772,P001,1,2499
ITEM014326,ORD007773,P007,1,999
ITEM014327,ORD007773,P005,1,699
ITEM014328,ORD007774,P001,1,2499
ITEM014329,ORD007774,P009,1,1499
ITEM014330,ORD007775,P001,1,2499
ITEM014331,ORD007775,P002,1,3999
ITEM014332,ORD007776,P001,1,2499
ITEM014333,ORD007776,P006,1,2999
ITEM014334,ORD007777,P009,1,1499
ITEM014335,ORD007778,P006,1,2999
ITEM014336,ORD007779,P003,1,1299
ITEM014337,ORD007779,P006,1,2999
ITEM014338,ORD007780,P003,1,1299
ITEM014339,ORD007781,P008,1,1799
ITEM014340,ORD007781,P007,1,999
ITEM014341,ORD007782,P006,1,2999
ITEM014342,ORD007782,P008,1,1799
ITEM014343,ORD007783,P002,1,3999
ITEM014344,ORD007783,P007,1,999
ITEM014345,ORD007784,P001,1,2499
ITEM014346,ORD007785,P009,1,1499
ITEM014347,ORD007785,P001,1,2499
ITEM014348,ORD007786,P007,1,999
ITEM014349,ORD007787,P001,1,2499
ITEM014350,ORD007787,P010,1,899
ITEM014351,ORD007787,P009,1,1499
ITEM014352,ORD007788,P001,1,2499
ITEM014353,ORD007788,P006,1,2999
ITEM014354,ORD007788,P007,1,999
ITEM014355,ORD007789,P005,1,699
ITEM014356,ORD007789,P008,1,1799
ITEM014357,ORD007789,P002,1,3999
ITEM014358,ORD007790,P009,1,1499
ITEM014359,ORD007791,P001,1,2499
ITEM014360,ORD007792,P001,1,2499
ITEM014361,ORD007792,P008,1,1799
ITEM014362,ORD007792,P003,1,1299
ITEM014363,ORD007793,P001,1,2499
ITEM014364,ORD007793,P005,1,699
ITEM014365,ORD007794,P001,1,2499
ITEM014366,ORD007795,P003,1,1299
ITEM014367,ORD007795,P008,1,1799
ITEM014368,ORD007796,P007,1,999
ITEM014369,ORD007796,P006,1,2999
ITEM014370,ORD007797,P007,1,999
ITEM014371,ORD007798,P001,1,2499
ITEM014372,ORD007798,P009,1,1499
ITEM014373,ORD007798,P010,1,899
ITEM014374,ORD007799,P007,1,999
ITEM014375,ORD007799,P002,1,3999
ITEM014376,ORD007800,P010,1,899
ITEM014377,ORD007800,P004,1,499
ITEM014378,ORD007801,P008,1,1799
ITEM014379,ORD007801,P001,1,2499
ITEM014380,ORD007802,P010,1,899
ITEM014381,ORD007802,P006,1,2999
ITEM014382,ORD007803,P007,1,999
ITEM014383,ORD007803,P005,1,699
ITEM014384,ORD007803,P006,1,2999
ITEM014385,ORD007804,P006,1,2999
ITEM014386,ORD007805,P001,1,2499
ITEM014387,ORD007805,P006,1,2999
ITEM014388,ORD007806,P001,1,2499
ITEM014389,ORD007806,P002,1,3999
ITEM014390,ORD007807,P004,1,499
ITEM014391,ORD007808,P006,1,2999
ITEM014392,ORD007809,P001,1,2499
ITEM014393,ORD007810,P009,1,1499
ITEM014394,ORD007810,P003,1,1299
ITEM014395,ORD007810,P006,1,2999
ITEM014396,ORD007811,P005,1,699
ITEM014397,ORD007811,P009,1,1499
ITEM014398,ORD007811,P007,1,999
ITEM014399,ORD007812,P008,1,1799
ITEM014400,ORD007812,P004,1,499
ITEM014401,ORD007813,P001,1,2499
ITEM014402,ORD007813,P004,1,499
ITEM014403,ORD007814,P001,1,2499
ITEM014404,ORD007814,P002,1,3999
ITEM014405,ORD007815,P004,1,499
ITEM014406,ORD007816,P001,1,2499
ITEM014407,ORD007816,P005,1,699
ITEM014408,ORD007817,P001,1,2499
ITEM014409,ORD007817,P008,1,1799
ITEM014410,ORD007817,P007,1,999
ITEM014411,ORD007818,P003,1,1299
ITEM014412,ORD007818,P002,1,3999
ITEM014413,ORD007818,P004,1,499
ITEM014414,ORD007819,P004,1,499
ITEM014415,ORD007819,P002,1,3999
ITEM014416,ORD007819,P008,1,1799
ITEM014417,ORD007820,P008,1,1799
ITEM014418,ORD007820,P003,1,1299
ITEM014419,ORD007820,P007,1,999
ITEM014420,ORD007821,P009,1,1499
ITEM014421,ORD007821,P001,1,2499
ITEM014422,ORD007821,P006,1,2999
ITEM014423,ORD007822,P008,1,1799
ITEM014424,ORD007822,P005,1,699
ITEM014425,ORD007822,P009,1,1499
ITEM014426,ORD007823,P001,1,2499
ITEM014427,ORD007824,P001,1,2499
ITEM014428,ORD007825,P005,1,699
ITEM014429,ORD007826,P008,1,1799
ITEM014430,ORD007826,P009,1,1499
ITEM014431,ORD007827,P007,1,999
ITEM014432,ORD007827,P002,1,3999
ITEM014433,ORD007828,P001,1,2499
ITEM014434,ORD007829,P002,1,3999
ITEM014435,ORD007829,P005,1,699
ITEM014436,ORD007829,P003,1,1299
ITEM014437,ORD007830,P008,1,1799
ITEM014438,ORD007830,P006,1,2999
ITEM014439,ORD007830,P010,1,899
ITEM014440,ORD007831,P003,1,1299
ITEM014441,ORD007832,P001,1,2499
ITEM014442,ORD007832,P010,1,899
ITEM014443,ORD007833,P001,1,2499
ITEM014444,ORD007834,P003,1,1299
ITEM014445,ORD007834,P009,1,1499
ITEM014446,ORD007834,P006,1,2999
ITEM014447,ORD007835,P002,1,3999
ITEM014448,ORD007836,P005,1,699
ITEM014449,ORD007836,P007,1,999
ITEM014450,ORD007836,P001,1,2499
ITEM014451,ORD007837,P002,1,3999
ITEM014452,ORD007837,P010,1,899
ITEM014453,ORD007838,P008,1,1799
ITEM014454,ORD007838,P002,1,3999
ITEM014455,ORD007839,P002,1,3999
ITEM014456,ORD007839,P008,1,1799
ITEM014457,ORD007840,P008,1,1799
ITEM014458,ORD007841,P008,1,1799
ITEM014459,ORD007842,P004,1,499
ITEM014460,ORD007842,P001,1,2499
ITEM014461,ORD007843,P005,1,699
ITEM014462,ORD007844,P004,1,499
ITEM014463,ORD007844,P003,1,1299
ITEM014464,ORD007845,P001,1,2499
ITEM014465,ORD007846,P008,1,1799
ITEM014466,ORD007846,P005,1,699
ITEM014467,ORD007846,P009,1,1499
ITEM014468,ORD007847,P009,1,1499
ITEM014469,ORD007847,P003,1,1299
ITEM014470,ORD007848,P005,1,699
ITEM014471,ORD007848,P003,1,1299
ITEM014472,ORD007848,P010,1,899
ITEM014473,ORD007849,P005,1,699
ITEM014474,ORD007849,P001,1,2499
ITEM014475,ORD007850,P010,1,899
ITEM014476,ORD007850,P009,1,1499
ITEM014477,ORD007851,P001,1,2499
ITEM014478,ORD007851,P002,1,3999
ITEM014479,ORD007852,P001,1,2499
ITEM014480,ORD007853,P008,1,1799
ITEM014481,ORD007853,P009,1,1499
ITEM014482,ORD007854,P001,1,2499
ITEM014483,ORD007854,P009,1,1499
ITEM014484,ORD007855,P009,1,1499
ITEM014485,ORD007856,P009,1,1499
ITEM014486,ORD007856,P004,1,499
ITEM014487,ORD007857,P001,1,2499
ITEM014488,ORD007857,P004,1,499
ITEM014489,ORD007858,P010,1,899
ITEM014490,ORD007858,P006,1,2999
ITEM014491,ORD007859,P005,1,699
ITEM014492,ORD007860,P001,1,2499
ITEM014493,ORD007860,P007,1,999
ITEM014494,ORD007861,P003,1,1299
ITEM014495,ORD007861,P002,1,3999
ITEM014496,ORD007862,P001,1,2499
ITEM014497,ORD007862,P003,1,1299
ITEM014498,ORD007863,P010,1,899
ITEM014499,ORD007863,P009,1,1499
ITEM014500,ORD007864,P004,1,499
ITEM014501,ORD007865,P010,1,899
ITEM014502,ORD007865,P003,1,1299
ITEM014503,ORD007866,P001,1,2499
ITEM014504,ORD007867,P010,1,899
ITEM014505,ORD007868,P010,1,899
ITEM014506,ORD007868,P007,1,999
ITEM014507,ORD007868,P009,1,1499
ITEM014508,ORD007869,P001,1,2499
ITEM014509,ORD007869,P009,1,1499
ITEM014510,ORD007870,P009,1,1499
ITEM014511,ORD007870,P004,1,499
ITEM014512,ORD007870,P007,1,999
ITEM014513,ORD007871,P009,1,1499
ITEM014514,ORD007871,P005,1,699
ITEM014515,ORD007872,P010,1,899
ITEM014516,ORD007872,P006,1,2999
ITEM014517,ORD007872,P009,1,1499
ITEM014518,ORD007873,P001,1,2499
ITEM014519,ORD007873,P004,1,499
ITEM014520,ORD007874,P010,1,899
ITEM014521,ORD007875,P001,1,2499
ITEM014522,ORD007875,P008,1,1799
ITEM014523,ORD007876,P008,1,1799
ITEM014524,ORD007876,P004,1,499
ITEM014525,ORD007877,P007,1,999
ITEM014526,ORD007878,P001,1,2499
ITEM014527,ORD007879,P002,1,3999
ITEM014528,ORD007879,P009,1,1499
ITEM014529,ORD007879,P003,1,1299
ITEM014530,ORD007880,P001,1,2499
ITEM014531,ORD007880,P002,1,3999
ITEM014532,ORD007880,P009,1,1499
ITEM014533,ORD007881,P001,1,2499
ITEM014534,ORD007881,P009,1,1499
ITEM014535,ORD007882,P004,1,499
ITEM014536,ORD007882,P007,1,999
ITEM014537,ORD007883,P001,1,2499
ITEM014538,ORD007883,P004,1,499
ITEM014539,ORD007884,P001,1,2499
ITEM014540,ORD007884,P005,1,699
ITEM014541,ORD007885,P007,1,999
ITEM014542,ORD007885,P001,1,2499
ITEM014543,ORD007886,P010,1,899
ITEM014544,ORD007886,P007,1,999
ITEM014545,ORD007887,P005,1,699
ITEM014546,ORD007888,P002,1,3999
ITEM014547,ORD007889,P010,1,899
ITEM014548,ORD007889,P007,1,999
ITEM014549,ORD007889,P008,1,1799
ITEM014550,ORD007890,P001,1,2499
ITEM014551,ORD007891,P009,1,1499
ITEM014552,ORD007891,P007,1,999
ITEM014553,ORD007892,P007,1,999
ITEM014554,ORD007893,P008,1,1799
ITEM014555,ORD007893,P004,1,499
ITEM014556,ORD007894,P001,1,2499
ITEM014557,ORD007895,P001,1,2499
ITEM014558,ORD007895,P007,1,999
ITEM014559,ORD007895,P003,1,1299
ITEM014560,ORD007896,P004,1,499
ITEM014561,ORD007896,P007,1,999
ITEM014562,ORD007896,P010,1,899
ITEM014563,ORD007897,P001,1,2499
ITEM014564,ORD007897,P007,1,999
ITEM014565,ORD007898,P006,1,2999
ITEM014566,ORD007898,P010,1,899
ITEM014567,ORD007898,P005,1,699
ITEM014568,ORD007899,P001,1,2499
ITEM014569,ORD007899,P008,1,1799
ITEM014570,ORD007900,P005,1,699
ITEM014571,ORD007900,P006,1,2999
ITEM014572,ORD007900,P007,1,999
ITEM014573,ORD007901,P001,1,2499
ITEM014574,ORD007901,P002,1,3999
ITEM014575,ORD007902,P004,1,499
ITEM014576,ORD007903,P001,1,2499
ITEM014577,ORD007903,P006,1,2999
ITEM014578,ORD007903,P010,1,899
ITEM014579,ORD007904,P008,1,1799
ITEM014580,ORD007905,P001,1,2499
ITEM014581,ORD007905,P007,1,999
ITEM014582,ORD007906,P001,1,2499
ITEM014583,ORD007906,P008,1,1799
ITEM014584,ORD007906,P002,1,3999
ITEM014585,ORD007907,P002,1,3999
ITEM014586,ORD007907,P009,1,1499
ITEM014587,ORD007908,P006,1,2999
ITEM014588,ORD007908,P001,1,2499
ITEM014589,ORD007909,P002,1,3999
ITEM014590,ORD007909,P008,1,1799
ITEM014591,ORD007910,P010,1,899
ITEM014592,ORD007911,P007,1,999
ITEM014593,ORD007912,P007,1,999
ITEM014594,ORD007913,P002,1,3999
ITEM014595,ORD007913,P001,1,2499
ITEM014596,ORD007914,P003,1,1299
ITEM014597,ORD007914,P002,1,3999
ITEM014598,ORD007915,P010,1,899
ITEM014599,ORD007915,P007,1,999
ITEM014600,ORD007916,P001,1,2499
ITEM014601,ORD007916,P002,1,3999
ITEM014602,ORD007917,P002,1,3999
ITEM014603,ORD007918,P005,1,699
ITEM014604,ORD007919,P009,1,1499
ITEM014605,ORD007920,P001,1,2499
ITEM014606,ORD007921,P001,1,2499
ITEM014607,ORD007921,P007,1,999
ITEM014608,ORD007921,P006,1,2999
ITEM014609,ORD007922,P002,1,3999
ITEM014610,ORD007922,P008,1,1799
ITEM014611,ORD007923,P001,1,2499
ITEM014612,ORD007923,P010,1,899
ITEM014613,ORD007924,P001,1,2499
ITEM014614,ORD007924,P008,1,1799
ITEM014615,ORD007925,P005,1,699
ITEM014616,ORD007925,P006,1,2999
ITEM014617,ORD007926,P010,1,899
ITEM014618,ORD007926,P001,1,2499
ITEM014619,ORD007927,P003,1,1299
ITEM014620,ORD007927,P001,1,2499
ITEM014621,ORD007927,P009,1,1499
ITEM014622,ORD007928,P001,1,2499
ITEM014623,ORD007928,P004,1,499
ITEM014624,ORD007929,P002,1,3999
ITEM014625,ORD007929,P008,1,1799
ITEM014626,ORD007930,P001,1,2499
ITEM014627,ORD007931,P001,1,2499
ITEM014628,ORD007931,P003,1,1299
ITEM014629,ORD007931,P006,1,2999
ITEM014630,ORD007932,P006,1,2999
ITEM014631,ORD007932,P009,1,1499
ITEM014632,ORD007933,P003,1,1299
ITEM014633,ORD007933,P004,1,499
ITEM014634,ORD007934,P002,1,3999
ITEM014635,ORD007934,P006,1,2999
ITEM014636,ORD007935,P001,1,2499
ITEM014637,ORD007935,P009,1,1499
ITEM014638,ORD007936,P001,1,2499
ITEM014639,ORD007937,P002,1,3999
ITEM014640,ORD007937,P004,1,499
ITEM014641,ORD007937,P010,1,899
ITEM014642,ORD007938,P009,1,1499
ITEM014643,ORD007938,P003,1,1299
ITEM014644,ORD007939,P010,1,899
ITEM014645,ORD007940,P008,1,1799
ITEM014646,ORD007940,P003,1,1299
ITEM014647,ORD007941,P006,1,2999
ITEM014648,ORD007941,P004,1,499
ITEM014649,ORD007942,P009,1,1499
ITEM014650,ORD007942,P005,1,699
ITEM014651,ORD007943,P004,1,499
ITEM014652,ORD007944,P008,1,1799
ITEM014653,ORD007945,P009,1,1499
ITEM014654,ORD007945,P004,1,499
ITEM014655,ORD007946,P006,1,2999
ITEM014656,ORD007947,P006,1,2999
ITEM014657,ORD007947,P009,1,1499
ITEM014658,ORD007947,P010,1,899
ITEM014659,ORD007948,P006,1,2999
ITEM014660,ORD007949,P004,1,499
ITEM014661,ORD007949,P007,1,999
ITEM014662,ORD007949,P009,1,1499
ITEM014663,ORD007950,P001,1,2499
ITEM014664,ORD007950,P010,1,899
ITEM014665,ORD007950,P003,1,1299
ITEM014666,ORD007951,P002,1,3999
ITEM014667,ORD007951,P007,1,999
ITEM014668,ORD007951,P010,1,899
ITEM014669,ORD007952,P006,1,2999
ITEM014670,ORD007952,P001,1,2499
ITEM014671,ORD007953,P004,1,499
ITEM014672,ORD007953,P009,1,1499
ITEM014673,ORD007954,P001,1,2499
ITEM014674,ORD007954,P006,1,2999
ITEM014675,ORD007955,P010,1,899
ITEM014676,ORD007955,P001,1,2499
ITEM014677,ORD007955,P003,1,1299
ITEM014678,ORD007956,P003,1,1299
ITEM014679,ORD007956,P002,1,3999
ITEM014680,ORD007957,P001,1,2499
ITEM014681,ORD007957,P003,1,1299
ITEM014682,ORD007957,P006,1,2999
ITEM014683,ORD007958,P006,1,2999
ITEM014684,ORD007958,P003,1,1299
ITEM014685,ORD007959,P001,1,2499
ITEM014686,ORD007960,P002,1,3999
ITEM014687,ORD007961,P004,1,499
ITEM014688,ORD007962,P010,1,899
ITEM014689,ORD007962,P005,1,699
ITEM014690,ORD007963,P001,1,2499
ITEM014691,ORD007963,P007,1,999
ITEM014692,ORD007964,P004,1,499
ITEM014693,ORD007964,P002,1,3999
ITEM014694,ORD007964,P007,1,999
ITEM014695,ORD007965,P008,1,1799
ITEM014696,ORD007966,P005,1,699
ITEM014697,ORD007967,P010,1,899
ITEM014698,ORD007967,P008,1,1799
ITEM014699,ORD007967,P001,1,2499
ITEM014700,ORD007968,P001,1,2499
ITEM014701,ORD007968,P009,1,1499
ITEM014702,ORD007969,P004,1,499
ITEM014703,ORD007970,P006,1,2999
ITEM014704,ORD007971,P003,1,1299
ITEM014705,ORD007971,P008,1,1799
ITEM014706,ORD007971,P005,1,699
ITEM014707,ORD007972,P001,1,2499
ITEM014708,ORD007972,P004,1,499
ITEM014709,ORD007973,P008,1,1799
ITEM014710,ORD007974,P001,1,2499
ITEM014711,ORD007974,P010,1,899
ITEM014712,ORD007974,P006,1,2999
ITEM014713,ORD007975,P009,1,1499
ITEM014714,ORD007976,P002,1,3999
ITEM014715,ORD007976,P007,1,999
ITEM014716,ORD007976,P009,1,1499
ITEM014717,ORD007977,P010,1,899
ITEM014718,ORD007977,P002,1,3999
ITEM014719,ORD007978,P002,1,3999
ITEM014720,ORD007978,P008,1,1799
ITEM014721,ORD007979,P001,1,2499
ITEM014722,ORD007979,P005,1,699
ITEM014723,ORD007980,P004,1,499
ITEM014724,ORD007980,P010,1,899
ITEM014725,ORD007981,P005,1,699
ITEM014726,ORD007981,P003,1,1299
ITEM014727,ORD007982,P009,1,1499
ITEM014728,ORD007982,P006,1,2999
ITEM014729,ORD007983,P005,1,699
ITEM014730,ORD007984,P009,1,1499
ITEM014731,ORD007984,P005,1,699
ITEM014732,ORD007985,P009,1,1499
ITEM014733,ORD007986,P001,1,2499
ITEM014734,ORD007986,P007,1,999
ITEM014735,ORD007987,P005,1,699
ITEM014736,ORD007987,P010,1,899
ITEM014737,ORD007988,P009,1,1499
ITEM014738,ORD007988,P006,1,2999
ITEM014739,ORD007989,P001,1,2499
ITEM014740,ORD007989,P010,1,899
ITEM014741,ORD007989,P008,1,1799
ITEM014742,ORD007990,P001,1,2499
ITEM014743,ORD007990,P007,1,999
ITEM014744,ORD007991,P005,1,699
ITEM014745,ORD007991,P003,1,1299
ITEM014746,ORD007991,P004,1,499
ITEM014747,ORD007992,P002,1,3999
ITEM014748,ORD007992,P006,1,2999
ITEM014749,ORD007993,P001,1,2499
ITEM014750,ORD007993,P008,1,1799
ITEM014751,ORD007993,P007,1,999
ITEM014752,ORD007994,P009,1,1499
ITEM014753,ORD007994,P007,1,999
ITEM014754,ORD007995,P002,1,3999
ITEM014755,ORD007995,P007,1,999
ITEM014756,ORD007996,P004,1,499
ITEM014757,ORD007996,P009,1,1499
ITEM014758,ORD007997,P001,1,2499
ITEM014759,ORD007998,P008,1,1799
ITEM014760,ORD007998,P001,1,2499
ITEM014761,ORD007999,P006,1,2999
ITEM014762,ORD007999,P007,1,999
ITEM014763,ORD008000,P004,1,499
ITEM014764,ORD008001,P001,1,2499
ITEM014765,ORD008002,P001,1,2499
ITEM014766,ORD008003,P001,1,2499
ITEM014767,ORD008004,P001,1,2499
ITEM014768,ORD008004,P002,1,3999
ITEM014769,ORD008005,P005,1,699
ITEM014770,ORD008006,P001,1,2499
ITEM014771,ORD008007,P001,1,2499
ITEM014772,ORD008007,P002,1,3999
ITEM014773,ORD008008,P005,1,699
ITEM014774,ORD008009,P007,1,999
ITEM014775,ORD008009,P006,1,2999
ITEM014776,ORD008009,P005,1,699
ITEM014777,ORD008010,P001,1,2499
ITEM014778,ORD008011,P002,1,3999
ITEM014779,ORD008011,P005,1,699
ITEM014780,ORD008012,P001,1,2499
ITEM014781,ORD008013,P004,1,499
ITEM014782,ORD008014,P003,1,1299
ITEM014783,ORD008014,P008,1,1799
ITEM014784,ORD008015,P005,1,699
ITEM014785,ORD008015,P006,1,2999
ITEM014786,ORD008016,P010,1,899
ITEM014787,ORD008016,P009,1,1499
ITEM014788,ORD008017,P001,1,2499
ITEM014789,ORD008018,P010,1,899
ITEM014790,ORD008019,P005,1,699
ITEM014791,ORD008020,P009,1,1499
ITEM014792,ORD008020,P001,1,2499
ITEM014793,ORD008021,P005,1,699
ITEM014794,ORD008021,P007,1,999
ITEM014795,ORD008021,P008,1,1799
ITEM014796,ORD008022,P001,1,2499
ITEM014797,ORD008023,P001,1,2499
ITEM014798,ORD008023,P004,1,499
ITEM014799,ORD008024,P001,1,2499
ITEM014800,ORD008024,P002,1,3999
ITEM014801,ORD008025,P008,1,1799
ITEM014802,ORD008026,P001,1,2499
ITEM014803,ORD008027,P001,1,2499
ITEM014804,ORD008027,P004,1,499
ITEM014805,ORD008028,P001,1,2499
ITEM014806,ORD008029,P003,1,1299
ITEM014807,ORD008030,P007,1,999
ITEM014808,ORD008030,P010,1,899
ITEM014809,ORD008030,P006,1,2999
ITEM014810,ORD008031,P001,1,2499
ITEM014811,ORD008032,P004,1,499
ITEM014812,ORD008032,P006,1,2999
ITEM014813,ORD008032,P008,1,1799
ITEM014814,ORD008033,P008,1,1799
ITEM014815,ORD008033,P007,1,999
ITEM014816,ORD008034,P002,1,3999
ITEM014817,ORD008034,P010,1,899
ITEM014818,ORD008035,P010,1,899
ITEM014819,ORD008036,P004,1,499
ITEM014820,ORD008036,P007,1,999
ITEM014821,ORD008037,P003,1,1299
ITEM014822,ORD008038,P001,1,2499
ITEM014823,ORD008038,P009,1,1499
ITEM014824,ORD008038,P004,1,499
ITEM014825,ORD008039,P001,1,2499
ITEM014826,ORD008040,P001,1,2499
ITEM014827,ORD008040,P010,1,899
ITEM014828,ORD008041,P001,1,2499
ITEM014829,ORD008041,P006,1,2999
ITEM014830,ORD008042,P001,1,2499
ITEM014831,ORD008042,P003,1,1299
ITEM014832,ORD008043,P010,1,899
ITEM014833,ORD008043,P001,1,2499
ITEM014834,ORD008044,P010,1,899
ITEM014835,ORD008044,P005,1,699
ITEM014836,ORD008044,P001,1,2499
ITEM014837,ORD008045,P008,1,1799
ITEM014838,ORD008046,P001,1,2499
ITEM014839,ORD008046,P006,1,2999
ITEM014840,ORD008046,P002,1,3999
ITEM014841,ORD008047,P009,1,1499
ITEM014842,ORD008047,P006,1,2999
ITEM014843,ORD008048,P001,1,2499
ITEM014844,ORD008048,P010,1,899
ITEM014845,ORD008049,P002,1,3999
ITEM014846,ORD008049,P009,1,1499
ITEM014847,ORD008050,P001,1,2499
ITEM014848,ORD008051,P003,1,1299
ITEM014849,ORD008051,P005,1,699
ITEM014850,ORD008052,P008,1,1799
ITEM014851,ORD008052,P009,1,1499
ITEM014852,ORD008053,P006,1,2999
ITEM014853,ORD008053,P008,1,1799
ITEM014854,ORD008053,P009,1,1499
ITEM014855,ORD008054,P001,1,2499
ITEM014856,ORD008054,P008,1,1799
ITEM014857,ORD008055,P001,1,2499
ITEM014858,ORD008055,P008,1,1799
ITEM014859,ORD008055,P003,1,1299
ITEM014860,ORD008056,P009,1,1499
ITEM014861,ORD008056,P003,1,1299
ITEM014862,ORD008056,P004,1,499
ITEM014863,ORD008057,P001,1,2499
ITEM014864,ORD008058,P003,1,1299
ITEM014865,ORD008059,P003,1,1299
ITEM014866,ORD008060,P005,1,699
ITEM014867,ORD008060,P001,1,2499
ITEM014868,ORD008061,P010,1,899
ITEM014869,ORD008061,P003,1,1299
ITEM014870,ORD008062,P001,1,2499
ITEM014871,ORD008062,P006,1,2999
ITEM014872,ORD008063,P008,1,1799
ITEM014873,ORD008063,P010,1,899
ITEM014874,ORD008063,P002,1,3999
ITEM014875,ORD008064,P003,1,1299
ITEM014876,ORD008064,P001,1,2499
ITEM014877,ORD008065,P001,1,2499
ITEM014878,ORD008065,P002,1,3999
ITEM014879,ORD008066,P001,1,2499
ITEM014880,ORD008066,P006,1,2999
ITEM014881,ORD008066,P003,1,1299
ITEM014882,ORD008067,P002,1,3999
ITEM014883,ORD008067,P010,1,899
ITEM014884,ORD008067,P004,1,499
ITEM014885,ORD008068,P001,1,2499
ITEM014886,ORD008069,P001,1,2499
ITEM014887,ORD008070,P007,1,999
ITEM014888,ORD008070,P001,1,2499
ITEM014889,ORD008071,P001,1,2499
ITEM014890,ORD008072,P001,1,2499
ITEM014891,ORD008072,P009,1,1499
ITEM014892,ORD008072,P010,1,899
ITEM014893,ORD008073,P001,1,2499
ITEM014894,ORD008073,P007,1,999
ITEM014895,ORD008074,P001,1,2499
ITEM014896,ORD008075,P010,1,899
ITEM014897,ORD008076,P002,1,3999
ITEM014898,ORD008076,P003,1,1299
ITEM014899,ORD008077,P002,1,3999
ITEM014900,ORD008077,P003,1,1299
ITEM014901,ORD008078,P003,1,1299
ITEM014902,ORD008078,P004,1,499
ITEM014903,ORD008079,P008,1,1799
ITEM014904,ORD008079,P010,1,899
ITEM014905,ORD008080,P010,1,899
ITEM014906,ORD008080,P002,1,3999
ITEM014907,ORD008080,P008,1,1799
ITEM014908,ORD008081,P009,1,1499
ITEM014909,ORD008082,P006,1,2999
ITEM014910,ORD008083,P001,1,2499
ITEM014911,ORD008083,P003,1,1299
ITEM014912,ORD008084,P007,1,999
ITEM014913,ORD008085,P006,1,2999
ITEM014914,ORD008085,P002,1,3999
ITEM014915,ORD008085,P005,1,699
ITEM014916,ORD008086,P001,1,2499
ITEM014917,ORD008087,P001,1,2499
ITEM014918,ORD008087,P006,1,2999
ITEM014919,ORD008087,P004,1,499
ITEM014920,ORD008088,P010,1,899
ITEM014921,ORD008088,P006,1,2999
ITEM014922,ORD008088,P002,1,3999
ITEM014923,ORD008089,P010,1,899
ITEM014924,ORD008089,P008,1,1799
ITEM014925,ORD008090,P006,1,2999
ITEM014926,ORD008090,P003,1,1299
ITEM014927,ORD008091,P001,1,2499
ITEM014928,ORD008092,P001,1,2499
ITEM014929,ORD008092,P009,1,1499
ITEM014930,ORD008092,P007,1,999
ITEM014931,ORD008093,P001,1,2499
ITEM014932,ORD008093,P008,1,1799
ITEM014933,ORD008094,P001,1,2499
ITEM014934,ORD008094,P007,1,999
ITEM014935,ORD008095,P001,1,2499
ITEM014936,ORD008095,P002,1,3999
ITEM014937,ORD008095,P008,1,1799
ITEM014938,ORD008096,P001,1,2499
ITEM014939,ORD008096,P010,1,899
ITEM014940,ORD008097,P005,1,699
ITEM014941,ORD008097,P006,1,2999
ITEM014942,ORD008098,P001,1,2499
ITEM014943,ORD008099,P009,1,1499
ITEM014944,ORD008099,P006,1,2999
ITEM014945,ORD008099,P005,1,699
ITEM014946,ORD008100,P009,1,1499
ITEM014947,ORD008101,P001,1,2499
ITEM014948,ORD008101,P007,1,999
ITEM014949,ORD008102,P005,1,699
ITEM014950,ORD008102,P008,1,1799
ITEM014951,ORD008103,P001,1,2499
ITEM014952,ORD008103,P004,1,499
ITEM014953,ORD008104,P004,1,499
ITEM014954,ORD008104,P009,1,1499
ITEM014955,ORD008105,P001,1,2499
ITEM014956,ORD008106,P009,1,1499
ITEM014957,ORD008106,P005,1,699
ITEM014958,ORD008107,P002,1,3999
ITEM014959,ORD008107,P010,1,899
ITEM014960,ORD008108,P010,1,899
ITEM014961,ORD008108,P001,1,2499
ITEM014962,ORD008109,P006,1,2999
ITEM014963,ORD008110,P002,1,3999
ITEM014964,ORD008111,P001,1,2499
ITEM014965,ORD008111,P005,1,699
ITEM014966,ORD008112,P006,1,2999
ITEM014967,ORD008112,P009,1,1499
ITEM014968,ORD008112,P007,1,999
ITEM014969,ORD008113,P004,1,499
ITEM014970,ORD008114,P003,1,1299
ITEM014971,ORD008114,P009,1,1499
ITEM014972,ORD008115,P005,1,699
ITEM014973,ORD008115,P002,1,3999
ITEM014974,ORD008116,P009,1,1499
ITEM014975,ORD008116,P010,1,899
ITEM014976,ORD008117,P005,1,699
ITEM014977,ORD008117,P008,1,1799
ITEM014978,ORD008118,P005,1,699
ITEM014979,ORD008119,P001,1,2499
ITEM014980,ORD008120,P001,1,2499
ITEM014981,ORD008121,P007,1,999
ITEM014982,ORD008122,P003,1,1299
ITEM014983,ORD008122,P010,1,899
ITEM014984,ORD008122,P002,1,3999
ITEM014985,ORD008123,P001,1,2499
ITEM014986,ORD008124,P010,1,899
ITEM014987,ORD008125,P002,1,3999
ITEM014988,ORD008126,P002,1,3999
ITEM014989,ORD008126,P004,1,499
ITEM014990,ORD008127,P002,1,3999
ITEM014991,ORD008128,P002,1,3999
ITEM014992,ORD008129,P001,1,2499
ITEM014993,ORD008129,P006,1,2999
ITEM014994,ORD008130,P001,1,2499
ITEM014995,ORD008130,P004,1,499
ITEM014996,ORD008130,P005,1,699
ITEM014997,ORD008131,P006,1,2999
ITEM014998,ORD008131,P005,1,699
ITEM014999,ORD008131,P001,1,2499
ITEM015000,ORD008132,P006,1,2999
ITEM015001,ORD008133,P001,1,2499
ITEM015002,ORD008133,P004,1,499
ITEM015003,ORD008134,P001,1,2499
ITEM015004,ORD008134,P009,1,1499
ITEM015005,ORD008135,P004,1,499
ITEM015006,ORD008135,P002,1,3999
ITEM015007,ORD008136,P003,1,1299
ITEM015008,ORD008137,P010,1,899
ITEM015009,ORD008137,P004,1,499
ITEM015010,ORD008138,P005,1,699
ITEM015011,ORD008138,P004,1,499
ITEM015012,ORD008138,P006,1,2999
ITEM015013,ORD008139,P002,1,3999
ITEM015014,ORD008139,P008,1,1799
ITEM015015,ORD008140,P003,1,1299
ITEM015016,ORD008140,P004,1,499
ITEM015017,ORD008141,P001,1,2499
ITEM015018,ORD008141,P010,1,899
ITEM015019,ORD008142,P005,1,699
ITEM015020,ORD008142,P002,1,3999
ITEM015021,ORD008143,P010,1,899
ITEM015022,ORD008144,P001,1,2499
ITEM015023,ORD008144,P009,1,1499
ITEM015024,ORD008145,P005,1,699
ITEM015025,ORD008145,P006,1,2999
ITEM015026,ORD008146,P001,1,2499
ITEM015027,ORD008147,P001,1,2499
ITEM015028,ORD008147,P003,1,1299
ITEM015029,ORD008147,P006,1,2999
ITEM015030,ORD008148,P001,1,2499
ITEM015031,ORD008148,P002,1,3999
ITEM015032,ORD008149,P006,1,2999
ITEM015033,ORD008149,P002,1,3999
ITEM015034,ORD008149,P009,1,1499
ITEM015035,ORD008150,P001,1,2499
ITEM015036,ORD008150,P003,1,1299
ITEM015037,ORD008151,P001,1,2499
ITEM015038,ORD008151,P004,1,499
ITEM015039,ORD008152,P009,1,1499
ITEM015040,ORD008152,P003,1,1299
ITEM015041,ORD008152,P004,1,499
ITEM015042,ORD008153,P002,1,3999
ITEM015043,ORD008153,P008,1,1799
ITEM015044,ORD008154,P001,1,2499
ITEM015045,ORD008155,P001,1,2499
ITEM015046,ORD008155,P010,1,899
ITEM015047,ORD008155,P009,1,1499
ITEM015048,ORD008156,P010,1,899
ITEM015049,ORD008156,P002,1,3999
ITEM015050,ORD008156,P005,1,699
ITEM015051,ORD008157,P001,1,2499
ITEM015052,ORD008157,P004,1,499
ITEM015053,ORD008158,P002,1,3999
ITEM015054,ORD008159,P001,1,2499
ITEM015055,ORD008159,P004,1,499
ITEM015056,ORD008159,P009,1,1499
ITEM015057,ORD008160,P005,1,699
ITEM015058,ORD008160,P006,1,2999
ITEM015059,ORD008161,P001,1,2499
ITEM015060,ORD008161,P010,1,899
ITEM015061,ORD008162,P010,1,899
ITEM015062,ORD008162,P001,1,2499
ITEM015063,ORD008163,P002,1,3999
ITEM015064,ORD008163,P005,1,699
ITEM015065,ORD008164,P003,1,1299
ITEM015066,ORD008165,P002,1,3999
ITEM015067,ORD008165,P008,1,1799
ITEM015068,ORD008166,P001,1,2499
ITEM015069,ORD008166,P010,1,899
ITEM015070,ORD008167,P005,1,699
ITEM015071,ORD008167,P006,1,2999
ITEM015072,ORD008168,P005,1,699
ITEM015073,ORD008168,P008,1,1799
ITEM015074,ORD008169,P001,1,2499
ITEM015075,ORD008170,P009,1,1499
ITEM015076,ORD008170,P001,1,2499
ITEM015077,ORD008171,P001,1,2499
ITEM015078,ORD008171,P004,1,499
ITEM015079,ORD008172,P007,1,999
ITEM015080,ORD008172,P010,1,899
ITEM015081,ORD008173,P001,1,2499
ITEM015082,ORD008173,P008,1,1799
ITEM015083,ORD008174,P003,1,1299
ITEM015084,ORD008174,P004,1,499
ITEM015085,ORD008175,P006,1,2999
ITEM015086,ORD008175,P004,1,499
ITEM015087,ORD008176,P005,1,699
ITEM015088,ORD008176,P001,1,2499
ITEM015089,ORD008177,P001,1,2499
ITEM015090,ORD008177,P006,1,2999
ITEM015091,ORD008178,P007,1,999
ITEM015092,ORD008178,P006,1,2999
ITEM015093,ORD008179,P003,1,1299
ITEM015094,ORD008179,P001,1,2499
ITEM015095,ORD008179,P004,1,499
ITEM015096,ORD008180,P003,1,1299
ITEM015097,ORD008180,P004,1,499
ITEM015098,ORD008181,P009,1,1499
ITEM015099,ORD008181,P003,1,1299
ITEM015100,ORD008182,P007,1,999
ITEM015101,ORD008183,P001,1,2499
ITEM015102,ORD008183,P009,1,1499
ITEM015103,ORD008184,P004,1,499
ITEM015104,ORD008184,P007,1,999
ITEM015105,ORD008185,P001,1,2499
ITEM015106,ORD008185,P002,1,3999
ITEM015107,ORD008186,P001,1,2499
ITEM015108,ORD008187,P001,1,2499
ITEM015109,ORD008187,P008,1,1799
ITEM015110,ORD008187,P005,1,699
ITEM015111,ORD008188,P001,1,2499
ITEM015112,ORD008189,P008,1,1799
ITEM015113,ORD008189,P005,1,699
ITEM015114,ORD008190,P003,1,1299
ITEM015115,ORD008191,P001,1,2499
ITEM015116,ORD008192,P001,1,2499
ITEM015117,ORD008193,P002,1,3999
ITEM015118,ORD008194,P006,1,2999
ITEM015119,ORD008194,P004,1,499
ITEM015120,ORD008195,P002,1,3999
ITEM015121,ORD008195,P004,1,499
ITEM015122,ORD008196,P002,1,3999
ITEM015123,ORD008196,P003,1,1299
ITEM015124,ORD008197,P005,1,699
ITEM015125,ORD008197,P006,1,2999
ITEM015126,ORD008198,P001,1,2499
ITEM015127,ORD008198,P003,1,1299
ITEM015128,ORD008199,P005,1,699
ITEM015129,ORD008199,P002,1,3999
ITEM015130,ORD008200,P001,1,2499
ITEM015131,ORD008200,P002,1,3999
ITEM015132,ORD008201,P007,1,999
ITEM015133,ORD008201,P008,1,1799
ITEM015134,ORD008202,P010,1,899
ITEM015135,ORD008203,P004,1,499
ITEM015136,ORD008204,P001,1,2499
ITEM015137,ORD008204,P002,1,3999
ITEM015138,ORD008205,P001,1,2499
ITEM015139,ORD008206,P005,1,699
ITEM015140,ORD008206,P010,1,899
ITEM015141,ORD008206,P009,1,1499
ITEM015142,ORD008207,P003,1,1299
ITEM015143,ORD008207,P004,1,499
ITEM015144,ORD008207,P002,1,3999
ITEM015145,ORD008208,P001,1,2499
ITEM015146,ORD008208,P007,1,999
ITEM015147,ORD008209,P001,1,2499
ITEM015148,ORD008210,P004,1,499
ITEM015149,ORD008210,P001,1,2499
ITEM015150,ORD008210,P005,1,699
ITEM015151,ORD008211,P002,1,3999
ITEM015152,ORD008211,P006,1,2999
ITEM015153,ORD008212,P006,1,2999
ITEM015154,ORD008212,P008,1,1799
ITEM015155,ORD008213,P001,1,2499
ITEM015156,ORD008213,P004,1,499
ITEM015157,ORD008214,P004,1,499
ITEM015158,ORD008214,P001,1,2499
ITEM015159,ORD008215,P006,1,2999
ITEM015160,ORD008216,P001,1,2499
ITEM015161,ORD008217,P010,1,899
ITEM015162,ORD008217,P009,1,1499
ITEM015163,ORD008218,P009,1,1499
ITEM015164,ORD008218,P008,1,1799
ITEM015165,ORD008219,P007,1,999
ITEM015166,ORD008219,P003,1,1299
ITEM015167,ORD008220,P007,1,999
ITEM015168,ORD008220,P008,1,1799
ITEM015169,ORD008221,P009,1,1499
ITEM015170,ORD008221,P005,1,699
ITEM015171,ORD008222,P007,1,999
ITEM015172,ORD008222,P006,1,2999
ITEM015173,ORD008223,P003,1,1299
ITEM015174,ORD008224,P009,1,1499
ITEM015175,ORD008224,P001,1,2499
ITEM015176,ORD008225,P005,1,699
ITEM015177,ORD008226,P010,1,899
ITEM015178,ORD008227,P003,1,1299
ITEM015179,ORD008228,P001,1,2499
ITEM015180,ORD008228,P007,1,999
ITEM015181,ORD008229,P010,1,899
ITEM015182,ORD008229,P002,1,3999
ITEM015183,ORD008230,P004,1,499
ITEM015184,ORD008230,P001,1,2499
ITEM015185,ORD008231,P007,1,999
ITEM015186,ORD008232,P001,1,2499
ITEM015187,ORD008232,P007,1,999
ITEM015188,ORD008233,P002,1,3999
ITEM015189,ORD008234,P001,1,2499
ITEM015190,ORD008235,P008,1,1799
ITEM015191,ORD008236,P006,1,2999
ITEM015192,ORD008236,P007,1,999
ITEM015193,ORD008237,P004,1,499
ITEM015194,ORD008237,P009,1,1499
ITEM015195,ORD008237,P001,1,2499
ITEM015196,ORD008238,P009,1,1499
ITEM015197,ORD008238,P010,1,899
ITEM015198,ORD008239,P007,1,999
ITEM015199,ORD008239,P004,1,499
ITEM015200,ORD008239,P008,1,1799
ITEM015201,ORD008240,P008,1,1799
ITEM015202,ORD008240,P001,1,2499
ITEM015203,ORD008241,P007,1,999
ITEM015204,ORD008242,P002,1,3999
ITEM015205,ORD008242,P008,1,1799
ITEM015206,ORD008243,P002,1,3999
ITEM015207,ORD008244,P001,1,2499
ITEM015208,ORD008245,P001,1,2499
ITEM015209,ORD008245,P004,1,499
ITEM015210,ORD008246,P009,1,1499
ITEM015211,ORD008246,P008,1,1799
ITEM015212,ORD008247,P005,1,699
ITEM015213,ORD008247,P006,1,2999
ITEM015214,ORD008248,P006,1,2999
ITEM015215,ORD008248,P009,1,1499
ITEM015216,ORD008249,P006,1,2999
ITEM015217,ORD008250,P004,1,499
ITEM015218,ORD008250,P005,1,699
ITEM015219,ORD008251,P001,1,2499
ITEM015220,ORD008252,P001,1,2499
ITEM015221,ORD008252,P005,1,699
ITEM015222,ORD008253,P001,1,2499
ITEM015223,ORD008254,P001,1,2499
ITEM015224,ORD008254,P008,1,1799
ITEM015225,ORD008254,P003,1,1299
ITEM015226,ORD008255,P001,1,2499
ITEM015227,ORD008256,P001,1,2499
ITEM015228,ORD008256,P009,1,1499
ITEM015229,ORD008257,P002,1,3999
ITEM015230,ORD008258,P010,1,899
ITEM015231,ORD008258,P009,1,1499
ITEM015232,ORD008258,P008,1,1799
ITEM015233,ORD008259,P005,1,699
ITEM015234,ORD008259,P010,1,899
ITEM015235,ORD008260,P008,1,1799
ITEM015236,ORD008261,P005,1,699
ITEM015237,ORD008262,P010,1,899
ITEM015238,ORD008263,P010,1,899
ITEM015239,ORD008264,P004,1,499
ITEM015240,ORD008265,P001,1,2499
ITEM015241,ORD008266,P006,1,2999
ITEM015242,ORD008266,P008,1,1799
ITEM015243,ORD008267,P002,1,3999
ITEM015244,ORD008267,P001,1,2499
ITEM015245,ORD008268,P001,1,2499
ITEM015246,ORD008268,P004,1,499
ITEM015247,ORD008268,P006,1,2999
ITEM015248,ORD008269,P007,1,999
ITEM015249,ORD008269,P010,1,899
ITEM015250,ORD008270,P010,1,899
ITEM015251,ORD008270,P008,1,1799
ITEM015252,ORD008271,P001,1,2499
ITEM015253,ORD008272,P001,1,2499
ITEM015254,ORD008273,P001,1,2499
ITEM015255,ORD008273,P004,1,499
ITEM015256,ORD008274,P010,1,899
ITEM015257,ORD008274,P002,1,3999
ITEM015258,ORD008275,P003,1,1299
ITEM015259,ORD008275,P009,1,1499
ITEM015260,ORD008276,P007,1,999
ITEM015261,ORD008276,P009,1,1499
ITEM015262,ORD008276,P004,1,499
ITEM015263,ORD008277,P006,1,2999
ITEM015264,ORD008277,P008,1,1799
ITEM015265,ORD008278,P001,1,2499
ITEM015266,ORD008278,P004,1,499
ITEM015267,ORD008279,P001,1,2499
ITEM015268,ORD008279,P008,1,1799
ITEM015269,ORD008279,P005,1,699
ITEM015270,ORD008280,P001,1,2499
ITEM015271,ORD008280,P008,1,1799
ITEM015272,ORD008280,P006,1,2999
ITEM015273,ORD008281,P003,1,1299
ITEM015274,ORD008281,P008,1,1799
ITEM015275,ORD008281,P002,1,3999
ITEM015276,ORD008282,P001,1,2499
ITEM015277,ORD008282,P009,1,1499
ITEM015278,ORD008283,P002,1,3999
ITEM015279,ORD008284,P001,1,2499
ITEM015280,ORD008285,P001,1,2499
ITEM015281,ORD008285,P008,1,1799
ITEM015282,ORD008286,P001,1,2499
ITEM015283,ORD008286,P008,1,1799
ITEM015284,ORD008287,P003,1,1299
ITEM015285,ORD008288,P008,1,1799
ITEM015286,ORD008288,P004,1,499
ITEM015287,ORD008289,P007,1,999
ITEM015288,ORD008289,P010,1,899
ITEM015289,ORD008290,P001,1,2499
ITEM015290,ORD008291,P001,1,2499
ITEM015291,ORD008291,P005,1,699
ITEM015292,ORD008292,P005,1,699
ITEM015293,ORD008293,P004,1,499
ITEM015294,ORD008294,P005,1,699
ITEM015295,ORD008294,P010,1,899
ITEM015296,ORD008295,P007,1,999
ITEM015297,ORD008295,P008,1,1799
ITEM015298,ORD008296,P001,1,2499
ITEM015299,ORD008296,P002,1,3999
ITEM015300,ORD008297,P004,1,499
ITEM015301,ORD008297,P006,1,2999
ITEM015302,ORD008297,P008,1,1799
ITEM015303,ORD008298,P002,1,3999
ITEM015304,ORD008298,P008,1,1799
ITEM015305,ORD008299,P001,1,2499
ITEM015306,ORD008299,P002,1,3999
ITEM015307,ORD008300,P010,1,899
ITEM015308,ORD008300,P003,1,1299
ITEM015309,ORD008300,P004,1,499
ITEM015310,ORD008301,P004,1,499
ITEM015311,ORD008301,P007,1,999
ITEM015312,ORD008302,P010,1,899
ITEM015313,ORD008303,P007,1,999
ITEM015314,ORD008303,P006,1,2999
ITEM015315,ORD008303,P009,1,1499
ITEM015316,ORD008304,P001,1,2499
ITEM015317,ORD008304,P002,1,3999
ITEM015318,ORD008305,P009,1,1499
ITEM015319,ORD008306,P001,1,2499
ITEM015320,ORD008306,P004,1,499
ITEM015321,ORD008307,P001,1,2499
ITEM015322,ORD008308,P001,1,2499
ITEM015323,ORD008308,P008,1,1799
ITEM015324,ORD008308,P006,1,2999
ITEM015325,ORD008309,P001,1,2499
ITEM015326,ORD008309,P006,1,2999
ITEM015327,ORD008310,P003,1,1299
ITEM015328,ORD008311,P003,1,1299
ITEM015329,ORD008311,P009,1,1499
ITEM015330,ORD008312,P001,1,2499
ITEM015331,ORD008312,P004,1,499
ITEM015332,ORD008313,P007,1,999
ITEM015333,ORD008313,P002,1,3999
ITEM015334,ORD008313,P009,1,1499
ITEM015335,ORD008314,P007,1,999
ITEM015336,ORD008314,P006,1,2999
ITEM015337,ORD008314,P004,1,499
ITEM015338,ORD008315,P003,1,1299
ITEM015339,ORD008316,P002,1,3999
ITEM015340,ORD008316,P003,1,1299
ITEM015341,ORD008316,P004,1,499
ITEM015342,ORD008317,P010,1,899
ITEM015343,ORD008318,P001,1,2499
ITEM015344,ORD008318,P003,1,1299
ITEM015345,ORD008319,P008,1,1799
ITEM015346,ORD008319,P001,1,2499
ITEM015347,ORD008320,P001,1,2499
ITEM015348,ORD008320,P009,1,1499
ITEM015349,ORD008321,P004,1,499
ITEM015350,ORD008321,P008,1,1799
ITEM015351,ORD008322,P001,1,2499
ITEM015352,ORD008322,P005,1,699
ITEM015353,ORD008323,P007,1,999
ITEM015354,ORD008323,P005,1,699
ITEM015355,ORD008324,P001,1,2499
ITEM015356,ORD008324,P008,1,1799
ITEM015357,ORD008324,P004,1,499
ITEM015358,ORD008325,P008,1,1799
ITEM015359,ORD008325,P009,1,1499
ITEM015360,ORD008326,P010,1,899
ITEM015361,ORD008326,P007,1,999
ITEM015362,ORD008326,P002,1,3999
ITEM015363,ORD008327,P003,1,1299
ITEM015364,ORD008328,P001,1,2499
ITEM015365,ORD008329,P001,1,2499
ITEM015366,ORD008329,P007,1,999
ITEM015367,ORD008330,P001,1,2499
ITEM015368,ORD008330,P008,1,1799
ITEM015369,ORD008331,P010,1,899
ITEM015370,ORD008331,P006,1,2999
ITEM015371,ORD008331,P008,1,1799
ITEM015372,ORD008332,P010,1,899
ITEM015373,ORD008332,P001,1,2499
ITEM015374,ORD008332,P008,1,1799
ITEM015375,ORD008333,P001,1,2499
ITEM015376,ORD008334,P001,1,2499
ITEM015377,ORD008334,P008,1,1799
ITEM015378,ORD008335,P007,1,999
ITEM015379,ORD008335,P005,1,699
ITEM015380,ORD008336,P001,1,2499
ITEM015381,ORD008337,P001,1,2499
ITEM015382,ORD008337,P010,1,899
ITEM015383,ORD008338,P001,1,2499
ITEM015384,ORD008339,P009,1,1499
ITEM015385,ORD008339,P007,1,999
ITEM015386,ORD008340,P001,1,2499
ITEM015387,ORD008341,P001,1,2499
ITEM015388,ORD008342,P006,1,2999
ITEM015389,ORD008342,P002,1,3999
ITEM015390,ORD008342,P008,1,1799
ITEM015391,ORD008343,P001,1,2499
ITEM015392,ORD008344,P007,1,999
ITEM015393,ORD008344,P001,1,2499
ITEM015394,ORD008345,P006,1,2999
ITEM015395,ORD008346,P002,1,3999
ITEM015396,ORD008347,P008,1,1799
ITEM015397,ORD008347,P006,1,2999
ITEM015398,ORD008348,P009,1,1499
ITEM015399,ORD008348,P002,1,3999
ITEM015400,ORD008348,P006,1,2999
ITEM015401,ORD008349,P007,1,999
ITEM015402,ORD008349,P004,1,499
ITEM015403,ORD008350,P001,1,2499
ITEM015404,ORD008351,P001,1,2499
ITEM015405,ORD008351,P004,1,499
ITEM015406,ORD008351,P005,1,699
ITEM015407,ORD008352,P001,1,2499
ITEM015408,ORD008352,P007,1,999
ITEM015409,ORD008353,P008,1,1799
ITEM015410,ORD008353,P004,1,499
ITEM015411,ORD008354,P007,1,999
ITEM015412,ORD008355,P002,1,3999
ITEM015413,ORD008355,P009,1,1499
ITEM015414,ORD008355,P007,1,999
ITEM015415,ORD008356,P001,1,2499
ITEM015416,ORD008356,P004,1,499
ITEM015417,ORD008357,P001,1,2499
ITEM015418,ORD008357,P010,1,899
ITEM015419,ORD008358,P001,1,2499
ITEM015420,ORD008359,P001,1,2499
ITEM015421,ORD008360,P005,1,699
ITEM015422,ORD008361,P007,1,999
ITEM015423,ORD008362,P001,1,2499
ITEM015424,ORD008362,P004,1,499
ITEM015425,ORD008362,P008,1,1799
ITEM015426,ORD008363,P001,1,2499
ITEM015427,ORD008363,P002,1,3999
ITEM015428,ORD008364,P002,1,3999
ITEM015429,ORD008364,P006,1,2999
ITEM015430,ORD008365,P007,1,999
ITEM015431,ORD008366,P001,1,2499
ITEM015432,ORD008366,P005,1,699
ITEM015433,ORD008367,P001,1,2499
ITEM015434,ORD008367,P004,1,499
ITEM015435,ORD008367,P009,1,1499
ITEM015436,ORD008368,P009,1,1499
ITEM015437,ORD008368,P006,1,2999
ITEM015438,ORD008369,P009,1,1499
ITEM015439,ORD008369,P007,1,999
ITEM015440,ORD008370,P008,1,1799
ITEM015441,ORD008370,P003,1,1299
ITEM015442,ORD008371,P004,1,499
ITEM015443,ORD008372,P004,1,499
ITEM015444,ORD008372,P009,1,1499
ITEM015445,ORD008373,P001,1,2499
ITEM015446,ORD008374,P001,1,2499
ITEM015447,ORD008374,P003,1,1299
ITEM015448,ORD008375,P001,1,2499
ITEM015449,ORD008375,P005,1,699
ITEM015450,ORD008376,P006,1,2999
ITEM015451,ORD008377,P001,1,2499
ITEM015452,ORD008378,P006,1,2999
ITEM015453,ORD008379,P002,1,3999
ITEM015454,ORD008380,P001,1,2499
ITEM015455,ORD008380,P007,1,999
ITEM015456,ORD008380,P010,1,899
ITEM015457,ORD008381,P010,1,899
ITEM015458,ORD008381,P009,1,1499
ITEM015459,ORD008381,P005,1,699
ITEM015460,ORD008382,P010,1,899
ITEM015461,ORD008382,P009,1,1499
ITEM015462,ORD008383,P004,1,499
ITEM015463,ORD008384,P001,1,2499
ITEM015464,ORD008384,P002,1,3999
ITEM015465,ORD008384,P009,1,1499
ITEM015466,ORD008385,P003,1,1299
ITEM015467,ORD008385,P008,1,1799
ITEM015468,ORD008386,P001,1,2499
ITEM015469,ORD008386,P003,1,1299
ITEM015470,ORD008386,P008,1,1799
ITEM015471,ORD008387,P001,1,2499
ITEM015472,ORD008387,P004,1,499
ITEM015473,ORD008388,P001,1,2499
ITEM015474,ORD008388,P007,1,999
ITEM015475,ORD008389,P001,1,2499
ITEM015476,ORD008389,P003,1,1299
ITEM015477,ORD008390,P007,1,999
ITEM015478,ORD008390,P008,1,1799
ITEM015479,ORD008390,P009,1,1499
ITEM015480,ORD008391,P002,1,3999
ITEM015481,ORD008391,P001,1,2499
ITEM015482,ORD008392,P002,1,3999
ITEM015483,ORD008393,P010,1,899
ITEM015484,ORD008393,P003,1,1299
ITEM015485,ORD008394,P001,1,2499
ITEM015486,ORD008394,P008,1,1799
ITEM015487,ORD008395,P010,1,899
ITEM015488,ORD008395,P006,1,2999
ITEM015489,ORD008395,P001,1,2499
ITEM015490,ORD008396,P001,1,2499
ITEM015491,ORD008396,P005,1,699
ITEM015492,ORD008397,P001,1,2499
ITEM015493,ORD008398,P001,1,2499
ITEM015494,ORD008399,P001,1,2499
ITEM015495,ORD008399,P009,1,1499
ITEM015496,ORD008400,P005,1,699
ITEM015497,ORD008401,P010,1,899
ITEM015498,ORD008401,P006,1,2999
ITEM015499,ORD008401,P004,1,499
ITEM015500,ORD008402,P005,1,699
ITEM015501,ORD008402,P003,1,1299
ITEM015502,ORD008403,P003,1,1299
ITEM015503,ORD008403,P005,1,699
ITEM015504,ORD008404,P007,1,999
ITEM015505,ORD008404,P003,1,1299
ITEM015506,ORD008405,P001,1,2499
ITEM015507,ORD008405,P003,1,1299
ITEM015508,ORD008406,P001,1,2499
ITEM015509,ORD008406,P004,1,499
ITEM015510,ORD008406,P005,1,699
ITEM015511,ORD008407,P001,1,2499
ITEM015512,ORD008407,P004,1,499
ITEM015513,ORD008407,P002,1,3999
ITEM015514,ORD008408,P004,1,499
ITEM015515,ORD008408,P007,1,999
ITEM015516,ORD008409,P001,1,2499
ITEM015517,ORD008409,P006,1,2999
ITEM015518,ORD008410,P001,1,2499
ITEM015519,ORD008410,P002,1,3999
ITEM015520,ORD008410,P004,1,499
ITEM015521,ORD008411,P008,1,1799
ITEM015522,ORD008412,P008,1,1799
ITEM015523,ORD008413,P003,1,1299
ITEM015524,ORD008413,P009,1,1499
ITEM015525,ORD008413,P004,1,499
ITEM015526,ORD008414,P001,1,2499
ITEM015527,ORD008415,P001,1,2499
ITEM015528,ORD008415,P007,1,999
ITEM015529,ORD008416,P006,1,2999
ITEM015530,ORD008416,P008,1,1799
ITEM015531,ORD008417,P002,1,3999
ITEM015532,ORD008418,P001,1,2499
ITEM015533,ORD008418,P004,1,499
ITEM015534,ORD008419,P003,1,1299
ITEM015535,ORD008419,P007,1,999
ITEM015536,ORD008420,P009,1,1499
ITEM015537,ORD008420,P010,1,899
ITEM015538,ORD008421,P006,1,2999
ITEM015539,ORD008422,P004,1,499
ITEM015540,ORD008422,P007,1,999
ITEM015541,ORD008422,P009,1,1499
ITEM015542,ORD008423,P002,1,3999
ITEM015543,ORD008423,P001,1,2499
ITEM015544,ORD008424,P002,1,3999
ITEM015545,ORD008425,P009,1,1499
ITEM015546,ORD008426,P008,1,1799
ITEM015547,ORD008427,P007,1,999
ITEM015548,ORD008427,P009,1,1499
ITEM015549,ORD008428,P009,1,1499
ITEM015550,ORD008428,P006,1,2999
ITEM015551,ORD008429,P006,1,2999
ITEM015552,ORD008429,P001,1,2499
ITEM015553,ORD008430,P001,1,2499
ITEM015554,ORD008431,P007,1,999
ITEM015555,ORD008431,P009,1,1499
ITEM015556,ORD008432,P005,1,699
ITEM015557,ORD008432,P003,1,1299
ITEM015558,ORD008433,P002,1,3999
ITEM015559,ORD008434,P001,1,2499
ITEM015560,ORD008435,P008,1,1799
ITEM015561,ORD008436,P007,1,999
ITEM015562,ORD008436,P005,1,699
ITEM015563,ORD008437,P008,1,1799
ITEM015564,ORD008437,P010,1,899
ITEM015565,ORD008437,P006,1,2999
ITEM015566,ORD008438,P006,1,2999
ITEM015567,ORD008438,P010,1,899
ITEM015568,ORD008439,P001,1,2499
ITEM015569,ORD008440,P001,1,2499
ITEM015570,ORD008441,P001,1,2499
ITEM015571,ORD008442,P001,1,2499
ITEM015572,ORD008442,P007,1,999
ITEM015573,ORD008443,P009,1,1499
ITEM015574,ORD008443,P005,1,699
ITEM015575,ORD008443,P008,1,1799
ITEM015576,ORD008444,P001,1,2499
ITEM015577,ORD008444,P010,1,899
ITEM015578,ORD008445,P007,1,999
ITEM015579,ORD008445,P003,1,1299
ITEM015580,ORD008446,P006,1,2999
ITEM015581,ORD008446,P004,1,499
ITEM015582,ORD008447,P001,1,2499
ITEM015583,ORD008447,P002,1,3999
ITEM015584,ORD008448,P007,1,999
ITEM015585,ORD008448,P005,1,699
ITEM015586,ORD008449,P002,1,3999
ITEM015587,ORD008449,P007,1,999
ITEM015588,ORD008450,P001,1,2499
ITEM015589,ORD008450,P005,1,699
ITEM015590,ORD008451,P008,1,1799
ITEM015591,ORD008451,P009,1,1499
ITEM015592,ORD008451,P002,1,3999
ITEM015593,ORD008452,P001,1,2499
ITEM015594,ORD008452,P003,1,1299
ITEM015595,ORD008453,P001,1,2499
ITEM015596,ORD008453,P010,1,899
ITEM015597,ORD008453,P006,1,2999
ITEM015598,ORD008454,P001,1,2499
ITEM015599,ORD008454,P008,1,1799
ITEM015600,ORD008454,P004,1,499
ITEM015601,ORD008455,P001,1,2499
ITEM015602,ORD008456,P001,1,2499
ITEM015603,ORD008457,P003,1,1299
ITEM015604,ORD008458,P007,1,999
ITEM015605,ORD008458,P009,1,1499
ITEM015606,ORD008458,P008,1,1799
ITEM015607,ORD008459,P001,1,2499
ITEM015608,ORD008459,P009,1,1499
ITEM015609,ORD008460,P001,1,2499
ITEM015610,ORD008460,P004,1,499
ITEM015611,ORD008461,P003,1,1299
ITEM015612,ORD008461,P008,1,1799
ITEM015613,ORD008462,P010,1,899
ITEM015614,ORD008462,P004,1,499
ITEM015615,ORD008462,P001,1,2499
ITEM015616,ORD008463,P003,1,1299
ITEM015617,ORD008463,P010,1,899
ITEM015618,ORD008463,P006,1,2999
ITEM015619,ORD008464,P009,1,1499
ITEM015620,ORD008464,P006,1,2999
ITEM015621,ORD008465,P005,1,699
ITEM015622,ORD008466,P001,1,2499
ITEM015623,ORD008467,P003,1,1299
ITEM015624,ORD008467,P009,1,1499
ITEM015625,ORD008468,P009,1,1499
ITEM015626,ORD008468,P003,1,1299
ITEM015627,ORD008469,P005,1,699
ITEM015628,ORD008470,P004,1,499
ITEM015629,ORD008471,P001,1,2499
ITEM015630,ORD008471,P008,1,1799
ITEM015631,ORD008472,P001,1,2499
ITEM015632,ORD008473,P009,1,1499
ITEM015633,ORD008473,P005,1,699
ITEM015634,ORD008474,P007,1,999
ITEM015635,ORD008475,P009,1,1499
ITEM015636,ORD008476,P005,1,699
ITEM015637,ORD008477,P010,1,899
ITEM015638,ORD008477,P006,1,2999
ITEM015639,ORD008477,P002,1,3999
ITEM015640,ORD008478,P001,1,2499
ITEM015641,ORD008478,P009,1,1499
ITEM015642,ORD008478,P008,1,1799
ITEM015643,ORD008479,P001,1,2499
ITEM015644,ORD008480,P008,1,1799
ITEM015645,ORD008481,P003,1,1299
ITEM015646,ORD008481,P007,1,999
ITEM015647,ORD008481,P006,1,2999
ITEM015648,ORD008482,P005,1,699
ITEM015649,ORD008483,P005,1,699
ITEM015650,ORD008483,P007,1,999
ITEM015651,ORD008483,P001,1,2499
ITEM015652,ORD008484,P005,1,699
ITEM015653,ORD008484,P006,1,2999
ITEM015654,ORD008485,P004,1,499
ITEM015655,ORD008486,P006,1,2999
ITEM015656,ORD008487,P001,1,2499
ITEM015657,ORD008487,P007,1,999
ITEM015658,ORD008488,P001,1,2499
ITEM015659,ORD008488,P009,1,1499
ITEM015660,ORD008489,P005,1,699
ITEM015661,ORD008490,P004,1,499
ITEM015662,ORD008491,P010,1,899
ITEM015663,ORD008491,P003,1,1299
ITEM015664,ORD008491,P007,1,999
ITEM015665,ORD008492,P001,1,2499
ITEM015666,ORD008492,P003,1,1299
ITEM015667,ORD008492,P007,1,999
ITEM015668,ORD008493,P010,1,899
ITEM015669,ORD008493,P006,1,2999
ITEM015670,ORD008494,P001,1,2499
ITEM015671,ORD008494,P004,1,499
ITEM015672,ORD008494,P008,1,1799
ITEM015673,ORD008495,P001,1,2499
ITEM015674,ORD008495,P006,1,2999
ITEM015675,ORD008495,P004,1,499
ITEM015676,ORD008496,P010,1,899
ITEM015677,ORD008496,P003,1,1299
ITEM015678,ORD008496,P008,1,1799
ITEM015679,ORD008497,P005,1,699
ITEM015680,ORD008497,P004,1,499
ITEM015681,ORD008498,P007,1,999
ITEM015682,ORD008498,P008,1,1799
ITEM015683,ORD008498,P005,1,699
ITEM015684,ORD008499,P007,1,999
ITEM015685,ORD008499,P004,1,499
ITEM015686,ORD008500,P001,1,2499
ITEM015687,ORD008501,P009,1,1499
ITEM015688,ORD008502,P010,1,899
ITEM015689,ORD008502,P008,1,1799
ITEM015690,ORD008503,P005,1,699
ITEM015691,ORD008503,P001,1,2499
ITEM015692,ORD008504,P005,1,699
ITEM015693,ORD008504,P010,1,899
ITEM015694,ORD008504,P001,1,2499
ITEM015695,ORD008505,P005,1,699
ITEM015696,ORD008506,P001,1,2499
ITEM015697,ORD008506,P003,1,1299
ITEM015698,ORD008506,P009,1,1499
ITEM015699,ORD008507,P003,1,1299
ITEM015700,ORD008507,P002,1,3999
ITEM015701,ORD008507,P007,1,999
ITEM015702,ORD008508,P008,1,1799
ITEM015703,ORD008508,P003,1,1299
ITEM015704,ORD008509,P007,1,999
ITEM015705,ORD008510,P004,1,499
ITEM015706,ORD008510,P009,1,1499
ITEM015707,ORD008510,P003,1,1299
ITEM015708,ORD008511,P010,1,899
ITEM015709,ORD008511,P009,1,1499
ITEM015710,ORD008512,P002,1,3999
ITEM015711,ORD008512,P001,1,2499
ITEM015712,ORD008512,P004,1,499
ITEM015713,ORD008513,P002,1,3999
ITEM015714,ORD008513,P003,1,1299
ITEM015715,ORD008514,P001,1,2499
ITEM015716,ORD008515,P001,1,2499
ITEM015717,ORD008515,P009,1,1499
ITEM015718,ORD008515,P006,1,2999
ITEM015719,ORD008516,P003,1,1299
ITEM015720,ORD008516,P008,1,1799
ITEM015721,ORD008517,P002,1,3999
ITEM015722,ORD008517,P006,1,2999
ITEM015723,ORD008518,P001,1,2499
ITEM015724,ORD008518,P010,1,899
ITEM015725,ORD008518,P003,1,1299
ITEM015726,ORD008519,P001,1,2499
ITEM015727,ORD008519,P008,1,1799
ITEM015728,ORD008520,P001,1,2499
ITEM015729,ORD008521,P001,1,2499
ITEM015730,ORD008521,P004,1,499
ITEM015731,ORD008521,P008,1,1799
ITEM015732,ORD008522,P008,1,1799
ITEM015733,ORD008522,P007,1,999
ITEM015734,ORD008522,P009,1,1499
ITEM015735,ORD008523,P006,1,2999
ITEM015736,ORD008523,P007,1,999
ITEM015737,ORD008523,P009,1,1499
ITEM015738,ORD008524,P006,1,2999
ITEM015739,ORD008524,P008,1,1799
ITEM015740,ORD008524,P003,1,1299
ITEM015741,ORD008525,P010,1,899
ITEM015742,ORD008526,P009,1,1499
ITEM015743,ORD008527,P003,1,1299
ITEM015744,ORD008528,P001,1,2499
ITEM015745,ORD008528,P002,1,3999
ITEM015746,ORD008529,P001,1,2499
ITEM015747,ORD008530,P004,1,499
ITEM015748,ORD008530,P006,1,2999
ITEM015749,ORD008531,P009,1,1499
ITEM015750,ORD008531,P006,1,2999
ITEM015751,ORD008531,P007,1,999
ITEM015752,ORD008532,P009,1,1499
ITEM015753,ORD008532,P007,1,999
ITEM015754,ORD008533,P001,1,2499
ITEM015755,ORD008533,P004,1,499
ITEM015756,ORD008534,P001,1,2499
ITEM015757,ORD008534,P007,1,999
ITEM015758,ORD008534,P004,1,499
ITEM015759,ORD008535,P005,1,699
ITEM015760,ORD008536,P001,1,2499
ITEM015761,ORD008536,P008,1,1799
ITEM015762,ORD008537,P002,1,3999
ITEM015763,ORD008537,P008,1,1799
ITEM015764,ORD008538,P005,1,699
ITEM015765,ORD008538,P010,1,899
ITEM015766,ORD008538,P002,1,3999
ITEM015767,ORD008539,P001,1,2499
ITEM015768,ORD008539,P004,1,499
ITEM015769,ORD008540,P006,1,2999
ITEM015770,ORD008541,P003,1,1299
ITEM015771,ORD008541,P008,1,1799
ITEM015772,ORD008542,P001,1,2499
ITEM015773,ORD008543,P002,1,3999
ITEM015774,ORD008543,P008,1,1799
ITEM015775,ORD008544,P003,1,1299
ITEM015776,ORD008544,P007,1,999
ITEM015777,ORD008545,P001,1,2499
ITEM015778,ORD008545,P010,1,899
ITEM015779,ORD008546,P004,1,499
ITEM015780,ORD008546,P003,1,1299
ITEM015781,ORD008547,P004,1,499
ITEM015782,ORD008547,P007,1,999
ITEM015783,ORD008548,P001,1,2499
ITEM015784,ORD008548,P004,1,499
ITEM015785,ORD008548,P003,1,1299
ITEM015786,ORD008549,P010,1,899
ITEM015787,ORD008549,P009,1,1499
ITEM015788,ORD008550,P001,1,2499
ITEM015789,ORD008551,P001,1,2499
ITEM015790,ORD008551,P008,1,1799
ITEM015791,ORD008551,P004,1,499
ITEM015792,ORD008552,P007,1,999
ITEM015793,ORD008553,P001,1,2499
ITEM015794,ORD008553,P006,1,2999
ITEM015795,ORD008553,P003,1,1299
ITEM015796,ORD008554,P008,1,1799
ITEM015797,ORD008554,P003,1,1299
ITEM015798,ORD008555,P001,1,2499
ITEM015799,ORD008555,P007,1,999
ITEM015800,ORD008555,P002,1,3999
ITEM015801,ORD008556,P007,1,999
ITEM015802,ORD008556,P009,1,1499
ITEM015803,ORD008556,P005,1,699
ITEM015804,ORD008557,P007,1,999
ITEM015805,ORD008557,P006,1,2999
ITEM015806,ORD008558,P001,1,2499
ITEM015807,ORD008559,P001,1,2499
ITEM015808,ORD008559,P002,1,3999
ITEM015809,ORD008560,P008,1,1799
ITEM015810,ORD008560,P005,1,699
ITEM015811,ORD008561,P009,1,1499
ITEM015812,ORD008561,P005,1,699
ITEM015813,ORD008562,P005,1,699
ITEM015814,ORD008562,P004,1,499
ITEM015815,ORD008563,P010,1,899
ITEM015816,ORD008563,P007,1,999
ITEM015817,ORD008564,P009,1,1499
ITEM015818,ORD008564,P004,1,499
ITEM015819,ORD008564,P003,1,1299
ITEM015820,ORD008565,P002,1,3999
ITEM015821,ORD008566,P009,1,1499
ITEM015822,ORD008567,P004,1,499
ITEM015823,ORD008568,P001,1,2499
ITEM015824,ORD008568,P004,1,499
ITEM015825,ORD008569,P010,1,899
ITEM015826,ORD008569,P009,1,1499
ITEM015827,ORD008569,P007,1,999
ITEM015828,ORD008570,P010,1,899
ITEM015829,ORD008570,P009,1,1499
ITEM015830,ORD008571,P007,1,999
ITEM015831,ORD008571,P005,1,699
ITEM015832,ORD008572,P005,1,699
ITEM015833,ORD008572,P008,1,1799
ITEM015834,ORD008573,P001,1,2499
ITEM015835,ORD008574,P001,1,2499
ITEM015836,ORD008575,P006,1,2999
ITEM015837,ORD008575,P005,1,699
ITEM015838,ORD008575,P002,1,3999
ITEM015839,ORD008576,P001,1,2499
ITEM015840,ORD008577,P003,1,1299
ITEM015841,ORD008577,P004,1,499
ITEM015842,ORD008578,P009,1,1499
ITEM015843,ORD008579,P007,1,999
ITEM015844,ORD008580,P001,1,2499
ITEM015845,ORD008580,P007,1,999
ITEM015846,ORD008581,P008,1,1799
ITEM015847,ORD008581,P004,1,499
ITEM015848,ORD008581,P006,1,2999
ITEM015849,ORD008582,P010,1,899
ITEM015850,ORD008583,P001,1,2499
ITEM015851,ORD008583,P005,1,699
ITEM015852,ORD008584,P004,1,499
ITEM015853,ORD008584,P001,1,2499
ITEM015854,ORD008585,P001,1,2499
ITEM015855,ORD008585,P010,1,899
ITEM015856,ORD008585,P005,1,699
ITEM015857,ORD008586,P006,1,2999
ITEM015858,ORD008586,P002,1,3999
ITEM015859,ORD008586,P008,1,1799
ITEM015860,ORD008587,P002,1,3999
ITEM015861,ORD008587,P010,1,899
ITEM015862,ORD008587,P001,1,2499
ITEM015863,ORD008588,P002,1,3999
ITEM015864,ORD008588,P001,1,2499
ITEM015865,ORD008589,P002,1,3999
ITEM015866,ORD008590,P008,1,1799
ITEM015867,ORD008591,P001,1,2499
ITEM015868,ORD008591,P008,1,1799
ITEM015869,ORD008592,P009,1,1499
ITEM015870,ORD008592,P004,1,499
ITEM015871,ORD008592,P003,1,1299
ITEM015872,ORD008593,P005,1,699
ITEM015873,ORD008594,P001,1,2499
ITEM015874,ORD008594,P007,1,999
ITEM015875,ORD008594,P004,1,499
ITEM015876,ORD008595,P007,1,999
ITEM015877,ORD008595,P006,1,2999
ITEM015878,ORD008596,P004,1,499
ITEM015879,ORD008597,P002,1,3999
ITEM015880,ORD008597,P005,1,699
ITEM015881,ORD008598,P003,1,1299
ITEM015882,ORD008598,P004,1,499
ITEM015883,ORD008599,P001,1,2499
ITEM015884,ORD008599,P008,1,1799
ITEM015885,ORD008599,P004,1,499
ITEM015886,ORD008600,P002,1,3999
ITEM015887,ORD008600,P009,1,1499
ITEM015888,ORD008600,P005,1,699
ITEM015889,ORD008601,P001,1,2499
ITEM015890,ORD008601,P009,1,1499
ITEM015891,ORD008602,P001,1,2499
ITEM015892,ORD008602,P002,1,3999
ITEM015893,ORD008603,P002,1,3999
ITEM015894,ORD008603,P007,1,999
ITEM015895,ORD008604,P001,1,2499
ITEM015896,ORD008605,P010,1,899
ITEM015897,ORD008605,P006,1,2999
ITEM015898,ORD008606,P008,1,1799
ITEM015899,ORD008607,P008,1,1799
ITEM015900,ORD008607,P002,1,3999
ITEM015901,ORD008608,P001,1,2499
ITEM015902,ORD008608,P010,1,899
ITEM015903,ORD008608,P002,1,3999
ITEM015904,ORD008609,P007,1,999
ITEM015905,ORD008610,P008,1,1799
ITEM015906,ORD008610,P007,1,999
ITEM015907,ORD008611,P001,1,2499
ITEM015908,ORD008611,P008,1,1799
ITEM015909,ORD008612,P001,1,2499
ITEM015910,ORD008612,P007,1,999
ITEM015911,ORD008613,P001,1,2499
ITEM015912,ORD008613,P002,1,3999
ITEM015913,ORD008614,P007,1,999
ITEM015914,ORD008615,P001,1,2499
ITEM015915,ORD008616,P008,1,1799
ITEM015916,ORD008617,P001,1,2499
ITEM015917,ORD008618,P003,1,1299
ITEM015918,ORD008618,P002,1,3999
ITEM015919,ORD008619,P007,1,999
ITEM015920,ORD008619,P004,1,499
ITEM015921,ORD008620,P005,1,699
ITEM015922,ORD008620,P009,1,1499
ITEM015923,ORD008621,P008,1,1799
ITEM015924,ORD008621,P002,1,3999
ITEM015925,ORD008622,P010,1,899
ITEM015926,ORD008622,P003,1,1299
ITEM015927,ORD008623,P002,1,3999
ITEM015928,ORD008623,P003,1,1299
ITEM015929,ORD008623,P004,1,499
ITEM015930,ORD008624,P001,1,2499
ITEM015931,ORD008624,P007,1,999
ITEM015932,ORD008625,P007,1,999
ITEM015933,ORD008625,P009,1,1499
ITEM015934,ORD008625,P003,1,1299
ITEM015935,ORD008626,P006,1,2999
ITEM015936,ORD008627,P001,1,2499
ITEM015937,ORD008628,P001,1,2499
ITEM015938,ORD008628,P008,1,1799
ITEM015939,ORD008629,P010,1,899
ITEM015940,ORD008629,P009,1,1499
ITEM015941,ORD008630,P005,1,699
ITEM015942,ORD008631,P002,1,3999
ITEM015943,ORD008632,P001,1,2499
ITEM015944,ORD008632,P003,1,1299
ITEM015945,ORD008632,P009,1,1499
ITEM015946,ORD008633,P010,1,899
ITEM015947,ORD008633,P006,1,2999
ITEM015948,ORD008634,P001,1,2499
ITEM015949,ORD008635,P003,1,1299
ITEM015950,ORD008635,P009,1,1499
ITEM015951,ORD008636,P006,1,2999
ITEM015952,ORD008637,P001,1,2499
ITEM015953,ORD008638,P004,1,499
ITEM015954,ORD008638,P003,1,1299
ITEM015955,ORD008639,P001,1,2499
ITEM015956,ORD008639,P004,1,499
ITEM015957,ORD008639,P005,1,699
ITEM015958,ORD008640,P010,1,899
ITEM015959,ORD008641,P004,1,499
ITEM015960,ORD008642,P004,1,499
ITEM015961,ORD008643,P006,1,2999
ITEM015962,ORD008644,P007,1,999
ITEM015963,ORD008644,P006,1,2999
ITEM015964,ORD008645,P001,1,2499
ITEM015965,ORD008645,P003,1,1299
ITEM015966,ORD008645,P002,1,3999
ITEM015967,ORD008646,P009,1,1499
ITEM015968,ORD008647,P001,1,2499
ITEM015969,ORD008647,P008,1,1799
ITEM015970,ORD008647,P010,1,899
ITEM015971,ORD008648,P001,1,2499
ITEM015972,ORD008648,P005,1,699
ITEM015973,ORD008648,P006,1,2999
ITEM015974,ORD008649,P008,1,1799
ITEM015975,ORD008650,P002,1,3999
ITEM015976,ORD008650,P009,1,1499
ITEM015977,ORD008650,P001,1,2499
ITEM015978,ORD008651,P001,1,2499
ITEM015979,ORD008651,P006,1,2999
ITEM015980,ORD008652,P009,1,1499
ITEM015981,ORD008652,P008,1,1799
ITEM015982,ORD008653,P001,1,2499
ITEM015983,ORD008653,P010,1,899
ITEM015984,ORD008654,P010,1,899
ITEM015985,ORD008654,P007,1,999
ITEM015986,ORD008655,P002,1,3999
ITEM015987,ORD008656,P005,1,699
ITEM015988,ORD008656,P007,1,999
ITEM015989,ORD008657,P006,1,2999
ITEM015990,ORD008658,P001,1,2499
ITEM015991,ORD008658,P003,1,1299
ITEM015992,ORD008659,P004,1,499
ITEM015993,ORD008659,P007,1,999
ITEM015994,ORD008659,P005,1,699
ITEM015995,ORD008660,P001,1,2499
ITEM015996,ORD008660,P004,1,499
ITEM015997,ORD008661,P001,1,2499
ITEM015998,ORD008662,P001,1,2499
ITEM015999,ORD008663,P007,1,999
ITEM016000,ORD008664,P001,1,2499
ITEM016001,ORD008664,P006,1,2999
ITEM016002,ORD008665,P009,1,1499
ITEM016003,ORD008665,P004,1,499
ITEM016004,ORD008666,P006,1,2999
ITEM016005,ORD008666,P003,1,1299
ITEM016006,ORD008667,P001,1,2499
ITEM016007,ORD008667,P008,1,1799
ITEM016008,ORD008668,P008,1,1799
ITEM016009,ORD008668,P006,1,2999
ITEM016010,ORD008669,P007,1,999
ITEM016011,ORD008670,P006,1,2999
ITEM016012,ORD008671,P001,1,2499
ITEM016013,ORD008671,P003,1,1299
ITEM016014,ORD008672,P002,1,3999
ITEM016015,ORD008673,P002,1,3999
ITEM016016,ORD008673,P006,1,2999
ITEM016017,ORD008674,P005,1,699
ITEM016018,ORD008675,P007,1,999
ITEM016019,ORD008675,P003,1,1299
ITEM016020,ORD008675,P001,1,2499
ITEM016021,ORD008676,P001,1,2499
ITEM016022,ORD008676,P004,1,499
ITEM016023,ORD008676,P006,1,2999
ITEM016024,ORD008677,P003,1,1299
ITEM016025,ORD008677,P002,1,3999
ITEM016026,ORD008678,P006,1,2999
ITEM016027,ORD008678,P009,1,1499
ITEM016028,ORD008679,P001,1,2499
ITEM016029,ORD008680,P009,1,1499
ITEM016030,ORD008680,P008,1,1799
ITEM016031,ORD008681,P006,1,2999
ITEM016032,ORD008682,P006,1,2999
ITEM016033,ORD008683,P001,1,2499
ITEM016034,ORD008684,P005,1,699
ITEM016035,ORD008684,P009,1,1499
ITEM016036,ORD008685,P008,1,1799
ITEM016037,ORD008685,P007,1,999
ITEM016038,ORD008686,P006,1,2999
ITEM016039,ORD008686,P008,1,1799
ITEM016040,ORD008687,P010,1,899
ITEM016041,ORD008687,P004,1,499
ITEM016042,ORD008688,P005,1,699
ITEM016043,ORD008689,P001,1,2499
ITEM016044,ORD008689,P006,1,2999
ITEM016045,ORD008690,P006,1,2999
ITEM016046,ORD008690,P009,1,1499
ITEM016047,ORD008691,P010,1,899
ITEM016048,ORD008692,P001,1,2499
ITEM016049,ORD008692,P004,1,499
ITEM016050,ORD008693,P003,1,1299
ITEM016051,ORD008693,P010,1,899
ITEM016052,ORD008694,P001,1,2499
ITEM016053,ORD008694,P004,1,499
ITEM016054,ORD008695,P001,1,2499
ITEM016055,ORD008696,P008,1,1799
ITEM016056,ORD008697,P001,1,2499
ITEM016057,ORD008698,P001,1,2499
ITEM016058,ORD008698,P002,1,3999
ITEM016059,ORD008698,P007,1,999
ITEM016060,ORD008699,P007,1,999
ITEM016061,ORD008700,P001,1,2499
ITEM016062,ORD008701,P001,1,2499
ITEM016063,ORD008701,P006,1,2999
ITEM016064,ORD008702,P007,1,999
ITEM016065,ORD008703,P009,1,1499
ITEM016066,ORD008703,P006,1,2999
ITEM016067,ORD008704,P001,1,2499
ITEM016068,ORD008705,P001,1,2499
ITEM016069,ORD008705,P008,1,1799
ITEM016070,ORD008705,P007,1,999
ITEM016071,ORD008706,P008,1,1799
ITEM016072,ORD008706,P006,1,2999
ITEM016073,ORD008707,P001,1,2499
ITEM016074,ORD008707,P009,1,1499
ITEM016075,ORD008708,P001,1,2499
ITEM016076,ORD008709,P005,1,699
ITEM016077,ORD008710,P008,1,1799
ITEM016078,ORD008711,P010,1,899
ITEM016079,ORD008712,P010,1,899
ITEM016080,ORD008713,P001,1,2499
ITEM016081,ORD008713,P004,1,499
ITEM016082,ORD008714,P001,1,2499
ITEM016083,ORD008714,P007,1,999
ITEM016084,ORD008715,P001,1,2499
ITEM016085,ORD008715,P004,1,499
ITEM016086,ORD008716,P004,1,499
ITEM016087,ORD008716,P010,1,899
ITEM016088,ORD008716,P001,1,2499
ITEM016089,ORD008717,P010,1,899
ITEM016090,ORD008717,P003,1,1299
ITEM016091,ORD008718,P008,1,1799
ITEM016092,ORD008719,P001,1,2499
ITEM016093,ORD008719,P005,1,699
ITEM016094,ORD008720,P006,1,2999
ITEM016095,ORD008720,P004,1,499
ITEM016096,ORD008720,P001,1,2499
ITEM016097,ORD008721,P006,1,2999
ITEM016098,ORD008721,P001,1,2499
ITEM016099,ORD008721,P008,1,1799
ITEM016100,ORD008722,P006,1,2999
ITEM016101,ORD008723,P007,1,999
ITEM016102,ORD008723,P001,1,2499
ITEM016103,ORD008724,P005,1,699
ITEM016104,ORD008725,P001,1,2499
ITEM016105,ORD008726,P004,1,499
ITEM016106,ORD008726,P006,1,2999
ITEM016107,ORD008727,P001,1,2499
ITEM016108,ORD008727,P006,1,2999
ITEM016109,ORD008728,P001,1,2499
ITEM016110,ORD008728,P004,1,499
ITEM016111,ORD008728,P003,1,1299
ITEM016112,ORD008729,P008,1,1799
ITEM016113,ORD008730,P009,1,1499
ITEM016114,ORD008730,P006,1,2999
ITEM016115,ORD008731,P001,1,2499
ITEM016116,ORD008731,P002,1,3999
ITEM016117,ORD008731,P004,1,499
ITEM016118,ORD008732,P001,1,2499
ITEM016119,ORD008732,P003,1,1299
ITEM016120,ORD008733,P001,1,2499
ITEM016121,ORD008734,P001,1,2499
ITEM016122,ORD008734,P007,1,999
ITEM016123,ORD008735,P007,1,999
ITEM016124,ORD008736,P001,1,2499
ITEM016125,ORD008737,P001,1,2499
ITEM016126,ORD008738,P006,1,2999
ITEM016127,ORD008738,P003,1,1299
ITEM016128,ORD008739,P004,1,499
ITEM016129,ORD008740,P001,1,2499
ITEM016130,ORD008740,P005,1,699
ITEM016131,ORD008741,P001,1,2499
ITEM016132,ORD008741,P003,1,1299
ITEM016133,ORD008741,P010,1,899
ITEM016134,ORD008742,P007,1,999
ITEM016135,ORD008742,P006,1,2999
ITEM016136,ORD008742,P009,1,1499
ITEM016137,ORD008743,P004,1,499
ITEM016138,ORD008743,P009,1,1499
ITEM016139,ORD008744,P002,1,3999
ITEM016140,ORD008744,P007,1,999
ITEM016141,ORD008745,P009,1,1499
ITEM016142,ORD008745,P001,1,2499
ITEM016143,ORD008746,P004,1,499
ITEM016144,ORD008747,P003,1,1299
ITEM016145,ORD008748,P003,1,1299
ITEM016146,ORD008748,P001,1,2499
ITEM016147,ORD008748,P010,1,899
ITEM016148,ORD008749,P001,1,2499
ITEM016149,ORD008750,P001,1,2499
ITEM016150,ORD008750,P002,1,3999
ITEM016151,ORD008751,P001,1,2499
ITEM016152,ORD008751,P002,1,3999
ITEM016153,ORD008752,P001,1,2499
ITEM016154,ORD008752,P005,1,699
ITEM016155,ORD008753,P003,1,1299
ITEM016156,ORD008753,P008,1,1799
ITEM016157,ORD008754,P004,1,499
ITEM016158,ORD008754,P010,1,899
ITEM016159,ORD008754,P001,1,2499
ITEM016160,ORD008755,P001,1,2499
ITEM016161,ORD008755,P004,1,499
ITEM016162,ORD008756,P009,1,1499
ITEM016163,ORD008757,P002,1,3999
ITEM016164,ORD008758,P001,1,2499
ITEM016165,ORD008759,P001,1,2499
ITEM016166,ORD008759,P010,1,899
ITEM016167,ORD008760,P005,1,699
ITEM016168,ORD008760,P002,1,3999
ITEM016169,ORD008761,P001,1,2499
ITEM016170,ORD008761,P004,1,499
ITEM016171,ORD008762,P001,1,2499
ITEM016172,ORD008762,P002,1,3999
ITEM016173,ORD008763,P001,1,2499
ITEM016174,ORD008764,P002,1,3999
ITEM016175,ORD008764,P001,1,2499
ITEM016176,ORD008765,P002,1,3999
ITEM016177,ORD008766,P002,1,3999
ITEM016178,ORD008766,P003,1,1299
ITEM016179,ORD008767,P009,1,1499
ITEM016180,ORD008768,P003,1,1299
ITEM016181,ORD008768,P008,1,1799
ITEM016182,ORD008769,P008,1,1799
ITEM016183,ORD008769,P004,1,499
ITEM016184,ORD008770,P001,1,2499
ITEM016185,ORD008771,P005,1,699
ITEM016186,ORD008771,P002,1,3999
ITEM016187,ORD008772,P001,1,2499
ITEM016188,ORD008772,P010,1,899
ITEM016189,ORD008772,P005,1,699
ITEM016190,ORD008773,P001,1,2499
ITEM016191,ORD008773,P002,1,3999
ITEM016192,ORD008774,P002,1,3999
ITEM016193,ORD008775,P001,1,2499
ITEM016194,ORD008776,P006,1,2999
ITEM016195,ORD008776,P010,1,899
ITEM016196,ORD008777,P010,1,899
ITEM016197,ORD008777,P009,1,1499
ITEM016198,ORD008778,P001,1,2499
ITEM016199,ORD008778,P006,1,2999
ITEM016200,ORD008778,P009,1,1499
ITEM016201,ORD008779,P005,1,699
ITEM016202,ORD008779,P002,1,3999
ITEM016203,ORD008779,P007,1,999
ITEM016204,ORD008780,P001,1,2499
ITEM016205,ORD008780,P007,1,999
ITEM016206,ORD008781,P010,1,899
ITEM016207,ORD008782,P009,1,1499
ITEM016208,ORD008782,P002,1,3999
ITEM016209,ORD008783,P001,1,2499
ITEM016210,ORD008783,P010,1,899
ITEM016211,ORD008784,P005,1,699
ITEM016212,ORD008785,P008,1,1799
ITEM016213,ORD008785,P010,1,899
ITEM016214,ORD008785,P002,1,3999
ITEM016215,ORD008786,P001,1,2499
ITEM016216,ORD008786,P009,1,1499
ITEM016217,ORD008787,P001,1,2499
ITEM016218,ORD008788,P005,1,699
ITEM016219,ORD008789,P001,1,2499
ITEM016220,ORD008790,P003,1,1299
ITEM016221,ORD008791,P001,1,2499
ITEM016222,ORD008792,P001,1,2499
ITEM016223,ORD008792,P007,1,999
ITEM016224,ORD008793,P002,1,3999
ITEM016225,ORD008793,P007,1,999
ITEM016226,ORD008793,P008,1,1799
ITEM016227,ORD008794,P001,1,2499
ITEM016228,ORD008794,P003,1,1299
ITEM016229,ORD008795,P008,1,1799
ITEM016230,ORD008795,P001,1,2499
ITEM016231,ORD008796,P002,1,3999
ITEM016232,ORD008796,P007,1,999
ITEM016233,ORD008797,P001,1,2499
ITEM016234,ORD008798,P007,1,999
ITEM016235,ORD008798,P005,1,699
ITEM016236,ORD008799,P003,1,1299
ITEM016237,ORD008799,P006,1,2999
ITEM016238,ORD008799,P010,1,899
ITEM016239,ORD008800,P002,1,3999
ITEM016240,ORD008801,P001,1,2499
ITEM016241,ORD008801,P004,1,499
ITEM016242,ORD008802,P003,1,1299
ITEM016243,ORD008802,P004,1,499
ITEM016244,ORD008802,P001,1,2499
ITEM016245,ORD008803,P001,1,2499
ITEM016246,ORD008803,P009,1,1499
ITEM016247,ORD008804,P005,1,699
ITEM016248,ORD008804,P004,1,499
ITEM016249,ORD008805,P005,1,699
ITEM016250,ORD008806,P001,1,2499
ITEM016251,ORD008806,P010,1,899
ITEM016252,ORD008807,P004,1,499
ITEM016253,ORD008807,P007,1,999
ITEM016254,ORD008808,P001,1,2499
ITEM016255,ORD008808,P004,1,499
ITEM016256,ORD008809,P001,1,2499
ITEM016257,ORD008809,P004,1,499
ITEM016258,ORD008810,P003,1,1299
ITEM016259,ORD008810,P010,1,899
ITEM016260,ORD008811,P001,1,2499
ITEM016261,ORD008812,P008,1,1799
ITEM016262,ORD008813,P002,1,3999
ITEM016263,ORD008814,P009,1,1499
ITEM016264,ORD008814,P003,1,1299
ITEM016265,ORD008815,P005,1,699
ITEM016266,ORD008816,P009,1,1499
ITEM016267,ORD008817,P010,1,899
ITEM016268,ORD008818,P001,1,2499
ITEM016269,ORD008819,P008,1,1799
ITEM016270,ORD008819,P001,1,2499
ITEM016271,ORD008819,P003,1,1299
ITEM016272,ORD008820,P007,1,999
ITEM016273,ORD008820,P009,1,1499
ITEM016274,ORD008821,P007,1,999
ITEM016275,ORD008822,P005,1,699
ITEM016276,ORD008823,P005,1,699
ITEM016277,ORD008823,P002,1,3999
ITEM016278,ORD008824,P001,1,2499
ITEM016279,ORD008824,P005,1,699
ITEM016280,ORD008825,P009,1,1499
ITEM016281,ORD008825,P007,1,999
ITEM016282,ORD008826,P005,1,699
ITEM016283,ORD008826,P002,1,3999
ITEM016284,ORD008827,P005,1,699
ITEM016285,ORD008827,P006,1,2999
ITEM016286,ORD008827,P002,1,3999
ITEM016287,ORD008828,P004,1,499
ITEM016288,ORD008828,P001,1,2499
ITEM016289,ORD008829,P004,1,499
ITEM016290,ORD008830,P005,1,699
ITEM016291,ORD008831,P001,1,2499
ITEM016292,ORD008831,P006,1,2999
ITEM016293,ORD008832,P001,1,2499
ITEM016294,ORD008833,P005,1,699
ITEM016295,ORD008833,P004,1,499
ITEM016296,ORD008833,P002,1,3999
ITEM016297,ORD008834,P005,1,699
ITEM016298,ORD008834,P002,1,3999
ITEM016299,ORD008834,P004,1,499
ITEM016300,ORD008835,P001,1,2499
ITEM016301,ORD008835,P004,1,499
ITEM016302,ORD008835,P007,1,999
ITEM016303,ORD008836,P001,1,2499
ITEM016304,ORD008836,P004,1,499
ITEM016305,ORD008836,P006,1,2999
ITEM016306,ORD008837,P010,1,899
ITEM016307,ORD008837,P005,1,699
ITEM016308,ORD008837,P006,1,2999
ITEM016309,ORD008838,P008,1,1799
ITEM016310,ORD008838,P005,1,699
ITEM016311,ORD008839,P002,1,3999
ITEM016312,ORD008839,P009,1,1499
ITEM016313,ORD008840,P007,1,999
ITEM016314,ORD008840,P005,1,699
ITEM016315,ORD008841,P001,1,2499
ITEM016316,ORD008842,P003,1,1299
ITEM016317,ORD008842,P008,1,1799
ITEM016318,ORD008843,P003,1,1299
ITEM016319,ORD008844,P009,1,1499
ITEM016320,ORD008845,P010,1,899
ITEM016321,ORD008845,P009,1,1499
ITEM016322,ORD008846,P004,1,499
ITEM016323,ORD008847,P009,1,1499
ITEM016324,ORD008847,P002,1,3999
ITEM016325,ORD008848,P001,1,2499
ITEM016326,ORD008848,P010,1,899
ITEM016327,ORD008849,P001,1,2499
ITEM016328,ORD008849,P002,1,3999
ITEM016329,ORD008849,P005,1,699
ITEM016330,ORD008850,P006,1,2999
ITEM016331,ORD008850,P005,1,699
ITEM016332,ORD008851,P003,1,1299
ITEM016333,ORD008851,P005,1,699
ITEM016334,ORD008852,P006,1,2999
ITEM016335,ORD008852,P001,1,2499
ITEM016336,ORD008853,P001,1,2499
ITEM016337,ORD008853,P010,1,899
ITEM016338,ORD008854,P007,1,999
ITEM016339,ORD008854,P002,1,3999
ITEM016340,ORD008855,P001,1,2499
ITEM016341,ORD008855,P003,1,1299
ITEM016342,ORD008856,P008,1,1799
ITEM016343,ORD008856,P006,1,2999
ITEM016344,ORD008857,P001,1,2499
ITEM016345,ORD008858,P001,1,2499
ITEM016346,ORD008858,P004,1,499
ITEM016347,ORD008859,P010,1,899
ITEM016348,ORD008859,P002,1,3999
ITEM016349,ORD008859,P008,1,1799
ITEM016350,ORD008860,P001,1,2499
ITEM016351,ORD008860,P009,1,1499
ITEM016352,ORD008860,P004,1,499
ITEM016353,ORD008861,P007,1,999
ITEM016354,ORD008862,P006,1,2999
ITEM016355,ORD008862,P009,1,1499
ITEM016356,ORD008862,P004,1,499
ITEM016357,ORD008863,P001,1,2499
ITEM016358,ORD008863,P005,1,699
ITEM016359,ORD008864,P005,1,699
ITEM016360,ORD008865,P010,1,899
ITEM016361,ORD008866,P001,1,2499
ITEM016362,ORD008866,P009,1,1499
ITEM016363,ORD008866,P008,1,1799
ITEM016364,ORD008867,P001,1,2499
ITEM016365,ORD008867,P005,1,699
ITEM016366,ORD008868,P009,1,1499
ITEM016367,ORD008868,P007,1,999
ITEM016368,ORD008869,P001,1,2499
ITEM016369,ORD008869,P006,1,2999
ITEM016370,ORD008869,P009,1,1499
ITEM016371,ORD008870,P008,1,1799
ITEM016372,ORD008870,P003,1,1299
ITEM016373,ORD008871,P006,1,2999
ITEM016374,ORD008872,P003,1,1299
ITEM016375,ORD008872,P006,1,2999
ITEM016376,ORD008873,P006,1,2999
ITEM016377,ORD008873,P007,1,999
ITEM016378,ORD008874,P001,1,2499
ITEM016379,ORD008875,P001,1,2499
ITEM016380,ORD008876,P005,1,699
ITEM016381,ORD008876,P004,1,499
ITEM016382,ORD008876,P009,1,1499
ITEM016383,ORD008877,P005,1,699
ITEM016384,ORD008878,P003,1,1299
ITEM016385,ORD008879,P001,1,2499
ITEM016386,ORD008879,P006,1,2999
ITEM016387,ORD008880,P008,1,1799
ITEM016388,ORD008880,P001,1,2499
ITEM016389,ORD008881,P001,1,2499
ITEM016390,ORD008881,P010,1,899
ITEM016391,ORD008881,P004,1,499
ITEM016392,ORD008882,P005,1,699
ITEM016393,ORD008883,P008,1,1799
ITEM016394,ORD008883,P009,1,1499
ITEM016395,ORD008883,P005,1,699
ITEM016396,ORD008884,P003,1,1299
ITEM016397,ORD008884,P009,1,1499
ITEM016398,ORD008885,P001,1,2499
ITEM016399,ORD008885,P008,1,1799
ITEM016400,ORD008886,P001,1,2499
ITEM016401,ORD008887,P010,1,899
ITEM016402,ORD008888,P008,1,1799
ITEM016403,ORD008888,P006,1,2999
ITEM016404,ORD008888,P010,1,899
ITEM016405,ORD008889,P003,1,1299
ITEM016406,ORD008889,P005,1,699
ITEM016407,ORD008890,P004,1,499
ITEM016408,ORD008891,P001,1,2499
ITEM016409,ORD008891,P004,1,499
ITEM016410,ORD008892,P009,1,1499
ITEM016411,ORD008892,P006,1,2999
ITEM016412,ORD008893,P010,1,899
ITEM016413,ORD008893,P009,1,1499
ITEM016414,ORD008894,P009,1,1499
ITEM016415,ORD008894,P001,1,2499
ITEM016416,ORD008895,P001,1,2499
ITEM016417,ORD008896,P001,1,2499
ITEM016418,ORD008896,P003,1,1299
ITEM016419,ORD008896,P008,1,1799
ITEM016420,ORD008897,P009,1,1499
ITEM016421,ORD008898,P003,1,1299
ITEM016422,ORD008899,P001,1,2499
ITEM016423,ORD008899,P002,1,3999
ITEM016424,ORD008899,P003,1,1299
ITEM016425,ORD008900,P001,1,2499
ITEM016426,ORD008900,P005,1,699
ITEM016427,ORD008900,P004,1,499
ITEM016428,ORD008901,P008,1,1799
ITEM016429,ORD008902,P010,1,899
ITEM016430,ORD008902,P003,1,1299
ITEM016431,ORD008903,P001,1,2499
ITEM016432,ORD008903,P003,1,1299
ITEM016433,ORD008903,P010,1,899
ITEM016434,ORD008904,P001,1,2499
ITEM016435,ORD008904,P009,1,1499
ITEM016436,ORD008905,P010,1,899
ITEM016437,ORD008906,P001,1,2499
ITEM016438,ORD008906,P005,1,699
ITEM016439,ORD008907,P005,1,699
ITEM016440,ORD008907,P004,1,499
ITEM016441,ORD008908,P001,1,2499
ITEM016442,ORD008908,P006,1,2999
ITEM016443,ORD008909,P006,1,2999
ITEM016444,ORD008909,P010,1,899
ITEM016445,ORD008910,P001,1,2499
ITEM016446,ORD008910,P004,1,499
ITEM016447,ORD008911,P001,1,2499
ITEM016448,ORD008911,P006,1,2999
ITEM016449,ORD008911,P003,1,1299
ITEM016450,ORD008912,P001,1,2499
ITEM016451,ORD008913,P007,1,999
ITEM016452,ORD008913,P003,1,1299
ITEM016453,ORD008914,P001,1,2499
ITEM016454,ORD008915,P002,1,3999
ITEM016455,ORD008916,P009,1,1499
ITEM016456,ORD008917,P004,1,499
ITEM016457,ORD008918,P010,1,899
ITEM016458,ORD008918,P005,1,699
ITEM016459,ORD008919,P008,1,1799
ITEM016460,ORD008919,P002,1,3999
ITEM016461,ORD008919,P004,1,499
ITEM016462,ORD008920,P008,1,1799
ITEM016463,ORD008920,P004,1,499
ITEM016464,ORD008920,P003,1,1299
ITEM016465,ORD008921,P005,1,699
ITEM016466,ORD008921,P006,1,2999
ITEM016467,ORD008922,P009,1,1499
ITEM016468,ORD008922,P010,1,899
ITEM016469,ORD008923,P007,1,999
ITEM016470,ORD008923,P010,1,899
ITEM016471,ORD008923,P003,1,1299
ITEM016472,ORD008924,P001,1,2499
ITEM016473,ORD008924,P004,1,499
ITEM016474,ORD008925,P007,1,999
ITEM016475,ORD008925,P005,1,699
ITEM016476,ORD008926,P005,1,699
ITEM016477,ORD008926,P010,1,899
ITEM016478,ORD008926,P008,1,1799
ITEM016479,ORD008927,P003,1,1299
ITEM016480,ORD008927,P006,1,2999
ITEM016481,ORD008927,P004,1,499
ITEM016482,ORD008928,P002,1,3999
ITEM016483,ORD008928,P008,1,1799
ITEM016484,ORD008929,P004,1,499
ITEM016485,ORD008929,P006,1,2999
ITEM016486,ORD008930,P010,1,899
ITEM016487,ORD008930,P008,1,1799
ITEM016488,ORD008931,P010,1,899
ITEM016489,ORD008932,P005,1,699
ITEM016490,ORD008933,P003,1,1299
ITEM016491,ORD008934,P004,1,499
ITEM016492,ORD008934,P002,1,3999
ITEM016493,ORD008934,P005,1,699
ITEM016494,ORD008935,P001,1,2499
ITEM016495,ORD008935,P006,1,2999
ITEM016496,ORD008936,P001,1,2499
ITEM016497,ORD008937,P007,1,999
ITEM016498,ORD008937,P005,1,699
ITEM016499,ORD008938,P001,1,2499
ITEM016500,ORD008938,P004,1,499
ITEM016501,ORD008939,P008,1,1799
ITEM016502,ORD008939,P003,1,1299
ITEM016503,ORD008940,P002,1,3999
ITEM016504,ORD008941,P001,1,2499
ITEM016505,ORD008942,P008,1,1799
ITEM016506,ORD008943,P001,1,2499
ITEM016507,ORD008943,P005,1,699
ITEM016508,ORD008944,P008,1,1799
ITEM016509,ORD008944,P009,1,1499
ITEM016510,ORD008945,P001,1,2499
ITEM016511,ORD008945,P004,1,499
ITEM016512,ORD008946,P003,1,1299
ITEM016513,ORD008946,P009,1,1499
ITEM016514,ORD008947,P007,1,999
ITEM016515,ORD008947,P010,1,899
ITEM016516,ORD008948,P007,1,999
ITEM016517,ORD008949,P005,1,699
ITEM016518,ORD008949,P004,1,499
ITEM016519,ORD008950,P001,1,2499
ITEM016520,ORD008951,P003,1,1299
ITEM016521,ORD008952,P009,1,1499
ITEM016522,ORD008953,P009,1,1499
ITEM016523,ORD008953,P002,1,3999
ITEM016524,ORD008954,P001,1,2499
ITEM016525,ORD008954,P003,1,1299
ITEM016526,ORD008955,P008,1,1799
ITEM016527,ORD008956,P010,1,899
ITEM016528,ORD008956,P007,1,999
ITEM016529,ORD008957,P001,1,2499
ITEM016530,ORD008957,P004,1,499
ITEM016531,ORD008958,P006,1,2999
ITEM016532,ORD008959,P009,1,1499
ITEM016533,ORD008960,P001,1,2499
ITEM016534,ORD008960,P009,1,1499
ITEM016535,ORD008961,P001,1,2499
ITEM016536,ORD008961,P007,1,999
ITEM016537,ORD008961,P010,1,899
ITEM016538,ORD008962,P001,1,2499
ITEM016539,ORD008963,P007,1,999
ITEM016540,ORD008963,P005,1,699
ITEM016541,ORD008964,P001,1,2499
ITEM016542,ORD008964,P004,1,499
ITEM016543,ORD008965,P001,1,2499
ITEM016544,ORD008965,P007,1,999
ITEM016545,ORD008966,P006,1,2999
ITEM016546,ORD008967,P005,1,699
ITEM016547,ORD008967,P008,1,1799
ITEM016548,ORD008967,P010,1,899
ITEM016549,ORD008968,P001,1,2499
ITEM016550,ORD008969,P007,1,999
ITEM016551,ORD008969,P009,1,1499
ITEM016552,ORD008970,P004,1,499
ITEM016553,ORD008971,P005,1,699
ITEM016554,ORD008971,P001,1,2499
ITEM016555,ORD008972,P005,1,699
ITEM016556,ORD008973,P001,1,2499
ITEM016557,ORD008973,P006,1,2999
ITEM016558,ORD008974,P010,1,899
ITEM016559,ORD008975,P005,1,699
ITEM016560,ORD008975,P009,1,1499
ITEM016561,ORD008976,P006,1,2999
ITEM016562,ORD008976,P001,1,2499
ITEM016563,ORD008977,P002,1,3999
ITEM016564,ORD008977,P009,1,1499
ITEM016565,ORD008978,P003,1,1299
ITEM016566,ORD008978,P004,1,499
ITEM016567,ORD008979,P001,1,2499
ITEM016568,ORD008979,P002,1,3999
ITEM016569,ORD008980,P001,1,2499
ITEM016570,ORD008980,P005,1,699
ITEM016571,ORD008980,P003,1,1299
ITEM016572,ORD008981,P001,1,2499
ITEM016573,ORD008981,P003,1,1299
ITEM016574,ORD008981,P009,1,1499
ITEM016575,ORD008982,P006,1,2999
ITEM016576,ORD008982,P008,1,1799
ITEM016577,ORD008983,P001,1,2499
ITEM016578,ORD008983,P005,1,699
ITEM016579,ORD008984,P001,1,2499
ITEM016580,ORD008984,P004,1,499
ITEM016581,ORD008984,P002,1,3999
ITEM016582,ORD008985,P001,1,2499
ITEM016583,ORD008985,P006,1,2999
ITEM016584,ORD008986,P004,1,499
ITEM016585,ORD008986,P007,1,999
ITEM016586,ORD008987,P007,1,999
ITEM016587,ORD008987,P001,1,2499
ITEM016588,ORD008988,P001,1,2499
ITEM016589,ORD008988,P004,1,499
ITEM016590,ORD008989,P001,1,2499
ITEM016591,ORD008989,P010,1,899
ITEM016592,ORD008990,P007,1,999
ITEM016593,ORD008990,P004,1,499
ITEM016594,ORD008991,P008,1,1799
ITEM016595,ORD008992,P006,1,2999
ITEM016596,ORD008993,P007,1,999
ITEM016597,ORD008994,P009,1,1499
ITEM016598,ORD008995,P010,1,899
ITEM016599,ORD008995,P007,1,999
ITEM016600,ORD008996,P004,1,499
ITEM016601,ORD008996,P001,1,2499
ITEM016602,ORD008997,P010,1,899
ITEM016603,ORD008997,P007,1,999
ITEM016604,ORD008998,P004,1,499
ITEM016605,ORD008998,P007,1,999
ITEM016606,ORD008999,P010,1,899
ITEM016607,ORD008999,P007,1,999
ITEM016608,ORD009000,P001,1,2499
ITEM016609,ORD009001,P001,1,2499
ITEM016610,ORD009001,P009,1,1499
ITEM016611,ORD009001,P008,1,1799
ITEM016612,ORD009002,P001,1,2499
ITEM016613,ORD009002,P002,1,3999
ITEM016614,ORD009003,P008,1,1799
ITEM016615,ORD009003,P004,1,499
ITEM016616,ORD009004,P001,1,2499
ITEM016617,ORD009004,P003,1,1299
ITEM016618,ORD009004,P009,1,1499
ITEM016619,ORD009005,P002,1,3999
ITEM016620,ORD009005,P009,1,1499
ITEM016621,ORD009006,P001,1,2499
ITEM016622,ORD009007,P002,1,3999
ITEM016623,ORD009007,P003,1,1299
ITEM016624,ORD009008,P003,1,1299
ITEM016625,ORD009008,P001,1,2499
ITEM016626,ORD009008,P007,1,999
ITEM016627,ORD009009,P001,1,2499
ITEM016628,ORD009009,P010,1,899
ITEM016629,ORD009010,P001,1,2499
ITEM016630,ORD009011,P009,1,1499
ITEM016631,ORD009011,P002,1,3999
ITEM016632,ORD009012,P002,1,3999
ITEM016633,ORD009012,P006,1,2999
ITEM016634,ORD009013,P005,1,699
ITEM016635,ORD009013,P001,1,2499
ITEM016636,ORD009013,P009,1,1499
ITEM016637,ORD009014,P005,1,699
ITEM016638,ORD009014,P006,1,2999
ITEM016639,ORD009015,P008,1,1799
ITEM016640,ORD009015,P006,1,2999
ITEM016641,ORD009016,P003,1,1299
ITEM016642,ORD009017,P001,1,2499
ITEM016643,ORD009017,P008,1,1799
ITEM016644,ORD009018,P001,1,2499
ITEM016645,ORD009019,P001,1,2499
ITEM016646,ORD009019,P002,1,3999
ITEM016647,ORD009019,P003,1,1299
ITEM016648,ORD009020,P003,1,1299
ITEM016649,ORD009020,P010,1,899
ITEM016650,ORD009020,P002,1,3999
ITEM016651,ORD009021,P006,1,2999
ITEM016652,ORD009021,P007,1,999
ITEM016653,ORD009022,P010,1,899
ITEM016654,ORD009022,P003,1,1299
ITEM016655,ORD009022,P007,1,999
ITEM016656,ORD009023,P002,1,3999
ITEM016657,ORD009024,P001,1,2499
ITEM016658,ORD009025,P010,1,899
ITEM016659,ORD009025,P007,1,999
ITEM016660,ORD009025,P001,1,2499
ITEM016661,ORD009026,P010,1,899
ITEM016662,ORD009026,P005,1,699
ITEM016663,ORD009027,P001,1,2499
ITEM016664,ORD009028,P001,1,2499
ITEM016665,ORD009028,P005,1,699
ITEM016666,ORD009029,P004,1,499
ITEM016667,ORD009030,P001,1,2499
ITEM016668,ORD009031,P006,1,2999
ITEM016669,ORD009031,P009,1,1499
ITEM016670,ORD009031,P003,1,1299
ITEM016671,ORD009032,P001,1,2499
ITEM016672,ORD009032,P003,1,1299
ITEM016673,ORD009033,P007,1,999
ITEM016674,ORD009034,P001,1,2499
ITEM016675,ORD009034,P009,1,1499
ITEM016676,ORD009035,P007,1,999
ITEM016677,ORD009035,P006,1,2999
ITEM016678,ORD009036,P001,1,2499
ITEM016679,ORD009036,P004,1,499
ITEM016680,ORD009037,P006,1,2999
ITEM016681,ORD009038,P006,1,2999
ITEM016682,ORD009038,P010,1,899
ITEM016683,ORD009039,P001,1,2499
ITEM016684,ORD009039,P005,1,699
ITEM016685,ORD009040,P001,1,2499
ITEM016686,ORD009041,P004,1,499
ITEM016687,ORD009042,P002,1,3999
ITEM016688,ORD009043,P001,1,2499
ITEM016689,ORD009044,P004,1,499
ITEM016690,ORD009044,P008,1,1799
ITEM016691,ORD009045,P001,1,2499
ITEM016692,ORD009045,P010,1,899
ITEM016693,ORD009046,P007,1,999
ITEM016694,ORD009047,P001,1,2499
ITEM016695,ORD009048,P004,1,499
ITEM016696,ORD009049,P008,1,1799
ITEM016697,ORD009050,P006,1,2999
ITEM016698,ORD009051,P010,1,899
ITEM016699,ORD009051,P006,1,2999
ITEM016700,ORD009052,P001,1,2499
ITEM016701,ORD009052,P005,1,699
ITEM016702,ORD009052,P009,1,1499
ITEM016703,ORD009053,P005,1,699
ITEM016704,ORD009053,P007,1,999
ITEM016705,ORD009053,P001,1,2499
ITEM016706,ORD009054,P003,1,1299
ITEM016707,ORD009055,P001,1,2499
ITEM016708,ORD009055,P009,1,1499
ITEM016709,ORD009056,P001,1,2499
ITEM016710,ORD009056,P002,1,3999
ITEM016711,ORD009057,P009,1,1499
ITEM016712,ORD009058,P006,1,2999
ITEM016713,ORD009058,P007,1,999
ITEM016714,ORD009059,P001,1,2499
ITEM016715,ORD009059,P003,1,1299
ITEM016716,ORD009060,P001,1,2499
ITEM016717,ORD009061,P001,1,2499
ITEM016718,ORD009062,P004,1,499
ITEM016719,ORD009062,P009,1,1499
ITEM016720,ORD009063,P005,1,699
ITEM016721,ORD009063,P007,1,999
ITEM016722,ORD009064,P003,1,1299
ITEM016723,ORD009064,P001,1,2499
ITEM016724,ORD009064,P010,1,899
ITEM016725,ORD009065,P002,1,3999
ITEM016726,ORD009065,P006,1,2999
ITEM016727,ORD009066,P009,1,1499
ITEM016728,ORD009066,P001,1,2499
ITEM016729,ORD009067,P009,1,1499
ITEM016730,ORD009068,P003,1,1299
ITEM016731,ORD009068,P009,1,1499
ITEM016732,ORD009069,P001,1,2499
ITEM016733,ORD009069,P002,1,3999
ITEM016734,ORD009069,P010,1,899
ITEM016735,ORD009070,P010,1,899
ITEM016736,ORD009071,P005,1,699
ITEM016737,ORD009072,P006,1,2999
ITEM016738,ORD009072,P002,1,3999
ITEM016739,ORD009073,P008,1,1799
ITEM016740,ORD009074,P005,1,699
ITEM016741,ORD009074,P007,1,999
ITEM016742,ORD009075,P001,1,2499
ITEM016743,ORD009076,P008,1,1799
ITEM016744,ORD009076,P009,1,1499
ITEM016745,ORD009077,P008,1,1799
ITEM016746,ORD009078,P009,1,1499
ITEM016747,ORD009079,P006,1,2999
ITEM016748,ORD009079,P002,1,3999
ITEM016749,ORD009079,P003,1,1299
ITEM016750,ORD009080,P006,1,2999
ITEM016751,ORD009081,P004,1,499
ITEM016752,ORD009081,P006,1,2999
ITEM016753,ORD009082,P003,1,1299
ITEM016754,ORD009083,P004,1,499
ITEM016755,ORD009083,P001,1,2499
ITEM016756,ORD009083,P008,1,1799
ITEM016757,ORD009084,P006,1,2999
ITEM016758,ORD009085,P005,1,699
ITEM016759,ORD009085,P008,1,1799
ITEM016760,ORD009086,P010,1,899
ITEM016761,ORD009086,P004,1,499
ITEM016762,ORD009087,P001,1,2499
ITEM016763,ORD009088,P001,1,2499
ITEM016764,ORD009088,P003,1,1299
ITEM016765,ORD009089,P001,1,2499
ITEM016766,ORD009089,P003,1,1299
ITEM016767,ORD009090,P001,1,2499
ITEM016768,ORD009090,P010,1,899
ITEM016769,ORD009091,P005,1,699
ITEM016770,ORD009091,P001,1,2499
ITEM016771,ORD009092,P001,1,2499
ITEM016772,ORD009092,P004,1,499
ITEM016773,ORD009093,P008,1,1799
ITEM016774,ORD009093,P010,1,899
ITEM016775,ORD009094,P004,1,499
ITEM016776,ORD009094,P008,1,1799
ITEM016777,ORD009094,P009,1,1499
ITEM016778,ORD009095,P009,1,1499
ITEM016779,ORD009095,P002,1,3999
ITEM016780,ORD009096,P003,1,1299
ITEM016781,ORD009097,P010,1,899
ITEM016782,ORD009097,P004,1,499
ITEM016783,ORD009098,P001,1,2499
ITEM016784,ORD009098,P004,1,499
ITEM016785,ORD009098,P008,1,1799
ITEM016786,ORD009099,P009,1,1499
ITEM016787,ORD009100,P006,1,2999
ITEM016788,ORD009100,P008,1,1799
ITEM016789,ORD009101,P005,1,699
ITEM016790,ORD009101,P001,1,2499
ITEM016791,ORD009101,P007,1,999
ITEM016792,ORD009102,P010,1,899
ITEM016793,ORD009102,P006,1,2999
ITEM016794,ORD009102,P004,1,499
ITEM016795,ORD009103,P004,1,499
ITEM016796,ORD009103,P008,1,1799
ITEM016797,ORD009104,P010,1,899
ITEM016798,ORD009105,P002,1,3999
ITEM016799,ORD009105,P005,1,699
ITEM016800,ORD009106,P006,1,2999
ITEM016801,ORD009106,P010,1,899
ITEM016802,ORD009107,P010,1,899
ITEM016803,ORD009108,P009,1,1499
ITEM016804,ORD009109,P009,1,1499
ITEM016805,ORD009109,P008,1,1799
ITEM016806,ORD009110,P005,1,699
ITEM016807,ORD009111,P010,1,899
ITEM016808,ORD009111,P006,1,2999
ITEM016809,ORD009112,P004,1,499
ITEM016810,ORD009113,P005,1,699
ITEM016811,ORD009114,P005,1,699
ITEM016812,ORD009115,P001,1,2499
ITEM016813,ORD009115,P004,1,499
ITEM016814,ORD009115,P010,1,899
ITEM016815,ORD009116,P005,1,699
ITEM016816,ORD009116,P003,1,1299
ITEM016817,ORD009116,P008,1,1799
ITEM016818,ORD009117,P003,1,1299
ITEM016819,ORD009117,P008,1,1799
ITEM016820,ORD009118,P009,1,1499
ITEM016821,ORD009119,P001,1,2499
ITEM016822,ORD009119,P003,1,1299
ITEM016823,ORD009120,P005,1,699
ITEM016824,ORD009121,P001,1,2499
ITEM016825,ORD009122,P007,1,999
ITEM016826,ORD009122,P002,1,3999
ITEM016827,ORD009123,P010,1,899
ITEM016828,ORD009123,P005,1,699
ITEM016829,ORD009123,P006,1,2999
ITEM016830,ORD009124,P007,1,999
ITEM016831,ORD009124,P002,1,3999
ITEM016832,ORD009125,P001,1,2499
ITEM016833,ORD009125,P005,1,699
ITEM016834,ORD009126,P002,1,3999
ITEM016835,ORD009127,P001,1,2499
ITEM016836,ORD009127,P006,1,2999
ITEM016837,ORD009128,P006,1,2999
ITEM016838,ORD009128,P002,1,3999
ITEM016839,ORD009128,P008,1,1799
ITEM016840,ORD009129,P004,1,499
ITEM016841,ORD009130,P001,1,2499
ITEM016842,ORD009131,P001,1,2499
ITEM016843,ORD009132,P007,1,999
ITEM016844,ORD009132,P009,1,1499
ITEM016845,ORD009133,P001,1,2499
ITEM016846,ORD009133,P005,1,699
ITEM016847,ORD009133,P007,1,999
ITEM016848,ORD009134,P002,1,3999
ITEM016849,ORD009134,P004,1,499
ITEM016850,ORD009135,P001,1,2499
ITEM016851,ORD009135,P005,1,699
ITEM016852,ORD009136,P009,1,1499
ITEM016853,ORD009136,P002,1,3999
ITEM016854,ORD009137,P003,1,1299
ITEM016855,ORD009138,P008,1,1799
ITEM016856,ORD009138,P007,1,999
ITEM016857,ORD009139,P001,1,2499
ITEM016858,ORD009140,P009,1,1499
ITEM016859,ORD009140,P005,1,699
ITEM016860,ORD009141,P003,1,1299
ITEM016861,ORD009141,P004,1,499
ITEM016862,ORD009142,P004,1,499
ITEM016863,ORD009142,P008,1,1799
ITEM016864,ORD009143,P004,1,499
ITEM016865,ORD009144,P007,1,999
ITEM016866,ORD009144,P006,1,2999
ITEM016867,ORD009145,P003,1,1299
ITEM016868,ORD009146,P002,1,3999
ITEM016869,ORD009147,P005,1,699
ITEM016870,ORD009148,P008,1,1799
ITEM016871,ORD009148,P010,1,899
ITEM016872,ORD009149,P001,1,2499
ITEM016873,ORD009150,P001,1,2499
ITEM016874,ORD009150,P005,1,699
ITEM016875,ORD009151,P001,1,2499
ITEM016876,ORD009151,P003,1,1299
ITEM016877,ORD009152,P005,1,699
ITEM016878,ORD009153,P001,1,2499
ITEM016879,ORD009154,P006,1,2999
ITEM016880,ORD009154,P002,1,3999
ITEM016881,ORD009155,P003,1,1299
ITEM016882,ORD009156,P004,1,499
ITEM016883,ORD009157,P001,1,2499
ITEM016884,ORD009157,P004,1,499
ITEM016885,ORD009158,P004,1,499
ITEM016886,ORD009158,P010,1,899
ITEM016887,ORD009159,P006,1,2999
ITEM016888,ORD009160,P002,1,3999
ITEM016889,ORD009160,P006,1,2999
ITEM016890,ORD009161,P001,1,2499
ITEM016891,ORD009161,P004,1,499
ITEM016892,ORD009162,P008,1,1799
ITEM016893,ORD009162,P007,1,999
ITEM016894,ORD009163,P003,1,1299
ITEM016895,ORD009164,P008,1,1799
ITEM016896,ORD009165,P001,1,2499
ITEM016897,ORD009165,P004,1,499
ITEM016898,ORD009165,P010,1,899
ITEM016899,ORD009166,P008,1,1799
ITEM016900,ORD009166,P001,1,2499
ITEM016901,ORD009167,P004,1,499
ITEM016902,ORD009167,P006,1,2999
ITEM016903,ORD009167,P003,1,1299
ITEM016904,ORD009168,P008,1,1799
ITEM016905,ORD009169,P010,1,899
ITEM016906,ORD009169,P004,1,499
ITEM016907,ORD009170,P001,1,2499
ITEM016908,ORD009170,P004,1,499
ITEM016909,ORD009170,P008,1,1799
ITEM016910,ORD009171,P006,1,2999
ITEM016911,ORD009171,P007,1,999
ITEM016912,ORD009172,P001,1,2499
ITEM016913,ORD009172,P004,1,499
ITEM016914,ORD009173,P010,1,899
ITEM016915,ORD009173,P006,1,2999
ITEM016916,ORD009174,P001,1,2499
ITEM016917,ORD009174,P005,1,699
ITEM016918,ORD009174,P008,1,1799
ITEM016919,ORD009175,P001,1,2499
ITEM016920,ORD009176,P004,1,499
ITEM016921,ORD009176,P009,1,1499
ITEM016922,ORD009176,P001,1,2499
ITEM016923,ORD009177,P001,1,2499
ITEM016924,ORD009177,P004,1,499
ITEM016925,ORD009178,P006,1,2999
ITEM016926,ORD009179,P003,1,1299
ITEM016927,ORD009179,P007,1,999
ITEM016928,ORD009180,P001,1,2499
ITEM016929,ORD009180,P010,1,899
ITEM016930,ORD009181,P010,1,899
ITEM016931,ORD009181,P001,1,2499
ITEM016932,ORD009182,P001,1,2499
ITEM016933,ORD009182,P003,1,1299
ITEM016934,ORD009183,P001,1,2499
ITEM016935,ORD009184,P009,1,1499
ITEM016936,ORD009184,P008,1,1799
ITEM016937,ORD009185,P004,1,499
ITEM016938,ORD009186,P005,1,699
ITEM016939,ORD009186,P007,1,999
ITEM016940,ORD009187,P009,1,1499
ITEM016941,ORD009188,P007,1,999
ITEM016942,ORD009188,P006,1,2999
ITEM016943,ORD009188,P003,1,1299
ITEM016944,ORD009189,P001,1,2499
ITEM016945,ORD009189,P005,1,699
ITEM016946,ORD009189,P007,1,999
ITEM016947,ORD009190,P007,1,999
ITEM016948,ORD009190,P001,1,2499
ITEM016949,ORD009191,P001,1,2499
ITEM016950,ORD009191,P002,1,3999
ITEM016951,ORD009192,P006,1,2999
ITEM016952,ORD009192,P007,1,999
ITEM016953,ORD009193,P001,1,2499
ITEM016954,ORD009193,P009,1,1499
ITEM016955,ORD009194,P009,1,1499
ITEM016956,ORD009194,P003,1,1299
ITEM016957,ORD009195,P003,1,1299
ITEM016958,ORD009196,P009,1,1499
ITEM016959,ORD009196,P007,1,999
ITEM016960,ORD009197,P001,1,2499
ITEM016961,ORD009197,P004,1,499
ITEM016962,ORD009197,P005,1,699
ITEM016963,ORD009198,P005,1,699
ITEM016964,ORD009198,P010,1,899
ITEM016965,ORD009199,P010,1,899
ITEM016966,ORD009199,P008,1,1799
ITEM016967,ORD009200,P005,1,699
ITEM016968,ORD009201,P007,1,999
ITEM016969,ORD009201,P005,1,699
ITEM016970,ORD009202,P001,1,2499
ITEM016971,ORD009203,P009,1,1499
ITEM016972,ORD009204,P001,1,2499
ITEM016973,ORD009204,P009,1,1499
ITEM016974,ORD009204,P006,1,2999
ITEM016975,ORD009205,P001,1,2499
ITEM016976,ORD009205,P008,1,1799
ITEM016977,ORD009206,P001,1,2499
ITEM016978,ORD009207,P003,1,1299
ITEM016979,ORD009207,P001,1,2499
ITEM016980,ORD009207,P006,1,2999
ITEM016981,ORD009208,P001,1,2499
ITEM016982,ORD009208,P002,1,3999
ITEM016983,ORD009208,P004,1,499
ITEM016984,ORD009209,P001,1,2499
ITEM016985,ORD009210,P004,1,499
ITEM016986,ORD009210,P010,1,899
ITEM016987,ORD009211,P004,1,499
ITEM016988,ORD009211,P003,1,1299
ITEM016989,ORD009212,P001,1,2499
ITEM016990,ORD009213,P001,1,2499
ITEM016991,ORD009213,P005,1,699
ITEM016992,ORD009213,P010,1,899
ITEM016993,ORD009214,P001,1,2499
ITEM016994,ORD009214,P004,1,499
ITEM016995,ORD009215,P009,1,1499
ITEM016996,ORD009215,P007,1,999
ITEM016997,ORD009216,P003,1,1299
ITEM016998,ORD009217,P001,1,2499
ITEM016999,ORD009217,P006,1,2999
ITEM017000,ORD009217,P008,1,1799
ITEM017001,ORD009218,P001,1,2499
ITEM017002,ORD009219,P001,1,2499
ITEM017003,ORD009219,P002,1,3999
ITEM017004,ORD009220,P009,1,1499
ITEM017005,ORD009220,P010,1,899
ITEM017006,ORD009221,P001,1,2499
ITEM017007,ORD009222,P001,1,2499
ITEM017008,ORD009222,P008,1,1799
ITEM017009,ORD009223,P001,1,2499
ITEM017010,ORD009223,P010,1,899
ITEM017011,ORD009224,P001,1,2499
ITEM017012,ORD009225,P004,1,499
ITEM017013,ORD009225,P002,1,3999
ITEM017014,ORD009226,P001,1,2499
ITEM017015,ORD009227,P001,1,2499
ITEM017016,ORD009227,P004,1,499
ITEM017017,ORD009228,P010,1,899
ITEM017018,ORD009229,P001,1,2499
ITEM017019,ORD009229,P004,1,499
ITEM017020,ORD009230,P001,1,2499
ITEM017021,ORD009230,P010,1,899
ITEM017022,ORD009230,P002,1,3999
ITEM017023,ORD009231,P002,1,3999
ITEM017024,ORD009231,P008,1,1799
ITEM017025,ORD009232,P007,1,999
ITEM017026,ORD009232,P008,1,1799
ITEM017027,ORD009233,P001,1,2499
ITEM017028,ORD009233,P008,1,1799
ITEM017029,ORD009234,P007,1,999
ITEM017030,ORD009234,P001,1,2499
ITEM017031,ORD009235,P002,1,3999
ITEM017032,ORD009235,P004,1,499
ITEM017033,ORD009236,P008,1,1799
ITEM017034,ORD009237,P010,1,899
ITEM017035,ORD009238,P002,1,3999
ITEM017036,ORD009239,P001,1,2499
ITEM017037,ORD009239,P007,1,999
ITEM017038,ORD009239,P005,1,699
ITEM017039,ORD009240,P003,1,1299
ITEM017040,ORD009240,P006,1,2999
ITEM017041,ORD009241,P001,1,2499
ITEM017042,ORD009242,P001,1,2499
ITEM017043,ORD009242,P007,1,999
ITEM017044,ORD009242,P009,1,1499
ITEM017045,ORD009243,P008,1,1799
ITEM017046,ORD009243,P004,1,499
ITEM017047,ORD009243,P007,1,999
ITEM017048,ORD009244,P009,1,1499
ITEM017049,ORD009244,P007,1,999
ITEM017050,ORD009245,P001,1,2499
ITEM017051,ORD009245,P003,1,1299
ITEM017052,ORD009246,P003,1,1299
ITEM017053,ORD009246,P007,1,999
ITEM017054,ORD009247,P001,1,2499
ITEM017055,ORD009247,P006,1,2999
ITEM017056,ORD009247,P007,1,999
ITEM017057,ORD009248,P008,1,1799
ITEM017058,ORD009248,P005,1,699
ITEM017059,ORD009249,P007,1,999
ITEM017060,ORD009249,P003,1,1299
ITEM017061,ORD009250,P003,1,1299
ITEM017062,ORD009250,P006,1,2999
ITEM017063,ORD009251,P001,1,2499
ITEM017064,ORD009251,P010,1,899
ITEM017065,ORD009252,P003,1,1299
ITEM017066,ORD009253,P001,1,2499
ITEM017067,ORD009253,P010,1,899
ITEM017068,ORD009254,P007,1,999
ITEM017069,ORD009254,P005,1,699
ITEM017070,ORD009255,P002,1,3999
ITEM017071,ORD009255,P007,1,999
ITEM017072,ORD009256,P007,1,999
ITEM017073,ORD009256,P009,1,1499
ITEM017074,ORD009257,P005,1,699
ITEM017075,ORD009257,P002,1,3999
ITEM017076,ORD009258,P006,1,2999
ITEM017077,ORD009258,P008,1,1799
ITEM017078,ORD009259,P005,1,699
ITEM017079,ORD009259,P003,1,1299
ITEM017080,ORD009260,P002,1,3999
ITEM017081,ORD009260,P001,1,2499
ITEM017082,ORD009260,P006,1,2999
ITEM017083,ORD009261,P005,1,699
ITEM017084,ORD009261,P002,1,3999
ITEM017085,ORD009262,P008,1,1799
ITEM017086,ORD009262,P001,1,2499
ITEM017087,ORD009263,P010,1,899
ITEM017088,ORD009264,P003,1,1299
ITEM017089,ORD009265,P010,1,899
ITEM017090,ORD009265,P003,1,1299
ITEM017091,ORD009265,P001,1,2499
ITEM017092,ORD009266,P005,1,699
ITEM017093,ORD009267,P002,1,3999
ITEM017094,ORD009267,P004,1,499
ITEM017095,ORD009267,P009,1,1499
ITEM017096,ORD009268,P004,1,499
ITEM017097,ORD009268,P005,1,699
ITEM017098,ORD009268,P007,1,999
ITEM017099,ORD009269,P005,1,699
ITEM017100,ORD009270,P009,1,1499
ITEM017101,ORD009270,P004,1,499
ITEM017102,ORD009271,P009,1,1499
ITEM017103,ORD009272,P001,1,2499
ITEM017104,ORD009272,P006,1,2999
ITEM017105,ORD009272,P004,1,499
ITEM017106,ORD009273,P004,1,499
ITEM017107,ORD009273,P009,1,1499
ITEM017108,ORD009274,P001,1,2499
ITEM017109,ORD009275,P005,1,699
ITEM017110,ORD009276,P010,1,899
ITEM017111,ORD009276,P009,1,1499
ITEM017112,ORD009276,P005,1,699
ITEM017113,ORD009277,P003,1,1299
ITEM017114,ORD009277,P010,1,899
ITEM017115,ORD009278,P001,1,2499
ITEM017116,ORD009279,P004,1,499
ITEM017117,ORD009280,P006,1,2999
ITEM017118,ORD009280,P004,1,499
ITEM017119,ORD009280,P009,1,1499
ITEM017120,ORD009281,P010,1,899
ITEM017121,ORD009282,P008,1,1799
ITEM017122,ORD009282,P006,1,2999
ITEM017123,ORD009283,P006,1,2999
ITEM017124,ORD009284,P007,1,999
ITEM017125,ORD009284,P005,1,699
ITEM017126,ORD009284,P003,1,1299
ITEM017127,ORD009285,P009,1,1499
ITEM017128,ORD009286,P002,1,3999
ITEM017129,ORD009286,P004,1,499
ITEM017130,ORD009287,P004,1,499
ITEM017131,ORD009287,P010,1,899
ITEM017132,ORD009288,P009,1,1499
ITEM017133,ORD009288,P010,1,899
ITEM017134,ORD009289,P004,1,499
ITEM017135,ORD009290,P005,1,699
ITEM017136,ORD009290,P007,1,999
ITEM017137,ORD009291,P001,1,2499
ITEM017138,ORD009291,P002,1,3999
ITEM017139,ORD009291,P007,1,999
ITEM017140,ORD009292,P001,1,2499
ITEM017141,ORD009293,P008,1,1799
ITEM017142,ORD009293,P006,1,2999
ITEM017143,ORD009294,P003,1,1299
ITEM017144,ORD009294,P009,1,1499
ITEM017145,ORD009295,P002,1,3999
ITEM017146,ORD009295,P008,1,1799
ITEM017147,ORD009296,P008,1,1799
ITEM017148,ORD009296,P004,1,499
ITEM017149,ORD009296,P001,1,2499
ITEM017150,ORD009297,P010,1,899
ITEM017151,ORD009298,P003,1,1299
ITEM017152,ORD009299,P009,1,1499
ITEM017153,ORD009299,P008,1,1799
ITEM017154,ORD009300,P001,1,2499
ITEM017155,ORD009301,P009,1,1499
ITEM017156,ORD009301,P010,1,899
ITEM017157,ORD009302,P001,1,2499
ITEM017158,ORD009302,P002,1,3999
ITEM017159,ORD009303,P003,1,1299
ITEM017160,ORD009303,P004,1,499
ITEM017161,ORD009304,P005,1,699
ITEM017162,ORD009304,P006,1,2999
ITEM017163,ORD009304,P007,1,999
ITEM017164,ORD009305,P001,1,2499
ITEM017165,ORD009305,P004,1,499
ITEM017166,ORD009306,P007,1,999
ITEM017167,ORD009307,P005,1,699
ITEM017168,ORD009307,P002,1,3999
ITEM017169,ORD009308,P004,1,499
ITEM017170,ORD009308,P007,1,999
ITEM017171,ORD009309,P010,1,899
ITEM017172,ORD009310,P004,1,499
ITEM017173,ORD009311,P002,1,3999
ITEM017174,ORD009312,P010,1,899
ITEM017175,ORD009312,P004,1,499
ITEM017176,ORD009312,P002,1,3999
ITEM017177,ORD009313,P009,1,1499
ITEM017178,ORD009313,P005,1,699
ITEM017179,ORD009314,P001,1,2499
ITEM017180,ORD009314,P008,1,1799
ITEM017181,ORD009315,P001,1,2499
ITEM017182,ORD009315,P003,1,1299
ITEM017183,ORD009316,P001,1,2499
ITEM017184,ORD009317,P007,1,999
ITEM017185,ORD009318,P004,1,499
ITEM017186,ORD009318,P002,1,3999
ITEM017187,ORD009319,P004,1,499
ITEM017188,ORD009319,P008,1,1799
ITEM017189,ORD009320,P008,1,1799
ITEM017190,ORD009321,P001,1,2499
ITEM017191,ORD009321,P007,1,999
ITEM017192,ORD009322,P003,1,1299
ITEM017193,ORD009323,P001,1,2499
ITEM017194,ORD009324,P008,1,1799
ITEM017195,ORD009325,P006,1,2999
ITEM017196,ORD009325,P009,1,1499
ITEM017197,ORD009326,P001,1,2499
ITEM017198,ORD009326,P010,1,899
ITEM017199,ORD009327,P001,1,2499
ITEM017200,ORD009328,P010,1,899
ITEM017201,ORD009329,P010,1,899
ITEM017202,ORD009330,P005,1,699
ITEM017203,ORD009330,P004,1,499
ITEM017204,ORD009331,P004,1,499
ITEM017205,ORD009331,P010,1,899
ITEM017206,ORD009332,P001,1,2499
ITEM017207,ORD009332,P005,1,699
ITEM017208,ORD009332,P006,1,2999
ITEM017209,ORD009333,P001,1,2499
ITEM017210,ORD009333,P008,1,1799
ITEM017211,ORD009333,P004,1,499
ITEM017212,ORD009334,P001,1,2499
ITEM017213,ORD009334,P008,1,1799
ITEM017214,ORD009335,P006,1,2999
ITEM017215,ORD009335,P001,1,2499
ITEM017216,ORD009336,P001,1,2499
ITEM017217,ORD009336,P004,1,499
ITEM017218,ORD009337,P001,1,2499
ITEM017219,ORD009337,P003,1,1299
ITEM017220,ORD009337,P010,1,899
ITEM017221,ORD009338,P001,1,2499
ITEM017222,ORD009339,P001,1,2499
ITEM017223,ORD009340,P001,1,2499
ITEM017224,ORD009341,P002,1,3999
ITEM017225,ORD009341,P006,1,2999
ITEM017226,ORD009342,P002,1,3999
ITEM017227,ORD009342,P004,1,499
ITEM017228,ORD009342,P001,1,2499
ITEM017229,ORD009343,P001,1,2499
ITEM017230,ORD009344,P010,1,899
ITEM017231,ORD009344,P001,1,2499
ITEM017232,ORD009345,P010,1,899
ITEM017233,ORD009345,P001,1,2499
ITEM017234,ORD009345,P009,1,1499
ITEM017235,ORD009346,P004,1,499
ITEM017236,ORD009347,P004,1,499
ITEM017237,ORD009347,P002,1,3999
ITEM017238,ORD009348,P006,1,2999
ITEM017239,ORD009349,P004,1,499
ITEM017240,ORD009349,P001,1,2499
ITEM017241,ORD009350,P008,1,1799
ITEM017242,ORD009350,P010,1,899
ITEM017243,ORD009350,P006,1,2999
ITEM017244,ORD009351,P010,1,899
ITEM017245,ORD009351,P008,1,1799
ITEM017246,ORD009352,P010,1,899
ITEM017247,ORD009352,P007,1,999
ITEM017248,ORD009353,P001,1,2499
ITEM017249,ORD009353,P008,1,1799
ITEM017250,ORD009354,P001,1,2499
ITEM017251,ORD009354,P004,1,499
ITEM017252,ORD009355,P002,1,3999
ITEM017253,ORD009355,P006,1,2999
ITEM017254,ORD009356,P003,1,1299
ITEM017255,ORD009356,P007,1,999
ITEM017256,ORD009357,P003,1,1299
ITEM017257,ORD009357,P005,1,699
ITEM017258,ORD009357,P009,1,1499
ITEM017259,ORD009358,P001,1,2499
ITEM017260,ORD009358,P009,1,1499
ITEM017261,ORD009359,P005,1,699
ITEM017262,ORD009360,P009,1,1499
ITEM017263,ORD009361,P002,1,3999
ITEM017264,ORD009361,P007,1,999
ITEM017265,ORD009362,P001,1,2499
ITEM017266,ORD009362,P010,1,899
ITEM017267,ORD009363,P001,1,2499
ITEM017268,ORD009364,P001,1,2499
ITEM017269,ORD009365,P001,1,2499
ITEM017270,ORD009366,P009,1,1499
ITEM017271,ORD009366,P008,1,1799
ITEM017272,ORD009366,P003,1,1299
ITEM017273,ORD009367,P004,1,499
ITEM017274,ORD009367,P010,1,899
ITEM017275,ORD009367,P009,1,1499
ITEM017276,ORD009368,P001,1,2499
ITEM017277,ORD009368,P008,1,1799
ITEM017278,ORD009369,P002,1,3999
ITEM017279,ORD009369,P004,1,499
ITEM017280,ORD009370,P008,1,1799
ITEM017281,ORD009370,P009,1,1499
ITEM017282,ORD009371,P003,1,1299
ITEM017283,ORD009371,P002,1,3999
ITEM017284,ORD009372,P001,1,2499
ITEM017285,ORD009372,P004,1,499
ITEM017286,ORD009373,P002,1,3999
ITEM017287,ORD009374,P001,1,2499
ITEM017288,ORD009375,P001,1,2499
ITEM017289,ORD009375,P009,1,1499
ITEM017290,ORD009376,P004,1,499
ITEM017291,ORD009376,P005,1,699
ITEM017292,ORD009377,P004,1,499
ITEM017293,ORD009378,P003,1,1299
ITEM017294,ORD009378,P004,1,499
ITEM017295,ORD009379,P004,1,499
ITEM017296,ORD009379,P008,1,1799
ITEM017297,ORD009380,P001,1,2499
ITEM017298,ORD009380,P005,1,699
ITEM017299,ORD009381,P006,1,2999
ITEM017300,ORD009381,P010,1,899
ITEM017301,ORD009382,P009,1,1499
ITEM017302,ORD009382,P007,1,999
ITEM017303,ORD009383,P001,1,2499
ITEM017304,ORD009383,P004,1,499
ITEM017305,ORD009384,P009,1,1499
ITEM017306,ORD009384,P010,1,899
ITEM017307,ORD009385,P009,1,1499
ITEM017308,ORD009385,P007,1,999
ITEM017309,ORD009386,P003,1,1299
ITEM017310,ORD009386,P009,1,1499
ITEM017311,ORD009387,P006,1,2999
ITEM017312,ORD009387,P001,1,2499
ITEM017313,ORD009387,P002,1,3999
ITEM017314,ORD009388,P001,1,2499
ITEM017315,ORD009388,P007,1,999
ITEM017316,ORD009389,P001,1,2499
ITEM017317,ORD009389,P002,1,3999
ITEM017318,ORD009389,P003,1,1299
ITEM017319,ORD009390,P001,1,2499
ITEM017320,ORD009390,P004,1,499
ITEM017321,ORD009390,P009,1,1499
ITEM017322,ORD009391,P010,1,899
ITEM017323,ORD009391,P008,1,1799
ITEM017324,ORD009391,P002,1,3999
ITEM017325,ORD009392,P001,1,2499
ITEM017326,ORD009393,P004,1,499
ITEM017327,ORD009393,P008,1,1799
ITEM017328,ORD009394,P001,1,2499
ITEM017329,ORD009394,P008,1,1799
ITEM017330,ORD009395,P010,1,899
ITEM017331,ORD009396,P001,1,2499
ITEM017332,ORD009397,P004,1,499
ITEM017333,ORD009398,P003,1,1299
ITEM017334,ORD009399,P001,1,2499
ITEM017335,ORD009399,P010,1,899
ITEM017336,ORD009400,P009,1,1499
ITEM017337,ORD009400,P007,1,999
ITEM017338,ORD009401,P007,1,999
ITEM017339,ORD009401,P002,1,3999
ITEM017340,ORD009402,P003,1,1299
ITEM017341,ORD009403,P007,1,999
ITEM017342,ORD009404,P006,1,2999
ITEM017343,ORD009404,P005,1,699
ITEM017344,ORD009404,P009,1,1499
ITEM017345,ORD009405,P001,1,2499
ITEM017346,ORD009406,P007,1,999
ITEM017347,ORD009407,P007,1,999
ITEM017348,ORD009407,P008,1,1799
ITEM017349,ORD009408,P007,1,999
ITEM017350,ORD009408,P006,1,2999
ITEM017351,ORD009409,P009,1,1499
ITEM017352,ORD009410,P003,1,1299
ITEM017353,ORD009410,P002,1,3999
ITEM017354,ORD009411,P007,1,999
ITEM017355,ORD009411,P010,1,899
ITEM017356,ORD009411,P002,1,3999
ITEM017357,ORD009412,P002,1,3999
ITEM017358,ORD009412,P004,1,499
ITEM017359,ORD009413,P001,1,2499
ITEM017360,ORD009413,P004,1,499
ITEM017361,ORD009414,P006,1,2999
ITEM017362,ORD009414,P009,1,1499
ITEM017363,ORD009415,P001,1,2499
ITEM017364,ORD009415,P002,1,3999
ITEM017365,ORD009416,P004,1,499
ITEM017366,ORD009416,P008,1,1799
ITEM017367,ORD009417,P008,1,1799
ITEM017368,ORD009417,P002,1,3999
ITEM017369,ORD009417,P003,1,1299
ITEM017370,ORD009418,P004,1,499
ITEM017371,ORD009418,P003,1,1299
ITEM017372,ORD009419,P008,1,1799
ITEM017373,ORD009420,P003,1,1299
ITEM017374,ORD009420,P002,1,3999
ITEM017375,ORD009421,P001,1,2499
ITEM017376,ORD009422,P002,1,3999
ITEM017377,ORD009423,P010,1,899
ITEM017378,ORD009423,P004,1,499
ITEM017379,ORD009423,P003,1,1299
ITEM017380,ORD009424,P005,1,699
ITEM017381,ORD009425,P002,1,3999
ITEM017382,ORD009426,P006,1,2999
ITEM017383,ORD009426,P003,1,1299
ITEM017384,ORD009427,P006,1,2999
ITEM017385,ORD009427,P008,1,1799
ITEM017386,ORD009428,P005,1,699
ITEM017387,ORD009429,P008,1,1799
ITEM017388,ORD009429,P009,1,1499
ITEM017389,ORD009430,P001,1,2499
ITEM017390,ORD009430,P004,1,499
ITEM017391,ORD009430,P002,1,3999
ITEM017392,ORD009431,P008,1,1799
ITEM017393,ORD009432,P001,1,2499
ITEM017394,ORD009433,P001,1,2499
ITEM017395,ORD009433,P005,1,699
ITEM017396,ORD009433,P008,1,1799
ITEM017397,ORD009434,P001,1,2499
ITEM017398,ORD009434,P004,1,499
ITEM017399,ORD009435,P003,1,1299
ITEM017400,ORD009435,P005,1,699
ITEM017401,ORD009436,P001,1,2499
ITEM017402,ORD009436,P010,1,899
ITEM017403,ORD009437,P001,1,2499
ITEM017404,ORD009437,P003,1,1299
ITEM017405,ORD009438,P010,1,899
ITEM017406,ORD009438,P004,1,499
ITEM017407,ORD009439,P006,1,2999
ITEM017408,ORD009439,P008,1,1799
ITEM017409,ORD009440,P009,1,1499
ITEM017410,ORD009441,P001,1,2499
ITEM017411,ORD009441,P002,1,3999
ITEM017412,ORD009442,P006,1,2999
ITEM017413,ORD009443,P005,1,699
ITEM017414,ORD009443,P009,1,1499
ITEM017415,ORD009443,P008,1,1799
ITEM017416,ORD009444,P006,1,2999
ITEM017417,ORD009445,P007,1,999
ITEM017418,ORD009445,P006,1,2999
ITEM017419,ORD009446,P001,1,2499
ITEM017420,ORD009446,P004,1,499
ITEM017421,ORD009447,P007,1,999
ITEM017422,ORD009447,P006,1,2999
ITEM017423,ORD009447,P009,1,1499
ITEM017424,ORD009448,P009,1,1499
ITEM017425,ORD009448,P008,1,1799
ITEM017426,ORD009449,P003,1,1299
ITEM017427,ORD009449,P005,1,699
ITEM017428,ORD009449,P004,1,499
ITEM017429,ORD009450,P006,1,2999
ITEM017430,ORD009450,P003,1,1299
ITEM017431,ORD009451,P005,1,699
ITEM017432,ORD009452,P009,1,1499
ITEM017433,ORD009452,P010,1,899
ITEM017434,ORD009452,P004,1,499
ITEM017435,ORD009453,P001,1,2499
ITEM017436,ORD009453,P003,1,1299
ITEM017437,ORD009453,P004,1,499
ITEM017438,ORD009454,P001,1,2499
ITEM017439,ORD009454,P005,1,699
ITEM017440,ORD009455,P005,1,699
ITEM017441,ORD009455,P008,1,1799
ITEM017442,ORD009455,P001,1,2499
ITEM017443,ORD009456,P002,1,3999
ITEM017444,ORD009456,P009,1,1499
ITEM017445,ORD009457,P001,1,2499
ITEM017446,ORD009457,P004,1,499
ITEM017447,ORD009458,P007,1,999
ITEM017448,ORD009458,P004,1,499
ITEM017449,ORD009459,P005,1,699
ITEM017450,ORD009459,P007,1,999
ITEM017451,ORD009459,P001,1,2499
ITEM017452,ORD009460,P002,1,3999
ITEM017453,ORD009460,P004,1,499
ITEM017454,ORD009461,P001,1,2499
ITEM017455,ORD009461,P004,1,499
ITEM017456,ORD009461,P002,1,3999
ITEM017457,ORD009462,P010,1,899
ITEM017458,ORD009462,P007,1,999
ITEM017459,ORD009463,P001,1,2499
ITEM017460,ORD009464,P001,1,2499
ITEM017461,ORD009464,P009,1,1499
ITEM017462,ORD009465,P007,1,999
ITEM017463,ORD009465,P001,1,2499
ITEM017464,ORD009466,P006,1,2999
ITEM017465,ORD009467,P007,1,999
ITEM017466,ORD009467,P004,1,499
ITEM017467,ORD009468,P002,1,3999
ITEM017468,ORD009468,P001,1,2499
ITEM017469,ORD009468,P005,1,699
ITEM017470,ORD009469,P001,1,2499
ITEM017471,ORD009470,P008,1,1799
ITEM017472,ORD009471,P006,1,2999
ITEM017473,ORD009471,P007,1,999
ITEM017474,ORD009472,P001,1,2499
ITEM017475,ORD009472,P005,1,699
ITEM017476,ORD009473,P005,1,699
ITEM017477,ORD009474,P009,1,1499
ITEM017478,ORD009474,P006,1,2999
ITEM017479,ORD009475,P001,1,2499
ITEM017480,ORD009476,P002,1,3999
ITEM017481,ORD009477,P001,1,2499
ITEM017482,ORD009477,P002,1,3999
ITEM017483,ORD009477,P010,1,899
ITEM017484,ORD009478,P001,1,2499
ITEM017485,ORD009478,P009,1,1499
ITEM017486,ORD009479,P010,1,899
ITEM017487,ORD009479,P007,1,999
ITEM017488,ORD009479,P009,1,1499
ITEM017489,ORD009480,P009,1,1499
ITEM017490,ORD009480,P005,1,699
ITEM017491,ORD009481,P008,1,1799
ITEM017492,ORD009482,P001,1,2499
ITEM017493,ORD009482,P004,1,499
ITEM017494,ORD009482,P003,1,1299
ITEM017495,ORD009483,P002,1,3999
ITEM017496,ORD009483,P009,1,1499
ITEM017497,ORD009483,P005,1,699
ITEM017498,ORD009484,P001,1,2499
ITEM017499,ORD009484,P008,1,1799
ITEM017500,ORD009485,P006,1,2999
ITEM017501,ORD009485,P001,1,2499
ITEM017502,ORD009486,P006,1,2999
ITEM017503,ORD009486,P009,1,1499
ITEM017504,ORD009487,P001,1,2499
ITEM017505,ORD009487,P006,1,2999
ITEM017506,ORD009488,P007,1,999
ITEM017507,ORD009489,P005,1,699
ITEM017508,ORD009490,P003,1,1299
ITEM017509,ORD009490,P004,1,499
ITEM017510,ORD009491,P003,1,1299
ITEM017511,ORD009491,P010,1,899
ITEM017512,ORD009492,P004,1,499
ITEM017513,ORD009492,P003,1,1299
ITEM017514,ORD009492,P010,1,899
ITEM017515,ORD009493,P001,1,2499
ITEM017516,ORD009493,P002,1,3999
ITEM017517,ORD009494,P001,1,2499
ITEM017518,ORD009495,P005,1,699
ITEM017519,ORD009495,P003,1,1299
ITEM017520,ORD009496,P004,1,499
ITEM017521,ORD009496,P007,1,999
ITEM017522,ORD009497,P006,1,2999
ITEM017523,ORD009497,P007,1,999
ITEM017524,ORD009497,P004,1,499
ITEM017525,ORD009498,P003,1,1299
ITEM017526,ORD009498,P006,1,2999
ITEM017527,ORD009499,P010,1,899
ITEM017528,ORD009499,P007,1,999
ITEM017529,ORD009500,P001,1,2499
ITEM017530,ORD009500,P004,1,499
ITEM017531,ORD009501,P001,1,2499
ITEM017532,ORD009501,P009,1,1499
ITEM017533,ORD009501,P004,1,499
ITEM017534,ORD009502,P004,1,499
ITEM017535,ORD009502,P005,1,699
ITEM017536,ORD009503,P003,1,1299
ITEM017537,ORD009503,P009,1,1499
ITEM017538,ORD009504,P001,1,2499
ITEM017539,ORD009504,P002,1,3999
ITEM017540,ORD009505,P010,1,899
ITEM017541,ORD009505,P004,1,499
ITEM017542,ORD009506,P001,1,2499
ITEM017543,ORD009506,P004,1,499
ITEM017544,ORD009507,P001,1,2499
ITEM017545,ORD009508,P001,1,2499
ITEM017546,ORD009508,P005,1,699
ITEM017547,ORD009509,P001,1,2499
ITEM017548,ORD009509,P010,1,899
ITEM017549,ORD009509,P005,1,699
ITEM017550,ORD009510,P002,1,3999
ITEM017551,ORD009510,P008,1,1799
ITEM017552,ORD009511,P002,1,3999
ITEM017553,ORD009511,P009,1,1499
ITEM017554,ORD009511,P001,1,2499
ITEM017555,ORD009512,P001,1,2499
ITEM017556,ORD009512,P008,1,1799
ITEM017557,ORD009513,P010,1,899
ITEM017558,ORD009514,P007,1,999
ITEM017559,ORD009514,P006,1,2999
ITEM017560,ORD009515,P004,1,499
ITEM017561,ORD009516,P001,1,2499
ITEM017562,ORD009516,P004,1,499
ITEM017563,ORD009517,P007,1,999
ITEM017564,ORD009518,P001,1,2499
ITEM017565,ORD009519,P007,1,999
ITEM017566,ORD009519,P003,1,1299
ITEM017567,ORD009519,P006,1,2999
ITEM017568,ORD009520,P003,1,1299
ITEM017569,ORD009520,P002,1,3999
ITEM017570,ORD009520,P010,1,899
ITEM017571,ORD009521,P001,1,2499
ITEM017572,ORD009522,P005,1,699
ITEM017573,ORD009522,P003,1,1299
ITEM017574,ORD009523,P009,1,1499
ITEM017575,ORD009523,P002,1,3999
ITEM017576,ORD009524,P001,1,2499
ITEM017577,ORD009525,P006,1,2999
ITEM017578,ORD009525,P001,1,2499
ITEM017579,ORD009526,P001,1,2499
ITEM017580,ORD009527,P001,1,2499
ITEM017581,ORD009528,P007,1,999
ITEM017582,ORD009528,P010,1,899
ITEM017583,ORD009529,P007,1,999
ITEM017584,ORD009530,P006,1,2999
ITEM017585,ORD009531,P004,1,499
ITEM017586,ORD009531,P002,1,3999
ITEM017587,ORD009532,P001,1,2499
ITEM017588,ORD009532,P009,1,1499
ITEM017589,ORD009533,P001,1,2499
ITEM017590,ORD009534,P002,1,3999
ITEM017591,ORD009534,P001,1,2499
ITEM017592,ORD009535,P008,1,1799
ITEM017593,ORD009535,P010,1,899
ITEM017594,ORD009536,P004,1,499
ITEM017595,ORD009537,P001,1,2499
ITEM017596,ORD009538,P006,1,2999
ITEM017597,ORD009538,P004,1,499
ITEM017598,ORD009539,P002,1,3999
ITEM017599,ORD009539,P009,1,1499
ITEM017600,ORD009540,P003,1,1299
ITEM017601,ORD009540,P005,1,699
ITEM017602,ORD009541,P001,1,2499
ITEM017603,ORD009542,P005,1,699
ITEM017604,ORD009543,P001,1,2499
ITEM017605,ORD009544,P007,1,999
ITEM017606,ORD009544,P010,1,899
ITEM017607,ORD009545,P003,1,1299
ITEM017608,ORD009545,P010,1,899
ITEM017609,ORD009545,P001,1,2499
ITEM017610,ORD009546,P001,1,2499
ITEM017611,ORD009546,P004,1,499
ITEM017612,ORD009546,P003,1,1299
ITEM017613,ORD009547,P004,1,499
ITEM017614,ORD009548,P002,1,3999
ITEM017615,ORD009548,P010,1,899
ITEM017616,ORD009549,P005,1,699
ITEM017617,ORD009549,P009,1,1499
ITEM017618,ORD009550,P001,1,2499
ITEM017619,ORD009550,P010,1,899
ITEM017620,ORD009551,P004,1,499
ITEM017621,ORD009552,P003,1,1299
ITEM017622,ORD009553,P009,1,1499
ITEM017623,ORD009553,P001,1,2499
ITEM017624,ORD009554,P001,1,2499
ITEM017625,ORD009555,P001,1,2499
ITEM017626,ORD009555,P002,1,3999
ITEM017627,ORD009556,P002,1,3999
ITEM017628,ORD009556,P009,1,1499
ITEM017629,ORD009556,P010,1,899
ITEM017630,ORD009557,P004,1,499
ITEM017631,ORD009557,P007,1,999
ITEM017632,ORD009558,P001,1,2499
ITEM017633,ORD009558,P008,1,1799
ITEM017634,ORD009559,P003,1,1299
ITEM017635,ORD009560,P010,1,899
ITEM017636,ORD009560,P001,1,2499
ITEM017637,ORD009560,P002,1,3999
ITEM017638,ORD009561,P001,1,2499
ITEM017639,ORD009561,P005,1,699
ITEM017640,ORD009562,P003,1,1299
ITEM017641,ORD009562,P007,1,999
ITEM017642,ORD009563,P004,1,499
ITEM017643,ORD009563,P008,1,1799
ITEM017644,ORD009563,P007,1,999
ITEM017645,ORD009564,P001,1,2499
ITEM017646,ORD009565,P001,1,2499
ITEM017647,ORD009565,P004,1,499
ITEM017648,ORD009565,P007,1,999
ITEM017649,ORD009566,P009,1,1499
ITEM017650,ORD009566,P010,1,899
ITEM017651,ORD009567,P009,1,1499
ITEM017652,ORD009567,P001,1,2499
ITEM017653,ORD009568,P003,1,1299
ITEM017654,ORD009568,P008,1,1799
ITEM017655,ORD009569,P006,1,2999
ITEM017656,ORD009569,P004,1,499
ITEM017657,ORD009570,P001,1,2499
ITEM017658,ORD009570,P005,1,699
ITEM017659,ORD009570,P002,1,3999
ITEM017660,ORD009571,P001,1,2499
ITEM017661,ORD009571,P009,1,1499
ITEM017662,ORD009572,P005,1,699
ITEM017663,ORD009572,P006,1,2999
ITEM017664,ORD009573,P001,1,2499
ITEM017665,ORD009573,P003,1,1299
ITEM017666,ORD009574,P005,1,699
ITEM017667,ORD009574,P006,1,2999
ITEM017668,ORD009575,P008,1,1799
ITEM017669,ORD009576,P001,1,2499
ITEM017670,ORD009576,P005,1,699
ITEM017671,ORD009577,P007,1,999
ITEM017672,ORD009577,P002,1,3999
ITEM017673,ORD009578,P008,1,1799
ITEM017674,ORD009578,P010,1,899
ITEM017675,ORD009579,P004,1,499
ITEM017676,ORD009579,P003,1,1299
ITEM017677,ORD009580,P010,1,899
ITEM017678,ORD009580,P006,1,2999
ITEM017679,ORD009580,P003,1,1299
ITEM017680,ORD009581,P002,1,3999
ITEM017681,ORD009582,P008,1,1799
ITEM017682,ORD009582,P003,1,1299
ITEM017683,ORD009583,P001,1,2499
ITEM017684,ORD009584,P003,1,1299
ITEM017685,ORD009585,P006,1,2999
ITEM017686,ORD009586,P001,1,2499
ITEM017687,ORD009587,P001,1,2499
ITEM017688,ORD009587,P007,1,999
ITEM017689,ORD009588,P009,1,1499
ITEM017690,ORD009589,P006,1,2999
ITEM017691,ORD009590,P005,1,699
ITEM017692,ORD009590,P008,1,1799
ITEM017693,ORD009590,P006,1,2999
ITEM017694,ORD009591,P001,1,2499
ITEM017695,ORD009592,P005,1,699
ITEM017696,ORD009593,P005,1,699
ITEM017697,ORD009594,P001,1,2499
ITEM017698,ORD009595,P003,1,1299
ITEM017699,ORD009595,P009,1,1499
ITEM017700,ORD009595,P001,1,2499
ITEM017701,ORD009596,P001,1,2499
ITEM017702,ORD009596,P006,1,2999
ITEM017703,ORD009597,P006,1,2999
ITEM017704,ORD009597,P005,1,699
ITEM017705,ORD009598,P001,1,2499
ITEM017706,ORD009598,P003,1,1299
ITEM017707,ORD009598,P009,1,1499
ITEM017708,ORD009599,P001,1,2499
ITEM017709,ORD009599,P004,1,499
ITEM017710,ORD009600,P003,1,1299
ITEM017711,ORD009600,P006,1,2999
ITEM017712,ORD009601,P001,1,2499
ITEM017713,ORD009601,P002,1,3999
ITEM017714,ORD009602,P001,1,2499
ITEM017715,ORD009603,P009,1,1499
ITEM017716,ORD009603,P003,1,1299
ITEM017717,ORD009603,P004,1,499
ITEM017718,ORD009604,P001,1,2499
ITEM017719,ORD009604,P002,1,3999
ITEM017720,ORD009605,P003,1,1299
ITEM017721,ORD009605,P009,1,1499
ITEM017722,ORD009606,P009,1,1499
ITEM017723,ORD009607,P007,1,999
ITEM017724,ORD009608,P002,1,3999
ITEM017725,ORD009609,P006,1,2999
ITEM017726,ORD009609,P008,1,1799
ITEM017727,ORD009609,P003,1,1299
ITEM017728,ORD009610,P009,1,1499
ITEM017729,ORD009611,P008,1,1799
ITEM017730,ORD009612,P007,1,999
ITEM017731,ORD009612,P003,1,1299
ITEM017732,ORD009613,P001,1,2499
ITEM017733,ORD009613,P007,1,999
ITEM017734,ORD009614,P010,1,899
ITEM017735,ORD009614,P004,1,499
ITEM017736,ORD009615,P008,1,1799
ITEM017737,ORD009616,P001,1,2499
ITEM017738,ORD009616,P002,1,3999
ITEM017739,ORD009616,P010,1,899
ITEM017740,ORD009617,P006,1,2999
ITEM017741,ORD009617,P004,1,499
ITEM017742,ORD009617,P009,1,1499
ITEM017743,ORD009618,P001,1,2499
ITEM017744,ORD009619,P009,1,1499
ITEM017745,ORD009619,P007,1,999
ITEM017746,ORD009620,P003,1,1299
ITEM017747,ORD009620,P006,1,2999
ITEM017748,ORD009621,P004,1,499
ITEM017749,ORD009621,P006,1,2999
ITEM017750,ORD009622,P003,1,1299
ITEM017751,ORD009622,P001,1,2499
ITEM017752,ORD009623,P010,1,899
ITEM017753,ORD009624,P008,1,1799
ITEM017754,ORD009624,P009,1,1499
ITEM017755,ORD009625,P003,1,1299
ITEM017756,ORD009626,P006,1,2999
ITEM017757,ORD009626,P009,1,1499
ITEM017758,ORD009626,P008,1,1799
ITEM017759,ORD009627,P001,1,2499
ITEM017760,ORD009627,P005,1,699
ITEM017761,ORD009628,P010,1,899
ITEM017762,ORD009628,P006,1,2999
ITEM017763,ORD009629,P006,1,2999
ITEM017764,ORD009629,P009,1,1499
ITEM017765,ORD009630,P006,1,2999
ITEM017766,ORD009630,P008,1,1799
ITEM017767,ORD009631,P006,1,2999
ITEM017768,ORD009632,P006,1,2999
ITEM017769,ORD009632,P007,1,999
ITEM017770,ORD009633,P001,1,2499
ITEM017771,ORD009633,P003,1,1299
ITEM017772,ORD009634,P006,1,2999
ITEM017773,ORD009634,P001,1,2499
ITEM017774,ORD009634,P002,1,3999
ITEM017775,ORD009635,P001,1,2499
ITEM017776,ORD009636,P010,1,899
ITEM017777,ORD009637,P008,1,1799
ITEM017778,ORD009637,P007,1,999
ITEM017779,ORD009638,P001,1,2499
ITEM017780,ORD009638,P003,1,1299
ITEM017781,ORD009639,P005,1,699
ITEM017782,ORD009639,P009,1,1499
ITEM017783,ORD009640,P009,1,1499
ITEM017784,ORD009641,P010,1,899
ITEM017785,ORD009641,P006,1,2999
ITEM017786,ORD009642,P002,1,3999
ITEM017787,ORD009643,P004,1,499
ITEM017788,ORD009644,P001,1,2499
ITEM017789,ORD009644,P009,1,1499
ITEM017790,ORD009645,P001,1,2499
ITEM017791,ORD009645,P005,1,699
ITEM017792,ORD009645,P003,1,1299
ITEM017793,ORD009646,P003,1,1299
ITEM017794,ORD009647,P004,1,499
ITEM017795,ORD009648,P003,1,1299
ITEM017796,ORD009648,P001,1,2499
ITEM017797,ORD009648,P008,1,1799
ITEM017798,ORD009649,P004,1,499
ITEM017799,ORD009650,P003,1,1299
ITEM017800,ORD009650,P001,1,2499
ITEM017801,ORD009651,P010,1,899
ITEM017802,ORD009651,P008,1,1799
ITEM017803,ORD009652,P010,1,899
ITEM017804,ORD009652,P006,1,2999
ITEM017805,ORD009652,P004,1,499
ITEM017806,ORD009653,P008,1,1799
ITEM017807,ORD009653,P005,1,699
ITEM017808,ORD009654,P005,1,699
ITEM017809,ORD009655,P003,1,1299
ITEM017810,ORD009655,P007,1,999
ITEM017811,ORD009656,P009,1,1499
ITEM017812,ORD009656,P004,1,499
ITEM017813,ORD009657,P008,1,1799
ITEM017814,ORD009658,P002,1,3999
ITEM017815,ORD009659,P004,1,499
ITEM017816,ORD009659,P007,1,999
ITEM017817,ORD009660,P006,1,2999
ITEM017818,ORD009660,P007,1,999
ITEM017819,ORD009661,P001,1,2499
ITEM017820,ORD009661,P006,1,2999
ITEM017821,ORD009662,P004,1,499
ITEM017822,ORD009663,P001,1,2499
ITEM017823,ORD009664,P005,1,699
ITEM017824,ORD009665,P001,1,2499
ITEM017825,ORD009666,P006,1,2999
ITEM017826,ORD009666,P003,1,1299
ITEM017827,ORD009666,P009,1,1499
ITEM017828,ORD009667,P001,1,2499
ITEM017829,ORD009667,P009,1,1499
ITEM017830,ORD009668,P002,1,3999
ITEM017831,ORD009668,P005,1,699
ITEM017832,ORD009669,P002,1,3999
ITEM017833,ORD009669,P008,1,1799
ITEM017834,ORD009670,P001,1,2499
ITEM017835,ORD009670,P009,1,1499
ITEM017836,ORD009671,P001,1,2499
ITEM017837,ORD009671,P007,1,999
ITEM017838,ORD009672,P008,1,1799
ITEM017839,ORD009672,P007,1,999
ITEM017840,ORD009672,P001,1,2499
ITEM017841,ORD009673,P001,1,2499
ITEM017842,ORD009673,P003,1,1299
ITEM017843,ORD009674,P003,1,1299
ITEM017844,ORD009674,P006,1,2999
ITEM017845,ORD009675,P007,1,999
ITEM017846,ORD009675,P002,1,3999
ITEM017847,ORD009675,P005,1,699
ITEM017848,ORD009676,P001,1,2499
ITEM017849,ORD009676,P008,1,1799
ITEM017850,ORD009676,P004,1,499
ITEM017851,ORD009677,P004,1,499
ITEM017852,ORD009677,P003,1,1299
ITEM017853,ORD009678,P009,1,1499
ITEM017854,ORD009679,P008,1,1799
ITEM017855,ORD009680,P001,1,2499
ITEM017856,ORD009680,P006,1,2999
ITEM017857,ORD009681,P010,1,899
ITEM017858,ORD009682,P001,1,2499
ITEM017859,ORD009682,P009,1,1499
ITEM017860,ORD009683,P001,1,2499
ITEM017861,ORD009684,P001,1,2499
ITEM017862,ORD009684,P010,1,899
ITEM017863,ORD009684,P006,1,2999
ITEM017864,ORD009685,P005,1,699
ITEM017865,ORD009685,P001,1,2499
ITEM017866,ORD009686,P007,1,999
ITEM017867,ORD009686,P008,1,1799
ITEM017868,ORD009687,P001,1,2499
ITEM017869,ORD009688,P001,1,2499
ITEM017870,ORD009688,P009,1,1499
ITEM017871,ORD009688,P002,1,3999
ITEM017872,ORD009689,P004,1,499
ITEM017873,ORD009690,P001,1,2499
ITEM017874,ORD009691,P001,1,2499
ITEM017875,ORD009692,P010,1,899
ITEM017876,ORD009692,P005,1,699
ITEM017877,ORD009692,P001,1,2499
ITEM017878,ORD009693,P010,1,899
ITEM017879,ORD009693,P004,1,499
ITEM017880,ORD009694,P007,1,999
ITEM017881,ORD009694,P004,1,499
ITEM017882,ORD009695,P007,1,999
ITEM017883,ORD009695,P002,1,3999
ITEM017884,ORD009695,P009,1,1499
ITEM017885,ORD009696,P001,1,2499
ITEM017886,ORD009696,P009,1,1499
ITEM017887,ORD009697,P005,1,699
ITEM017888,ORD009697,P001,1,2499
ITEM017889,ORD009697,P002,1,3999
ITEM017890,ORD009698,P004,1,499
ITEM017891,ORD009699,P006,1,2999
ITEM017892,ORD009699,P009,1,1499
ITEM017893,ORD009699,P007,1,999
ITEM017894,ORD009700,P002,1,3999
ITEM017895,ORD009701,P001,1,2499
ITEM017896,ORD009702,P010,1,899
ITEM017897,ORD009703,P004,1,499
ITEM017898,ORD009704,P010,1,899
ITEM017899,ORD009704,P003,1,1299
ITEM017900,ORD009705,P004,1,499
ITEM017901,ORD009705,P003,1,1299
ITEM017902,ORD009706,P006,1,2999
ITEM017903,ORD009706,P001,1,2499
ITEM017904,ORD009707,P004,1,499
ITEM017905,ORD009708,P001,1,2499
ITEM017906,ORD009708,P009,1,1499
ITEM017907,ORD009709,P002,1,3999
ITEM017908,ORD009709,P008,1,1799
ITEM017909,ORD009710,P006,1,2999
ITEM017910,ORD009710,P004,1,499
ITEM017911,ORD009711,P005,1,699
ITEM017912,ORD009711,P008,1,1799
ITEM017913,ORD009712,P010,1,899
ITEM017914,ORD009712,P009,1,1499
ITEM017915,ORD009713,P010,1,899
ITEM017916,ORD009714,P001,1,2499
ITEM017917,ORD009715,P006,1,2999
ITEM017918,ORD009715,P005,1,699
ITEM017919,ORD009716,P001,1,2499
ITEM017920,ORD009716,P004,1,499
ITEM017921,ORD009717,P006,1,2999
ITEM017922,ORD009718,P001,1,2499
ITEM017923,ORD009718,P002,1,3999
ITEM017924,ORD009719,P005,1,699
ITEM017925,ORD009719,P002,1,3999
ITEM017926,ORD009720,P003,1,1299
ITEM017927,ORD009720,P006,1,2999
ITEM017928,ORD009721,P004,1,499
ITEM017929,ORD009722,P001,1,2499
ITEM017930,ORD009723,P007,1,999
ITEM017931,ORD009724,P007,1,999
ITEM017932,ORD009724,P002,1,3999
ITEM017933,ORD009724,P008,1,1799
ITEM017934,ORD009725,P002,1,3999
ITEM017935,ORD009725,P006,1,2999
ITEM017936,ORD009726,P003,1,1299
ITEM017937,ORD009726,P004,1,499
ITEM017938,ORD009727,P002,1,3999
ITEM017939,ORD009728,P001,1,2499
ITEM017940,ORD009728,P005,1,699
ITEM017941,ORD009729,P004,1,499
ITEM017942,ORD009730,P007,1,999
ITEM017943,ORD009730,P002,1,3999
ITEM017944,ORD009730,P001,1,2499
ITEM017945,ORD009731,P010,1,899
ITEM017946,ORD009732,P001,1,2499
ITEM017947,ORD009733,P007,1,999
ITEM017948,ORD009734,P007,1,999
ITEM017949,ORD009735,P004,1,499
ITEM017950,ORD009736,P003,1,1299
ITEM017951,ORD009736,P004,1,499
ITEM017952,ORD009737,P001,1,2499
ITEM017953,ORD009738,P007,1,999
ITEM017954,ORD009738,P010,1,899
ITEM017955,ORD009738,P003,1,1299
ITEM017956,ORD009739,P009,1,1499
ITEM017957,ORD009740,P009,1,1499
ITEM017958,ORD009740,P005,1,699
ITEM017959,ORD009741,P001,1,2499
ITEM017960,ORD009741,P006,1,2999
ITEM017961,ORD009742,P006,1,2999
ITEM017962,ORD009743,P009,1,1499
ITEM017963,ORD009743,P010,1,899
ITEM017964,ORD009744,P008,1,1799
ITEM017965,ORD009744,P009,1,1499
ITEM017966,ORD009744,P005,1,699
ITEM017967,ORD009745,P001,1,2499
ITEM017968,ORD009746,P001,1,2499
ITEM017969,ORD009746,P007,1,999
ITEM017970,ORD009747,P002,1,3999
ITEM017971,ORD009747,P001,1,2499
ITEM017972,ORD009748,P001,1,2499
ITEM017973,ORD009748,P002,1,3999
ITEM017974,ORD009749,P001,1,2499
ITEM017975,ORD009749,P002,1,3999
ITEM017976,ORD009750,P006,1,2999
ITEM017977,ORD009750,P005,1,699
ITEM017978,ORD009751,P008,1,1799
ITEM017979,ORD009751,P005,1,699
ITEM017980,ORD009752,P004,1,499
ITEM017981,ORD009752,P009,1,1499
ITEM017982,ORD009753,P001,1,2499
ITEM017983,ORD009753,P004,1,499
ITEM017984,ORD009754,P004,1,499
ITEM017985,ORD009755,P001,1,2499
ITEM017986,ORD009756,P001,1,2499
ITEM017987,ORD009757,P001,1,2499
ITEM017988,ORD009757,P010,1,899
ITEM017989,ORD009758,P001,1,2499
ITEM017990,ORD009758,P009,1,1499
ITEM017991,ORD009759,P003,1,1299
ITEM017992,ORD009759,P008,1,1799
ITEM017993,ORD009760,P001,1,2499
ITEM017994,ORD009761,P003,1,1299
ITEM017995,ORD009761,P006,1,2999
ITEM017996,ORD009761,P008,1,1799
ITEM017997,ORD009762,P008,1,1799
ITEM017998,ORD009762,P007,1,999
ITEM017999,ORD009763,P005,1,699
ITEM018000,ORD009763,P009,1,1499
ITEM018001,ORD009763,P002,1,3999
ITEM018002,ORD009764,P001,1,2499
ITEM018003,ORD009764,P002,1,3999
ITEM018004,ORD009764,P009,1,1499
ITEM018005,ORD009765,P001,1,2499
ITEM018006,ORD009765,P003,1,1299
ITEM018007,ORD009765,P002,1,3999
ITEM018008,ORD009766,P006,1,2999
ITEM018009,ORD009766,P002,1,3999
ITEM018010,ORD009766,P004,1,499
ITEM018011,ORD009767,P003,1,1299
ITEM018012,ORD009768,P001,1,2499
ITEM018013,ORD009768,P009,1,1499
ITEM018014,ORD009769,P008,1,1799
ITEM018015,ORD009770,P001,1,2499
ITEM018016,ORD009771,P001,1,2499
ITEM018017,ORD009771,P008,1,1799
ITEM018018,ORD009772,P005,1,699
ITEM018019,ORD009772,P002,1,3999
ITEM018020,ORD009773,P001,1,2499
ITEM018021,ORD009773,P006,1,2999
ITEM018022,ORD009773,P007,1,999
ITEM018023,ORD009774,P001,1,2499
ITEM018024,ORD009774,P007,1,999
ITEM018025,ORD009775,P008,1,1799
ITEM018026,ORD009775,P007,1,999
ITEM018027,ORD009776,P001,1,2499
ITEM018028,ORD009777,P001,1,2499
ITEM018029,ORD009777,P007,1,999
ITEM018030,ORD009777,P005,1,699
ITEM018031,ORD009778,P005,1,699
ITEM018032,ORD009779,P004,1,499
ITEM018033,ORD009779,P001,1,2499
ITEM018034,ORD009779,P009,1,1499
ITEM018035,ORD009780,P006,1,2999
ITEM018036,ORD009781,P005,1,699
ITEM018037,ORD009781,P003,1,1299
ITEM018038,ORD009782,P001,1,2499
ITEM018039,ORD009783,P003,1,1299
ITEM018040,ORD009783,P006,1,2999
ITEM018041,ORD009784,P002,1,3999
ITEM018042,ORD009784,P004,1,499
ITEM018043,ORD009785,P006,1,2999
ITEM018044,ORD009785,P008,1,1799
ITEM018045,ORD009786,P005,1,699
ITEM018046,ORD009786,P004,1,499
ITEM018047,ORD009786,P003,1,1299
ITEM018048,ORD009787,P001,1,2499
ITEM018049,ORD009787,P003,1,1299
ITEM018050,ORD009788,P001,1,2499
ITEM018051,ORD009788,P003,1,1299
ITEM018052,ORD009789,P001,1,2499
ITEM018053,ORD009789,P010,1,899
ITEM018054,ORD009790,P002,1,3999
ITEM018055,ORD009790,P007,1,999
ITEM018056,ORD009790,P004,1,499
ITEM018057,ORD009791,P001,1,2499
ITEM018058,ORD009791,P002,1,3999
ITEM018059,ORD009792,P001,1,2499
ITEM018060,ORD009793,P001,1,2499
ITEM018061,ORD009793,P004,1,499
ITEM018062,ORD009793,P003,1,1299
ITEM018063,ORD009794,P009,1,1499
ITEM018064,ORD009795,P007,1,999
ITEM018065,ORD009795,P003,1,1299
ITEM018066,ORD009796,P002,1,3999
ITEM018067,ORD009797,P003,1,1299
ITEM018068,ORD009798,P002,1,3999
ITEM018069,ORD009798,P005,1,699
ITEM018070,ORD009799,P005,1,699
ITEM018071,ORD009800,P010,1,899
ITEM018072,ORD009801,P001,1,2499
ITEM018073,ORD009801,P007,1,999
ITEM018074,ORD009801,P004,1,499
ITEM018075,ORD009802,P001,1,2499
ITEM018076,ORD009802,P004,1,499
ITEM018077,ORD009803,P001,1,2499
ITEM018078,ORD009803,P010,1,899
ITEM018079,ORD009803,P007,1,999
ITEM018080,ORD009804,P001,1,2499
ITEM018081,ORD009804,P008,1,1799
ITEM018082,ORD009805,P008,1,1799
ITEM018083,ORD009805,P005,1,699
ITEM018084,ORD009806,P001,1,2499
ITEM018085,ORD009806,P008,1,1799
ITEM018086,ORD009807,P008,1,1799
ITEM018087,ORD009807,P004,1,499
ITEM018088,ORD009808,P006,1,2999
ITEM018089,ORD009809,P004,1,499
ITEM018090,ORD009809,P002,1,3999
ITEM018091,ORD009810,P006,1,2999
ITEM018092,ORD009811,P001,1,2499
ITEM018093,ORD009811,P004,1,499
ITEM018094,ORD009811,P010,1,899
ITEM018095,ORD009812,P010,1,899
ITEM018096,ORD009812,P007,1,999
ITEM018097,ORD009813,P010,1,899
ITEM018098,ORD009813,P006,1,2999
ITEM018099,ORD009814,P001,1,2499
ITEM018100,ORD009814,P006,1,2999
ITEM018101,ORD009814,P009,1,1499
ITEM018102,ORD009815,P008,1,1799
ITEM018103,ORD009815,P004,1,499
ITEM018104,ORD009815,P005,1,699
ITEM018105,ORD009816,P001,1,2499
ITEM018106,ORD009816,P009,1,1499
ITEM018107,ORD009817,P001,1,2499
ITEM018108,ORD009817,P005,1,699
ITEM018109,ORD009817,P006,1,2999
ITEM018110,ORD009818,P004,1,499
ITEM018111,ORD009818,P005,1,699
ITEM018112,ORD009819,P003,1,1299
ITEM018113,ORD009819,P002,1,3999
ITEM018114,ORD009819,P001,1,2499
ITEM018115,ORD009820,P002,1,3999
ITEM018116,ORD009820,P004,1,499
ITEM018117,ORD009821,P001,1,2499
ITEM018118,ORD009821,P008,1,1799
ITEM018119,ORD009822,P009,1,1499
ITEM018120,ORD009822,P005,1,699
ITEM018121,ORD009823,P009,1,1499
ITEM018122,ORD009823,P010,1,899
ITEM018123,ORD009824,P007,1,999
ITEM018124,ORD009824,P001,1,2499
ITEM018125,ORD009824,P003,1,1299
ITEM018126,ORD009825,P001,1,2499
ITEM018127,ORD009825,P003,1,1299
ITEM018128,ORD009825,P004,1,499
ITEM018129,ORD009826,P010,1,899
ITEM018130,ORD009826,P006,1,2999
ITEM018131,ORD009827,P004,1,499
ITEM018132,ORD009828,P008,1,1799
ITEM018133,ORD009828,P010,1,899
ITEM018134,ORD009829,P004,1,499
ITEM018135,ORD009830,P002,1,3999
ITEM018136,ORD009830,P010,1,899
ITEM018137,ORD009830,P001,1,2499
ITEM018138,ORD009831,P001,1,2499
ITEM018139,ORD009831,P005,1,699
ITEM018140,ORD009832,P001,1,2499
ITEM018141,ORD009833,P010,1,899
ITEM018142,ORD009834,P001,1,2499
ITEM018143,ORD009834,P005,1,699
ITEM018144,ORD009834,P006,1,2999
ITEM018145,ORD009835,P001,1,2499
ITEM018146,ORD009835,P006,1,2999
ITEM018147,ORD009835,P008,1,1799
ITEM018148,ORD009836,P005,1,699
ITEM018149,ORD009836,P001,1,2499
ITEM018150,ORD009836,P002,1,3999
ITEM018151,ORD009837,P004,1,499
ITEM018152,ORD009837,P009,1,1499
ITEM018153,ORD009838,P006,1,2999
ITEM018154,ORD009838,P004,1,499
ITEM018155,ORD009839,P010,1,899
ITEM018156,ORD009839,P004,1,499
ITEM018157,ORD009839,P002,1,3999
ITEM018158,ORD009840,P001,1,2499
ITEM018159,ORD009840,P002,1,3999
ITEM018160,ORD009841,P004,1,499
ITEM018161,ORD009841,P010,1,899
ITEM018162,ORD009842,P001,1,2499
ITEM018163,ORD009843,P002,1,3999
ITEM018164,ORD009843,P004,1,499
ITEM018165,ORD009844,P008,1,1799
ITEM018166,ORD009844,P007,1,999
ITEM018167,ORD009845,P002,1,3999
ITEM018168,ORD009846,P001,1,2499
ITEM018169,ORD009846,P003,1,1299
ITEM018170,ORD009847,P010,1,899
ITEM018171,ORD009847,P008,1,1799
ITEM018172,ORD009847,P004,1,499
ITEM018173,ORD009848,P001,1,2499
ITEM018174,ORD009848,P004,1,499
ITEM018175,ORD009849,P006,1,2999
ITEM018176,ORD009849,P008,1,1799
ITEM018177,ORD009850,P001,1,2499
ITEM018178,ORD009850,P006,1,2999
ITEM018179,ORD009850,P005,1,699
ITEM018180,ORD009851,P006,1,2999
ITEM018181,ORD009852,P001,1,2499
ITEM018182,ORD009853,P001,1,2499
ITEM018183,ORD009854,P001,1,2499
ITEM018184,ORD009855,P006,1,2999
ITEM018185,ORD009855,P001,1,2499
ITEM018186,ORD009856,P001,1,2499
ITEM018187,ORD009856,P010,1,899
ITEM018188,ORD009856,P003,1,1299
ITEM018189,ORD009857,P010,1,899
ITEM018190,ORD009858,P006,1,2999
ITEM018191,ORD009858,P004,1,499
ITEM018192,ORD009858,P007,1,999
ITEM018193,ORD009859,P006,1,2999
ITEM018194,ORD009859,P010,1,899
ITEM018195,ORD009859,P007,1,999
ITEM018196,ORD009860,P005,1,699
ITEM018197,ORD009860,P003,1,1299
ITEM018198,ORD009861,P001,1,2499
ITEM018199,ORD009862,P003,1,1299
ITEM018200,ORD009863,P005,1,699
ITEM018201,ORD009863,P010,1,899
ITEM018202,ORD009864,P001,1,2499
ITEM018203,ORD009864,P004,1,499
ITEM018204,ORD009864,P010,1,899
ITEM018205,ORD009865,P010,1,899
ITEM018206,ORD009865,P007,1,999
ITEM018207,ORD009866,P001,1,2499
ITEM018208,ORD009867,P008,1,1799
ITEM018209,ORD009868,P003,1,1299
ITEM018210,ORD009868,P009,1,1499
ITEM018211,ORD009869,P007,1,999
ITEM018212,ORD009870,P005,1,699
ITEM018213,ORD009870,P006,1,2999
ITEM018214,ORD009871,P001,1,2499
ITEM018215,ORD009872,P002,1,3999
ITEM018216,ORD009873,P001,1,2499
ITEM018217,ORD009873,P004,1,499
ITEM018218,ORD009874,P001,1,2499
ITEM018219,ORD009874,P002,1,3999
ITEM018220,ORD009875,P009,1,1499
ITEM018221,ORD009875,P003,1,1299
ITEM018222,ORD009876,P004,1,499
ITEM018223,ORD009876,P010,1,899
ITEM018224,ORD009876,P009,1,1499
ITEM018225,ORD009877,P004,1,499
ITEM018226,ORD009877,P002,1,3999
ITEM018227,ORD009878,P008,1,1799
ITEM018228,ORD009878,P009,1,1499
ITEM018229,ORD009879,P003,1,1299
ITEM018230,ORD009879,P005,1,699
ITEM018231,ORD009880,P009,1,1499
ITEM018232,ORD009881,P001,1,2499
ITEM018233,ORD009881,P003,1,1299
ITEM018234,ORD009881,P007,1,999
ITEM018235,ORD009882,P005,1,699
ITEM018236,ORD009883,P001,1,2499
ITEM018237,ORD009883,P008,1,1799
ITEM018238,ORD009884,P001,1,2499
ITEM018239,ORD009885,P010,1,899
ITEM018240,ORD009885,P003,1,1299
ITEM018241,ORD009885,P007,1,999
ITEM018242,ORD009886,P009,1,1499
ITEM018243,ORD009886,P005,1,699
ITEM018244,ORD009887,P001,1,2499
ITEM018245,ORD009887,P007,1,999
ITEM018246,ORD009888,P001,1,2499
ITEM018247,ORD009889,P003,1,1299
ITEM018248,ORD009889,P002,1,3999
ITEM018249,ORD009890,P007,1,999
ITEM018250,ORD009891,P005,1,699
ITEM018251,ORD009891,P006,1,2999
ITEM018252,ORD009891,P004,1,499
ITEM018253,ORD009892,P006,1,2999
ITEM018254,ORD009892,P009,1,1499
ITEM018255,ORD009892,P008,1,1799
ITEM018256,ORD009893,P005,1,699
ITEM018257,ORD009893,P010,1,899
ITEM018258,ORD009893,P003,1,1299
ITEM018259,ORD009894,P001,1,2499
ITEM018260,ORD009894,P002,1,3999
ITEM018261,ORD009895,P001,1,2499
ITEM018262,ORD009895,P008,1,1799
ITEM018263,ORD009896,P010,1,899
ITEM018264,ORD009897,P006,1,2999
ITEM018265,ORD009897,P007,1,999
ITEM018266,ORD009898,P004,1,499
ITEM018267,ORD009899,P010,1,899
ITEM018268,ORD009899,P005,1,699
ITEM018269,ORD009900,P001,1,2499
ITEM018270,ORD009900,P006,1,2999
ITEM018271,ORD009901,P006,1,2999
ITEM018272,ORD009901,P004,1,499
ITEM018273,ORD009902,P006,1,2999
ITEM018274,ORD009903,P008,1,1799
ITEM018275,ORD009904,P001,1,2499
ITEM018276,ORD009904,P004,1,499
ITEM018277,ORD009905,P002,1,3999
ITEM018278,ORD009905,P004,1,499
ITEM018279,ORD009905,P010,1,899
ITEM018280,ORD009906,P005,1,699
ITEM018281,ORD009907,P005,1,699
ITEM018282,ORD009907,P010,1,899
ITEM018283,ORD009907,P003,1,1299
ITEM018284,ORD009908,P010,1,899
ITEM018285,ORD009908,P003,1,1299
ITEM018286,ORD009909,P010,1,899
ITEM018287,ORD009909,P007,1,999
ITEM018288,ORD009910,P003,1,1299
ITEM018289,ORD009910,P006,1,2999
ITEM018290,ORD009911,P001,1,2499
ITEM018291,ORD009912,P001,1,2499
ITEM018292,ORD009912,P003,1,1299
ITEM018293,ORD009913,P003,1,1299
ITEM018294,ORD009913,P002,1,3999
ITEM018295,ORD009914,P001,1,2499
ITEM018296,ORD009914,P009,1,1499
ITEM018297,ORD009914,P005,1,699
ITEM018298,ORD009915,P001,1,2499
ITEM018299,ORD009916,P001,1,2499
ITEM018300,ORD009916,P009,1,1499
ITEM018301,ORD009917,P003,1,1299
ITEM018302,ORD009917,P005,1,699
ITEM018303,ORD009918,P001,1,2499
ITEM018304,ORD009918,P006,1,2999
ITEM018305,ORD009919,P009,1,1499
ITEM018306,ORD009919,P004,1,499
ITEM018307,ORD009919,P010,1,899
ITEM018308,ORD009920,P010,1,899
ITEM018309,ORD009920,P003,1,1299
ITEM018310,ORD009921,P009,1,1499
ITEM018311,ORD009921,P002,1,3999
ITEM018312,ORD009922,P001,1,2499
ITEM018313,ORD009922,P009,1,1499
ITEM018314,ORD009922,P004,1,499
ITEM018315,ORD009923,P001,1,2499
ITEM018316,ORD009924,P001,1,2499
ITEM018317,ORD009925,P006,1,2999
ITEM018318,ORD009926,P002,1,3999
ITEM018319,ORD009926,P003,1,1299
ITEM018320,ORD009927,P001,1,2499
ITEM018321,ORD009928,P001,1,2499
ITEM018322,ORD009929,P002,1,3999
ITEM018323,ORD009930,P002,1,3999
ITEM018324,ORD009930,P008,1,1799
ITEM018325,ORD009931,P004,1,499
ITEM018326,ORD009931,P007,1,999
ITEM018327,ORD009931,P008,1,1799
ITEM018328,ORD009932,P008,1,1799
ITEM018329,ORD009932,P007,1,999
ITEM018330,ORD009933,P006,1,2999
ITEM018331,ORD009933,P004,1,499
ITEM018332,ORD009933,P010,1,899
ITEM018333,ORD009934,P001,1,2499
ITEM018334,ORD009934,P006,1,2999
ITEM018335,ORD009935,P001,1,2499
ITEM018336,ORD009936,P004,1,499
ITEM018337,ORD009936,P006,1,2999
ITEM018338,ORD009937,P004,1,499
ITEM018339,ORD009937,P008,1,1799
ITEM018340,ORD009937,P001,1,2499
ITEM018341,ORD009938,P004,1,499
ITEM018342,ORD009938,P005,1,699
ITEM018343,ORD009939,P003,1,1299
ITEM018344,ORD009939,P001,1,2499
ITEM018345,ORD009939,P005,1,699
ITEM018346,ORD009940,P009,1,1499
ITEM018347,ORD009941,P004,1,499
ITEM018348,ORD009941,P002,1,3999
ITEM018349,ORD009942,P007,1,999
ITEM018350,ORD009942,P010,1,899
ITEM018351,ORD009943,P001,1,2499
ITEM018352,ORD009943,P007,1,999
ITEM018353,ORD009944,P001,1,2499
ITEM018354,ORD009945,P005,1,699
ITEM018355,ORD009945,P003,1,1299
ITEM018356,ORD009946,P001,1,2499
ITEM018357,ORD009946,P010,1,899
ITEM018358,ORD009946,P008,1,1799
ITEM018359,ORD009947,P007,1,999
ITEM018360,ORD009948,P008,1,1799
ITEM018361,ORD009948,P001,1,2499
ITEM018362,ORD009948,P005,1,699
ITEM018363,ORD009949,P001,1,2499
ITEM018364,ORD009949,P007,1,999
ITEM018365,ORD009950,P010,1,899
ITEM018366,ORD009950,P003,1,1299
ITEM018367,ORD009950,P006,1,2999
ITEM018368,ORD009951,P001,1,2499
ITEM018369,ORD009951,P006,1,2999
ITEM018370,ORD009952,P001,1,2499
ITEM018371,ORD009953,P008,1,1799
ITEM018372,ORD009954,P004,1,499
ITEM018373,ORD009954,P003,1,1299
ITEM018374,ORD009955,P001,1,2499
ITEM018375,ORD009955,P006,1,2999
ITEM018376,ORD009955,P008,1,1799
ITEM018377,ORD009956,P008,1,1799
ITEM018378,ORD009957,P001,1,2499
ITEM018379,ORD009958,P009,1,1499
ITEM018380,ORD009959,P006,1,2999
ITEM018381,ORD009959,P005,1,699
ITEM018382,ORD009959,P008,1,1799
ITEM018383,ORD009960,P002,1,3999
ITEM018384,ORD009961,P010,1,899
ITEM018385,ORD009961,P009,1,1499
ITEM018386,ORD009962,P002,1,3999
ITEM018387,ORD009963,P001,1,2499
ITEM018388,ORD009964,P007,1,999
ITEM018389,ORD009964,P009,1,1499
ITEM018390,ORD009965,P006,1,2999
ITEM018391,ORD009965,P001,1,2499
ITEM018392,ORD009965,P004,1,499
ITEM018393,ORD009966,P001,1,2499
ITEM018394,ORD009966,P009,1,1499
ITEM018395,ORD009967,P007,1,999
ITEM018396,ORD009967,P009,1,1499
ITEM018397,ORD009967,P004,1,499
ITEM018398,ORD009968,P001,1,2499
ITEM018399,ORD009968,P004,1,499
ITEM018400,ORD009968,P002,1,3999
ITEM018401,ORD009969,P006,1,2999
ITEM018402,ORD009970,P010,1,899
ITEM018403,ORD009970,P002,1,3999
ITEM018404,ORD009971,P001,1,2499
ITEM018405,ORD009972,P007,1,999
ITEM018406,ORD009973,P001,1,2499
ITEM018407,ORD009973,P004,1,499
ITEM018408,ORD009974,P010,1,899
ITEM018409,ORD009974,P006,1,2999
ITEM018410,ORD009974,P002,1,3999
ITEM018411,ORD009975,P001,1,2499
ITEM018412,ORD009976,P006,1,2999
ITEM018413,ORD009976,P007,1,999
ITEM018414,ORD009977,P003,1,1299
ITEM018415,ORD009977,P005,1,699
ITEM018416,ORD009978,P008,1,1799
ITEM018417,ORD009979,P006,1,2999
ITEM018418,ORD009980,P006,1,2999
ITEM018419,ORD009981,P004,1,499
ITEM018420,ORD009981,P001,1,2499
ITEM018421,ORD009982,P001,1,2499
ITEM018422,ORD009982,P008,1,1799
ITEM018423,ORD009982,P006,1,2999
ITEM018424,ORD009983,P001,1,2499
ITEM018425,ORD009983,P008,1,1799
ITEM018426,ORD009983,P003,1,1299
ITEM018427,ORD009984,P001,1,2499
ITEM018428,ORD009984,P010,1,899
ITEM018429,ORD009985,P010,1,899
ITEM018430,ORD009985,P002,1,3999
ITEM018431,ORD009986,P007,1,999
ITEM018432,ORD009986,P005,1,699
ITEM018433,ORD009987,P003,1,1299
ITEM018434,ORD009988,P009,1,1499
ITEM018435,ORD009988,P005,1,699
ITEM018436,ORD009989,P006,1,2999
ITEM018437,ORD009989,P008,1,1799
ITEM018438,ORD009989,P002,1,3999
ITEM018439,ORD009990,P002,1,3999
ITEM018440,ORD009990,P010,1,899
ITEM018441,ORD009991,P001,1,2499
ITEM018442,ORD009992,P002,1,3999
ITEM018443,ORD009992,P001,1,2499
ITEM018444,ORD009993,P007,1,999
ITEM018445,ORD009993,P006,1,2999
ITEM018446,ORD009994,P002,1,3999
ITEM018447,ORD009994,P007,1,999
ITEM018448,ORD009995,P002,1,3999
ITEM018449,ORD009995,P007,1,999
ITEM018450,ORD009996,P007,1,999
ITEM018451,ORD009996,P009,1,1499
ITEM018452,ORD009997,P003,1,1299
ITEM018453,ORD009997,P001,1,2499
ITEM018454,ORD009997,P006,1,2999
ITEM018455,ORD009998,P008,1,1799
ITEM018456,ORD009998,P006,1,2999
ITEM018457,ORD009998,P009,1,1499
ITEM018458,ORD009999,P001,1,2499
ITEM018459,ORD009999,P007,1,999
ITEM018460,ORD009999,P003,1,1299
ITEM018461,ORD010000,P004,1,499
ITEM018462,ORD010001,P005,1,699
ITEM018463,ORD010001,P003,1,1299
ITEM018464,ORD010002,P001,1,2499
ITEM018465,ORD010002,P007,1,999
ITEM018466,ORD010002,P003,1,1299
ITEM018467,ORD010003,P009,1,1499
ITEM018468,ORD010004,P004,1,499
ITEM018469,ORD010004,P005,1,699
ITEM018470,ORD010005,P001,1,2499
ITEM018471,ORD010006,P001,1,2499
ITEM018472,ORD010006,P004,1,499
ITEM018473,ORD010007,P001,1,2499
ITEM018474,ORD010007,P004,1,499
ITEM018475,ORD010008,P004,1,499
ITEM018476,ORD010009,P004,1,499
ITEM018477,ORD010009,P007,1,999
ITEM018478,ORD010010,P001,1,2499
ITEM018479,ORD010010,P007,1,999
ITEM018480,ORD010011,P010,1,899
ITEM018481,ORD010011,P003,1,1299
ITEM018482,ORD010011,P001,1,2499
ITEM018483,ORD010012,P009,1,1499
ITEM018484,ORD010012,P007,1,999
ITEM018485,ORD010013,P001,1,2499
ITEM018486,ORD010014,P010,1,899
ITEM018487,ORD010014,P009,1,1499
ITEM018488,ORD010015,P001,1,2499
ITEM018489,ORD010016,P001,1,2499
ITEM018490,ORD010016,P006,1,2999
ITEM018491,ORD010017,P003,1,1299
ITEM018492,ORD010017,P006,1,2999
ITEM018493,ORD010018,P001,1,2499
ITEM018494,ORD010018,P002,1,3999
ITEM018495,ORD010019,P001,1,2499
ITEM018496,ORD010019,P002,1,3999
ITEM018497,ORD010020,P009,1,1499
ITEM018498,ORD010020,P002,1,3999
ITEM018499,ORD010021,P004,1,499
ITEM018500,ORD010022,P001,1,2499
ITEM018501,ORD010022,P007,1,999
ITEM018502,ORD010023,P002,1,3999
ITEM018503,ORD010023,P001,1,2499
ITEM018504,ORD010024,P001,1,2499
ITEM018505,ORD010025,P001,1,2499
ITEM018506,ORD010025,P006,1,2999
ITEM018507,ORD010026,P008,1,1799
ITEM018508,ORD010027,P001,1,2499
ITEM018509,ORD010027,P010,1,899
ITEM018510,ORD010028,P001,1,2499
ITEM018511,ORD010029,P002,1,3999
ITEM018512,ORD010029,P005,1,699
ITEM018513,ORD010030,P001,1,2499
ITEM018514,ORD010030,P002,1,3999
ITEM018515,ORD010031,P007,1,999
ITEM018516,ORD010031,P008,1,1799
ITEM018517,ORD010031,P002,1,3999
ITEM018518,ORD010032,P002,1,3999
ITEM018519,ORD010032,P003,1,1299
ITEM018520,ORD010033,P008,1,1799
ITEM018521,ORD010033,P009,1,1499
ITEM018522,ORD010034,P010,1,899
ITEM018523,ORD010035,P007,1,999
ITEM018524,ORD010035,P005,1,699
ITEM018525,ORD010035,P009,1,1499
ITEM018526,ORD010036,P001,1,2499
ITEM018527,ORD010036,P003,1,1299
ITEM018528,ORD010037,P002,1,3999
ITEM018529,ORD010038,P006,1,2999
ITEM018530,ORD010038,P004,1,499
ITEM018531,ORD010039,P005,1,699
ITEM018532,ORD010039,P001,1,2499
ITEM018533,ORD010039,P004,1,499
ITEM018534,ORD010040,P001,1,2499
ITEM018535,ORD010040,P004,1,499
ITEM018536,ORD010041,P001,1,2499
ITEM018537,ORD010041,P004,1,499
ITEM018538,ORD010042,P001,1,2499
ITEM018539,ORD010043,P001,1,2499
ITEM018540,ORD010043,P010,1,899
ITEM018541,ORD010044,P002,1,3999
ITEM018542,ORD010044,P001,1,2499
ITEM018543,ORD010045,P009,1,1499
ITEM018544,ORD010046,P007,1,999
ITEM018545,ORD010046,P008,1,1799
ITEM018546,ORD010047,P006,1,2999
ITEM018547,ORD010047,P009,1,1499
ITEM018548,ORD010048,P009,1,1499
ITEM018549,ORD010049,P002,1,3999
ITEM018550,ORD010049,P010,1,899
ITEM018551,ORD010049,P005,1,699
ITEM018552,ORD010050,P001,1,2499
ITEM018553,ORD010050,P009,1,1499
ITEM018554,ORD010051,P008,1,1799
ITEM018555,ORD010051,P005,1,699
ITEM018556,ORD010052,P010,1,899
ITEM018557,ORD010052,P001,1,2499
ITEM018558,ORD010053,P009,1,1499
ITEM018559,ORD010054,P001,1,2499
ITEM018560,ORD010054,P008,1,1799
ITEM018561,ORD010054,P002,1,3999
ITEM018562,ORD010055,P001,1,2499
ITEM018563,ORD010055,P008,1,1799
ITEM018564,ORD010055,P002,1,3999
ITEM018565,ORD010056,P002,1,3999
ITEM018566,ORD010056,P005,1,699
ITEM018567,ORD010057,P001,1,2499
ITEM018568,ORD010058,P004,1,499
ITEM018569,ORD010058,P006,1,2999
ITEM018570,ORD010059,P004,1,499
ITEM018571,ORD010060,P004,1,499
ITEM018572,ORD010061,P006,1,2999
ITEM018573,ORD010062,P002,1,3999
ITEM018574,ORD010062,P009,1,1499
ITEM018575,ORD010062,P005,1,699
ITEM018576,ORD010063,P001,1,2499
ITEM018577,ORD010064,P002,1,3999
ITEM018578,ORD010064,P007,1,999
ITEM018579,ORD010064,P009,1,1499
ITEM018580,ORD010065,P001,1,2499
ITEM018581,ORD010065,P008,1,1799
ITEM018582,ORD010066,P010,1,899
ITEM018583,ORD010066,P007,1,999
ITEM018584,ORD010067,P003,1,1299
ITEM018585,ORD010067,P005,1,699
ITEM018586,ORD010068,P009,1,1499
ITEM018587,ORD010068,P008,1,1799
ITEM018588,ORD010069,P004,1,499
ITEM018589,ORD010070,P010,1,899
ITEM018590,ORD010071,P010,1,899
ITEM018591,ORD010071,P004,1,499
ITEM018592,ORD010071,P008,1,1799
ITEM018593,ORD010072,P001,1,2499
ITEM018594,ORD010072,P010,1,899
ITEM018595,ORD010072,P005,1,699
ITEM018596,ORD010073,P010,1,899
ITEM018597,ORD010074,P001,1,2499
ITEM018598,ORD010075,P008,1,1799
ITEM018599,ORD010075,P002,1,3999
ITEM018600,ORD010075,P006,1,2999
ITEM018601,ORD010076,P001,1,2499
ITEM018602,ORD010076,P003,1,1299
ITEM018603,ORD010077,P008,1,1799
ITEM018604,ORD010077,P004,1,499
ITEM018605,ORD010078,P008,1,1799
ITEM018606,ORD010079,P004,1,499
ITEM018607,ORD010079,P008,1,1799
ITEM018608,ORD010080,P003,1,1299
ITEM018609,ORD010080,P001,1,2499
ITEM018610,ORD010080,P006,1,2999
ITEM018611,ORD010081,P001,1,2499
ITEM018612,ORD010082,P001,1,2499
ITEM018613,ORD010082,P004,1,499
ITEM018614,ORD010083,P002,1,3999
ITEM018615,ORD010084,P010,1,899
ITEM018616,ORD010084,P003,1,1299
ITEM018617,ORD010084,P001,1,2499
ITEM018618,ORD010085,P001,1,2499
ITEM018619,ORD010085,P004,1,499
ITEM018620,ORD010086,P001,1,2499
ITEM018621,ORD010087,P001,1,2499
ITEM018622,ORD010087,P004,1,499
ITEM018623,ORD010087,P005,1,699
ITEM018624,ORD010088,P001,1,2499
ITEM018625,ORD010088,P003,1,1299
ITEM018626,ORD010089,P009,1,1499
ITEM018627,ORD010089,P003,1,1299
ITEM018628,ORD010090,P001,1,2499
ITEM018629,ORD010090,P005,1,699
ITEM018630,ORD010091,P004,1,499
ITEM018631,ORD010092,P002,1,3999
ITEM018632,ORD010092,P010,1,899
ITEM018633,ORD010093,P003,1,1299
ITEM018634,ORD010094,P003,1,1299
ITEM018635,ORD010094,P005,1,699
ITEM018636,ORD010094,P009,1,1499
ITEM018637,ORD010095,P002,1,3999
ITEM018638,ORD010096,P001,1,2499
ITEM018639,ORD010097,P008,1,1799
ITEM018640,ORD010098,P006,1,2999
ITEM018641,ORD010098,P001,1,2499
ITEM018642,ORD010098,P005,1,699
ITEM018643,ORD010099,P001,1,2499
ITEM018644,ORD010100,P007,1,999
ITEM018645,ORD010101,P008,1,1799
ITEM018646,ORD010101,P002,1,3999
ITEM018647,ORD010102,P008,1,1799
ITEM018648,ORD010102,P009,1,1499
ITEM018649,ORD010102,P007,1,999
ITEM018650,ORD010103,P007,1,999
ITEM018651,ORD010104,P010,1,899
ITEM018652,ORD010104,P005,1,699
ITEM018653,ORD010105,P009,1,1499
ITEM018654,ORD010106,P001,1,2499
ITEM018655,ORD010107,P004,1,499
ITEM018656,ORD010107,P002,1,3999
ITEM018657,ORD010108,P009,1,1499
ITEM018658,ORD010109,P001,1,2499
ITEM018659,ORD010109,P004,1,499
ITEM018660,ORD010110,P001,1,2499
ITEM018661,ORD010110,P007,1,999
ITEM018662,ORD010111,P001,1,2499
ITEM018663,ORD010112,P004,1,499
ITEM018664,ORD010113,P007,1,999
ITEM018665,ORD010114,P006,1,2999
ITEM018666,ORD010114,P010,1,899
ITEM018667,ORD010114,P007,1,999
ITEM018668,ORD010115,P001,1,2499
ITEM018669,ORD010115,P009,1,1499
ITEM018670,ORD010115,P006,1,2999
ITEM018671,ORD010116,P001,1,2499
ITEM018672,ORD010116,P007,1,999
ITEM018673,ORD010117,P010,1,899
ITEM018674,ORD010117,P004,1,499
ITEM018675,ORD010118,P001,1,2499
ITEM018676,ORD010119,P010,1,899
ITEM018677,ORD010119,P002,1,3999
ITEM018678,ORD010120,P007,1,999
ITEM018679,ORD010121,P003,1,1299
ITEM018680,ORD010122,P010,1,899
ITEM018681,ORD010123,P001,1,2499
ITEM018682,ORD010124,P001,1,2499
ITEM018683,ORD010125,P005,1,699
ITEM018684,ORD010125,P007,1,999
ITEM018685,ORD010125,P006,1,2999
ITEM018686,ORD010126,P004,1,499
ITEM018687,ORD010126,P001,1,2499
ITEM018688,ORD010127,P008,1,1799
ITEM018689,ORD010127,P004,1,499
ITEM018690,ORD010128,P001,1,2499
ITEM018691,ORD010128,P004,1,499
ITEM018692,ORD010129,P006,1,2999
ITEM018693,ORD010129,P003,1,1299
ITEM018694,ORD010130,P004,1,499
ITEM018695,ORD010131,P009,1,1499
ITEM018696,ORD010132,P005,1,699
ITEM018697,ORD010132,P006,1,2999
ITEM018698,ORD010132,P001,1,2499
ITEM018699,ORD010133,P006,1,2999
ITEM018700,ORD010133,P002,1,3999
ITEM018701,ORD010134,P002,1,3999
ITEM018702,ORD010135,P001,1,2499
ITEM018703,ORD010136,P006,1,2999
ITEM018704,ORD010136,P002,1,3999
ITEM018705,ORD010136,P004,1,499
ITEM018706,ORD010137,P008,1,1799
ITEM018707,ORD010137,P003,1,1299
ITEM018708,ORD010137,P010,1,899
ITEM018709,ORD010138,P001,1,2499
ITEM018710,ORD010139,P002,1,3999
ITEM018711,ORD010140,P010,1,899
ITEM018712,ORD010140,P004,1,499
ITEM018713,ORD010141,P004,1,499
ITEM018714,ORD010141,P010,1,899
ITEM018715,ORD010142,P002,1,3999
ITEM018716,ORD010143,P001,1,2499
ITEM018717,ORD010143,P008,1,1799
ITEM018718,ORD010143,P004,1,499
ITEM018719,ORD010144,P001,1,2499
ITEM018720,ORD010144,P007,1,999
ITEM018721,ORD010144,P002,1,3999
ITEM018722,ORD010145,P008,1,1799
ITEM018723,ORD010146,P007,1,999
ITEM018724,ORD010147,P008,1,1799
ITEM018725,ORD010148,P005,1,699
ITEM018726,ORD010148,P006,1,2999
ITEM018727,ORD010148,P010,1,899
ITEM018728,ORD010149,P004,1,499
ITEM018729,ORD010149,P008,1,1799
ITEM018730,ORD010150,P009,1,1499
ITEM018731,ORD010150,P007,1,999
ITEM018732,ORD010150,P002,1,3999
ITEM018733,ORD010151,P007,1,999
ITEM018734,ORD010151,P003,1,1299
ITEM018735,ORD010152,P003,1,1299
ITEM018736,ORD010153,P001,1,2499
ITEM018737,ORD010154,P002,1,3999
ITEM018738,ORD010154,P007,1,999
ITEM018739,ORD010154,P005,1,699
ITEM018740,ORD010155,P001,1,2499
ITEM018741,ORD010155,P006,1,2999
ITEM018742,ORD010156,P001,1,2499
ITEM018743,ORD010156,P009,1,1499
ITEM018744,ORD010157,P003,1,1299
ITEM018745,ORD010157,P005,1,699
ITEM018746,ORD010157,P002,1,3999
ITEM018747,ORD010158,P001,1,2499
ITEM018748,ORD010158,P002,1,3999
ITEM018749,ORD010159,P001,1,2499
ITEM018750,ORD010160,P001,1,2499
ITEM018751,ORD010161,P007,1,999
ITEM018752,ORD010161,P004,1,499
ITEM018753,ORD010162,P002,1,3999
ITEM018754,ORD010162,P008,1,1799
ITEM018755,ORD010163,P008,1,1799
ITEM018756,ORD010164,P002,1,3999
ITEM018757,ORD010164,P010,1,899
ITEM018758,ORD010165,P001,1,2499
ITEM018759,ORD010166,P008,1,1799
ITEM018760,ORD010166,P003,1,1299
ITEM018761,ORD010167,P001,1,2499
ITEM018762,ORD010167,P005,1,699
ITEM018763,ORD010168,P001,1,2499
ITEM018764,ORD010169,P001,1,2499
ITEM018765,ORD010169,P010,1,899
ITEM018766,ORD010169,P005,1,699
ITEM018767,ORD010170,P007,1,999
ITEM018768,ORD010170,P001,1,2499
ITEM018769,ORD010171,P001,1,2499
ITEM018770,ORD010171,P007,1,999
ITEM018771,ORD010172,P005,1,699
ITEM018772,ORD010172,P009,1,1499
ITEM018773,ORD010172,P003,1,1299
ITEM018774,ORD010173,P001,1,2499
ITEM018775,ORD010173,P009,1,1499
ITEM018776,ORD010173,P010,1,899
ITEM018777,ORD010174,P004,1,499
ITEM018778,ORD010175,P007,1,999
ITEM018779,ORD010176,P004,1,499
ITEM018780,ORD010177,P005,1,699
ITEM018781,ORD010177,P009,1,1499
ITEM018782,ORD010178,P005,1,699
ITEM018783,ORD010178,P003,1,1299
ITEM018784,ORD010179,P001,1,2499
ITEM018785,ORD010179,P009,1,1499
ITEM018786,ORD010180,P002,1,3999
ITEM018787,ORD010180,P001,1,2499
ITEM018788,ORD010180,P003,1,1299
ITEM018789,ORD010181,P001,1,2499
ITEM018790,ORD010181,P006,1,2999
ITEM018791,ORD010182,P001,1,2499
ITEM018792,ORD010183,P006,1,2999
ITEM018793,ORD010183,P008,1,1799
ITEM018794,ORD010183,P010,1,899
ITEM018795,ORD010184,P001,1,2499
ITEM018796,ORD010185,P007,1,999
ITEM018797,ORD010185,P004,1,499
ITEM018798,ORD010185,P008,1,1799
ITEM018799,ORD010186,P009,1,1499
ITEM018800,ORD010186,P005,1,699
ITEM018801,ORD010187,P008,1,1799
ITEM018802,ORD010187,P004,1,499
ITEM018803,ORD010188,P001,1,2499
ITEM018804,ORD010188,P004,1,499
ITEM018805,ORD010189,P001,1,2499
ITEM018806,ORD010189,P009,1,1499
ITEM018807,ORD010190,P003,1,1299
ITEM018808,ORD010191,P002,1,3999
ITEM018809,ORD010191,P009,1,1499
ITEM018810,ORD010191,P007,1,999
ITEM018811,ORD010192,P007,1,999
ITEM018812,ORD010192,P003,1,1299
ITEM018813,ORD010192,P002,1,3999
ITEM018814,ORD010193,P001,1,2499
ITEM018815,ORD010194,P007,1,999
ITEM018816,ORD010194,P010,1,899
ITEM018817,ORD010194,P005,1,699
ITEM018818,ORD010195,P001,1,2499
ITEM018819,ORD010196,P009,1,1499
ITEM018820,ORD010197,P008,1,1799
ITEM018821,ORD010198,P006,1,2999
ITEM018822,ORD010198,P002,1,3999
ITEM018823,ORD010199,P008,1,1799
ITEM018824,ORD010199,P007,1,999
ITEM018825,ORD010199,P010,1,899
ITEM018826,ORD010200,P010,1,899
ITEM018827,ORD010200,P004,1,499
ITEM018828,ORD010200,P008,1,1799
ITEM018829,ORD010201,P001,1,2499
ITEM018830,ORD010201,P004,1,499
ITEM018831,ORD010202,P001,1,2499
ITEM018832,ORD010202,P006,1,2999
ITEM018833,ORD010203,P008,1,1799
ITEM018834,ORD010204,P009,1,1499
ITEM018835,ORD010204,P002,1,3999
ITEM018836,ORD010205,P003,1,1299
ITEM018837,ORD010206,P002,1,3999
ITEM018838,ORD010206,P007,1,999
ITEM018839,ORD010206,P001,1,2499
ITEM018840,ORD010207,P004,1,499
ITEM018841,ORD010208,P003,1,1299
ITEM018842,ORD010208,P010,1,899
ITEM018843,ORD010209,P001,1,2499
ITEM018844,ORD010209,P003,1,1299
ITEM018845,ORD010209,P009,1,1499
ITEM018846,ORD010210,P001,1,2499
ITEM018847,ORD010210,P004,1,499
ITEM018848,ORD010211,P001,1,2499
ITEM018849,ORD010211,P009,1,1499
ITEM018850,ORD010211,P003,1,1299
ITEM018851,ORD010212,P001,1,2499
ITEM018852,ORD010213,P002,1,3999
ITEM018853,ORD010213,P004,1,499
ITEM018854,ORD010214,P007,1,999
ITEM018855,ORD010214,P001,1,2499
ITEM018856,ORD010214,P003,1,1299
ITEM018857,ORD010215,P002,1,3999
ITEM018858,ORD010216,P003,1,1299
ITEM018859,ORD010216,P008,1,1799
ITEM018860,ORD010216,P006,1,2999
ITEM018861,ORD010217,P009,1,1499
ITEM018862,ORD010217,P007,1,999
ITEM018863,ORD010218,P008,1,1799
ITEM018864,ORD010218,P001,1,2499
ITEM018865,ORD010219,P001,1,2499
ITEM018866,ORD010220,P001,1,2499
ITEM018867,ORD010221,P001,1,2499
ITEM018868,ORD010221,P009,1,1499
ITEM018869,ORD010222,P001,1,2499
ITEM018870,ORD010223,P009,1,1499
ITEM018871,ORD010223,P004,1,499
ITEM018872,ORD010224,P001,1,2499
ITEM018873,ORD010225,P001,1,2499
ITEM018874,ORD010225,P003,1,1299
ITEM018875,ORD010226,P001,1,2499
ITEM018876,ORD010226,P002,1,3999
ITEM018877,ORD010227,P002,1,3999
ITEM018878,ORD010227,P005,1,699
ITEM018879,ORD010228,P001,1,2499
ITEM018880,ORD010228,P004,1,499
ITEM018881,ORD010228,P006,1,2999
ITEM018882,ORD010229,P007,1,999
ITEM018883,ORD010229,P005,1,699
ITEM018884,ORD010230,P007,1,999
ITEM018885,ORD010231,P001,1,2499
ITEM018886,ORD010231,P002,1,3999
ITEM018887,ORD010231,P005,1,699
ITEM018888,ORD010232,P001,1,2499
ITEM018889,ORD010232,P004,1,499
ITEM018890,ORD010233,P001,1,2499
ITEM018891,ORD010233,P004,1,499
ITEM018892,ORD010234,P006,1,2999
ITEM018893,ORD010235,P009,1,1499
ITEM018894,ORD010236,P007,1,999
ITEM018895,ORD010237,P001,1,2499
ITEM018896,ORD010237,P005,1,699
ITEM018897,ORD010238,P001,1,2499
ITEM018898,ORD010238,P004,1,499
ITEM018899,ORD010239,P001,1,2499
ITEM018900,ORD010239,P004,1,499
ITEM018901,ORD010240,P001,1,2499
ITEM018902,ORD010240,P010,1,899
ITEM018903,ORD010241,P009,1,1499
ITEM018904,ORD010242,P010,1,899
ITEM018905,ORD010242,P002,1,3999
ITEM018906,ORD010243,P002,1,3999
ITEM018907,ORD010243,P001,1,2499
ITEM018908,ORD010243,P007,1,999
ITEM018909,ORD010244,P002,1,3999
ITEM018910,ORD010244,P009,1,1499
ITEM018911,ORD010244,P005,1,699
ITEM018912,ORD010245,P004,1,499
ITEM018913,ORD010245,P008,1,1799
ITEM018914,ORD010246,P001,1,2499
ITEM018915,ORD010246,P010,1,899
ITEM018916,ORD010246,P008,1,1799
ITEM018917,ORD010247,P009,1,1499
ITEM018918,ORD010247,P007,1,999
ITEM018919,ORD010248,P001,1,2499
ITEM018920,ORD010249,P003,1,1299
ITEM018921,ORD010250,P001,1,2499
ITEM018922,ORD010251,P009,1,1499
ITEM018923,ORD010251,P001,1,2499
ITEM018924,ORD010252,P001,1,2499
ITEM018925,ORD010252,P008,1,1799
ITEM018926,ORD010253,P006,1,2999
ITEM018927,ORD010253,P001,1,2499
ITEM018928,ORD010253,P009,1,1499
ITEM018929,ORD010254,P007,1,999
ITEM018930,ORD010254,P009,1,1499
ITEM018931,ORD010254,P003,1,1299
ITEM018932,ORD010255,P010,1,899
ITEM018933,ORD010255,P002,1,3999
ITEM018934,ORD010256,P005,1,699
ITEM018935,ORD010256,P009,1,1499
ITEM018936,ORD010256,P002,1,3999
ITEM018937,ORD010257,P001,1,2499
ITEM018938,ORD010257,P008,1,1799
ITEM018939,ORD010258,P001,1,2499
ITEM018940,ORD010258,P009,1,1499
ITEM018941,ORD010259,P010,1,899
ITEM018942,ORD010259,P003,1,1299
ITEM018943,ORD010259,P005,1,699
ITEM018944,ORD010260,P010,1,899
ITEM018945,ORD010260,P004,1,499
ITEM018946,ORD010261,P005,1,699
ITEM018947,ORD010262,P001,1,2499
ITEM018948,ORD010262,P005,1,699
ITEM018949,ORD010263,P001,1,2499
ITEM018950,ORD010263,P002,1,3999
ITEM018951,ORD010264,P001,1,2499
ITEM018952,ORD010264,P002,1,3999
ITEM018953,ORD010265,P001,1,2499
ITEM018954,ORD010266,P006,1,2999
ITEM018955,ORD010266,P001,1,2499
ITEM018956,ORD010266,P008,1,1799
ITEM018957,ORD010267,P009,1,1499
ITEM018958,ORD010268,P002,1,3999
ITEM018959,ORD010268,P003,1,1299
ITEM018960,ORD010269,P010,1,899
ITEM018961,ORD010269,P002,1,3999
ITEM018962,ORD010270,P009,1,1499
ITEM018963,ORD010271,P001,1,2499
ITEM018964,ORD010271,P004,1,499
ITEM018965,ORD010271,P005,1,699
ITEM018966,ORD010272,P003,1,1299
ITEM018967,ORD010272,P008,1,1799
ITEM018968,ORD010272,P009,1,1499
ITEM018969,ORD010273,P002,1,3999
ITEM018970,ORD010273,P004,1,499
ITEM018971,ORD010274,P010,1,899
ITEM018972,ORD010275,P009,1,1499
ITEM018973,ORD010276,P006,1,2999
ITEM018974,ORD010277,P002,1,3999
ITEM018975,ORD010277,P006,1,2999
ITEM018976,ORD010278,P008,1,1799
ITEM018977,ORD010279,P009,1,1499
ITEM018978,ORD010280,P001,1,2499
ITEM018979,ORD010280,P006,1,2999
ITEM018980,ORD010281,P001,1,2499
ITEM018981,ORD010282,P001,1,2499
ITEM018982,ORD010282,P010,1,899
ITEM018983,ORD010283,P001,1,2499
ITEM018984,ORD010283,P005,1,699
ITEM018985,ORD010284,P001,1,2499
ITEM018986,ORD010284,P005,1,699
ITEM018987,ORD010285,P006,1,2999
ITEM018988,ORD010285,P003,1,1299
ITEM018989,ORD010286,P008,1,1799
ITEM018990,ORD010286,P002,1,3999
ITEM018991,ORD010287,P005,1,699
ITEM018992,ORD010287,P006,1,2999
ITEM018993,ORD010288,P001,1,2499
ITEM018994,ORD010289,P004,1,499
ITEM018995,ORD010289,P007,1,999
ITEM018996,ORD010290,P001,1,2499
ITEM018997,ORD010290,P007,1,999
ITEM018998,ORD010291,P006,1,2999
ITEM018999,ORD010292,P007,1,999
ITEM019000,ORD010293,P003,1,1299
ITEM019001,ORD010293,P006,1,2999
ITEM019002,ORD010294,P001,1,2499
ITEM019003,ORD010295,P001,1,2499
ITEM019004,ORD010295,P004,1,499
ITEM019005,ORD010296,P001,1,2499
ITEM019006,ORD010296,P008,1,1799
ITEM019007,ORD010297,P007,1,999
ITEM019008,ORD010297,P003,1,1299
ITEM019009,ORD010298,P004,1,499
ITEM019010,ORD010298,P001,1,2499
ITEM019011,ORD010298,P005,1,699
ITEM019012,ORD010299,P002,1,3999
ITEM019013,ORD010299,P005,1,699
ITEM019014,ORD010299,P007,1,999
ITEM019015,ORD010300,P004,1,499
ITEM019016,ORD010300,P006,1,2999
ITEM019017,ORD010301,P007,1,999
ITEM019018,ORD010302,P005,1,699
ITEM019019,ORD010303,P006,1,2999
ITEM019020,ORD010303,P002,1,3999
ITEM019021,ORD010304,P001,1,2499
ITEM019022,ORD010305,P005,1,699
ITEM019023,ORD010305,P003,1,1299
ITEM019024,ORD010306,P009,1,1499
ITEM019025,ORD010306,P008,1,1799
ITEM019026,ORD010307,P001,1,2499
ITEM019027,ORD010307,P002,1,3999
ITEM019028,ORD010308,P010,1,899
ITEM019029,ORD010309,P002,1,3999
ITEM019030,ORD010310,P001,1,2499
ITEM019031,ORD010310,P006,1,2999
ITEM019032,ORD010311,P006,1,2999
ITEM019033,ORD010312,P001,1,2499
ITEM019034,ORD010312,P007,1,999
ITEM019035,ORD010313,P001,1,2499
ITEM019036,ORD010313,P005,1,699
ITEM019037,ORD010314,P001,1,2499
ITEM019038,ORD010314,P010,1,899
ITEM019039,ORD010315,P003,1,1299
ITEM019040,ORD010315,P004,1,499
ITEM019041,ORD010315,P001,1,2499
ITEM019042,ORD010316,P001,1,2499
ITEM019043,ORD010316,P002,1,3999
ITEM019044,ORD010317,P001,1,2499
ITEM019045,ORD010317,P006,1,2999
ITEM019046,ORD010318,P006,1,2999
ITEM019047,ORD010318,P007,1,999
ITEM019048,ORD010319,P006,1,2999
ITEM019049,ORD010319,P009,1,1499
ITEM019050,ORD010319,P010,1,899
ITEM019051,ORD010320,P001,1,2499
ITEM019052,ORD010320,P006,1,2999
ITEM019053,ORD010321,P008,1,1799
ITEM019054,ORD010322,P003,1,1299
ITEM019055,ORD010322,P004,1,499
ITEM019056,ORD010322,P009,1,1499
ITEM019057,ORD010323,P001,1,2499
ITEM019058,ORD010323,P004,1,499
ITEM019059,ORD010324,P005,1,699
ITEM019060,ORD010324,P008,1,1799
ITEM019061,ORD010324,P010,1,899
ITEM019062,ORD010325,P002,1,3999
ITEM019063,ORD010325,P001,1,2499
ITEM019064,ORD010326,P003,1,1299
ITEM019065,ORD010327,P002,1,3999
ITEM019066,ORD010327,P006,1,2999
ITEM019067,ORD010328,P007,1,999
ITEM019068,ORD010329,P001,1,2499
ITEM019069,ORD010329,P006,1,2999
ITEM019070,ORD010330,P005,1,699
ITEM019071,ORD010330,P010,1,899
ITEM019072,ORD010331,P001,1,2499
ITEM019073,ORD010332,P007,1,999
ITEM019074,ORD010333,P010,1,899
ITEM019075,ORD010334,P007,1,999
ITEM019076,ORD010334,P001,1,2499
ITEM019077,ORD010335,P001,1,2499
ITEM019078,ORD010335,P002,1,3999
ITEM019079,ORD010335,P008,1,1799
ITEM019080,ORD010336,P003,1,1299
ITEM019081,ORD010337,P001,1,2499
ITEM019082,ORD010337,P004,1,499
ITEM019083,ORD010338,P003,1,1299
ITEM019084,ORD010339,P001,1,2499
ITEM019085,ORD010339,P006,1,2999
ITEM019086,ORD010339,P010,1,899
ITEM019087,ORD010340,P003,1,1299
ITEM019088,ORD010340,P005,1,699
ITEM019089,ORD010340,P002,1,3999
ITEM019090,ORD010341,P002,1,3999
ITEM019091,ORD010342,P001,1,2499
ITEM019092,ORD010342,P003,1,1299
ITEM019093,ORD010343,P007,1,999
ITEM019094,ORD010343,P006,1,2999
ITEM019095,ORD010343,P009,1,1499
ITEM019096,ORD010344,P001,1,2499
ITEM019097,ORD010344,P002,1,3999
ITEM019098,ORD010344,P008,1,1799
ITEM019099,ORD010345,P002,1,3999
ITEM019100,ORD010346,P010,1,899
ITEM019101,ORD010346,P005,1,699
ITEM019102,ORD010347,P002,1,3999
ITEM019103,ORD010347,P007,1,999
ITEM019104,ORD010348,P010,1,899
ITEM019105,ORD010349,P006,1,2999
ITEM019106,ORD010349,P007,1,999
ITEM019107,ORD010350,P005,1,699
ITEM019108,ORD010351,P001,1,2499
ITEM019109,ORD010351,P002,1,3999
ITEM019110,ORD010351,P006,1,2999
ITEM019111,ORD010352,P010,1,899
ITEM019112,ORD010353,P008,1,1799
ITEM019113,ORD010353,P005,1,699
ITEM019114,ORD010354,P010,1,899
ITEM019115,ORD010354,P002,1,3999
ITEM019116,ORD010355,P005,1,699
ITEM019117,ORD010355,P010,1,899
ITEM019118,ORD010355,P001,1,2499
ITEM019119,ORD010356,P002,1,3999
ITEM019120,ORD010356,P010,1,899
ITEM019121,ORD010357,P008,1,1799
ITEM019122,ORD010357,P005,1,699
ITEM019123,ORD010357,P003,1,1299
ITEM019124,ORD010358,P001,1,2499
ITEM019125,ORD010358,P009,1,1499
ITEM019126,ORD010359,P009,1,1499
ITEM019127,ORD010359,P004,1,499
ITEM019128,ORD010359,P001,1,2499
ITEM019129,ORD010360,P001,1,2499
ITEM019130,ORD010360,P007,1,999
ITEM019131,ORD010361,P001,1,2499
ITEM019132,ORD010362,P001,1,2499
ITEM019133,ORD010362,P008,1,1799
ITEM019134,ORD010363,P009,1,1499
ITEM019135,ORD010363,P001,1,2499
ITEM019136,ORD010363,P007,1,999
ITEM019137,ORD010364,P002,1,3999
ITEM019138,ORD010365,P001,1,2499
ITEM019139,ORD010365,P003,1,1299
ITEM019140,ORD010366,P001,1,2499
ITEM019141,ORD010366,P003,1,1299
ITEM019142,ORD010366,P010,1,899
ITEM019143,ORD010367,P001,1,2499
ITEM019144,ORD010367,P004,1,499
ITEM019145,ORD010368,P010,1,899
ITEM019146,ORD010368,P007,1,999
ITEM019147,ORD010368,P004,1,499
ITEM019148,ORD010369,P004,1,499
ITEM019149,ORD010369,P005,1,699
ITEM019150,ORD010369,P009,1,1499
ITEM019151,ORD010370,P004,1,499
ITEM019152,ORD010370,P003,1,1299
ITEM019153,ORD010371,P004,1,499
ITEM019154,ORD010371,P010,1,899
ITEM019155,ORD010372,P008,1,1799
ITEM019156,ORD010373,P008,1,1799
ITEM019157,ORD010373,P004,1,499
ITEM019158,ORD010374,P006,1,2999
ITEM019159,ORD010374,P001,1,2499
ITEM019160,ORD010375,P001,1,2499
ITEM019161,ORD010375,P006,1,2999
ITEM019162,ORD010376,P009,1,1499
ITEM019163,ORD010377,P010,1,899
ITEM019164,ORD010378,P002,1,3999
ITEM019165,ORD010378,P003,1,1299
ITEM019166,ORD010379,P001,1,2499
ITEM019167,ORD010379,P010,1,899
ITEM019168,ORD010380,P001,1,2499
ITEM019169,ORD010381,P007,1,999
ITEM019170,ORD010382,P006,1,2999
ITEM019171,ORD010382,P001,1,2499
ITEM019172,ORD010382,P010,1,899
ITEM019173,ORD010383,P007,1,999
ITEM019174,ORD010383,P008,1,1799
ITEM019175,ORD010383,P009,1,1499
ITEM019176,ORD010384,P002,1,3999
ITEM019177,ORD010384,P008,1,1799
ITEM019178,ORD010385,P008,1,1799
ITEM019179,ORD010385,P001,1,2499
ITEM019180,ORD010386,P008,1,1799
ITEM019181,ORD010386,P007,1,999
ITEM019182,ORD010387,P005,1,699
ITEM019183,ORD010387,P004,1,499
ITEM019184,ORD010388,P001,1,2499
ITEM019185,ORD010389,P001,1,2499
ITEM019186,ORD010389,P007,1,999
ITEM019187,ORD010390,P001,1,2499
ITEM019188,ORD010391,P005,1,699
ITEM019189,ORD010391,P006,1,2999
ITEM019190,ORD010391,P003,1,1299
ITEM019191,ORD010392,P007,1,999
ITEM019192,ORD010392,P004,1,499
ITEM019193,ORD010393,P006,1,2999
ITEM019194,ORD010394,P001,1,2499
ITEM019195,ORD010395,P008,1,1799
ITEM019196,ORD010396,P001,1,2499
ITEM019197,ORD010396,P002,1,3999
ITEM019198,ORD010397,P007,1,999
ITEM019199,ORD010398,P001,1,2499
ITEM019200,ORD010398,P006,1,2999
ITEM019201,ORD010398,P003,1,1299
ITEM019202,ORD010399,P004,1,499
ITEM019203,ORD010400,P001,1,2499
ITEM019204,ORD010401,P005,1,699
ITEM019205,ORD010401,P004,1,499
ITEM019206,ORD010402,P001,1,2499
ITEM019207,ORD010402,P005,1,699
ITEM019208,ORD010402,P003,1,1299
ITEM019209,ORD010403,P001,1,2499
ITEM019210,ORD010403,P010,1,899
ITEM019211,ORD010403,P009,1,1499
ITEM019212,ORD010404,P002,1,3999
ITEM019213,ORD010404,P009,1,1499
ITEM019214,ORD010405,P001,1,2499
ITEM019215,ORD010405,P009,1,1499
ITEM019216,ORD010405,P003,1,1299
ITEM019217,ORD010406,P001,1,2499
ITEM019218,ORD010406,P006,1,2999
ITEM019219,ORD010407,P001,1,2499
ITEM019220,ORD010407,P004,1,499
ITEM019221,ORD010408,P009,1,1499
ITEM019222,ORD010409,P003,1,1299
ITEM019223,ORD010409,P002,1,3999
ITEM019224,ORD010410,P006,1,2999
ITEM019225,ORD010410,P003,1,1299
ITEM019226,ORD010411,P001,1,2499
ITEM019227,ORD010411,P002,1,3999
ITEM019228,ORD010412,P003,1,1299
ITEM019229,ORD010412,P002,1,3999
ITEM019230,ORD010413,P001,1,2499
ITEM019231,ORD010414,P005,1,699
ITEM019232,ORD010415,P001,1,2499
ITEM019233,ORD010415,P005,1,699
ITEM019234,ORD010415,P002,1,3999
ITEM019235,ORD010416,P005,1,699
ITEM019236,ORD010417,P006,1,2999
ITEM019237,ORD010418,P010,1,899
ITEM019238,ORD010418,P005,1,699
ITEM019239,ORD010419,P001,1,2499
ITEM019240,ORD010419,P004,1,499
ITEM019241,ORD010420,P008,1,1799
ITEM019242,ORD010421,P001,1,2499
ITEM019243,ORD010422,P010,1,899
ITEM019244,ORD010423,P001,1,2499
ITEM019245,ORD010424,P006,1,2999
ITEM019246,ORD010424,P009,1,1499
ITEM019247,ORD010425,P001,1,2499
ITEM019248,ORD010426,P008,1,1799
ITEM019249,ORD010426,P007,1,999
ITEM019250,ORD010427,P003,1,1299
ITEM019251,ORD010428,P009,1,1499
ITEM019252,ORD010428,P008,1,1799
ITEM019253,ORD010429,P009,1,1499
ITEM019254,ORD010429,P006,1,2999
ITEM019255,ORD010429,P003,1,1299
ITEM019256,ORD010430,P002,1,3999
ITEM019257,ORD010430,P007,1,999
ITEM019258,ORD010431,P010,1,899
ITEM019259,ORD010431,P006,1,2999
ITEM019260,ORD010432,P001,1,2499
ITEM019261,ORD010433,P003,1,1299
ITEM019262,ORD010433,P002,1,3999
ITEM019263,ORD010434,P010,1,899
ITEM019264,ORD010434,P003,1,1299
ITEM019265,ORD010435,P006,1,2999
ITEM019266,ORD010436,P001,1,2499
ITEM019267,ORD010436,P008,1,1799
ITEM019268,ORD010437,P003,1,1299
ITEM019269,ORD010437,P002,1,3999
ITEM019270,ORD010437,P007,1,999
ITEM019271,ORD010438,P010,1,899
ITEM019272,ORD010438,P009,1,1499
ITEM019273,ORD010439,P006,1,2999
ITEM019274,ORD010439,P003,1,1299
ITEM019275,ORD010440,P002,1,3999
ITEM019276,ORD010440,P009,1,1499
ITEM019277,ORD010441,P001,1,2499
ITEM019278,ORD010442,P005,1,699
ITEM019279,ORD010443,P002,1,3999
ITEM019280,ORD010443,P007,1,999
ITEM019281,ORD010444,P010,1,899
ITEM019282,ORD010445,P003,1,1299
ITEM019283,ORD010445,P008,1,1799
ITEM019284,ORD010446,P002,1,3999
ITEM019285,ORD010446,P008,1,1799
ITEM019286,ORD010447,P007,1,999
ITEM019287,ORD010448,P010,1,899
ITEM019288,ORD010449,P001,1,2499
ITEM019289,ORD010449,P010,1,899
ITEM019290,ORD010449,P008,1,1799
ITEM019291,ORD010450,P005,1,699
ITEM019292,ORD010450,P003,1,1299
ITEM019293,ORD010451,P008,1,1799
ITEM019294,ORD010451,P006,1,2999
ITEM019295,ORD010451,P010,1,899
ITEM019296,ORD010452,P002,1,3999
ITEM019297,ORD010453,P003,1,1299
ITEM019298,ORD010454,P003,1,1299
ITEM019299,ORD010454,P008,1,1799
ITEM019300,ORD010454,P002,1,3999
ITEM019301,ORD010455,P004,1,499
ITEM019302,ORD010455,P010,1,899
ITEM019303,ORD010456,P003,1,1299
ITEM019304,ORD010456,P004,1,499
ITEM019305,ORD010457,P007,1,999
ITEM019306,ORD010457,P002,1,3999
ITEM019307,ORD010458,P010,1,899
ITEM019308,ORD010458,P003,1,1299
ITEM019309,ORD010459,P009,1,1499
ITEM019310,ORD010459,P006,1,2999
ITEM019311,ORD010460,P008,1,1799
ITEM019312,ORD010460,P006,1,2999
ITEM019313,ORD010461,P006,1,2999
ITEM019314,ORD010461,P001,1,2499
ITEM019315,ORD010461,P005,1,699
ITEM019316,ORD010462,P003,1,1299
ITEM019317,ORD010462,P006,1,2999
ITEM019318,ORD010463,P001,1,2499
ITEM019319,ORD010463,P002,1,3999
ITEM019320,ORD010463,P007,1,999
ITEM019321,ORD010464,P005,1,699
ITEM019322,ORD010464,P001,1,2499
ITEM019323,ORD010465,P001,1,2499
ITEM019324,ORD010465,P005,1,699
ITEM019325,ORD010465,P004,1,499
ITEM019326,ORD010466,P010,1,899
ITEM019327,ORD010467,P002,1,3999
ITEM019328,ORD010468,P001,1,2499
ITEM019329,ORD010468,P007,1,999
ITEM019330,ORD010469,P010,1,899
ITEM019331,ORD010470,P002,1,3999
ITEM019332,ORD010471,P001,1,2499
ITEM019333,ORD010472,P007,1,999
ITEM019334,ORD010472,P008,1,1799
ITEM019335,ORD010473,P009,1,1499
ITEM019336,ORD010474,P001,1,2499
ITEM019337,ORD010475,P004,1,499
ITEM019338,ORD010476,P009,1,1499
ITEM019339,ORD010477,P004,1,499
ITEM019340,ORD010477,P008,1,1799
ITEM019341,ORD010478,P001,1,2499
ITEM019342,ORD010479,P001,1,2499
ITEM019343,ORD010479,P005,1,699
ITEM019344,ORD010480,P006,1,2999
ITEM019345,ORD010481,P001,1,2499
ITEM019346,ORD010481,P010,1,899
ITEM019347,ORD010482,P002,1,3999
ITEM019348,ORD010482,P006,1,2999
ITEM019349,ORD010482,P009,1,1499
ITEM019350,ORD010483,P001,1,2499
ITEM019351,ORD010483,P008,1,1799
ITEM019352,ORD010484,P001,1,2499
ITEM019353,ORD010484,P004,1,499
ITEM019354,ORD010485,P003,1,1299
ITEM019355,ORD010486,P010,1,899
ITEM019356,ORD010487,P001,1,2499
ITEM019357,ORD010487,P004,1,499
ITEM019358,ORD010487,P010,1,899
ITEM019359,ORD010488,P004,1,499
ITEM019360,ORD010489,P009,1,1499
ITEM019361,ORD010490,P008,1,1799
ITEM019362,ORD010490,P010,1,899
ITEM019363,ORD010491,P001,1,2499
ITEM019364,ORD010491,P010,1,899
ITEM019365,ORD010492,P001,1,2499
ITEM019366,ORD010492,P006,1,2999
ITEM019367,ORD010492,P008,1,1799
ITEM019368,ORD010493,P010,1,899
ITEM019369,ORD010493,P004,1,499
ITEM019370,ORD010494,P009,1,1499
ITEM019371,ORD010495,P004,1,499
ITEM019372,ORD010495,P001,1,2499
ITEM019373,ORD010496,P007,1,999
ITEM019374,ORD010497,P001,1,2499
ITEM019375,ORD010497,P010,1,899
ITEM019376,ORD010498,P002,1,3999
ITEM019377,ORD010498,P005,1,699
ITEM019378,ORD010499,P001,1,2499
ITEM019379,ORD010499,P005,1,699
ITEM019380,ORD010500,P009,1,1499
ITEM019381,ORD010501,P001,1,2499
ITEM019382,ORD010501,P010,1,899
ITEM019383,ORD010502,P002,1,3999
ITEM019384,ORD010502,P001,1,2499
ITEM019385,ORD010503,P007,1,999
ITEM019386,ORD010503,P009,1,1499
ITEM019387,ORD010504,P001,1,2499
ITEM019388,ORD010505,P001,1,2499
ITEM019389,ORD010506,P001,1,2499
ITEM019390,ORD010506,P003,1,1299
ITEM019391,ORD010507,P002,1,3999
ITEM019392,ORD010508,P005,1,699
ITEM019393,ORD010508,P009,1,1499
ITEM019394,ORD010508,P008,1,1799
ITEM019395,ORD010509,P001,1,2499
ITEM019396,ORD010509,P002,1,3999
ITEM019397,ORD010510,P001,1,2499
ITEM019398,ORD010510,P008,1,1799
ITEM019399,ORD010510,P007,1,999
ITEM019400,ORD010511,P001,1,2499
ITEM019401,ORD010511,P005,1,699
ITEM019402,ORD010512,P005,1,699
ITEM019403,ORD010513,P001,1,2499
ITEM019404,ORD010513,P009,1,1499
ITEM019405,ORD010514,P001,1,2499
ITEM019406,ORD010514,P003,1,1299
ITEM019407,ORD010515,P007,1,999
ITEM019408,ORD010516,P005,1,699
ITEM019409,ORD010517,P007,1,999
ITEM019410,ORD010518,P006,1,2999
ITEM019411,ORD010518,P009,1,1499
ITEM019412,ORD010519,P001,1,2499
ITEM019413,ORD010520,P003,1,1299
ITEM019414,ORD010520,P001,1,2499
ITEM019415,ORD010520,P010,1,899
ITEM019416,ORD010521,P004,1,499
ITEM019417,ORD010521,P006,1,2999
ITEM019418,ORD010521,P002,1,3999
ITEM019419,ORD010522,P009,1,1499
ITEM019420,ORD010523,P003,1,1299
ITEM019421,ORD010523,P007,1,999
ITEM019422,ORD010523,P005,1,699
ITEM019423,ORD010524,P008,1,1799
ITEM019424,ORD010524,P007,1,999
ITEM019425,ORD010524,P002,1,3999
ITEM019426,ORD010525,P005,1,699
ITEM019427,ORD010525,P001,1,2499
ITEM019428,ORD010525,P008,1,1799
ITEM019429,ORD010526,P010,1,899
ITEM019430,ORD010526,P003,1,1299
ITEM019431,ORD010527,P001,1,2499
ITEM019432,ORD010527,P004,1,499
ITEM019433,ORD010528,P001,1,2499
ITEM019434,ORD010529,P007,1,999
ITEM019435,ORD010530,P001,1,2499
ITEM019436,ORD010530,P009,1,1499
ITEM019437,ORD010531,P005,1,699
ITEM019438,ORD010531,P003,1,1299
ITEM019439,ORD010532,P007,1,999
ITEM019440,ORD010532,P010,1,899
ITEM019441,ORD010533,P009,1,1499
ITEM019442,ORD010534,P007,1,999
ITEM019443,ORD010534,P006,1,2999
ITEM019444,ORD010534,P009,1,1499
ITEM019445,ORD010535,P001,1,2499
ITEM019446,ORD010535,P010,1,899
ITEM019447,ORD010536,P006,1,2999
ITEM019448,ORD010536,P001,1,2499
ITEM019449,ORD010537,P010,1,899
ITEM019450,ORD010537,P001,1,2499
ITEM019451,ORD010538,P006,1,2999
ITEM019452,ORD010539,P006,1,2999
ITEM019453,ORD010539,P010,1,899
ITEM019454,ORD010540,P001,1,2499
ITEM019455,ORD010540,P009,1,1499
ITEM019456,ORD010541,P002,1,3999
ITEM019457,ORD010542,P001,1,2499
ITEM019458,ORD010542,P003,1,1299
ITEM019459,ORD010543,P007,1,999
ITEM019460,ORD010543,P009,1,1499
ITEM019461,ORD010544,P010,1,899
ITEM019462,ORD010545,P006,1,2999
ITEM019463,ORD010545,P009,1,1499
ITEM019464,ORD010546,P006,1,2999
ITEM019465,ORD010546,P004,1,499
ITEM019466,ORD010546,P008,1,1799
ITEM019467,ORD010547,P010,1,899
ITEM019468,ORD010548,P007,1,999
ITEM019469,ORD010548,P006,1,2999
ITEM019470,ORD010549,P001,1,2499
ITEM019471,ORD010549,P004,1,499
ITEM019472,ORD010550,P010,1,899
ITEM019473,ORD010550,P003,1,1299
ITEM019474,ORD010551,P009,1,1499
ITEM019475,ORD010552,P007,1,999
ITEM019476,ORD010552,P009,1,1499
ITEM019477,ORD010553,P007,1,999
ITEM019478,ORD010554,P010,1,899
ITEM019479,ORD010555,P007,1,999
ITEM019480,ORD010556,P010,1,899
ITEM019481,ORD010556,P001,1,2499
ITEM019482,ORD010557,P010,1,899
ITEM019483,ORD010557,P002,1,3999
ITEM019484,ORD010558,P001,1,2499
ITEM019485,ORD010558,P005,1,699
ITEM019486,ORD010558,P008,1,1799
ITEM019487,ORD010559,P009,1,1499
ITEM019488,ORD010559,P003,1,1299
ITEM019489,ORD010560,P006,1,2999
ITEM019490,ORD010560,P004,1,499
ITEM019491,ORD010560,P007,1,999
ITEM019492,ORD010561,P005,1,699
ITEM019493,ORD010561,P002,1,3999
ITEM019494,ORD010562,P001,1,2499
ITEM019495,ORD010562,P009,1,1499
ITEM019496,ORD010563,P008,1,1799
ITEM019497,ORD010563,P005,1,699
ITEM019498,ORD010563,P003,1,1299
ITEM019499,ORD010564,P010,1,899
ITEM019500,ORD010565,P005,1,699
ITEM019501,ORD010566,P007,1,999
ITEM019502,ORD010566,P006,1,2999
ITEM019503,ORD010567,P001,1,2499
ITEM019504,ORD010567,P010,1,899
ITEM019505,ORD010568,P005,1,699
ITEM019506,ORD010568,P004,1,499
ITEM019507,ORD010569,P009,1,1499
ITEM019508,ORD010570,P001,1,2499
ITEM019509,ORD010570,P003,1,1299
ITEM019510,ORD010571,P001,1,2499
ITEM019511,ORD010571,P008,1,1799
ITEM019512,ORD010572,P003,1,1299
ITEM019513,ORD010572,P006,1,2999
ITEM019514,ORD010573,P001,1,2499
ITEM019515,ORD010574,P001,1,2499
ITEM019516,ORD010575,P008,1,1799
ITEM019517,ORD010575,P001,1,2499
ITEM019518,ORD010576,P001,1,2499
ITEM019519,ORD010577,P001,1,2499
ITEM019520,ORD010577,P006,1,2999
ITEM019521,ORD010578,P008,1,1799
ITEM019522,ORD010579,P001,1,2499
ITEM019523,ORD010579,P006,1,2999
ITEM019524,ORD010580,P002,1,3999
ITEM019525,ORD010581,P001,1,2499
ITEM019526,ORD010581,P004,1,499
ITEM019527,ORD010582,P001,1,2499
ITEM019528,ORD010583,P004,1,499
ITEM019529,ORD010583,P006,1,2999
ITEM019530,ORD010584,P005,1,699
ITEM019531,ORD010584,P004,1,499
ITEM019532,ORD010584,P008,1,1799
ITEM019533,ORD010585,P001,1,2499
ITEM019534,ORD010585,P005,1,699
ITEM019535,ORD010586,P001,1,2499
ITEM019536,ORD010587,P004,1,499
ITEM019537,ORD010587,P010,1,899
ITEM019538,ORD010588,P001,1,2499
ITEM019539,ORD010588,P004,1,499
ITEM019540,ORD010589,P004,1,499
ITEM019541,ORD010590,P001,1,2499
ITEM019542,ORD010590,P007,1,999
ITEM019543,ORD010591,P001,1,2499
ITEM019544,ORD010592,P001,1,2499
ITEM019545,ORD010592,P007,1,999
ITEM019546,ORD010593,P002,1,3999
ITEM019547,ORD010593,P006,1,2999
ITEM019548,ORD010593,P010,1,899
ITEM019549,ORD010594,P001,1,2499
ITEM019550,ORD010594,P007,1,999
ITEM019551,ORD010595,P001,1,2499
ITEM019552,ORD010595,P009,1,1499
ITEM019553,ORD010596,P001,1,2499
ITEM019554,ORD010596,P004,1,499
ITEM019555,ORD010597,P002,1,3999
ITEM019556,ORD010597,P004,1,499
ITEM019557,ORD010597,P005,1,699
ITEM019558,ORD010598,P004,1,499
ITEM019559,ORD010598,P003,1,1299
ITEM019560,ORD010598,P005,1,699
ITEM019561,ORD010599,P001,1,2499
ITEM019562,ORD010599,P005,1,699
ITEM019563,ORD010600,P006,1,2999
ITEM019564,ORD010600,P001,1,2499
ITEM019565,ORD010601,P004,1,499
ITEM019566,ORD010602,P005,1,699
ITEM019567,ORD010603,P010,1,899
ITEM019568,ORD010603,P004,1,499
ITEM019569,ORD010604,P001,1,2499
ITEM019570,ORD010604,P004,1,499
ITEM019571,ORD010605,P001,1,2499
ITEM019572,ORD010605,P004,1,499
ITEM019573,ORD010606,P005,1,699
ITEM019574,ORD010606,P002,1,3999
ITEM019575,ORD010607,P004,1,499
ITEM019576,ORD010608,P009,1,1499
ITEM019577,ORD010609,P004,1,499
ITEM019578,ORD010609,P006,1,2999
ITEM019579,ORD010609,P005,1,699
ITEM019580,ORD010610,P002,1,3999
ITEM019581,ORD010610,P007,1,999
ITEM019582,ORD010611,P004,1,499
ITEM019583,ORD010612,P001,1,2499
ITEM019584,ORD010612,P006,1,2999
ITEM019585,ORD010613,P005,1,699
ITEM019586,ORD010613,P010,1,899
ITEM019587,ORD010614,P001,1,2499
ITEM019588,ORD010615,P010,1,899
ITEM019589,ORD010615,P005,1,699
ITEM019590,ORD010616,P001,1,2499
ITEM019591,ORD010617,P010,1,899
ITEM019592,ORD010617,P005,1,699
ITEM019593,ORD010618,P009,1,1499
ITEM019594,ORD010618,P001,1,2499
ITEM019595,ORD010619,P003,1,1299
ITEM019596,ORD010620,P009,1,1499
ITEM019597,ORD010621,P003,1,1299
ITEM019598,ORD010621,P001,1,2499
ITEM019599,ORD010622,P006,1,2999
ITEM019600,ORD010622,P005,1,699
ITEM019601,ORD010623,P001,1,2499
ITEM019602,ORD010623,P004,1,499
ITEM019603,ORD010624,P005,1,699
ITEM019604,ORD010625,P004,1,499
ITEM019605,ORD010625,P006,1,2999
ITEM019606,ORD010626,P001,1,2499
ITEM019607,ORD010626,P010,1,899
ITEM019608,ORD010626,P005,1,699
ITEM019609,ORD010627,P008,1,1799
ITEM019610,ORD010628,P001,1,2499
ITEM019611,ORD010628,P008,1,1799
ITEM019612,ORD010629,P003,1,1299
ITEM019613,ORD010629,P004,1,499
ITEM019614,ORD010630,P001,1,2499
ITEM019615,ORD010630,P009,1,1499
ITEM019616,ORD010631,P002,1,3999
ITEM019617,ORD010631,P006,1,2999
ITEM019618,ORD010632,P004,1,499
ITEM019619,ORD010632,P006,1,2999
ITEM019620,ORD010633,P008,1,1799
ITEM019621,ORD010633,P007,1,999
ITEM019622,ORD010633,P010,1,899
ITEM019623,ORD010634,P010,1,899
ITEM019624,ORD010635,P001,1,2499
ITEM019625,ORD010636,P001,1,2499
ITEM019626,ORD010636,P005,1,699
ITEM019627,ORD010637,P002,1,3999
ITEM019628,ORD010638,P001,1,2499
ITEM019629,ORD010638,P002,1,3999
ITEM019630,ORD010638,P004,1,499
ITEM019631,ORD010639,P002,1,3999
ITEM019632,ORD010639,P007,1,999
ITEM019633,ORD010640,P001,1,2499
ITEM019634,ORD010640,P009,1,1499
ITEM019635,ORD010641,P007,1,999
ITEM019636,ORD010641,P005,1,699
ITEM019637,ORD010642,P001,1,2499
ITEM019638,ORD010642,P004,1,499
ITEM019639,ORD010643,P006,1,2999
ITEM019640,ORD010643,P005,1,699
ITEM019641,ORD010644,P003,1,1299
ITEM019642,ORD010644,P004,1,499
ITEM019643,ORD010645,P007,1,999
ITEM019644,ORD010645,P005,1,699
ITEM019645,ORD010646,P008,1,1799
ITEM019646,ORD010646,P003,1,1299
ITEM019647,ORD010647,P001,1,2499
ITEM019648,ORD010647,P004,1,499
ITEM019649,ORD010647,P005,1,699
ITEM019650,ORD010648,P007,1,999
ITEM019651,ORD010648,P008,1,1799
ITEM019652,ORD010649,P005,1,699
ITEM019653,ORD010649,P008,1,1799
ITEM019654,ORD010650,P008,1,1799
ITEM019655,ORD010651,P006,1,2999
ITEM019656,ORD010652,P001,1,2499
ITEM019657,ORD010653,P002,1,3999
ITEM019658,ORD010653,P001,1,2499
ITEM019659,ORD010653,P010,1,899
ITEM019660,ORD010654,P010,1,899
ITEM019661,ORD010654,P007,1,999
ITEM019662,ORD010655,P003,1,1299
ITEM019663,ORD010656,P001,1,2499
ITEM019664,ORD010656,P009,1,1499
ITEM019665,ORD010657,P001,1,2499
ITEM019666,ORD010657,P007,1,999
ITEM019667,ORD010658,P001,1,2499
ITEM019668,ORD010659,P004,1,499
ITEM019669,ORD010660,P001,1,2499
ITEM019670,ORD010660,P004,1,499
ITEM019671,ORD010661,P003,1,1299
ITEM019672,ORD010661,P004,1,499
ITEM019673,ORD010662,P004,1,499
ITEM019674,ORD010663,P007,1,999
ITEM019675,ORD010664,P006,1,2999
ITEM019676,ORD010664,P008,1,1799
ITEM019677,ORD010665,P004,1,499
ITEM019678,ORD010665,P002,1,3999
ITEM019679,ORD010665,P007,1,999
ITEM019680,ORD010666,P005,1,699
ITEM019681,ORD010666,P010,1,899
ITEM019682,ORD010667,P006,1,2999
ITEM019683,ORD010668,P005,1,699
ITEM019684,ORD010668,P004,1,499
ITEM019685,ORD010669,P001,1,2499
ITEM019686,ORD010670,P001,1,2499
ITEM019687,ORD010670,P008,1,1799
ITEM019688,ORD010671,P007,1,999
ITEM019689,ORD010671,P009,1,1499
ITEM019690,ORD010671,P006,1,2999
ITEM019691,ORD010672,P003,1,1299
ITEM019692,ORD010672,P001,1,2499
ITEM019693,ORD010673,P003,1,1299
ITEM019694,ORD010674,P007,1,999
ITEM019695,ORD010674,P004,1,499
ITEM019696,ORD010674,P001,1,2499
ITEM019697,ORD010675,P001,1,2499
ITEM019698,ORD010675,P002,1,3999
ITEM019699,ORD010676,P001,1,2499
ITEM019700,ORD010677,P001,1,2499
ITEM019701,ORD010678,P001,1,2499
ITEM019702,ORD010678,P004,1,499
ITEM019703,ORD010678,P008,1,1799
ITEM019704,ORD010679,P002,1,3999
ITEM019705,ORD010679,P009,1,1499
ITEM019706,ORD010679,P001,1,2499
ITEM019707,ORD010680,P001,1,2499
ITEM019708,ORD010680,P003,1,1299
ITEM019709,ORD010680,P010,1,899
ITEM019710,ORD010681,P002,1,3999
ITEM019711,ORD010682,P001,1,2499
ITEM019712,ORD010682,P006,1,2999
ITEM019713,ORD010683,P001,1,2499
ITEM019714,ORD010684,P005,1,699
ITEM019715,ORD010684,P002,1,3999
ITEM019716,ORD010684,P009,1,1499
ITEM019717,ORD010685,P002,1,3999
ITEM019718,ORD010685,P004,1,499
ITEM019719,ORD010686,P010,1,899
ITEM019720,ORD010686,P006,1,2999
ITEM019721,ORD010687,P002,1,3999
ITEM019722,ORD010688,P001,1,2499
ITEM019723,ORD010689,P001,1,2499
ITEM019724,ORD010689,P005,1,699
ITEM019725,ORD010690,P010,1,899
ITEM019726,ORD010690,P009,1,1499
ITEM019727,ORD010691,P010,1,899
ITEM019728,ORD010692,P005,1,699
ITEM019729,ORD010692,P007,1,999
ITEM019730,ORD010693,P005,1,699
ITEM019731,ORD010693,P002,1,3999
ITEM019732,ORD010694,P001,1,2499
ITEM019733,ORD010694,P008,1,1799
ITEM019734,ORD010695,P006,1,2999
ITEM019735,ORD010695,P001,1,2499
ITEM019736,ORD010696,P001,1,2499
ITEM019737,ORD010696,P009,1,1499
ITEM019738,ORD010697,P001,1,2499
ITEM019739,ORD010697,P004,1,499
ITEM019740,ORD010698,P005,1,699
ITEM019741,ORD010699,P008,1,1799
ITEM019742,ORD010699,P007,1,999
ITEM019743,ORD010700,P005,1,699
ITEM019744,ORD010701,P008,1,1799
ITEM019745,ORD010701,P004,1,499
ITEM019746,ORD010702,P001,1,2499
ITEM019747,ORD010703,P006,1,2999
ITEM019748,ORD010704,P002,1,3999
ITEM019749,ORD010705,P007,1,999
ITEM019750,ORD010705,P002,1,3999
ITEM019751,ORD010706,P010,1,899
ITEM019752,ORD010707,P001,1,2499
ITEM019753,ORD010707,P002,1,3999
ITEM019754,ORD010708,P001,1,2499
ITEM019755,ORD010709,P010,1,899
ITEM019756,ORD010709,P006,1,2999
ITEM019757,ORD010710,P006,1,2999
ITEM019758,ORD010710,P009,1,1499
ITEM019759,ORD010711,P010,1,899
ITEM019760,ORD010712,P007,1,999
ITEM019761,ORD010712,P005,1,699
ITEM019762,ORD010712,P008,1,1799
ITEM019763,ORD010713,P002,1,3999
ITEM019764,ORD010713,P001,1,2499
ITEM019765,ORD010714,P006,1,2999
ITEM019766,ORD010714,P007,1,999
ITEM019767,ORD010715,P002,1,3999
ITEM019768,ORD010715,P006,1,2999
ITEM019769,ORD010716,P001,1,2499
ITEM019770,ORD010717,P008,1,1799
ITEM019771,ORD010717,P002,1,3999
ITEM019772,ORD010717,P003,1,1299
ITEM019773,ORD010718,P001,1,2499
ITEM019774,ORD010718,P002,1,3999
ITEM019775,ORD010719,P006,1,2999
ITEM019776,ORD010720,P010,1,899
ITEM019777,ORD010720,P006,1,2999
ITEM019778,ORD010721,P009,1,1499
ITEM019779,ORD010721,P005,1,699
ITEM019780,ORD010722,P002,1,3999
ITEM019781,ORD010723,P003,1,1299
ITEM019782,ORD010724,P003,1,1299
ITEM019783,ORD010724,P009,1,1499
ITEM019784,ORD010725,P007,1,999
ITEM019785,ORD010726,P008,1,1799
ITEM019786,ORD010727,P006,1,2999
ITEM019787,ORD010727,P001,1,2499
ITEM019788,ORD010728,P002,1,3999
ITEM019789,ORD010728,P007,1,999
ITEM019790,ORD010729,P004,1,499
ITEM019791,ORD010730,P001,1,2499
ITEM019792,ORD010730,P003,1,1299
ITEM019793,ORD010731,P010,1,899
ITEM019794,ORD010731,P005,1,699
ITEM019795,ORD010731,P009,1,1499
ITEM019796,ORD010732,P001,1,2499
ITEM019797,ORD010733,P001,1,2499
ITEM019798,ORD010734,P002,1,3999
ITEM019799,ORD010734,P001,1,2499
ITEM019800,ORD010735,P007,1,999
ITEM019801,ORD010736,P003,1,1299
ITEM019802,ORD010737,P001,1,2499
ITEM019803,ORD010738,P001,1,2499
ITEM019804,ORD010739,P001,1,2499
ITEM019805,ORD010739,P003,1,1299
ITEM019806,ORD010740,P006,1,2999
ITEM019807,ORD010740,P002,1,3999
ITEM019808,ORD010741,P001,1,2499
ITEM019809,ORD010742,P006,1,2999
ITEM019810,ORD010742,P008,1,1799
ITEM019811,ORD010743,P004,1,499
ITEM019812,ORD010743,P008,1,1799
ITEM019813,ORD010743,P002,1,3999
ITEM019814,ORD010744,P008,1,1799
ITEM019815,ORD010745,P001,1,2499
ITEM019816,ORD010745,P007,1,999
ITEM019817,ORD010746,P009,1,1499
ITEM019818,ORD010747,P009,1,1499
ITEM019819,ORD010747,P001,1,2499
ITEM019820,ORD010748,P001,1,2499
ITEM019821,ORD010748,P004,1,499
ITEM019822,ORD010749,P001,1,2499
ITEM019823,ORD010750,P008,1,1799
ITEM019824,ORD010751,P009,1,1499
ITEM019825,ORD010751,P010,1,899
ITEM019826,ORD010752,P003,1,1299
ITEM019827,ORD010752,P001,1,2499
ITEM019828,ORD010753,P001,1,2499
ITEM019829,ORD010753,P005,1,699
ITEM019830,ORD010754,P004,1,499
ITEM019831,ORD010754,P002,1,3999
ITEM019832,ORD010755,P001,1,2499
ITEM019833,ORD010755,P004,1,499
ITEM019834,ORD010756,P001,1,2499
ITEM019835,ORD010756,P005,1,699
ITEM019836,ORD010757,P009,1,1499
ITEM019837,ORD010758,P001,1,2499
ITEM019838,ORD010758,P008,1,1799
ITEM019839,ORD010759,P008,1,1799
ITEM019840,ORD010759,P010,1,899
ITEM019841,ORD010759,P009,1,1499
ITEM019842,ORD010760,P002,1,3999
ITEM019843,ORD010760,P001,1,2499
ITEM019844,ORD010761,P001,1,2499
ITEM019845,ORD010762,P001,1,2499
ITEM019846,ORD010763,P001,1,2499
ITEM019847,ORD010763,P008,1,1799
ITEM019848,ORD010764,P010,1,899
ITEM019849,ORD010765,P007,1,999
ITEM019850,ORD010766,P006,1,2999
ITEM019851,ORD010766,P002,1,3999
ITEM019852,ORD010767,P001,1,2499
ITEM019853,ORD010768,P001,1,2499
ITEM019854,ORD010768,P006,1,2999
ITEM019855,ORD010768,P002,1,3999
ITEM019856,ORD010769,P004,1,499
ITEM019857,ORD010769,P001,1,2499
ITEM019858,ORD010769,P003,1,1299
ITEM019859,ORD010770,P001,1,2499
ITEM019860,ORD010770,P003,1,1299
ITEM019861,ORD010771,P009,1,1499
ITEM019862,ORD010771,P002,1,3999
ITEM019863,ORD010771,P001,1,2499
ITEM019864,ORD010772,P001,1,2499
ITEM019865,ORD010773,P004,1,499
ITEM019866,ORD010774,P006,1,2999
ITEM019867,ORD010774,P007,1,999
ITEM019868,ORD010775,P005,1,699
ITEM019869,ORD010776,P009,1,1499
ITEM019870,ORD010776,P005,1,699
ITEM019871,ORD010776,P008,1,1799
ITEM019872,ORD010777,P006,1,2999
ITEM019873,ORD010778,P008,1,1799
ITEM019874,ORD010779,P007,1,999
ITEM019875,ORD010780,P006,1,2999
ITEM019876,ORD010780,P002,1,3999
ITEM019877,ORD010781,P007,1,999
ITEM019878,ORD010781,P010,1,899
ITEM019879,ORD010781,P009,1,1499
ITEM019880,ORD010782,P002,1,3999
ITEM019881,ORD010782,P004,1,499
ITEM019882,ORD010783,P010,1,899
ITEM019883,ORD010784,P010,1,899
ITEM019884,ORD010784,P008,1,1799
ITEM019885,ORD010785,P001,1,2499
ITEM019886,ORD010785,P006,1,2999
ITEM019887,ORD010786,P005,1,699
ITEM019888,ORD010787,P006,1,2999
ITEM019889,ORD010788,P005,1,699
ITEM019890,ORD010788,P010,1,899
ITEM019891,ORD010789,P001,1,2499
ITEM019892,ORD010790,P008,1,1799
ITEM019893,ORD010791,P004,1,499
ITEM019894,ORD010791,P008,1,1799
ITEM019895,ORD010792,P001,1,2499
ITEM019896,ORD010792,P006,1,2999
ITEM019897,ORD010792,P003,1,1299
ITEM019898,ORD010793,P001,1,2499
ITEM019899,ORD010794,P004,1,499
ITEM019900,ORD010795,P005,1,699
ITEM019901,ORD010795,P010,1,899
ITEM019902,ORD010796,P005,1,699
ITEM019903,ORD010796,P004,1,499
ITEM019904,ORD010797,P005,1,699
ITEM019905,ORD010797,P003,1,1299
ITEM019906,ORD010797,P001,1,2499
ITEM019907,ORD010798,P001,1,2499
ITEM019908,ORD010798,P002,1,3999
ITEM019909,ORD010799,P008,1,1799
ITEM019910,ORD010800,P004,1,499
ITEM019911,ORD010800,P006,1,2999
ITEM019912,ORD010800,P002,1,3999
ITEM019913,ORD010801,P010,1,899
ITEM019914,ORD010802,P001,1,2499
ITEM019915,ORD010803,P007,1,999
ITEM019916,ORD010803,P003,1,1299
ITEM019917,ORD010804,P001,1,2499
ITEM019918,ORD010804,P005,1,699
ITEM019919,ORD010805,P001,1,2499
ITEM019920,ORD010805,P009,1,1499
ITEM019921,ORD010805,P008,1,1799
ITEM019922,ORD010806,P006,1,2999
ITEM019923,ORD010807,P001,1,2499
ITEM019924,ORD010808,P001,1,2499
ITEM019925,ORD010808,P010,1,899
ITEM019926,ORD010808,P006,1,2999
ITEM019927,ORD010809,P009,1,1499
ITEM019928,ORD010809,P006,1,2999
ITEM019929,ORD010810,P005,1,699
ITEM019930,ORD010810,P004,1,499
ITEM019931,ORD010810,P003,1,1299
ITEM019932,ORD010811,P003,1,1299
ITEM019933,ORD010812,P001,1,2499
ITEM019934,ORD010812,P004,1,499
ITEM019935,ORD010812,P002,1,3999
ITEM019936,ORD010813,P004,1,499
ITEM019937,ORD010813,P005,1,699
ITEM019938,ORD010814,P006,1,2999
ITEM019939,ORD010815,P001,1,2499
ITEM019940,ORD010815,P004,1,499
ITEM019941,ORD010816,P003,1,1299
ITEM019942,ORD010816,P009,1,1499
ITEM019943,ORD010817,P003,1,1299
ITEM019944,ORD010817,P002,1,3999
ITEM019945,ORD010818,P001,1,2499
ITEM019946,ORD010819,P004,1,499
ITEM019947,ORD010820,P007,1,999
ITEM019948,ORD010820,P003,1,1299
ITEM019949,ORD010821,P001,1,2499
ITEM019950,ORD010822,P001,1,2499
ITEM019951,ORD010822,P005,1,699
ITEM019952,ORD010823,P010,1,899
ITEM019953,ORD010823,P008,1,1799
ITEM019954,ORD010823,P005,1,699
ITEM019955,ORD010824,P008,1,1799
ITEM019956,ORD010824,P002,1,3999
ITEM019957,ORD010825,P002,1,3999
ITEM019958,ORD010825,P004,1,499
ITEM019959,ORD010826,P001,1,2499
ITEM019960,ORD010826,P007,1,999
ITEM019961,ORD010827,P007,1,999
ITEM019962,ORD010828,P003,1,1299
ITEM019963,ORD010829,P005,1,699
ITEM019964,ORD010830,P001,1,2499
ITEM019965,ORD010830,P006,1,2999
ITEM019966,ORD010831,P003,1,1299
ITEM019967,ORD010831,P009,1,1499
ITEM019968,ORD010832,P001,1,2499
ITEM019969,ORD010833,P007,1,999
ITEM019970,ORD010833,P010,1,899
ITEM019971,ORD010833,P008,1,1799
ITEM019972,ORD010834,P001,1,2499
ITEM019973,ORD010834,P006,1,2999
ITEM019974,ORD010835,P001,1,2499
ITEM019975,ORD010835,P004,1,499
ITEM019976,ORD010835,P009,1,1499
ITEM019977,ORD010836,P001,1,2499
ITEM019978,ORD010837,P001,1,2499
ITEM019979,ORD010838,P001,1,2499
ITEM019980,ORD010838,P005,1,699
ITEM019981,ORD010839,P001,1,2499
ITEM019982,ORD010840,P001,1,2499
ITEM019983,ORD010840,P004,1,499
ITEM019984,ORD010841,P002,1,3999
ITEM019985,ORD010842,P003,1,1299
ITEM019986,ORD010842,P006,1,2999
ITEM019987,ORD010842,P007,1,999
ITEM019988,ORD010843,P001,1,2499
ITEM019989,ORD010843,P005,1,699
ITEM019990,ORD010844,P010,1,899
ITEM019991,ORD010845,P004,1,499
ITEM019992,ORD010845,P008,1,1799
ITEM019993,ORD010846,P008,1,1799
ITEM019994,ORD010846,P003,1,1299
ITEM019995,ORD010847,P001,1,2499
ITEM019996,ORD010847,P007,1,999
ITEM019997,ORD010848,P003,1,1299
ITEM019998,ORD010848,P001,1,2499
ITEM019999,ORD010849,P001,1,2499
ITEM020000,ORD010850,P004,1,499
ITEM020001,ORD010850,P010,1,899
ITEM020002,ORD010850,P003,1,1299
ITEM020003,ORD010851,P005,1,699
ITEM020004,ORD010851,P007,1,999
ITEM020005,ORD010851,P004,1,499
ITEM020006,ORD010852,P008,1,1799
ITEM020007,ORD010852,P001,1,2499
ITEM020008,ORD010853,P001,1,2499
ITEM020009,ORD010853,P006,1,2999
ITEM020010,ORD010854,P001,1,2499
ITEM020011,ORD010854,P007,1,999
ITEM020012,ORD010855,P001,1,2499
ITEM020013,ORD010855,P008,1,1799
ITEM020014,ORD010856,P001,1,2499
ITEM020015,ORD010857,P007,1,999
ITEM020016,ORD010857,P006,1,2999
ITEM020017,ORD010857,P010,1,899
ITEM020018,ORD010858,P010,1,899
ITEM020019,ORD010858,P003,1,1299
ITEM020020,ORD010859,P002,1,3999
ITEM020021,ORD010859,P003,1,1299
ITEM020022,ORD010860,P001,1,2499
ITEM020023,ORD010860,P004,1,499
ITEM020024,ORD010861,P001,1,2499
ITEM020025,ORD010861,P005,1,699
ITEM020026,ORD010861,P007,1,999
ITEM020027,ORD010862,P001,1,2499
ITEM020028,ORD010862,P005,1,699
ITEM020029,ORD010863,P001,1,2499
ITEM020030,ORD010864,P007,1,999
ITEM020031,ORD010864,P001,1,2499
ITEM020032,ORD010865,P002,1,3999
ITEM020033,ORD010866,P001,1,2499
ITEM020034,ORD010866,P005,1,699
ITEM020035,ORD010866,P002,1,3999
ITEM020036,ORD010867,P006,1,2999
ITEM020037,ORD010867,P007,1,999
ITEM020038,ORD010868,P001,1,2499
ITEM020039,ORD010868,P010,1,899
ITEM020040,ORD010869,P004,1,499
ITEM020041,ORD010870,P001,1,2499
ITEM020042,ORD010870,P006,1,2999
ITEM020043,ORD010870,P008,1,1799
ITEM020044,ORD010871,P009,1,1499
ITEM020045,ORD010872,P001,1,2499
ITEM020046,ORD010872,P008,1,1799
ITEM020047,ORD010873,P001,1,2499
ITEM020048,ORD010873,P009,1,1499
ITEM020049,ORD010874,P007,1,999
ITEM020050,ORD010874,P010,1,899
ITEM020051,ORD010875,P002,1,3999
ITEM020052,ORD010875,P008,1,1799
ITEM020053,ORD010876,P001,1,2499
ITEM020054,ORD010877,P004,1,499
ITEM020055,ORD010877,P001,1,2499
ITEM020056,ORD010878,P002,1,3999
ITEM020057,ORD010879,P001,1,2499
ITEM020058,ORD010880,P001,1,2499
ITEM020059,ORD010880,P008,1,1799
ITEM020060,ORD010880,P010,1,899
ITEM020061,ORD010881,P007,1,999
ITEM020062,ORD010881,P004,1,499
ITEM020063,ORD010882,P010,1,899
ITEM020064,ORD010883,P003,1,1299
ITEM020065,ORD010883,P001,1,2499
ITEM020066,ORD010883,P007,1,999
ITEM020067,ORD010884,P001,1,2499
ITEM020068,ORD010884,P003,1,1299
ITEM020069,ORD010885,P001,1,2499
ITEM020070,ORD010886,P002,1,3999
ITEM020071,ORD010886,P001,1,2499
ITEM020072,ORD010886,P010,1,899
ITEM020073,ORD010887,P006,1,2999
ITEM020074,ORD010888,P001,1,2499
ITEM020075,ORD010888,P006,1,2999
ITEM020076,ORD010889,P008,1,1799
ITEM020077,ORD010889,P005,1,699
ITEM020078,ORD010890,P008,1,1799
ITEM020079,ORD010891,P008,1,1799
ITEM020080,ORD010891,P007,1,999
ITEM020081,ORD010892,P001,1,2499
ITEM020082,ORD010893,P001,1,2499
ITEM020083,ORD010894,P007,1,999
ITEM020084,ORD010894,P005,1,699
ITEM020085,ORD010895,P001,1,2499
ITEM020086,ORD010895,P004,1,499
ITEM020087,ORD010896,P001,1,2499
ITEM020088,ORD010896,P004,1,499
ITEM020089,ORD010896,P003,1,1299
ITEM020090,ORD010897,P001,1,2499
ITEM020091,ORD010898,P002,1,3999
ITEM020092,ORD010898,P010,1,899
ITEM020093,ORD010899,P008,1,1799
ITEM020094,ORD010899,P005,1,699
ITEM020095,ORD010900,P002,1,3999
ITEM020096,ORD010901,P002,1,3999
ITEM020097,ORD010901,P004,1,499
ITEM020098,ORD010902,P004,1,499
ITEM020099,ORD010902,P009,1,1499
ITEM020100,ORD010903,P008,1,1799
ITEM020101,ORD010904,P001,1,2499
ITEM020102,ORD010904,P003,1,1299
ITEM020103,ORD010905,P006,1,2999
ITEM020104,ORD010905,P007,1,999
ITEM020105,ORD010906,P005,1,699
ITEM020106,ORD010907,P002,1,3999
ITEM020107,ORD010908,P009,1,1499
ITEM020108,ORD010909,P001,1,2499
ITEM020109,ORD010909,P006,1,2999
ITEM020110,ORD010909,P010,1,899
ITEM020111,ORD010910,P004,1,499
ITEM020112,ORD010910,P006,1,2999
ITEM020113,ORD010911,P001,1,2499
ITEM020114,ORD010911,P010,1,899
ITEM020115,ORD010912,P009,1,1499
ITEM020116,ORD010913,P010,1,899
ITEM020117,ORD010913,P003,1,1299
ITEM020118,ORD010913,P008,1,1799
ITEM020119,ORD010914,P004,1,499
ITEM020120,ORD010914,P005,1,699
ITEM020121,ORD010915,P010,1,899
ITEM020122,ORD010915,P003,1,1299
ITEM020123,ORD010916,P009,1,1499
ITEM020124,ORD010916,P007,1,999
ITEM020125,ORD010916,P002,1,3999
ITEM020126,ORD010917,P005,1,699
ITEM020127,ORD010917,P006,1,2999
ITEM020128,ORD010918,P002,1,3999
ITEM020129,ORD010918,P006,1,2999
ITEM020130,ORD010919,P008,1,1799
ITEM020131,ORD010920,P002,1,3999
ITEM020132,ORD010920,P010,1,899
ITEM020133,ORD010920,P009,1,1499
ITEM020134,ORD010921,P010,1,899
ITEM020135,ORD010922,P007,1,999
ITEM020136,ORD010922,P003,1,1299
ITEM020137,ORD010923,P009,1,1499
ITEM020138,ORD010923,P002,1,3999
ITEM020139,ORD010924,P001,1,2499
ITEM020140,ORD010924,P002,1,3999
ITEM020141,ORD010924,P005,1,699
ITEM020142,ORD010925,P003,1,1299
ITEM020143,ORD010926,P002,1,3999
ITEM020144,ORD010926,P004,1,499
ITEM020145,ORD010927,P006,1,2999
ITEM020146,ORD010927,P001,1,2499
ITEM020147,ORD010928,P007,1,999
ITEM020148,ORD010928,P009,1,1499
ITEM020149,ORD010929,P001,1,2499
ITEM020150,ORD010930,P008,1,1799
ITEM020151,ORD010930,P006,1,2999
ITEM020152,ORD010931,P008,1,1799
ITEM020153,ORD010932,P001,1,2499
ITEM020154,ORD010933,P009,1,1499
ITEM020155,ORD010934,P007,1,999
ITEM020156,ORD010935,P001,1,2499
ITEM020157,ORD010936,P002,1,3999
ITEM020158,ORD010936,P004,1,499
ITEM020159,ORD010937,P002,1,3999
ITEM020160,ORD010938,P001,1,2499
ITEM020161,ORD010938,P008,1,1799
ITEM020162,ORD010939,P003,1,1299
ITEM020163,ORD010939,P007,1,999
ITEM020164,ORD010940,P001,1,2499
ITEM020165,ORD010941,P010,1,899
ITEM020166,ORD010941,P006,1,2999
ITEM020167,ORD010942,P001,1,2499
ITEM020168,ORD010942,P002,1,3999
ITEM020169,ORD010942,P010,1,899
ITEM020170,ORD010943,P010,1,899
ITEM020171,ORD010943,P007,1,999
ITEM020172,ORD010943,P003,1,1299
ITEM020173,ORD010944,P008,1,1799
ITEM020174,ORD010944,P004,1,499
ITEM020175,ORD010944,P002,1,3999
ITEM020176,ORD010945,P001,1,2499
ITEM020177,ORD010945,P010,1,899
ITEM020178,ORD010945,P005,1,699
ITEM020179,ORD010946,P005,1,699
ITEM020180,ORD010946,P006,1,2999
ITEM020181,ORD010947,P007,1,999
ITEM020182,ORD010947,P008,1,1799
ITEM020183,ORD010947,P005,1,699
ITEM020184,ORD010948,P008,1,1799
ITEM020185,ORD010948,P010,1,899
ITEM020186,ORD010949,P010,1,899
ITEM020187,ORD010949,P001,1,2499
ITEM020188,ORD010950,P001,1,2499
ITEM020189,ORD010951,P007,1,999
ITEM020190,ORD010951,P008,1,1799
ITEM020191,ORD010952,P007,1,999
ITEM020192,ORD010952,P009,1,1499
ITEM020193,ORD010953,P001,1,2499
ITEM020194,ORD010953,P005,1,699
ITEM020195,ORD010953,P002,1,3999
ITEM020196,ORD010954,P003,1,1299
ITEM020197,ORD010955,P005,1,699
ITEM020198,ORD010956,P008,1,1799
ITEM020199,ORD010956,P005,1,699
ITEM020200,ORD010957,P002,1,3999
ITEM020201,ORD010957,P009,1,1499
ITEM020202,ORD010958,P006,1,2999
ITEM020203,ORD010958,P008,1,1799
ITEM020204,ORD010959,P002,1,3999
ITEM020205,ORD010959,P006,1,2999
ITEM020206,ORD010959,P009,1,1499
ITEM020207,ORD010960,P001,1,2499
ITEM020208,ORD010960,P009,1,1499
ITEM020209,ORD010961,P001,1,2499
ITEM020210,ORD010961,P006,1,2999
ITEM020211,ORD010961,P005,1,699
ITEM020212,ORD010962,P002,1,3999
ITEM020213,ORD010963,P005,1,699
ITEM020214,ORD010964,P001,1,2499
ITEM020215,ORD010964,P002,1,3999
ITEM020216,ORD010965,P004,1,499
ITEM020217,ORD010965,P003,1,1299
ITEM020218,ORD010966,P001,1,2499
ITEM020219,ORD010966,P006,1,2999
ITEM020220,ORD010967,P001,1,2499
ITEM020221,ORD010968,P001,1,2499
ITEM020222,ORD010968,P002,1,3999
ITEM020223,ORD010969,P001,1,2499
ITEM020224,ORD010969,P008,1,1799
ITEM020225,ORD010970,P001,1,2499
ITEM020226,ORD010971,P005,1,699
ITEM020227,ORD010971,P001,1,2499
ITEM020228,ORD010971,P004,1,499
ITEM020229,ORD010972,P005,1,699
ITEM020230,ORD010972,P008,1,1799
ITEM020231,ORD010973,P008,1,1799
ITEM020232,ORD010973,P007,1,999
ITEM020233,ORD010974,P002,1,3999
ITEM020234,ORD010975,P006,1,2999
ITEM020235,ORD010975,P005,1,699
ITEM020236,ORD010975,P002,1,3999
ITEM020237,ORD010976,P001,1,2499
ITEM020238,ORD010976,P009,1,1499
ITEM020239,ORD010977,P010,1,899
ITEM020240,ORD010978,P001,1,2499
ITEM020241,ORD010978,P005,1,699
ITEM020242,ORD010979,P010,1,899
ITEM020243,ORD010979,P004,1,499
ITEM020244,ORD010980,P004,1,499
ITEM020245,ORD010980,P009,1,1499
ITEM020246,ORD010981,P001,1,2499
ITEM020247,ORD010982,P005,1,699
ITEM020248,ORD010982,P003,1,1299
ITEM020249,ORD010983,P005,1,699
ITEM020250,ORD010984,P005,1,699
ITEM020251,ORD010984,P009,1,1499
ITEM020252,ORD010985,P008,1,1799
ITEM020253,ORD010985,P001,1,2499
ITEM020254,ORD010985,P009,1,1499
ITEM020255,ORD010986,P004,1,499
ITEM020256,ORD010987,P008,1,1799
ITEM020257,ORD010987,P003,1,1299
ITEM020258,ORD010988,P010,1,899
ITEM020259,ORD010988,P002,1,3999
ITEM020260,ORD010989,P003,1,1299
ITEM020261,ORD010989,P007,1,999
ITEM020262,ORD010990,P008,1,1799
ITEM020263,ORD010990,P001,1,2499
ITEM020264,ORD010990,P005,1,699
ITEM020265,ORD010991,P001,1,2499
ITEM020266,ORD010992,P009,1,1499
ITEM020267,ORD010993,P004,1,499
ITEM020268,ORD010994,P001,1,2499
ITEM020269,ORD010994,P003,1,1299
ITEM020270,ORD010994,P010,1,899
ITEM020271,ORD010995,P001,1,2499
ITEM020272,ORD010995,P004,1,499
ITEM020273,ORD010995,P006,1,2999
ITEM020274,ORD010996,P010,1,899
ITEM020275,ORD010996,P004,1,499
ITEM020276,ORD010997,P005,1,699
ITEM020277,ORD010997,P004,1,499
ITEM020278,ORD010998,P004,1,499
ITEM020279,ORD010998,P006,1,2999
ITEM020280,ORD010998,P010,1,899
ITEM020281,ORD010999,P004,1,499
ITEM020282,ORD010999,P008,1,1799
ITEM020283,ORD011000,P001,1,2499
ITEM020284,ORD011000,P010,1,899
ITEM020285,ORD011001,P001,1,2499
ITEM020286,ORD011001,P008,1,1799
ITEM020287,ORD011002,P007,1,999
ITEM020288,ORD011002,P005,1,699
ITEM020289,ORD011002,P009,1,1499
ITEM020290,ORD011003,P001,1,2499
ITEM020291,ORD011003,P003,1,1299
ITEM020292,ORD011004,P009,1,1499
ITEM020293,ORD011004,P003,1,1299
ITEM020294,ORD011005,P006,1,2999
ITEM020295,ORD011006,P001,1,2499
ITEM020296,ORD011006,P005,1,699
ITEM020297,ORD011007,P002,1,3999
ITEM020298,ORD011007,P005,1,699
ITEM020299,ORD011008,P001,1,2499
ITEM020300,ORD011008,P007,1,999
ITEM020301,ORD011009,P008,1,1799
ITEM020302,ORD011010,P001,1,2499
ITEM020303,ORD011010,P006,1,2999
ITEM020304,ORD011011,P003,1,1299
ITEM020305,ORD011011,P004,1,499
ITEM020306,ORD011012,P009,1,1499
ITEM020307,ORD011012,P006,1,2999
ITEM020308,ORD011012,P001,1,2499
ITEM020309,ORD011013,P001,1,2499
ITEM020310,ORD011013,P004,1,499
ITEM020311,ORD011014,P005,1,699
ITEM020312,ORD011014,P010,1,899
ITEM020313,ORD011014,P007,1,999
ITEM020314,ORD011015,P008,1,1799
ITEM020315,ORD011015,P006,1,2999
ITEM020316,ORD011015,P010,1,899
ITEM020317,ORD011016,P003,1,1299
ITEM020318,ORD011016,P001,1,2499
ITEM020319,ORD011016,P004,1,499
ITEM020320,ORD011017,P001,1,2499
ITEM020321,ORD011018,P002,1,3999
ITEM020322,ORD011018,P009,1,1499
ITEM020323,ORD011019,P008,1,1799
ITEM020324,ORD011019,P006,1,2999
ITEM020325,ORD011019,P005,1,699
ITEM020326,ORD011020,P001,1,2499
ITEM020327,ORD011020,P007,1,999
ITEM020328,ORD011021,P004,1,499
ITEM020329,ORD011021,P009,1,1499
ITEM020330,ORD011022,P001,1,2499
ITEM020331,ORD011022,P008,1,1799
ITEM020332,ORD011023,P001,1,2499
ITEM020333,ORD011023,P010,1,899
ITEM020334,ORD011024,P002,1,3999
ITEM020335,ORD011025,P008,1,1799
ITEM020336,ORD011026,P006,1,2999
ITEM020337,ORD011026,P007,1,999
ITEM020338,ORD011027,P003,1,1299
ITEM020339,ORD011027,P010,1,899
ITEM020340,ORD011027,P002,1,3999
ITEM020341,ORD011028,P003,1,1299
ITEM020342,ORD011028,P001,1,2499
ITEM020343,ORD011028,P005,1,699
ITEM020344,ORD011029,P001,1,2499
ITEM020345,ORD011030,P004,1,499
ITEM020346,ORD011030,P002,1,3999
ITEM020347,ORD011031,P003,1,1299
ITEM020348,ORD011031,P004,1,499
ITEM020349,ORD011032,P007,1,999
ITEM020350,ORD011032,P008,1,1799
ITEM020351,ORD011033,P001,1,2499
ITEM020352,ORD011034,P003,1,1299
ITEM020353,ORD011034,P006,1,2999
ITEM020354,ORD011035,P002,1,3999
ITEM020355,ORD011035,P001,1,2499
ITEM020356,ORD011035,P010,1,899
ITEM020357,ORD011036,P001,1,2499
ITEM020358,ORD011036,P010,1,899
ITEM020359,ORD011036,P002,1,3999
ITEM020360,ORD011037,P001,1,2499
ITEM020361,ORD011037,P005,1,699
ITEM020362,ORD011038,P001,1,2499
ITEM020363,ORD011038,P002,1,3999
ITEM020364,ORD011039,P007,1,999
ITEM020365,ORD011039,P010,1,899
ITEM020366,ORD011040,P001,1,2499
ITEM020367,ORD011041,P002,1,3999
ITEM020368,ORD011041,P004,1,499
ITEM020369,ORD011041,P003,1,1299
ITEM020370,ORD011042,P001,1,2499
ITEM020371,ORD011043,P007,1,999
ITEM020372,ORD011043,P008,1,1799
ITEM020373,ORD011044,P005,1,699
ITEM020374,ORD011044,P003,1,1299
ITEM020375,ORD011044,P006,1,2999
ITEM020376,ORD011045,P008,1,1799
ITEM020377,ORD011045,P010,1,899
ITEM020378,ORD011046,P005,1,699
ITEM020379,ORD011047,P008,1,1799
ITEM020380,ORD011048,P001,1,2499
ITEM020381,ORD011048,P003,1,1299
ITEM020382,ORD011048,P010,1,899
ITEM020383,ORD011049,P006,1,2999
ITEM020384,ORD011050,P001,1,2499
ITEM020385,ORD011050,P004,1,499
ITEM020386,ORD011050,P010,1,899
ITEM020387,ORD011051,P001,1,2499
ITEM020388,ORD011051,P005,1,699
ITEM020389,ORD011051,P007,1,999
ITEM020390,ORD011052,P008,1,1799
ITEM020391,ORD011052,P005,1,699
ITEM020392,ORD011053,P009,1,1499
ITEM020393,ORD011054,P001,1,2499
ITEM020394,ORD011054,P004,1,499
ITEM020395,ORD011055,P001,1,2499
ITEM020396,ORD011056,P006,1,2999
ITEM020397,ORD011056,P008,1,1799
ITEM020398,ORD011056,P009,1,1499
ITEM020399,ORD011057,P001,1,2499
ITEM020400,ORD011058,P001,1,2499
ITEM020401,ORD011058,P005,1,699
ITEM020402,ORD011059,P010,1,899
ITEM020403,ORD011059,P002,1,3999
ITEM020404,ORD011060,P001,1,2499
ITEM020405,ORD011061,P002,1,3999
ITEM020406,ORD011061,P009,1,1499
ITEM020407,ORD011062,P002,1,3999
ITEM020408,ORD011063,P007,1,999
ITEM020409,ORD011063,P008,1,1799
ITEM020410,ORD011064,P001,1,2499
ITEM020411,ORD011064,P010,1,899
ITEM020412,ORD011065,P001,1,2499
ITEM020413,ORD011066,P006,1,2999
ITEM020414,ORD011067,P009,1,1499
ITEM020415,ORD011067,P005,1,699
ITEM020416,ORD011067,P007,1,999
ITEM020417,ORD011068,P001,1,2499
ITEM020418,ORD011068,P009,1,1499
ITEM020419,ORD011068,P005,1,699
ITEM020420,ORD011069,P008,1,1799
ITEM020421,ORD011070,P008,1,1799
ITEM020422,ORD011070,P004,1,499
ITEM020423,ORD011071,P005,1,699
ITEM020424,ORD011071,P004,1,499
ITEM020425,ORD011072,P006,1,2999
ITEM020426,ORD011072,P004,1,499
ITEM020427,ORD011073,P010,1,899
ITEM020428,ORD011074,P003,1,1299
ITEM020429,ORD011075,P001,1,2499
ITEM020430,ORD011076,P005,1,699
ITEM020431,ORD011076,P003,1,1299
ITEM020432,ORD011076,P001,1,2499
ITEM020433,ORD011077,P010,1,899
ITEM020434,ORD011078,P001,1,2499
ITEM020435,ORD011079,P001,1,2499
ITEM020436,ORD011080,P007,1,999
ITEM020437,ORD011080,P001,1,2499
ITEM020438,ORD011081,P006,1,2999
ITEM020439,ORD011081,P009,1,1499
ITEM020440,ORD011082,P001,1,2499
ITEM020441,ORD011082,P002,1,3999
ITEM020442,ORD011082,P009,1,1499
ITEM020443,ORD011083,P006,1,2999
ITEM020444,ORD011083,P003,1,1299
ITEM020445,ORD011084,P001,1,2499
ITEM020446,ORD011084,P004,1,499
ITEM020447,ORD011085,P003,1,1299
ITEM020448,ORD011085,P005,1,699
ITEM020449,ORD011086,P002,1,3999
ITEM020450,ORD011087,P003,1,1299
ITEM020451,ORD011087,P009,1,1499
ITEM020452,ORD011087,P008,1,1799
ITEM020453,ORD011088,P007,1,999
ITEM020454,ORD011089,P001,1,2499
ITEM020455,ORD011089,P008,1,1799
ITEM020456,ORD011090,P007,1,999
ITEM020457,ORD011090,P008,1,1799
ITEM020458,ORD011091,P008,1,1799
ITEM020459,ORD011091,P004,1,499
ITEM020460,ORD011092,P001,1,2499
ITEM020461,ORD011092,P003,1,1299
ITEM020462,ORD011093,P001,1,2499
ITEM020463,ORD011093,P004,1,499
ITEM020464,ORD011093,P005,1,699
ITEM020465,ORD011094,P001,1,2499
ITEM020466,ORD011094,P004,1,499
ITEM020467,ORD011094,P010,1,899
ITEM020468,ORD011095,P007,1,999
ITEM020469,ORD011096,P002,1,3999
ITEM020470,ORD011096,P008,1,1799
ITEM020471,ORD011097,P001,1,2499
ITEM020472,ORD011098,P008,1,1799
ITEM020473,ORD011098,P002,1,3999
ITEM020474,ORD011099,P007,1,999
ITEM020475,ORD011100,P008,1,1799
ITEM020476,ORD011100,P003,1,1299
ITEM020477,ORD011100,P006,1,2999
ITEM020478,ORD011101,P004,1,499
ITEM020479,ORD011102,P001,1,2499
ITEM020480,ORD011102,P004,1,499
ITEM020481,ORD011102,P008,1,1799
ITEM020482,ORD011103,P001,1,2499
ITEM020483,ORD011104,P001,1,2499
ITEM020484,ORD011105,P001,1,2499
ITEM020485,ORD011105,P002,1,3999
ITEM020486,ORD011105,P003,1,1299
ITEM020487,ORD011106,P003,1,1299
ITEM020488,ORD011106,P010,1,899
ITEM020489,ORD011106,P005,1,699
ITEM020490,ORD011107,P008,1,1799
ITEM020491,ORD011107,P010,1,899
ITEM020492,ORD011108,P001,1,2499
ITEM020493,ORD011109,P001,1,2499
ITEM020494,ORD011109,P004,1,499
ITEM020495,ORD011110,P001,1,2499
ITEM020496,ORD011110,P005,1,699
ITEM020497,ORD011111,P004,1,499
ITEM020498,ORD011111,P008,1,1799
ITEM020499,ORD011111,P007,1,999
ITEM020500,ORD011112,P008,1,1799
ITEM020501,ORD011112,P004,1,499
ITEM020502,ORD011113,P001,1,2499
ITEM020503,ORD011113,P004,1,499
ITEM020504,ORD011114,P005,1,699
ITEM020505,ORD011115,P001,1,2499
ITEM020506,ORD011115,P004,1,499
ITEM020507,ORD011116,P001,1,2499
ITEM020508,ORD011116,P010,1,899
ITEM020509,ORD011116,P007,1,999
ITEM020510,ORD011117,P004,1,499
ITEM020511,ORD011117,P010,1,899
ITEM020512,ORD011118,P003,1,1299
ITEM020513,ORD011118,P004,1,499
ITEM020514,ORD011119,P001,1,2499
ITEM020515,ORD011119,P010,1,899
ITEM020516,ORD011120,P002,1,3999
ITEM020517,ORD011120,P006,1,2999
ITEM020518,ORD011121,P008,1,1799
ITEM020519,ORD011121,P009,1,1499
ITEM020520,ORD011121,P006,1,2999
ITEM020521,ORD011122,P001,1,2499
ITEM020522,ORD011123,P001,1,2499
ITEM020523,ORD011123,P006,1,2999
ITEM020524,ORD011124,P001,1,2499
ITEM020525,ORD011125,P001,1,2499
ITEM020526,ORD011126,P001,1,2499
ITEM020527,ORD011127,P001,1,2499
ITEM020528,ORD011127,P007,1,999
ITEM020529,ORD011128,P005,1,699
ITEM020530,ORD011128,P009,1,1499
ITEM020531,ORD011129,P009,1,1499
ITEM020532,ORD011130,P008,1,1799
ITEM020533,ORD011131,P002,1,3999
ITEM020534,ORD011131,P008,1,1799
ITEM020535,ORD011131,P003,1,1299
ITEM020536,ORD011132,P004,1,499
ITEM020537,ORD011132,P005,1,699
ITEM020538,ORD011132,P007,1,999
ITEM020539,ORD011133,P002,1,3999
ITEM020540,ORD011133,P006,1,2999
ITEM020541,ORD011134,P010,1,899
ITEM020542,ORD011135,P001,1,2499
ITEM020543,ORD011136,P001,1,2499
ITEM020544,ORD011136,P008,1,1799
ITEM020545,ORD011136,P005,1,699
ITEM020546,ORD011137,P005,1,699
ITEM020547,ORD011137,P010,1,899
ITEM020548,ORD011137,P008,1,1799
ITEM020549,ORD011138,P004,1,499
ITEM020550,ORD011139,P001,1,2499
ITEM020551,ORD011140,P001,1,2499
ITEM020552,ORD011141,P001,1,2499
ITEM020553,ORD011141,P004,1,499
ITEM020554,ORD011141,P006,1,2999
ITEM020555,ORD011142,P001,1,2499
ITEM020556,ORD011142,P003,1,1299
ITEM020557,ORD011143,P005,1,699
ITEM020558,ORD011144,P010,1,899
ITEM020559,ORD011144,P003,1,1299
ITEM020560,ORD011145,P001,1,2499
ITEM020561,ORD011146,P008,1,1799
ITEM020562,ORD011146,P002,1,3999
ITEM020563,ORD011147,P006,1,2999
ITEM020564,ORD011147,P004,1,499
ITEM020565,ORD011148,P004,1,499
ITEM020566,ORD011149,P007,1,999
ITEM020567,ORD011150,P002,1,3999
ITEM020568,ORD011150,P008,1,1799
ITEM020569,ORD011151,P009,1,1499
ITEM020570,ORD011151,P005,1,699
ITEM020571,ORD011152,P008,1,1799
ITEM020572,ORD011153,P005,1,699
ITEM020573,ORD011153,P002,1,3999
ITEM020574,ORD011154,P001,1,2499
ITEM020575,ORD011154,P004,1,499
ITEM020576,ORD011155,P007,1,999
ITEM020577,ORD011155,P008,1,1799
ITEM020578,ORD011155,P006,1,2999
ITEM020579,ORD011156,P010,1,899
ITEM020580,ORD011156,P003,1,1299
ITEM020581,ORD011157,P008,1,1799
ITEM020582,ORD011158,P001,1,2499
ITEM020583,ORD011158,P010,1,899
ITEM020584,ORD011159,P001,1,2499
ITEM020585,ORD011159,P005,1,699
ITEM020586,ORD011160,P007,1,999
ITEM020587,ORD011161,P006,1,2999
ITEM020588,ORD011161,P004,1,499
ITEM020589,ORD011162,P002,1,3999
ITEM020590,ORD011162,P005,1,699
ITEM020591,ORD011163,P003,1,1299
ITEM020592,ORD011163,P001,1,2499
ITEM020593,ORD011164,P001,1,2499
ITEM020594,ORD011165,P004,1,499
ITEM020595,ORD011165,P010,1,899
ITEM020596,ORD011166,P005,1,699
ITEM020597,ORD011166,P007,1,999
ITEM020598,ORD011167,P001,1,2499
ITEM020599,ORD011167,P007,1,999
ITEM020600,ORD011167,P003,1,1299
ITEM020601,ORD011168,P007,1,999
ITEM020602,ORD011168,P001,1,2499
ITEM020603,ORD011169,P009,1,1499
ITEM020604,ORD011169,P005,1,699
ITEM020605,ORD011170,P010,1,899
ITEM020606,ORD011171,P010,1,899
ITEM020607,ORD011172,P009,1,1499
ITEM020608,ORD011172,P007,1,999
ITEM020609,ORD011173,P006,1,2999
ITEM020610,ORD011173,P007,1,999
ITEM020611,ORD011173,P003,1,1299
ITEM020612,ORD011174,P003,1,1299
ITEM020613,ORD011175,P003,1,1299
ITEM020614,ORD011175,P008,1,1799
ITEM020615,ORD011176,P008,1,1799
ITEM020616,ORD011176,P001,1,2499
ITEM020617,ORD011177,P004,1,499
ITEM020618,ORD011177,P006,1,2999
ITEM020619,ORD011178,P005,1,699
ITEM020620,ORD011179,P006,1,2999
ITEM020621,ORD011179,P002,1,3999
ITEM020622,ORD011179,P004,1,499
ITEM020623,ORD011180,P003,1,1299
ITEM020624,ORD011181,P001,1,2499
ITEM020625,ORD011182,P007,1,999
ITEM020626,ORD011182,P010,1,899
ITEM020627,ORD011183,P001,1,2499
ITEM020628,ORD011184,P001,1,2499
ITEM020629,ORD011184,P002,1,3999
ITEM020630,ORD011185,P001,1,2499
ITEM020631,ORD011185,P009,1,1499
ITEM020632,ORD011186,P010,1,899
ITEM020633,ORD011186,P002,1,3999
ITEM020634,ORD011187,P001,1,2499
ITEM020635,ORD011188,P005,1,699
ITEM020636,ORD011188,P003,1,1299
ITEM020637,ORD011189,P006,1,2999
ITEM020638,ORD011190,P001,1,2499
ITEM020639,ORD011190,P004,1,499
ITEM020640,ORD011190,P005,1,699
ITEM020641,ORD011191,P009,1,1499
ITEM020642,ORD011192,P004,1,499
ITEM020643,ORD011192,P010,1,899
ITEM020644,ORD011193,P005,1,699
ITEM020645,ORD011193,P002,1,3999
ITEM020646,ORD011194,P001,1,2499
ITEM020647,ORD011194,P010,1,899
ITEM020648,ORD011195,P005,1,699
ITEM020649,ORD011195,P009,1,1499
ITEM020650,ORD011196,P001,1,2499
ITEM020651,ORD011196,P004,1,499
ITEM020652,ORD011197,P002,1,3999
ITEM020653,ORD011198,P005,1,699
ITEM020654,ORD011198,P010,1,899
ITEM020655,ORD011199,P001,1,2499
ITEM020656,ORD011200,P004,1,499
ITEM020657,ORD011200,P006,1,2999
ITEM020658,ORD011201,P001,1,2499
ITEM020659,ORD011202,P001,1,2499
ITEM020660,ORD011202,P007,1,999
ITEM020661,ORD011203,P009,1,1499
ITEM020662,ORD011203,P008,1,1799
ITEM020663,ORD011203,P010,1,899
ITEM020664,ORD011204,P001,1,2499
ITEM020665,ORD011204,P004,1,499
ITEM020666,ORD011204,P008,1,1799
ITEM020667,ORD011205,P008,1,1799
ITEM020668,ORD011205,P009,1,1499
ITEM020669,ORD011205,P006,1,2999
ITEM020670,ORD011206,P004,1,499
ITEM020671,ORD011206,P003,1,1299
ITEM020672,ORD011207,P002,1,3999
ITEM020673,ORD011208,P003,1,1299
ITEM020674,ORD011209,P006,1,2999
ITEM020675,ORD011209,P010,1,899
ITEM020676,ORD011209,P001,1,2499
ITEM020677,ORD011210,P001,1,2499
ITEM020678,ORD011210,P007,1,999
ITEM020679,ORD011210,P005,1,699
ITEM020680,ORD011211,P001,1,2499
ITEM020681,ORD011212,P001,1,2499
ITEM020682,ORD011212,P002,1,3999
ITEM020683,ORD011213,P003,1,1299
ITEM020684,ORD011214,P006,1,2999
ITEM020685,ORD011215,P008,1,1799
ITEM020686,ORD011215,P005,1,699
ITEM020687,ORD011216,P001,1,2499
ITEM020688,ORD011216,P009,1,1499
ITEM020689,ORD011217,P003,1,1299
ITEM020690,ORD011218,P001,1,2499
ITEM020691,ORD011218,P008,1,1799
ITEM020692,ORD011218,P010,1,899
ITEM020693,ORD011219,P004,1,499
ITEM020694,ORD011220,P010,1,899
ITEM020695,ORD011220,P006,1,2999
ITEM020696,ORD011220,P004,1,499
ITEM020697,ORD011221,P004,1,499
ITEM020698,ORD011222,P004,1,499
ITEM020699,ORD011223,P007,1,999
ITEM020700,ORD011223,P004,1,499
ITEM020701,ORD011224,P001,1,2499
ITEM020702,ORD011224,P004,1,499
ITEM020703,ORD011225,P006,1,2999
ITEM020704,ORD011225,P002,1,3999
ITEM020705,ORD011226,P003,1,1299
ITEM020706,ORD011226,P010,1,899
ITEM020707,ORD011227,P001,1,2499
ITEM020708,ORD011227,P004,1,499
ITEM020709,ORD011228,P001,1,2499
ITEM020710,ORD011228,P004,1,499
ITEM020711,ORD011228,P009,1,1499
ITEM020712,ORD011229,P002,1,3999
ITEM020713,ORD011229,P007,1,999
ITEM020714,ORD011230,P010,1,899
ITEM020715,ORD011230,P007,1,999
ITEM020716,ORD011231,P001,1,2499
ITEM020717,ORD011231,P008,1,1799
ITEM020718,ORD011232,P001,1,2499
ITEM020719,ORD011233,P001,1,2499
ITEM020720,ORD011234,P001,1,2499
ITEM020721,ORD011234,P007,1,999
ITEM020722,ORD011235,P003,1,1299
ITEM020723,ORD011236,P001,1,2499
ITEM020724,ORD011236,P008,1,1799
ITEM020725,ORD011236,P010,1,899
ITEM020726,ORD011237,P005,1,699
ITEM020727,ORD011238,P001,1,2499
ITEM020728,ORD011238,P006,1,2999
ITEM020729,ORD011239,P004,1,499
ITEM020730,ORD011239,P008,1,1799
ITEM020731,ORD011240,P001,1,2499
ITEM020732,ORD011240,P005,1,699
ITEM020733,ORD011240,P006,1,2999
ITEM020734,ORD011241,P007,1,999
ITEM020735,ORD011242,P003,1,1299
ITEM020736,ORD011242,P008,1,1799
ITEM020737,ORD011243,P002,1,3999
ITEM020738,ORD011243,P004,1,499
ITEM020739,ORD011244,P006,1,2999
ITEM020740,ORD011244,P008,1,1799
ITEM020741,ORD011245,P002,1,3999
ITEM020742,ORD011245,P009,1,1499
ITEM020743,ORD011246,P002,1,3999
ITEM020744,ORD011246,P006,1,2999
ITEM020745,ORD011246,P008,1,1799
ITEM020746,ORD011247,P007,1,999
ITEM020747,ORD011247,P002,1,3999
ITEM020748,ORD011248,P006,1,2999
ITEM020749,ORD011248,P008,1,1799
ITEM020750,ORD011248,P002,1,3999
ITEM020751,ORD011249,P006,1,2999
ITEM020752,ORD011250,P001,1,2499
ITEM020753,ORD011251,P001,1,2499
ITEM020754,ORD011252,P001,1,2499
ITEM020755,ORD011252,P009,1,1499
ITEM020756,ORD011253,P007,1,999
ITEM020757,ORD011253,P002,1,3999
ITEM020758,ORD011254,P010,1,899
ITEM020759,ORD011255,P003,1,1299
ITEM020760,ORD011255,P004,1,499
ITEM020761,ORD011256,P003,1,1299
ITEM020762,ORD011257,P006,1,2999
ITEM020763,ORD011258,P010,1,899
ITEM020764,ORD011258,P003,1,1299
ITEM020765,ORD011258,P005,1,699
ITEM020766,ORD011259,P004,1,499
ITEM020767,ORD011260,P010,1,899
ITEM020768,ORD011260,P005,1,699
ITEM020769,ORD011261,P001,1,2499
ITEM020770,ORD011261,P007,1,999
ITEM020771,ORD011262,P010,1,899
ITEM020772,ORD011262,P004,1,499
ITEM020773,ORD011263,P006,1,2999
ITEM020774,ORD011264,P003,1,1299
ITEM020775,ORD011264,P007,1,999
ITEM020776,ORD011265,P006,1,2999
ITEM020777,ORD011265,P007,1,999
ITEM020778,ORD011265,P004,1,499
ITEM020779,ORD011266,P006,1,2999
ITEM020780,ORD011266,P002,1,3999
ITEM020781,ORD011267,P005,1,699
ITEM020782,ORD011268,P001,1,2499
ITEM020783,ORD011268,P004,1,499
ITEM020784,ORD011268,P010,1,899
ITEM020785,ORD011269,P001,1,2499
ITEM020786,ORD011269,P009,1,1499
ITEM020787,ORD011270,P001,1,2499
ITEM020788,ORD011271,P001,1,2499
ITEM020789,ORD011272,P001,1,2499
ITEM020790,ORD011272,P007,1,999
ITEM020791,ORD011273,P009,1,1499
ITEM020792,ORD011273,P006,1,2999
ITEM020793,ORD011274,P005,1,699
ITEM020794,ORD011275,P001,1,2499
ITEM020795,ORD011275,P009,1,1499
ITEM020796,ORD011276,P006,1,2999
ITEM020797,ORD011277,P008,1,1799
ITEM020798,ORD011277,P002,1,3999
ITEM020799,ORD011278,P005,1,699
ITEM020800,ORD011279,P008,1,1799
ITEM020801,ORD011280,P004,1,499
ITEM020802,ORD011281,P001,1,2499
ITEM020803,ORD011282,P006,1,2999
ITEM020804,ORD011283,P006,1,2999
ITEM020805,ORD011284,P001,1,2499
ITEM020806,ORD011284,P009,1,1499
ITEM020807,ORD011285,P005,1,699
ITEM020808,ORD011285,P006,1,2999
ITEM020809,ORD011286,P001,1,2499
ITEM020810,ORD011286,P004,1,499
ITEM020811,ORD011286,P010,1,899
ITEM020812,ORD011287,P007,1,999
ITEM020813,ORD011287,P004,1,499
ITEM020814,ORD011288,P008,1,1799
ITEM020815,ORD011288,P001,1,2499
ITEM020816,ORD011288,P009,1,1499
ITEM020817,ORD011289,P001,1,2499
ITEM020818,ORD011289,P008,1,1799
ITEM020819,ORD011289,P002,1,3999
ITEM020820,ORD011290,P008,1,1799
ITEM020821,ORD011290,P002,1,3999
ITEM020822,ORD011291,P002,1,3999
ITEM020823,ORD011291,P007,1,999
ITEM020824,ORD011292,P008,1,1799
ITEM020825,ORD011292,P010,1,899
ITEM020826,ORD011293,P001,1,2499
ITEM020827,ORD011294,P004,1,499
ITEM020828,ORD011294,P002,1,3999
ITEM020829,ORD011295,P008,1,1799
ITEM020830,ORD011295,P001,1,2499
ITEM020831,ORD011296,P005,1,699
ITEM020832,ORD011296,P001,1,2499
ITEM020833,ORD011297,P006,1,2999
ITEM020834,ORD011297,P004,1,499
ITEM020835,ORD011298,P001,1,2499
ITEM020836,ORD011298,P006,1,2999
ITEM020837,ORD011299,P001,1,2499
ITEM020838,ORD011299,P004,1,499
ITEM020839,ORD011300,P001,1,2499
ITEM020840,ORD011300,P010,1,899
ITEM020841,ORD011301,P006,1,2999
ITEM020842,ORD011301,P007,1,999
ITEM020843,ORD011301,P004,1,499
ITEM020844,ORD011302,P001,1,2499
ITEM020845,ORD011302,P003,1,1299
ITEM020846,ORD011303,P004,1,499
ITEM020847,ORD011304,P001,1,2499
ITEM020848,ORD011304,P002,1,3999
ITEM020849,ORD011305,P008,1,1799
ITEM020850,ORD011306,P006,1,2999
ITEM020851,ORD011307,P001,1,2499
ITEM020852,ORD011308,P009,1,1499
ITEM020853,ORD011309,P001,1,2499
ITEM020854,ORD011310,P001,1,2499
ITEM020855,ORD011311,P001,1,2499
ITEM020856,ORD011311,P010,1,899
ITEM020857,ORD011311,P005,1,699
ITEM020858,ORD011312,P001,1,2499
ITEM020859,ORD011312,P006,1,2999
ITEM020860,ORD011313,P001,1,2499
ITEM020861,ORD011314,P003,1,1299
ITEM020862,ORD011314,P007,1,999
ITEM020863,ORD011315,P001,1,2499
ITEM020864,ORD011315,P003,1,1299
ITEM020865,ORD011315,P004,1,499
ITEM020866,ORD011316,P006,1,2999
ITEM020867,ORD011316,P002,1,3999
ITEM020868,ORD011317,P001,1,2499
ITEM020869,ORD011318,P004,1,499
ITEM020870,ORD011318,P002,1,3999
ITEM020871,ORD011318,P009,1,1499
ITEM020872,ORD011319,P001,1,2499
ITEM020873,ORD011320,P001,1,2499
ITEM020874,ORD011321,P004,1,499
ITEM020875,ORD011321,P002,1,3999
ITEM020876,ORD011322,P005,1,699
ITEM020877,ORD011322,P004,1,499
ITEM020878,ORD011323,P010,1,899
ITEM020879,ORD011324,P009,1,1499
ITEM020880,ORD011325,P001,1,2499
ITEM020881,ORD011326,P004,1,499
ITEM020882,ORD011326,P005,1,699
ITEM020883,ORD011327,P003,1,1299
ITEM020884,ORD011327,P002,1,3999
ITEM020885,ORD011328,P009,1,1499
ITEM020886,ORD011328,P006,1,2999
ITEM020887,ORD011329,P001,1,2499
ITEM020888,ORD011329,P005,1,699
ITEM020889,ORD011330,P006,1,2999
ITEM020890,ORD011330,P005,1,699
ITEM020891,ORD011331,P010,1,899
ITEM020892,ORD011332,P003,1,1299
ITEM020893,ORD011332,P008,1,1799
ITEM020894,ORD011333,P001,1,2499
ITEM020895,ORD011333,P003,1,1299
ITEM020896,ORD011333,P006,1,2999
ITEM020897,ORD011334,P002,1,3999
ITEM020898,ORD011335,P002,1,3999
ITEM020899,ORD011336,P010,1,899
ITEM020900,ORD011336,P002,1,3999
ITEM020901,ORD011337,P009,1,1499
ITEM020902,ORD011338,P001,1,2499
ITEM020903,ORD011338,P008,1,1799
ITEM020904,ORD011339,P005,1,699
ITEM020905,ORD011339,P007,1,999
ITEM020906,ORD011340,P001,1,2499
ITEM020907,ORD011340,P009,1,1499
ITEM020908,ORD011340,P003,1,1299
ITEM020909,ORD011341,P006,1,2999
ITEM020910,ORD011341,P005,1,699
ITEM020911,ORD011342,P008,1,1799
ITEM020912,ORD011342,P006,1,2999
ITEM020913,ORD011343,P009,1,1499
ITEM020914,ORD011344,P004,1,499
ITEM020915,ORD011345,P002,1,3999
ITEM020916,ORD011345,P008,1,1799
ITEM020917,ORD011345,P006,1,2999
ITEM020918,ORD011346,P001,1,2499
ITEM020919,ORD011346,P010,1,899
ITEM020920,ORD011346,P004,1,499
ITEM020921,ORD011347,P001,1,2499
ITEM020922,ORD011348,P006,1,2999
ITEM020923,ORD011348,P008,1,1799
ITEM020924,ORD011348,P003,1,1299
ITEM020925,ORD011349,P001,1,2499
ITEM020926,ORD011350,P006,1,2999
ITEM020927,ORD011351,P009,1,1499
ITEM020928,ORD011351,P002,1,3999
ITEM020929,ORD011351,P001,1,2499
ITEM020930,ORD011352,P006,1,2999
ITEM020931,ORD011352,P009,1,1499
ITEM020932,ORD011353,P005,1,699
ITEM020933,ORD011353,P006,1,2999
ITEM020934,ORD011354,P001,1,2499
ITEM020935,ORD011354,P006,1,2999
ITEM020936,ORD011355,P010,1,899
ITEM020937,ORD011355,P004,1,499
ITEM020938,ORD011355,P007,1,999
ITEM020939,ORD011356,P009,1,1499
ITEM020940,ORD011356,P005,1,699
ITEM020941,ORD011357,P001,1,2499
ITEM020942,ORD011357,P002,1,3999
ITEM020943,ORD011357,P009,1,1499
ITEM020944,ORD011358,P005,1,699
ITEM020945,ORD011358,P008,1,1799
ITEM020946,ORD011359,P001,1,2499
ITEM020947,ORD011360,P003,1,1299
ITEM020948,ORD011360,P006,1,2999
ITEM020949,ORD011361,P008,1,1799
ITEM020950,ORD011362,P008,1,1799
ITEM020951,ORD011363,P006,1,2999
ITEM020952,ORD011364,P001,1,2499
ITEM020953,ORD011365,P005,1,699
ITEM020954,ORD011365,P010,1,899
ITEM020955,ORD011366,P001,1,2499
ITEM020956,ORD011367,P007,1,999
ITEM020957,ORD011367,P009,1,1499
ITEM020958,ORD011368,P003,1,1299
ITEM020959,ORD011369,P006,1,2999
ITEM020960,ORD011369,P007,1,999
ITEM020961,ORD011370,P009,1,1499
ITEM020962,ORD011370,P006,1,2999
ITEM020963,ORD011371,P007,1,999
ITEM020964,ORD011371,P005,1,699
ITEM020965,ORD011372,P010,1,899
ITEM020966,ORD011373,P001,1,2499
ITEM020967,ORD011373,P010,1,899
ITEM020968,ORD011374,P009,1,1499
ITEM020969,ORD011375,P009,1,1499
ITEM020970,ORD011375,P010,1,899
ITEM020971,ORD011376,P001,1,2499
ITEM020972,ORD011376,P004,1,499
ITEM020973,ORD011377,P001,1,2499
ITEM020974,ORD011377,P008,1,1799
ITEM020975,ORD011377,P004,1,499
ITEM020976,ORD011378,P008,1,1799
ITEM020977,ORD011379,P001,1,2499
ITEM020978,ORD011379,P008,1,1799
ITEM020979,ORD011379,P005,1,699
ITEM020980,ORD011380,P010,1,899
ITEM020981,ORD011380,P003,1,1299
ITEM020982,ORD011381,P008,1,1799
ITEM020983,ORD011381,P003,1,1299
ITEM020984,ORD011382,P001,1,2499
ITEM020985,ORD011382,P004,1,499
ITEM020986,ORD011383,P003,1,1299
ITEM020987,ORD011383,P005,1,699
ITEM020988,ORD011383,P007,1,999
ITEM020989,ORD011384,P003,1,1299
ITEM020990,ORD011384,P006,1,2999
ITEM020991,ORD011385,P007,1,999
ITEM020992,ORD011386,P004,1,499
ITEM020993,ORD011386,P002,1,3999
ITEM020994,ORD011387,P005,1,699
ITEM020995,ORD011387,P008,1,1799
ITEM020996,ORD011388,P008,1,1799
ITEM020997,ORD011389,P005,1,699
ITEM020998,ORD011389,P009,1,1499
ITEM020999,ORD011390,P004,1,499
ITEM021000,ORD011390,P003,1,1299
ITEM021001,ORD011391,P003,1,1299
ITEM021002,ORD011391,P007,1,999
ITEM021003,ORD011392,P004,1,499
ITEM021004,ORD011392,P010,1,899
ITEM021005,ORD011392,P001,1,2499
ITEM021006,ORD011393,P001,1,2499
ITEM021007,ORD011394,P005,1,699
ITEM021008,ORD011395,P001,1,2499
ITEM021009,ORD011395,P004,1,499
ITEM021010,ORD011396,P006,1,2999
ITEM021011,ORD011396,P004,1,499
ITEM021012,ORD011397,P006,1,2999
ITEM021013,ORD011397,P001,1,2499
ITEM021014,ORD011398,P001,1,2499
ITEM021015,ORD011399,P006,1,2999
ITEM021016,ORD011400,P003,1,1299
ITEM021017,ORD011400,P009,1,1499
ITEM021018,ORD011401,P010,1,899
ITEM021019,ORD011401,P006,1,2999
ITEM021020,ORD011402,P001,1,2499
ITEM021021,ORD011402,P003,1,1299
ITEM021022,ORD011403,P005,1,699
ITEM021023,ORD011403,P006,1,2999
ITEM021024,ORD011404,P007,1,999
ITEM021025,ORD011404,P006,1,2999
ITEM021026,ORD011405,P002,1,3999
ITEM021027,ORD011405,P006,1,2999
ITEM021028,ORD011406,P010,1,899
ITEM021029,ORD011406,P006,1,2999
ITEM021030,ORD011406,P008,1,1799
ITEM021031,ORD011407,P008,1,1799
ITEM021032,ORD011407,P001,1,2499
ITEM021033,ORD011407,P004,1,499
ITEM021034,ORD011408,P001,1,2499
ITEM021035,ORD011408,P004,1,499
ITEM021036,ORD011408,P008,1,1799
ITEM021037,ORD011409,P009,1,1499
ITEM021038,ORD011409,P004,1,499
ITEM021039,ORD011410,P007,1,999
ITEM021040,ORD011410,P008,1,1799
ITEM021041,ORD011410,P002,1,3999
ITEM021042,ORD011411,P001,1,2499
ITEM021043,ORD011412,P009,1,1499
ITEM021044,ORD011413,P001,1,2499
ITEM021045,ORD011413,P008,1,1799
ITEM021046,ORD011414,P002,1,3999
ITEM021047,ORD011414,P003,1,1299
ITEM021048,ORD011415,P001,1,2499
ITEM021049,ORD011415,P004,1,499
ITEM021050,ORD011416,P006,1,2999
ITEM021051,ORD011417,P005,1,699
ITEM021052,ORD011417,P003,1,1299
ITEM021053,ORD011418,P008,1,1799
ITEM021054,ORD011419,P002,1,3999
ITEM021055,ORD011420,P004,1,499
ITEM021056,ORD011420,P007,1,999
ITEM021057,ORD011421,P009,1,1499
ITEM021058,ORD011422,P004,1,499
ITEM021059,ORD011422,P008,1,1799
ITEM021060,ORD011423,P001,1,2499
ITEM021061,ORD011423,P006,1,2999
ITEM021062,ORD011424,P007,1,999
ITEM021063,ORD011424,P003,1,1299
ITEM021064,ORD011424,P009,1,1499
ITEM021065,ORD011425,P004,1,499
ITEM021066,ORD011426,P006,1,2999
ITEM021067,ORD011426,P008,1,1799
ITEM021068,ORD011426,P002,1,3999
ITEM021069,ORD011427,P005,1,699
ITEM021070,ORD011427,P001,1,2499
ITEM021071,ORD011428,P006,1,2999
ITEM021072,ORD011429,P009,1,1499
ITEM021073,ORD011430,P001,1,2499
ITEM021074,ORD011431,P005,1,699
ITEM021075,ORD011432,P001,1,2499
ITEM021076,ORD011432,P007,1,999
ITEM021077,ORD011433,P003,1,1299
ITEM021078,ORD011433,P006,1,2999
ITEM021079,ORD011434,P005,1,699
ITEM021080,ORD011435,P009,1,1499
ITEM021081,ORD011435,P003,1,1299
ITEM021082,ORD011436,P001,1,2499
ITEM021083,ORD011436,P010,1,899
ITEM021084,ORD011436,P009,1,1499
ITEM021085,ORD011437,P001,1,2499
ITEM021086,ORD011437,P010,1,899
ITEM021087,ORD011438,P008,1,1799
ITEM021088,ORD011439,P005,1,699
ITEM021089,ORD011440,P002,1,3999
ITEM021090,ORD011441,P006,1,2999
ITEM021091,ORD011441,P004,1,499
ITEM021092,ORD011442,P001,1,2499
ITEM021093,ORD011442,P004,1,499
ITEM021094,ORD011443,P008,1,1799
ITEM021095,ORD011443,P003,1,1299
ITEM021096,ORD011444,P007,1,999
ITEM021097,ORD011444,P008,1,1799
ITEM021098,ORD011445,P003,1,1299
ITEM021099,ORD011445,P002,1,3999
ITEM021100,ORD011445,P009,1,1499
ITEM021101,ORD011446,P009,1,1499
ITEM021102,ORD011446,P010,1,899
ITEM021103,ORD011447,P004,1,499
ITEM021104,ORD011447,P008,1,1799
ITEM021105,ORD011448,P001,1,2499
ITEM021106,ORD011448,P003,1,1299
ITEM021107,ORD011448,P002,1,3999
ITEM021108,ORD011449,P001,1,2499
ITEM021109,ORD011449,P005,1,699
ITEM021110,ORD011450,P008,1,1799
ITEM021111,ORD011451,P008,1,1799
ITEM021112,ORD011452,P009,1,1499
ITEM021113,ORD011453,P004,1,499
ITEM021114,ORD011453,P010,1,899
ITEM021115,ORD011453,P007,1,999
ITEM021116,ORD011454,P010,1,899
ITEM021117,ORD011454,P009,1,1499
ITEM021118,ORD011455,P007,1,999
ITEM021119,ORD011456,P001,1,2499
ITEM021120,ORD011456,P002,1,3999
ITEM021121,ORD011457,P003,1,1299
ITEM021122,ORD011457,P010,1,899
ITEM021123,ORD011457,P002,1,3999
ITEM021124,ORD011458,P005,1,699
ITEM021125,ORD011458,P003,1,1299
ITEM021126,ORD011459,P002,1,3999
ITEM021127,ORD011459,P008,1,1799
ITEM021128,ORD011460,P007,1,999
ITEM021129,ORD011460,P010,1,899
ITEM021130,ORD011461,P009,1,1499
ITEM021131,ORD011461,P006,1,2999
ITEM021132,ORD011462,P006,1,2999
ITEM021133,ORD011463,P008,1,1799
ITEM021134,ORD011463,P009,1,1499
ITEM021135,ORD011464,P005,1,699
ITEM021136,ORD011465,P003,1,1299
ITEM021137,ORD011465,P009,1,1499
ITEM021138,ORD011466,P003,1,1299
ITEM021139,ORD011466,P010,1,899
ITEM021140,ORD011466,P009,1,1499
ITEM021141,ORD011467,P004,1,499
ITEM021142,ORD011467,P003,1,1299
ITEM021143,ORD011467,P001,1,2499
ITEM021144,ORD011468,P001,1,2499
ITEM021145,ORD011468,P004,1,499
ITEM021146,ORD011469,P004,1,499
ITEM021147,ORD011469,P002,1,3999
ITEM021148,ORD011469,P001,1,2499
ITEM021149,ORD011470,P009,1,1499
ITEM021150,ORD011470,P006,1,2999
ITEM021151,ORD011471,P002,1,3999
ITEM021152,ORD011471,P010,1,899
ITEM021153,ORD011472,P001,1,2499
ITEM021154,ORD011472,P005,1,699
ITEM021155,ORD011473,P003,1,1299
ITEM021156,ORD011474,P003,1,1299
ITEM021157,ORD011475,P007,1,999
ITEM021158,ORD011475,P005,1,699
ITEM021159,ORD011476,P006,1,2999
ITEM021160,ORD011476,P009,1,1499
ITEM021161,ORD011476,P007,1,999
ITEM021162,ORD011477,P004,1,499
ITEM021163,ORD011477,P008,1,1799
ITEM021164,ORD011478,P004,1,499
ITEM021165,ORD011478,P003,1,1299
ITEM021166,ORD011479,P010,1,899
ITEM021167,ORD011479,P008,1,1799
ITEM021168,ORD011480,P001,1,2499
ITEM021169,ORD011481,P009,1,1499
ITEM021170,ORD011481,P004,1,499
ITEM021171,ORD011482,P001,1,2499
ITEM021172,ORD011483,P001,1,2499
ITEM021173,ORD011484,P005,1,699
ITEM021174,ORD011484,P010,1,899
ITEM021175,ORD011484,P003,1,1299
ITEM021176,ORD011485,P006,1,2999
ITEM021177,ORD011485,P004,1,499
ITEM021178,ORD011485,P003,1,1299
ITEM021179,ORD011486,P010,1,899
ITEM021180,ORD011487,P009,1,1499
ITEM021181,ORD011487,P004,1,499
ITEM021182,ORD011488,P001,1,2499
ITEM021183,ORD011489,P001,1,2499
ITEM021184,ORD011489,P002,1,3999
ITEM021185,ORD011490,P006,1,2999
ITEM021186,ORD011490,P004,1,499
ITEM021187,ORD011491,P010,1,899
ITEM021188,ORD011491,P008,1,1799
ITEM021189,ORD011492,P001,1,2499
ITEM021190,ORD011493,P008,1,1799
ITEM021191,ORD011493,P001,1,2499
ITEM021192,ORD011494,P001,1,2499
ITEM021193,ORD011494,P009,1,1499
ITEM021194,ORD011494,P008,1,1799
ITEM021195,ORD011495,P001,1,2499
ITEM021196,ORD011495,P009,1,1499
ITEM021197,ORD011496,P010,1,899
ITEM021198,ORD011496,P007,1,999
ITEM021199,ORD011497,P001,1,2499
ITEM021200,ORD011498,P001,1,2499
ITEM021201,ORD011498,P005,1,699
ITEM021202,ORD011499,P001,1,2499
ITEM021203,ORD011499,P010,1,899
ITEM021204,ORD011500,P005,1,699
ITEM021205,ORD011501,P008,1,1799
ITEM021206,ORD011502,P003,1,1299
ITEM021207,ORD011502,P010,1,899
ITEM021208,ORD011503,P001,1,2499
ITEM021209,ORD011503,P002,1,3999
ITEM021210,ORD011504,P003,1,1299
ITEM021211,ORD011504,P006,1,2999
ITEM021212,ORD011505,P008,1,1799
ITEM021213,ORD011506,P003,1,1299
ITEM021214,ORD011506,P010,1,899
ITEM021215,ORD011507,P005,1,699
ITEM021216,ORD011508,P007,1,999
ITEM021217,ORD011509,P004,1,499
ITEM021218,ORD011509,P009,1,1499
ITEM021219,ORD011510,P004,1,499
ITEM021220,ORD011511,P005,1,699
ITEM021221,ORD011512,P001,1,2499
ITEM021222,ORD011513,P007,1,999
ITEM021223,ORD011514,P003,1,1299
ITEM021224,ORD011514,P002,1,3999
ITEM021225,ORD011515,P008,1,1799
ITEM021226,ORD011515,P007,1,999
ITEM021227,ORD011516,P003,1,1299
ITEM021228,ORD011516,P002,1,3999
ITEM021229,ORD011516,P006,1,2999
ITEM021230,ORD011517,P001,1,2499
ITEM021231,ORD011518,P003,1,1299
ITEM021232,ORD011518,P008,1,1799
ITEM021233,ORD011518,P009,1,1499
ITEM021234,ORD011519,P003,1,1299
ITEM021235,ORD011519,P001,1,2499
ITEM021236,ORD011519,P010,1,899
ITEM021237,ORD011520,P002,1,3999
ITEM021238,ORD011520,P004,1,499
ITEM021239,ORD011521,P004,1,499
ITEM021240,ORD011522,P004,1,499
ITEM021241,ORD011522,P005,1,699
ITEM021242,ORD011522,P001,1,2499
ITEM021243,ORD011523,P007,1,999
ITEM021244,ORD011524,P002,1,3999
ITEM021245,ORD011524,P006,1,2999
ITEM021246,ORD011525,P004,1,499
ITEM021247,ORD011526,P008,1,1799
ITEM021248,ORD011526,P005,1,699
ITEM021249,ORD011527,P001,1,2499
ITEM021250,ORD011528,P004,1,499
ITEM021251,ORD011528,P008,1,1799
ITEM021252,ORD011529,P001,1,2499
ITEM021253,ORD011529,P005,1,699
ITEM021254,ORD011530,P001,1,2499
ITEM021255,ORD011531,P007,1,999
ITEM021256,ORD011531,P001,1,2499
ITEM021257,ORD011532,P002,1,3999
ITEM021258,ORD011532,P004,1,499
ITEM021259,ORD011532,P007,1,999
ITEM021260,ORD011533,P001,1,2499
ITEM021261,ORD011534,P001,1,2499
ITEM021262,ORD011535,P008,1,1799
ITEM021263,ORD011535,P007,1,999
ITEM021264,ORD011536,P006,1,2999
ITEM021265,ORD011536,P003,1,1299
ITEM021266,ORD011537,P002,1,3999
ITEM021267,ORD011538,P008,1,1799
ITEM021268,ORD011539,P004,1,499
ITEM021269,ORD011540,P004,1,499
ITEM021270,ORD011540,P006,1,2999
ITEM021271,ORD011540,P002,1,3999
ITEM021272,ORD011541,P001,1,2499
ITEM021273,ORD011542,P006,1,2999
ITEM021274,ORD011542,P008,1,1799
ITEM021275,ORD011543,P010,1,899
ITEM021276,ORD011543,P006,1,2999
ITEM021277,ORD011543,P003,1,1299
ITEM021278,ORD011544,P001,1,2499
ITEM021279,ORD011544,P010,1,899
ITEM021280,ORD011544,P007,1,999
ITEM021281,ORD011545,P001,1,2499
ITEM021282,ORD011545,P006,1,2999
ITEM021283,ORD011545,P005,1,699
ITEM021284,ORD011546,P009,1,1499
ITEM021285,ORD011546,P007,1,999
ITEM021286,ORD011547,P010,1,899
ITEM021287,ORD011548,P003,1,1299
ITEM021288,ORD011548,P010,1,899
ITEM021289,ORD011548,P001,1,2499
ITEM021290,ORD011549,P003,1,1299
ITEM021291,ORD011550,P007,1,999
ITEM021292,ORD011550,P004,1,499
ITEM021293,ORD011551,P004,1,499
ITEM021294,ORD011552,P001,1,2499
ITEM021295,ORD011552,P010,1,899
ITEM021296,ORD011553,P005,1,699
ITEM021297,ORD011553,P010,1,899
ITEM021298,ORD011554,P001,1,2499
ITEM021299,ORD011554,P003,1,1299
ITEM021300,ORD011555,P006,1,2999
ITEM021301,ORD011555,P003,1,1299
ITEM021302,ORD011555,P009,1,1499
ITEM021303,ORD011556,P001,1,2499
ITEM021304,ORD011557,P001,1,2499
ITEM021305,ORD011557,P005,1,699
ITEM021306,ORD011558,P001,1,2499
ITEM021307,ORD011558,P008,1,1799
ITEM021308,ORD011558,P007,1,999
ITEM021309,ORD011559,P001,1,2499
ITEM021310,ORD011560,P002,1,3999
ITEM021311,ORD011560,P009,1,1499
ITEM021312,ORD011561,P003,1,1299
ITEM021313,ORD011561,P004,1,499
ITEM021314,ORD011562,P001,1,2499
ITEM021315,ORD011562,P002,1,3999
ITEM021316,ORD011562,P009,1,1499
ITEM021317,ORD011563,P001,1,2499
ITEM021318,ORD011564,P001,1,2499
ITEM021319,ORD011565,P007,1,999
ITEM021320,ORD011565,P006,1,2999
ITEM021321,ORD011565,P002,1,3999
ITEM021322,ORD011566,P002,1,3999
ITEM021323,ORD011566,P006,1,2999
ITEM021324,ORD011566,P007,1,999
ITEM021325,ORD011567,P004,1,499
ITEM021326,ORD011568,P005,1,699
ITEM021327,ORD011569,P001,1,2499
ITEM021328,ORD011569,P004,1,499
ITEM021329,ORD011570,P001,1,2499
ITEM021330,ORD011570,P008,1,1799
ITEM021331,ORD011571,P004,1,499
ITEM021332,ORD011572,P001,1,2499
ITEM021333,ORD011572,P004,1,499
ITEM021334,ORD011573,P001,1,2499
ITEM021335,ORD011573,P002,1,3999
ITEM021336,ORD011574,P009,1,1499
ITEM021337,ORD011574,P002,1,3999
ITEM021338,ORD011575,P001,1,2499
ITEM021339,ORD011575,P003,1,1299
ITEM021340,ORD011576,P008,1,1799
ITEM021341,ORD011576,P003,1,1299
ITEM021342,ORD011577,P001,1,2499
ITEM021343,ORD011577,P005,1,699
ITEM021344,ORD011578,P003,1,1299
ITEM021345,ORD011578,P009,1,1499
ITEM021346,ORD011579,P002,1,3999
ITEM021347,ORD011580,P001,1,2499
ITEM021348,ORD011580,P002,1,3999
ITEM021349,ORD011581,P009,1,1499
ITEM021350,ORD011582,P001,1,2499
ITEM021351,ORD011583,P001,1,2499
ITEM021352,ORD011583,P008,1,1799
ITEM021353,ORD011584,P009,1,1499
ITEM021354,ORD011584,P007,1,999
ITEM021355,ORD011584,P003,1,1299
ITEM021356,ORD011585,P001,1,2499
ITEM021357,ORD011585,P010,1,899
ITEM021358,ORD011585,P007,1,999
ITEM021359,ORD011586,P005,1,699
ITEM021360,ORD011586,P004,1,499
ITEM021361,ORD011586,P003,1,1299
ITEM021362,ORD011587,P001,1,2499
ITEM021363,ORD011587,P005,1,699
ITEM021364,ORD011588,P001,1,2499
ITEM021365,ORD011588,P008,1,1799
ITEM021366,ORD011589,P005,1,699
ITEM021367,ORD011589,P002,1,3999
ITEM021368,ORD011589,P001,1,2499
ITEM021369,ORD011590,P008,1,1799
ITEM021370,ORD011590,P005,1,699
ITEM021371,ORD011590,P002,1,3999
ITEM021372,ORD011591,P006,1,2999
ITEM021373,ORD011592,P008,1,1799
ITEM021374,ORD011592,P010,1,899
ITEM021375,ORD011593,P005,1,699
ITEM021376,ORD011593,P006,1,2999
ITEM021377,ORD011594,P001,1,2499
ITEM021378,ORD011594,P010,1,899
ITEM021379,ORD011595,P005,1,699
ITEM021380,ORD011595,P010,1,899
ITEM021381,ORD011596,P006,1,2999
ITEM021382,ORD011596,P008,1,1799
ITEM021383,ORD011596,P004,1,499
ITEM021384,ORD011597,P001,1,2499
ITEM021385,ORD011598,P010,1,899
ITEM021386,ORD011599,P003,1,1299
ITEM021387,ORD011599,P009,1,1499
ITEM021388,ORD011599,P007,1,999
ITEM021389,ORD011600,P004,1,499
ITEM021390,ORD011600,P003,1,1299
ITEM021391,ORD011601,P002,1,3999
ITEM021392,ORD011601,P003,1,1299
ITEM021393,ORD011602,P001,1,2499
ITEM021394,ORD011603,P004,1,499
ITEM021395,ORD011603,P001,1,2499
ITEM021396,ORD011604,P001,1,2499
ITEM021397,ORD011604,P004,1,499
ITEM021398,ORD011604,P005,1,699
ITEM021399,ORD011605,P002,1,3999
ITEM021400,ORD011605,P006,1,2999
ITEM021401,ORD011606,P010,1,899
ITEM021402,ORD011606,P006,1,2999
ITEM021403,ORD011607,P002,1,3999
ITEM021404,ORD011607,P004,1,499
ITEM021405,ORD011608,P001,1,2499
ITEM021406,ORD011608,P004,1,499
ITEM021407,ORD011609,P003,1,1299
ITEM021408,ORD011609,P010,1,899
ITEM021409,ORD011610,P002,1,3999
ITEM021410,ORD011611,P002,1,3999
ITEM021411,ORD011611,P005,1,699
ITEM021412,ORD011612,P001,1,2499
ITEM021413,ORD011612,P004,1,499
ITEM021414,ORD011613,P002,1,3999
ITEM021415,ORD011613,P007,1,999
ITEM021416,ORD011614,P010,1,899
ITEM021417,ORD011614,P009,1,1499
ITEM021418,ORD011615,P001,1,2499
ITEM021419,ORD011616,P003,1,1299
ITEM021420,ORD011616,P008,1,1799
ITEM021421,ORD011617,P001,1,2499
ITEM021422,ORD011617,P005,1,699
ITEM021423,ORD011618,P009,1,1499
ITEM021424,ORD011618,P001,1,2499
ITEM021425,ORD011619,P001,1,2499
ITEM021426,ORD011619,P005,1,699
ITEM021427,ORD011620,P010,1,899
ITEM021428,ORD011620,P006,1,2999
ITEM021429,ORD011621,P001,1,2499
ITEM021430,ORD011621,P005,1,699
ITEM021431,ORD011621,P007,1,999
ITEM021432,ORD011622,P001,1,2499
ITEM021433,ORD011622,P003,1,1299
ITEM021434,ORD011623,P002,1,3999
ITEM021435,ORD011623,P009,1,1499
ITEM021436,ORD011624,P008,1,1799
ITEM021437,ORD011624,P010,1,899
ITEM021438,ORD011625,P006,1,2999
ITEM021439,ORD011626,P010,1,899
ITEM021440,ORD011626,P005,1,699
ITEM021441,ORD011627,P001,1,2499
ITEM021442,ORD011627,P003,1,1299
ITEM021443,ORD011627,P004,1,499
ITEM021444,ORD011628,P001,1,2499
ITEM021445,ORD011629,P007,1,999
ITEM021446,ORD011629,P009,1,1499
ITEM021447,ORD011630,P010,1,899
ITEM021448,ORD011630,P001,1,2499
ITEM021449,ORD011631,P001,1,2499
ITEM021450,ORD011631,P002,1,3999
ITEM021451,ORD011632,P007,1,999
ITEM021452,ORD011632,P003,1,1299
ITEM021453,ORD011633,P001,1,2499
ITEM021454,ORD011634,P008,1,1799
ITEM021455,ORD011635,P001,1,2499
ITEM021456,ORD011635,P002,1,3999
ITEM021457,ORD011635,P008,1,1799
ITEM021458,ORD011636,P001,1,2499
ITEM021459,ORD011636,P007,1,999
ITEM021460,ORD011637,P001,1,2499
ITEM021461,ORD011637,P009,1,1499
ITEM021462,ORD011638,P007,1,999
ITEM021463,ORD011638,P008,1,1799
ITEM021464,ORD011639,P001,1,2499
ITEM021465,ORD011640,P002,1,3999
ITEM021466,ORD011641,P005,1,699
ITEM021467,ORD011641,P009,1,1499
ITEM021468,ORD011641,P004,1,499
ITEM021469,ORD011642,P001,1,2499
ITEM021470,ORD011642,P006,1,2999
ITEM021471,ORD011643,P001,1,2499
ITEM021472,ORD011644,P007,1,999
ITEM021473,ORD011644,P009,1,1499
ITEM021474,ORD011645,P001,1,2499
ITEM021475,ORD011646,P001,1,2499
ITEM021476,ORD011646,P003,1,1299
ITEM021477,ORD011647,P010,1,899
ITEM021478,ORD011648,P003,1,1299
ITEM021479,ORD011648,P008,1,1799
ITEM021480,ORD011649,P002,1,3999
ITEM021481,ORD011649,P001,1,2499
ITEM021482,ORD011650,P001,1,2499
ITEM021483,ORD011650,P005,1,699
ITEM021484,ORD011651,P004,1,499
ITEM021485,ORD011651,P003,1,1299
ITEM021486,ORD011651,P009,1,1499
ITEM021487,ORD011652,P003,1,1299
ITEM021488,ORD011652,P005,1,699
ITEM021489,ORD011653,P001,1,2499
ITEM021490,ORD011653,P008,1,1799
ITEM021491,ORD011654,P001,1,2499
ITEM021492,ORD011654,P003,1,1299
ITEM021493,ORD011655,P001,1,2499
ITEM021494,ORD011656,P001,1,2499
ITEM021495,ORD011656,P008,1,1799
ITEM021496,ORD011657,P003,1,1299
ITEM021497,ORD011657,P005,1,699
ITEM021498,ORD011658,P006,1,2999
ITEM021499,ORD011659,P008,1,1799
ITEM021500,ORD011659,P004,1,499
ITEM021501,ORD011660,P009,1,1499
ITEM021502,ORD011660,P005,1,699
ITEM021503,ORD011660,P006,1,2999
ITEM021504,ORD011661,P008,1,1799
ITEM021505,ORD011661,P007,1,999
ITEM021506,ORD011661,P001,1,2499
ITEM021507,ORD011662,P007,1,999
ITEM021508,ORD011662,P010,1,899
ITEM021509,ORD011663,P005,1,699
ITEM021510,ORD011663,P001,1,2499
ITEM021511,ORD011664,P001,1,2499
ITEM021512,ORD011665,P004,1,499
ITEM021513,ORD011666,P010,1,899
ITEM021514,ORD011666,P007,1,999
ITEM021515,ORD011667,P002,1,3999
ITEM021516,ORD011668,P005,1,699
ITEM021517,ORD011668,P010,1,899
ITEM021518,ORD011668,P003,1,1299
ITEM021519,ORD011669,P005,1,699
ITEM021520,ORD011669,P010,1,899
ITEM021521,ORD011669,P006,1,2999
ITEM021522,ORD011670,P007,1,999
ITEM021523,ORD011671,P007,1,999
ITEM021524,ORD011671,P004,1,499
ITEM021525,ORD011672,P010,1,899
ITEM021526,ORD011673,P004,1,499
ITEM021527,ORD011673,P006,1,2999
ITEM021528,ORD011673,P010,1,899
ITEM021529,ORD011674,P010,1,899
ITEM021530,ORD011675,P001,1,2499
ITEM021531,ORD011675,P002,1,3999
ITEM021532,ORD011676,P008,1,1799
ITEM021533,ORD011677,P009,1,1499
ITEM021534,ORD011678,P001,1,2499
ITEM021535,ORD011678,P002,1,3999
ITEM021536,ORD011678,P006,1,2999
ITEM021537,ORD011679,P002,1,3999
ITEM021538,ORD011679,P001,1,2499
ITEM021539,ORD011679,P004,1,499
ITEM021540,ORD011680,P008,1,1799
ITEM021541,ORD011680,P005,1,699
ITEM021542,ORD011681,P002,1,3999
ITEM021543,ORD011681,P008,1,1799
ITEM021544,ORD011681,P006,1,2999
ITEM021545,ORD011682,P006,1,2999
ITEM021546,ORD011683,P004,1,499
ITEM021547,ORD011684,P008,1,1799
ITEM021548,ORD011685,P005,1,699
ITEM021549,ORD011685,P001,1,2499
ITEM021550,ORD011685,P009,1,1499
ITEM021551,ORD011686,P001,1,2499
ITEM021552,ORD011686,P005,1,699
ITEM021553,ORD011687,P001,1,2499
ITEM021554,ORD011687,P010,1,899
ITEM021555,ORD011688,P001,1,2499
ITEM021556,ORD011688,P005,1,699
ITEM021557,ORD011688,P004,1,499
ITEM021558,ORD011689,P001,1,2499
ITEM021559,ORD011690,P001,1,2499
ITEM021560,ORD011690,P009,1,1499
ITEM021561,ORD011691,P010,1,899
ITEM021562,ORD011692,P006,1,2999
ITEM021563,ORD011692,P009,1,1499
ITEM021564,ORD011692,P008,1,1799
ITEM021565,ORD011693,P009,1,1499
ITEM021566,ORD011693,P008,1,1799
ITEM021567,ORD011693,P001,1,2499
ITEM021568,ORD011694,P008,1,1799
ITEM021569,ORD011694,P010,1,899
ITEM021570,ORD011695,P001,1,2499
ITEM021571,ORD011695,P002,1,3999
ITEM021572,ORD011695,P005,1,699
ITEM021573,ORD011696,P001,1,2499
ITEM021574,ORD011696,P009,1,1499
ITEM021575,ORD011697,P010,1,899
ITEM021576,ORD011698,P004,1,499
ITEM021577,ORD011699,P008,1,1799
ITEM021578,ORD011700,P009,1,1499
ITEM021579,ORD011701,P008,1,1799
ITEM021580,ORD011701,P003,1,1299
ITEM021581,ORD011702,P009,1,1499
ITEM021582,ORD011703,P005,1,699
ITEM021583,ORD011703,P001,1,2499
ITEM021584,ORD011703,P004,1,499
ITEM021585,ORD011704,P001,1,2499
ITEM021586,ORD011704,P008,1,1799
ITEM021587,ORD011704,P003,1,1299
ITEM021588,ORD011705,P003,1,1299
ITEM021589,ORD011705,P004,1,499
ITEM021590,ORD011705,P005,1,699
ITEM021591,ORD011706,P006,1,2999
ITEM021592,ORD011706,P001,1,2499
ITEM021593,ORD011706,P004,1,499
ITEM021594,ORD011707,P001,1,2499
ITEM021595,ORD011708,P005,1,699
ITEM021596,ORD011708,P010,1,899
ITEM021597,ORD011709,P007,1,999
ITEM021598,ORD011709,P002,1,3999
ITEM021599,ORD011709,P009,1,1499
ITEM021600,ORD011710,P002,1,3999
ITEM021601,ORD011710,P007,1,999
ITEM021602,ORD011711,P001,1,2499
ITEM021603,ORD011711,P004,1,499
ITEM021604,ORD011711,P008,1,1799
ITEM021605,ORD011712,P002,1,3999
ITEM021606,ORD011712,P003,1,1299
ITEM021607,ORD011713,P007,1,999
ITEM021608,ORD011713,P006,1,2999
ITEM021609,ORD011713,P003,1,1299
ITEM021610,ORD011714,P001,1,2499
ITEM021611,ORD011715,P002,1,3999
ITEM021612,ORD011715,P010,1,899
ITEM021613,ORD011715,P007,1,999
ITEM021614,ORD011716,P008,1,1799
ITEM021615,ORD011716,P010,1,899
ITEM021616,ORD011717,P002,1,3999
ITEM021617,ORD011717,P005,1,699
ITEM021618,ORD011717,P004,1,499
ITEM021619,ORD011718,P001,1,2499
ITEM021620,ORD011718,P002,1,3999
ITEM021621,ORD011718,P010,1,899
ITEM021622,ORD011719,P010,1,899
ITEM021623,ORD011719,P006,1,2999
ITEM021624,ORD011719,P009,1,1499
ITEM021625,ORD011720,P001,1,2499
ITEM021626,ORD011721,P009,1,1499
ITEM021627,ORD011721,P004,1,499
ITEM021628,ORD011722,P007,1,999
ITEM021629,ORD011722,P006,1,2999
ITEM021630,ORD011723,P010,1,899
ITEM021631,ORD011723,P006,1,2999
ITEM021632,ORD011724,P001,1,2499
ITEM021633,ORD011725,P001,1,2499
ITEM021634,ORD011726,P007,1,999
ITEM021635,ORD011726,P003,1,1299
ITEM021636,ORD011727,P001,1,2499
ITEM021637,ORD011728,P001,1,2499
ITEM021638,ORD011728,P006,1,2999
ITEM021639,ORD011728,P010,1,899
ITEM021640,ORD011729,P003,1,1299
ITEM021641,ORD011730,P001,1,2499
ITEM021642,ORD011731,P001,1,2499
ITEM021643,ORD011731,P002,1,3999
ITEM021644,ORD011732,P009,1,1499
ITEM021645,ORD011732,P003,1,1299
ITEM021646,ORD011732,P007,1,999
ITEM021647,ORD011733,P006,1,2999
ITEM021648,ORD011734,P008,1,1799
ITEM021649,ORD011734,P003,1,1299
ITEM021650,ORD011735,P009,1,1499
ITEM021651,ORD011736,P001,1,2499
ITEM021652,ORD011737,P009,1,1499
ITEM021653,ORD011737,P010,1,899
ITEM021654,ORD011738,P010,1,899
ITEM021655,ORD011738,P004,1,499
ITEM021656,ORD011738,P008,1,1799
ITEM021657,ORD011739,P005,1,699
ITEM021658,ORD011740,P007,1,999
ITEM021659,ORD011740,P009,1,1499
ITEM021660,ORD011741,P001,1,2499
ITEM021661,ORD011741,P010,1,899
ITEM021662,ORD011742,P005,1,699
ITEM021663,ORD011742,P004,1,499
ITEM021664,ORD011742,P007,1,999
ITEM021665,ORD011743,P001,1,2499
ITEM021666,ORD011744,P006,1,2999
ITEM021667,ORD011745,P003,1,1299
ITEM021668,ORD011745,P009,1,1499
ITEM021669,ORD011746,P002,1,3999
ITEM021670,ORD011746,P006,1,2999
ITEM021671,ORD011747,P006,1,2999
ITEM021672,ORD011747,P001,1,2499
ITEM021673,ORD011748,P008,1,1799
ITEM021674,ORD011748,P009,1,1499
ITEM021675,ORD011749,P007,1,999
ITEM021676,ORD011750,P008,1,1799
ITEM021677,ORD011750,P009,1,1499
ITEM021678,ORD011751,P002,1,3999
ITEM021679,ORD011751,P010,1,899
ITEM021680,ORD011751,P009,1,1499
ITEM021681,ORD011752,P001,1,2499
ITEM021682,ORD011752,P005,1,699
ITEM021683,ORD011752,P009,1,1499
ITEM021684,ORD011753,P007,1,999
ITEM021685,ORD011754,P008,1,1799
ITEM021686,ORD011755,P006,1,2999
ITEM021687,ORD011756,P006,1,2999
ITEM021688,ORD011756,P009,1,1499
ITEM021689,ORD011757,P001,1,2499
ITEM021690,ORD011757,P003,1,1299
ITEM021691,ORD011757,P004,1,499
ITEM021692,ORD011758,P004,1,499
ITEM021693,ORD011759,P006,1,2999
ITEM021694,ORD011759,P002,1,3999
ITEM021695,ORD011760,P001,1,2499
ITEM021696,ORD011761,P008,1,1799
ITEM021697,ORD011761,P007,1,999
ITEM021698,ORD011761,P010,1,899
ITEM021699,ORD011762,P007,1,999
ITEM021700,ORD011762,P002,1,3999
ITEM021701,ORD011763,P004,1,499
ITEM021702,ORD011764,P010,1,899
ITEM021703,ORD011764,P006,1,2999
ITEM021704,ORD011764,P008,1,1799
ITEM021705,ORD011765,P010,1,899
ITEM021706,ORD011765,P007,1,999
ITEM021707,ORD011765,P001,1,2499
ITEM021708,ORD011766,P008,1,1799
ITEM021709,ORD011766,P002,1,3999
ITEM021710,ORD011766,P010,1,899
ITEM021711,ORD011767,P001,1,2499
ITEM021712,ORD011767,P009,1,1499
ITEM021713,ORD011767,P005,1,699
ITEM021714,ORD011768,P009,1,1499
ITEM021715,ORD011769,P009,1,1499
ITEM021716,ORD011769,P008,1,1799
ITEM021717,ORD011770,P001,1,2499
ITEM021718,ORD011770,P007,1,999
ITEM021719,ORD011771,P001,1,2499
ITEM021720,ORD011771,P002,1,3999
ITEM021721,ORD011771,P008,1,1799
ITEM021722,ORD011772,P001,1,2499
ITEM021723,ORD011773,P003,1,1299
ITEM021724,ORD011774,P004,1,499
ITEM021725,ORD011774,P010,1,899
ITEM021726,ORD011774,P008,1,1799
ITEM021727,ORD011775,P003,1,1299
ITEM021728,ORD011776,P009,1,1499
ITEM021729,ORD011776,P008,1,1799
ITEM021730,ORD011776,P006,1,2999
ITEM021731,ORD011777,P002,1,3999
ITEM021732,ORD011778,P008,1,1799
ITEM021733,ORD011778,P003,1,1299
ITEM021734,ORD011779,P010,1,899
ITEM021735,ORD011779,P003,1,1299
ITEM021736,ORD011779,P004,1,499
ITEM021737,ORD011780,P005,1,699
ITEM021738,ORD011780,P010,1,899
ITEM021739,ORD011781,P010,1,899
ITEM021740,ORD011781,P006,1,2999
ITEM021741,ORD011782,P001,1,2499
ITEM021742,ORD011782,P007,1,999
ITEM021743,ORD011783,P002,1,3999
ITEM021744,ORD011784,P003,1,1299
ITEM021745,ORD011784,P008,1,1799
ITEM021746,ORD011784,P010,1,899
ITEM021747,ORD011785,P003,1,1299
ITEM021748,ORD011786,P001,1,2499
ITEM021749,ORD011786,P003,1,1299
ITEM021750,ORD011787,P006,1,2999
ITEM021751,ORD011787,P003,1,1299
ITEM021752,ORD011787,P001,1,2499
ITEM021753,ORD011788,P001,1,2499
ITEM021754,ORD011788,P006,1,2999
ITEM021755,ORD011788,P005,1,699
ITEM021756,ORD011789,P009,1,1499
ITEM021757,ORD011790,P006,1,2999
ITEM021758,ORD011791,P004,1,499
ITEM021759,ORD011791,P010,1,899
ITEM021760,ORD011791,P007,1,999
ITEM021761,ORD011792,P006,1,2999
ITEM021762,ORD011792,P007,1,999
ITEM021763,ORD011793,P004,1,499
ITEM021764,ORD011793,P001,1,2499
ITEM021765,ORD011794,P009,1,1499
ITEM021766,ORD011795,P001,1,2499
ITEM021767,ORD011795,P005,1,699
ITEM021768,ORD011795,P008,1,1799
ITEM021769,ORD011796,P007,1,999
ITEM021770,ORD011796,P003,1,1299
ITEM021771,ORD011796,P005,1,699
ITEM021772,ORD011797,P001,1,2499
ITEM021773,ORD011798,P001,1,2499
ITEM021774,ORD011798,P003,1,1299
ITEM021775,ORD011798,P008,1,1799
ITEM021776,ORD011799,P001,1,2499
ITEM021777,ORD011800,P010,1,899
ITEM021778,ORD011801,P001,1,2499
ITEM021779,ORD011802,P001,1,2499
ITEM021780,ORD011803,P008,1,1799
ITEM021781,ORD011803,P004,1,499
ITEM021782,ORD011803,P005,1,699
ITEM021783,ORD011804,P004,1,499
ITEM021784,ORD011804,P001,1,2499
ITEM021785,ORD011805,P003,1,1299
ITEM021786,ORD011806,P008,1,1799
ITEM021787,ORD011806,P001,1,2499
ITEM021788,ORD011807,P004,1,499
ITEM021789,ORD011807,P010,1,899
ITEM021790,ORD011808,P002,1,3999
ITEM021791,ORD011808,P010,1,899
ITEM021792,ORD011809,P001,1,2499
ITEM021793,ORD011809,P006,1,2999
ITEM021794,ORD011810,P001,1,2499
ITEM021795,ORD011811,P001,1,2499
ITEM021796,ORD011812,P005,1,699
ITEM021797,ORD011812,P009,1,1499
ITEM021798,ORD011812,P003,1,1299
ITEM021799,ORD011813,P006,1,2999
ITEM021800,ORD011814,P002,1,3999
ITEM021801,ORD011814,P009,1,1499
ITEM021802,ORD011815,P001,1,2499
ITEM021803,ORD011816,P009,1,1499
ITEM021804,ORD011816,P001,1,2499
ITEM021805,ORD011817,P001,1,2499
ITEM021806,ORD011817,P004,1,499
ITEM021807,ORD011818,P008,1,1799
ITEM021808,ORD011818,P009,1,1499
ITEM021809,ORD011819,P001,1,2499
ITEM021810,ORD011819,P004,1,499
ITEM021811,ORD011819,P003,1,1299
ITEM021812,ORD011820,P004,1,499
ITEM021813,ORD011821,P001,1,2499
ITEM021814,ORD011822,P001,1,2499
ITEM021815,ORD011822,P008,1,1799
ITEM021816,ORD011822,P005,1,699
ITEM021817,ORD011823,P001,1,2499
ITEM021818,ORD011824,P001,1,2499
ITEM021819,ORD011824,P009,1,1499
ITEM021820,ORD011825,P001,1,2499
ITEM021821,ORD011826,P001,1,2499
ITEM021822,ORD011826,P002,1,3999
ITEM021823,ORD011826,P008,1,1799
ITEM021824,ORD011827,P005,1,699
ITEM021825,ORD011827,P003,1,1299
ITEM021826,ORD011828,P009,1,1499
ITEM021827,ORD011828,P002,1,3999
ITEM021828,ORD011829,P008,1,1799
ITEM021829,ORD011830,P005,1,699
ITEM021830,ORD011831,P004,1,499
ITEM021831,ORD011831,P005,1,699
ITEM021832,ORD011832,P010,1,899
ITEM021833,ORD011833,P001,1,2499
ITEM021834,ORD011833,P009,1,1499
ITEM021835,ORD011833,P003,1,1299
ITEM021836,ORD011834,P001,1,2499
ITEM021837,ORD011834,P005,1,699
ITEM021838,ORD011835,P005,1,699
ITEM021839,ORD011836,P001,1,2499
ITEM021840,ORD011836,P009,1,1499
ITEM021841,ORD011837,P006,1,2999
ITEM021842,ORD011837,P010,1,899
ITEM021843,ORD011838,P007,1,999
ITEM021844,ORD011839,P001,1,2499
ITEM021845,ORD011839,P005,1,699
ITEM021846,ORD011840,P008,1,1799
ITEM021847,ORD011840,P004,1,499
ITEM021848,ORD011841,P001,1,2499
ITEM021849,ORD011841,P003,1,1299
ITEM021850,ORD011842,P001,1,2499
ITEM021851,ORD011842,P004,1,499
ITEM021852,ORD011843,P009,1,1499
ITEM021853,ORD011844,P010,1,899
ITEM021854,ORD011844,P009,1,1499
ITEM021855,ORD011845,P001,1,2499
ITEM021856,ORD011846,P008,1,1799
ITEM021857,ORD011846,P001,1,2499
ITEM021858,ORD011846,P002,1,3999
ITEM021859,ORD011847,P003,1,1299
ITEM021860,ORD011847,P009,1,1499
ITEM021861,ORD011848,P009,1,1499
ITEM021862,ORD011848,P004,1,499
ITEM021863,ORD011849,P001,1,2499
ITEM021864,ORD011850,P010,1,899
ITEM021865,ORD011850,P002,1,3999
ITEM021866,ORD011851,P006,1,2999
ITEM021867,ORD011852,P006,1,2999
ITEM021868,ORD011852,P007,1,999
ITEM021869,ORD011853,P007,1,999
ITEM021870,ORD011853,P001,1,2499
ITEM021871,ORD011854,P006,1,2999
ITEM021872,ORD011854,P001,1,2499
ITEM021873,ORD011855,P007,1,999
ITEM021874,ORD011855,P009,1,1499
ITEM021875,ORD011856,P001,1,2499
ITEM021876,ORD011856,P004,1,499
ITEM021877,ORD011857,P009,1,1499
ITEM021878,ORD011858,P007,1,999
ITEM021879,ORD011858,P008,1,1799
ITEM021880,ORD011858,P006,1,2999
ITEM021881,ORD011859,P004,1,499
ITEM021882,ORD011859,P006,1,2999
ITEM021883,ORD011860,P010,1,899
ITEM021884,ORD011860,P009,1,1499
ITEM021885,ORD011860,P002,1,3999
ITEM021886,ORD011861,P002,1,3999
ITEM021887,ORD011861,P001,1,2499
ITEM021888,ORD011862,P003,1,1299
ITEM021889,ORD011863,P007,1,999
ITEM021890,ORD011863,P010,1,899
ITEM021891,ORD011863,P003,1,1299
ITEM021892,ORD011864,P003,1,1299
ITEM021893,ORD011865,P009,1,1499
ITEM021894,ORD011866,P010,1,899
ITEM021895,ORD011866,P004,1,499
ITEM021896,ORD011867,P001,1,2499
ITEM021897,ORD011867,P004,1,499
ITEM021898,ORD011868,P001,1,2499
ITEM021899,ORD011868,P003,1,1299
ITEM021900,ORD011869,P007,1,999
ITEM021901,ORD011870,P004,1,499
ITEM021902,ORD011870,P007,1,999
ITEM021903,ORD011871,P001,1,2499
ITEM021904,ORD011872,P001,1,2499
ITEM021905,ORD011873,P002,1,3999
ITEM021906,ORD011873,P006,1,2999
ITEM021907,ORD011874,P001,1,2499
ITEM021908,ORD011874,P005,1,699
ITEM021909,ORD011874,P003,1,1299
ITEM021910,ORD011875,P006,1,2999
ITEM021911,ORD011876,P005,1,699
ITEM021912,ORD011876,P007,1,999
ITEM021913,ORD011877,P008,1,1799
ITEM021914,ORD011877,P007,1,999
ITEM021915,ORD011878,P008,1,1799
ITEM021916,ORD011878,P005,1,699
ITEM021917,ORD011879,P001,1,2499
ITEM021918,ORD011879,P003,1,1299
ITEM021919,ORD011879,P007,1,999
